#"+ Scan (rt: 0.088-65.997 min, 11533 scans) 030321_GOET_1.D "
#Point,X(Thompsons),Y(Counts)
0,50.2,71.4699554443359
1,50.3,8.02653217315674
2,50.5,0.172288209199905
3,50.8,0.160322546958923
4,51.0,10.7318134307861
5,51.1,42.1998596191406
6,51.2,62.4354476928711
7,51.4,0.629151105880737
8,51.6,0.0376311466097832
9,51.8,0.0644238293170929
10,52.0,3.69947099685669
11,52.2,25.3441429138184
12,52.3,3.88303136825562
13,52.5,0.0593080706894398
14,52.9,0.550767362117767
15,53.1,13.1483564376831
16,53.2,14.1502647399902
17,53.4,0.584843516349792
18,53.7,0.0341628380119801
19,53.9,0.470736145973206
20,54.1,30.3286228179932
21,54.2,32.5910873413086
22,54.3,11.4032773971558
23,54.5,0.108991585671902
24,54.8,0.0436139777302742
25,55.0,5.5882248878479
26,55.2,37.2263069152832
27,55.3,9.65464305877686
28,55.6,0.0285268351435661
29,55.9,0.283967733383179
30,56.1,4.75574445724487
31,56.2,6.90332078933716
32,56.4,0.309719920158386
33,56.6,0.014306771568954
34,56.8,0.0293072052299976
35,57.0,2.04378747940063
36,57.1,4.65568351745605
37,57.2,10.4425563812256
38,57.4,0.752622902393341
39,57.8,0.0287869591265917
40,58.0,1.04248678684235
41,58.1,2.2762508392334
42,58.2,3.26844716072083
43,58.4,0.0313014835119247
44,58.7,0.0279198829084635
45,58.9,0.733980774879456
46,59.1,19.5499877929688
47,59.2,18.3231601715088
48,59.4,0.216075614094734
49,59.6,0.0183820333331823
50,59.9,0.257695317268372
51,60.0,0.601404666900635
52,60.2,1.8879736661911
53,60.3,0.318650841712952
54,60.5,0.0142200645059347
55,60.6,0.0511575490236282
56,60.9,0.411341369152069
57,61.1,5.54539155960083
58,61.2,3.19752025604248
59,61.3,1.13118875026703
60,61.5,0.0134396944195032
61,61.7,0.0132662793621421
62,62.0,0.913032174110413
63,62.2,2.62238788604736
64,62.3,0.298881471157074
65,62.4,0.092950664460659
66,62.7,0.0268793888390064
67,62.9,0.949796259403229
68,63.1,11.4551286697388
69,63.2,8.28483486175537
70,63.3,2.7224485874176
71,63.5,0.0186421573162079
72,63.7,0.042746901512146
73,63.9,1.32281279563904
74,64.1,10.5625600814819
75,64.2,5.56524753570557
76,64.4,0.170293942093849
77,64.6,0.0156940948218107
78,64.8,0.161189630627632
79,64.9,1.11983001232147
80,65.1,41.0906105041504
81,65.2,44.9798851013184
82,65.4,0.859706938266754
83,65.6,0.0459550842642784
84,65.8,0.0782103538513184
85,66.0,2.54131627082825
86,66.2,11.2923784255981
87,66.3,1.87739527225494
88,66.4,0.210786432027817
89,66.7,0.0310413595288992
90,66.9,0.713517725467682
91,67.1,8.13509082794189
92,67.2,8.95335102081299
93,67.4,0.261076897382736
94,67.9,0.192924648523331
95,68.1,3.46752786636353
96,68.2,2.79441595077515
97,68.4,0.137865260243416
98,68.5,0.0422266535460949
99,68.7,0.0136998174712062
100,68.9,0.565854489803314
101,69.1,7.05531930923462
102,69.2,7.31171417236328
103,69.4,0.473770916461945
104,69.7,0.0633833333849907
105,69.9,0.31674325466156
106,70.1,2.80698871612549
107,70.2,2.95968103408813
108,70.4,0.130928635597229
109,70.5,0.0560998879373074
110,70.8,0.117315530776978
111,71.0,1.4445503950119
112,71.2,6.173415184021
113,71.3,1.88069021701813
114,71.4,0.403884500265121
115,71.8,0.0139599414542317
116,72.0,0.244775861501694
117,72.2,0.827538371086121
118,72.3,0.354634523391724
119,72.5,0.115494668483734
120,72.7,0.0324286818504333
121,72.9,1.15685427188873
122,73.1,128.217208862305
123,73.2,962.28369140625
124,73.4,1.11800920963287
125,73.6,0.0506373010575771
126,73.8,0.0744819194078445
127,74.0,9.98066425323486
128,74.2,102.456253051758
129,74.3,11.8145322799683
130,74.5,0.044220931828022
131,74.8,0.0780369341373444
132,75.0,13.4643201828003
133,75.2,127.547386169434
134,75.3,11.2409610748291
135,75.6,0.07925084233284
136,75.9,1.5816353559494
137,76.0,8.2615966796875
138,76.2,39.6649627685547
139,76.3,7.14436817169189
140,76.4,1.12251794338226
141,76.6,0.0306945294141769
142,76.8,0.343882769346237
143,77.0,28.9853458404541
144,77.2,304.772491455078
145,77.3,24.4768924713135
146,77.5,0.0891355276107788
147,77.8,0.232463359832764
148,78.0,22.0789031982422
149,78.2,227.984039306641
150,78.3,28.3455295562744
151,78.5,0.128674238920212
152,78.6,0.13665135204792
153,78.9,3.57738661766052
154,79.0,59.5271835327148
155,79.1,523.768676757813
156,79.3,8.40926074981689
157,79.6,0.0359837003052235
158,79.8,0.174109071493149
159,80.0,7.35012578964233
160,80.2,22.614236831665
161,80.3,4.0041618347168
162,80.5,0.0565334260463715
163,80.7,0.0463019162416458
164,80.9,4.73736238479614
165,81.1,409.685760498047
166,81.2,164.779678344727
167,81.4,0.245122686028481
168,81.6,0.0161276329308748
169,81.8,0.478626549243927
170,82.0,9.38992500305176
171,82.1,9.59741592407227
172,82.2,11.9864740371704
173,82.4,0.410474300384521
174,82.7,0.0995404496788979
175,82.9,0.994364023208618
176,83.1,7.53914833068848
177,83.2,5.55640316009521
178,83.4,0.244775861501694
179,83.6,0.045694962143898
180,83.8,0.0319084376096725
181,84.0,0.532818853855133
182,84.1,0.582589089870453
183,84.3,0.690973699092865
184,84.4,0.0540189035236835
185,84.6,0.0630365014076233
186,84.8,0.797624230384827
187,85.0,38.5461730957031
188,85.1,82.5238876342773
189,85.3,3.77508020401001
190,85.4,0.18199947476387
191,85.9,0.0886152759194374
192,86.1,0.34024104475975
193,86.2,0.345096677541733
194,86.5,0.0786438882350922
195,86.9,1.57157719135284
196,87.1,10.7195873260498
197,87.2,8.51755809783936
198,87.4,0.467614680528641
199,87.7,0.104309372603893
200,87.9,0.710829794406891
201,88.1,1.82970607280731
202,88.2,0.983178675174713
203,88.4,0.0880083218216896
204,88.7,0.13257609307766
205,88.8,0.519812703132629
206,89.0,13.0397119522095
207,89.1,13.1569414138794
208,89.2,13.331657409668
209,89.4,0.376311451196671
210,89.5,0.12980143725872
211,89.8,0.0782103538513184
212,90.0,0.569929778575897
213,90.2,0.884765446186066
214,90.3,0.284054458141327
215,90.5,0.0942512825131416
216,90.8,0.314748972654343
217,90.9,1.78123641014099
218,91.1,60.4027557373047
219,91.2,69.345703125
220,91.4,1.24781060218811
221,91.7,0.0421399474143982
222,91.9,0.306771874427795
223,92.1,5.74620676040649
224,92.2,6.27000761032104
225,92.4,0.29983526468277
226,92.5,0.0711870267987251
227,92.7,0.013092864304781
228,93.0,1.86265504360199
229,93.2,6.29810094833374
230,93.3,1.73753571510315
231,93.5,0.0270528048276901
232,93.8,0.128067284822464
233,93.9,0.776120722293854
234,94.1,13.7077951431274
235,94.2,12.4720363616943
236,94.4,0.28778287768364
237,94.5,0.0737015530467033
238,94.8,0.139339283108711
239,95.0,1.59568190574646
240,95.2,4.05124425888062
241,95.3,1.39911556243896
242,95.6,0.12026359140873
243,95.8,0.459810972213745
244,96.0,41.7340660095215
245,96.2,276.391479492188
246,96.3,16.8088970184326
247,96.5,0.510621666908264
248,96.7,0.955085396766663
249,96.9,16.5087146759033
250,97.1,16.322639465332
251,97.2,12.0232372283936
252,97.4,0.727130830287933
253,97.5,0.251539051532745
254,97.8,0.190843671560287
255,98.0,0.760166466236115
256,98.2,1.33486521244049
257,98.3,0.325240612030029
258,98.4,0.185381084680557
259,98.9,0.105956822633743
260,99.1,0.373883634805679
261,99.2,0.027139512822032
262,99.3,0.171594560146332
263,99.9,0.0138732334598899
264,100.1,0.0859273374080658
265,100.3,0.0613023489713669
266,100.5,0.0150871416553855
267,100.8,0.0469955764710903
268,101.0,0.146102488040924
269,101.2,0.195179045200348
270,101.3,0.0752622932195663
271,101.6,0.0321685597300529
272,101.8,0.0867077112197876
273,102.0,1.108731508255
274,102.2,1.91754102706909
275,102.3,0.534119486808777
276,102.6,0.157027661800385
277,102.7,0.0332090519368649
278,102.9,4.25760841369629
279,103.0,20.1557273864746
280,103.1,56.9255180358887
281,103.3,3.37171602249146
282,103.5,0.0670250579714775
283,103.7,0.204890310764313
284,103.8,0.431197434663773
285,104.0,15.8062086105347
286,104.1,47.8780899047852
287,104.3,6.57686614990234
288,104.4,1.18867599964142
289,104.6,0.0175149571150541
290,104.8,0.52475506067276
291,104.9,2.40102314949036
292,105.1,171.877563476563
293,105.2,132.19319152832
294,105.4,0.699297666549683
295,105.6,0.0358969904482365
296,105.8,0.0936443284153938
297,106.0,5.56680822372437
298,106.1,7.07742977142334
299,106.2,10.2168560028076
300,106.4,0.453481316566467
301,106.8,0.152085319161415
302,107.0,2.45989775657654
303,107.1,3.29654026031494
304,107.2,5.14393472671509
305,107.4,0.189803168177605
306,107.6,0.0356368683278561
307,107.7,0.0431804396212101
308,108.0,0.663920938968658
309,108.1,0.904534816741943
310,108.2,1.42798924446106
311,108.4,0.178271055221558
312,108.7,0.0535853654146194
313,108.8,0.0444810539484024
314,109.0,0.447238355875015
315,109.1,0.558917880058289
316,109.2,0.723142266273499
317,109.4,0.126853376626968
318,109.8,0.0600017346441746
319,110.0,0.970866203308105
320,110.2,3.53585362434387
321,110.3,0.513222932815552
322,110.5,0.013786525465548
323,110.7,0.0596549026668072
324,110.9,0.199861273169518
325,111.1,0.554755926132202
326,111.2,0.552154660224915
327,111.4,0.0735281333327293
328,111.6,0.0300008673220873
329,111.8,0.0696262866258621
330,112.0,0.386629670858383
331,112.2,0.7076216340065
332,112.3,0.128240704536438
333,112.6,0.0169080030173063
334,112.9,0.101361311972141
335,113.1,0.113673806190491
336,113.2,0.176363483071327
337,113.8,0.0463886223733425
338,114.1,0.028093297034502
339,114.3,0.0945981070399284
340,114.6,0.0447411760687828
341,114.8,0.278071612119675
342,115.0,14.3688545227051
343,115.1,40.4599838256836
344,115.3,4.06520414352417
345,115.5,0.0403190851211548
346,115.7,0.0612156428396702
347,116.0,0.592733919620514
348,116.2,1.51833868026733
349,116.3,0.305644661188126
350,116.4,0.162143409252167
351,116.7,0.0639035776257515
352,116.9,1.85198998451233
353,117.1,20.5242347717285
354,117.2,13.7624206542969
355,117.4,0.438134044408798
356,117.6,0.0155206797644496
357,117.8,0.170467361807823
358,117.9,0.642764270305634
359,118.1,6.55831098556519
360,118.2,5.64978742599487
361,118.4,0.663140535354614
362,118.7,0.0439608097076416
363,118.9,3.11757564544678
364,119.1,70.4056167602539
365,119.2,35.8819923400879
366,119.4,0.156073868274689
367,119.8,0.0730945989489555
368,120.0,1.99124252796173
369,120.1,2.03173494338989
370,120.2,2.16994714736938
371,120.4,0.221885025501251
372,120.6,0.0489031486213207
373,120.9,3.82571744918823
374,121.1,49.6181373596191
375,121.2,32.1309280395508
376,121.4,0.293678998947144
377,121.7,0.0467354543507099
378,121.9,3.18460083007813
379,122.1,52.062255859375
380,122.2,33.0270538330078
381,122.3,7.48452281951904
382,122.5,0.030174283310771
383,122.6,0.0450880080461502
384,122.8,0.0576606243848801
385,123.0,2.06728529930115
386,123.2,4.37917280197144
387,123.3,1.30694532394409
388,123.6,0.0270528048276901
389,123.8,0.0757825374603271
390,124.0,0.186161443591118
391,124.2,0.397814959287643
392,124.3,0.145495533943176
393,124.5,0.0325153917074203
394,124.6,0.0158675108104944
395,124.8,0.394433379173279
396,125.0,4.21676921844482
397,125.2,7.70423984527588
398,125.3,2.51764512062073
399,125.5,0.219370499253273
400,125.8,0.452267408370972
401,126.0,1.59594202041626
402,126.1,2.26870727539063
403,126.3,1.00277459621429
404,126.5,0.142460763454437
405,126.7,0.110118791460991
406,126.8,0.162750363349915
407,127.0,0.786438941955566
408,127.1,0.586837768554688
409,127.2,0.993063390254974
410,127.4,0.0642504096031189
411,127.5,0.0845400169491768
412,127.8,0.111852943897247
413,128.0,0.905055046081543
414,128.2,2.73692870140076
415,128.3,0.906095564365387
416,128.5,0.0132662793621421
417,128.7,0.0593947805464268
418,128.9,0.500823736190796
419,129.1,4.71091651916504
420,129.2,2.59256052970886
421,129.3,1.51348304748535
422,129.5,0.118009194731712
423,129.7,0.013092864304781
424,129.9,0.226133704185486
425,130.1,1.03000092506409
426,130.2,1.14306771755219
427,130.4,0.032688807696104
428,130.6,0.0831526890397072
429,130.7,0.0154339717701077
430,130.9,1.15338587760925
431,131.1,16.4980487823486
432,131.2,13.2677536010742
433,131.4,0.520246267318726
434,131.7,0.028093297034502
435,131.9,1.07734322547913
436,132.1,5.39781475067139
437,132.2,4.32229232788086
438,132.4,0.245122686028481
439,132.7,0.135524153709412
440,132.9,3.41047430038452
441,133.1,248.880523681641
442,133.2,104.895347595215
443,133.4,0.253099799156189
444,133.7,0.14020636677742
445,133.8,1.16075611114502
446,134.0,17.5512866973877
447,134.1,29.5400161743164
448,134.3,5.19942760467529
449,134.5,0.222838804125786
450,134.8,0.223705887794495
451,135.0,14.0895690917969
452,135.2,262.487976074219
453,135.3,12.3534202575684
454,135.6,0.0574005022644997
455,135.8,0.207664966583252
456,135.9,1.61935317516327
457,136.1,22.0246257781982
458,136.2,21.1598892211914
459,136.4,0.960287868976593
460,136.7,0.247030258178711
461,136.9,3.82511043548584
462,137.1,71.1624069213867
463,137.2,36.0526313781738
464,137.3,4.67449903488159
465,137.6,0.0360704064369202
466,137.7,0.0130061563104391
467,137.9,0.450880080461502
468,138.1,3.02505850791931
469,138.2,1.92187631130219
470,138.4,0.076302781701088
471,138.7,0.0282667130231857
472,138.9,2.26445841789246
473,139.0,6.4163703918457
474,139.2,19.2681865692139
475,139.3,2.68247628211975
476,139.5,0.0131795713678002
477,139.8,0.0577473342418671
478,140.1,0.222925513982773
479,140.2,0.01708141900599
480,140.3,0.0560998879373074
481,140.8,0.0458683781325817
482,141.0,0.599323689937592
483,141.1,1.54114282131195
484,141.3,0.333304435014725
485,141.5,0.0141333565115929
486,141.8,0.0359837003052235
487,142.0,0.248417586088181
488,142.1,0.493366867303848
489,142.3,0.166825637221336
490,142.6,0.0135264024138451
491,142.8,0.0139599414542317
492,143.0,0.225960284471512
493,143.2,0.409954041242599
494,143.4,0.141333565115929
495,143.6,0.0419665314257145
496,143.8,0.0139599414542317
497,144.0,0.11289343982935
498,144.2,0.34873840212822
499,144.3,0.189369633793831
500,144.7,0.0153472647070885
501,144.9,0.815572679042816
502,145.1,9.20176887512207
503,145.2,8.22275257110596
504,145.4,0.335385411977768
505,145.5,0.0762160792946815
506,145.9,0.195265755057335
507,146.1,0.822422623634338
508,146.2,0.768403708934784
509,146.4,0.0448278859257698
510,146.7,0.0911298021674156
511,146.8,0.409780621528625
512,147.0,17.2750377655029
513,147.1,191.961502075195
514,147.2,382.507080078125
515,147.4,0.352293431758881
516,147.7,0.0827191546559334
517,147.9,0.98057746887207
518,148.1,49.887020111084
519,148.2,58.3413696289063
520,148.4,0.942165970802307
521,148.6,0.0308679435402155
522,148.8,0.258128851652145
523,149.0,34.2082710266113
524,149.1,207.45573425293
525,149.2,136.896987915039
526,149.4,0.170380651950836
527,149.5,0.0474291183054447
528,149.9,2.12043690681458
529,150.1,16.8577995300293
530,150.2,12.372670173645
531,150.4,0.384288549423218
532,150.6,0.0424000695347786
533,150.8,0.356975644826889
534,151.0,12.3543739318848
535,151.1,22.9593334197998
536,151.2,23.1873760223389
537,151.4,0.327321588993073
538,151.6,0.013092864304781
539,151.8,0.0816786587238312
540,152.0,2.69634962081909
541,152.2,8.04734230041504
542,152.3,2.33104991912842
543,152.6,0.0730078890919685
544,152.8,0.386542975902557
545,153.0,16.6366081237793
546,153.1,40.6338348388672
547,153.3,3.69695663452148
548,153.5,0.0621694251894951
549,153.7,0.0150871416553855
550,153.9,0.587618112564087
551,154.1,4.18590116500854
552,154.2,3.93696355819702
553,154.4,0.426862061023712
554,154.7,0.204803600907326
555,154.9,4.78947353363037
556,155.1,29.4595508575439
557,155.2,17.1268539428711
558,155.4,0.378565847873688
559,155.7,0.12572617828846
560,155.9,0.317436933517456
561,156.1,1.69869077205658
562,156.2,1.35896992683411
563,156.4,0.135264024138451
564,156.7,0.154513135552406
565,157.0,0.450793385505676
566,157.2,0.542096614837646
567,157.3,0.0861874595284462
568,157.5,0.0485563166439533
569,157.8,0.0582675784826279
570,158.0,0.0845400169491768
571,158.1,0.339547395706177
572,158.3,0.0606086887419224
573,158.4,0.144541755318642
574,158.7,0.0283534210175276
575,158.9,0.377612084150314
576,159.0,0.397814959287643
577,159.1,1.44862568378448
578,159.3,0.399028867483139
579,159.7,0.0339894220232964
580,159.9,0.031128067523241
581,160.1,0.175062865018845
582,160.3,0.123298361897469
583,160.4,0.0309546515345573
584,160.6,0.0171681270003319
585,160.8,0.871499180793762
586,161.0,12.2005548477173
587,161.1,14.5361137390137
588,161.3,0.526315808296204
589,161.6,0.0630365014076233
590,161.7,0.0717072784900665
591,161.9,0.718026518821716
592,162.1,2.51842546463013
593,162.2,1.33590567111969
594,162.5,0.146449312567711
595,162.7,0.126679956912994
596,162.9,9.72713088989258
597,163.1,59.831787109375
598,163.2,14.7397899627686
599,163.4,0.205497264862061
600,163.6,0.0163877569139004
601,163.8,0.26125031709671
602,164.0,1.67762076854706
603,164.1,2.07855725288391
604,164.3,0.417584329843521
605,164.6,0.0653776153922081
606,164.8,0.707361459732056
607,165.0,17.1077785491943
608,165.1,26.1908435821533
609,165.3,2.03737092018127
610,165.5,0.0709269046783447
611,165.7,0.192924648523331
612,165.9,6.16595840454102
613,166.1,62.0434417724609
614,166.2,33.6392097473145
615,166.4,0.371629238128662
616,166.8,0.240093648433685
617,167.0,2.49085235595703
618,167.2,4.62880420684814
619,167.3,0.630625188350677
620,167.6,0.0820254907011986
621,167.8,0.0147403106093407
622,168.1,0.189889878034592
623,168.2,0.216942682862282
624,168.5,0.0194225274026394
625,168.9,0.10769097507
626,169.1,0.0619960129261017
627,169.2,0.160669386386871
628,169.6,0.023584496229887
629,169.9,0.0308679435402155
630,170.1,0.258909225463867
631,170.2,0.0554062239825726
632,170.4,0.0299141593277454
633,170.6,0.0874013677239418
634,171.0,0.150351166725159
635,171.1,0.107084020972252
636,171.3,0.0279198829084635
637,171.5,0.0156940948218107
638,172.0,0.0273129288107157
639,172.2,0.0437006838619709
640,172.4,0.0280065890401602
641,172.9,0.0609555207192898
642,173.1,0.18884938955307
643,173.2,0.105263158679008
644,173.5,0.0132662793621421
645,173.7,0.0158675108104944
646,174.0,0.0629497990012169
647,174.2,0.0606953948736191
648,174.5,0.0481227785348892
649,174.9,0.281626641750336
650,175.1,1.43900108337402
651,175.2,0.41515651345253
652,175.3,0.310413599014282
653,175.5,0.0150871416553855
654,175.7,0.146969571709633
655,175.9,2.20124864578247
656,176.1,10.7279109954834
657,176.2,5.09234380722046
658,176.4,0.308852851390839
659,176.8,0.691407263278961
660,177.0,46.663745880127
661,177.1,90.6801376342773
662,177.3,1.01404666900635
663,177.7,0.141506984829903
664,177.9,3.12061047554016
665,178.1,16.8210353851318
666,178.2,8.60331249237061
667,178.4,0.353333920240402
668,178.7,0.185901328921318
669,178.9,5.11506128311157
670,179.1,40.5125274658203
671,179.2,16.1429805755615
672,179.4,0.0443943478167057
673,179.6,0.0333824679255486
674,179.8,0.0424867756664753
675,180.0,0.91415935754776
676,180.1,1.77109169960022
677,180.3,0.399809241294861
678,180.5,0.0156940948218107
679,180.8,0.0847134292125702
680,181.0,1.73805606365204
681,181.1,4.15477323532104
682,181.3,0.41949188709259
683,181.9,0.0417931154370308
684,182.1,0.315182507038116
685,182.2,0.248504295945168
686,182.4,0.0202896036207676
687,182.8,0.0513309650123119
688,182.9,0.0709269046783447
689,183.1,0.247550502419472
690,183.2,0.13335645198822
691,183.4,0.0294806212186813
692,183.8,0.0412728674709797
693,184.1,0.0931240767240524
694,184.2,0.0401456691324711
695,184.4,0.0320818535983562
696,184.6,0.0166478808969259
697,184.9,0.0753489956259727
698,185.1,0.488511234521866
699,185.2,0.211306691169739
700,185.6,0.0312147755175829
701,185.8,0.0207231417298317
702,186.0,0.0132662793621421
703,186.1,0.0438740998506546
704,186.4,0.0636434555053711
705,186.5,0.0142200645059347
706,186.8,0.13691146671772
707,186.9,0.214774996042252
708,187.1,1.20584404468536
709,187.2,0.283534198999405
710,187.5,0.0291337892413139
711,187.7,0.0287002511322498
712,187.9,0.031128067523241
713,188.2,0.0415329933166504
714,188.3,0.0150004336610436
715,188.8,0.248591005802155
716,189.0,4.15147829055786
717,189.1,4.93748378753662
718,189.2,4.82164239883423
719,189.4,0.0638168752193451
720,189.8,0.0538454875349998
721,190.0,0.367814093828201
722,190.1,0.685250997543335
723,190.3,0.1041359603405
724,190.4,0.0867077112197876
725,190.8,0.37657156586647
726,190.9,3.69487547874451
727,191.1,357.772308349609
728,191.2,56.8075942993164
729,191.3,0.973033905029297
730,191.8,0.444203585386276
731,192.0,23.4544353485107
732,192.1,77.8441009521484
733,192.3,5.03208208084106
734,192.6,0.0721408128738403
735,192.8,0.859793663024902
736,193.0,39.7962379455566
737,193.1,494.212951660156
738,193.3,4.18217277526855
739,193.5,0.0134396944195032
740,193.8,0.366600185632706
741,194.0,19.7214946746826
742,194.1,71.8225936889648
743,194.3,3.68889284133911
744,194.6,0.130061566829681
745,194.7,0.0430937297642231
746,194.9,3.88667297363281
747,195.1,41.8572807312012
748,195.2,21.2751235961914
749,195.4,0.050203762948513
750,195.7,0.0283534210175276
751,195.9,0.172895163297653
752,196.1,0.653776109218597
753,196.2,0.442209303379059
754,196.5,0.05575305595994
755,196.8,0.262550950050354
756,197.0,5.07855701446533
757,197.1,10.7611198425293
758,197.3,1.45478188991547
759,197.5,0.0567068420350552
760,197.9,0.107344143092632
761,198.1,0.53021764755249
762,198.2,0.269574254751205
763,198.3,0.215988904237747
764,198.6,0.0270528048276901
765,198.9,0.0440475158393383
766,199.1,0.0892222300171852
767,199.2,0.0535853654146194
768,199.3,0.0892222300171852
769,199.5,0.0287869591265917
770,199.8,0.0812451243400574
771,200.0,0.0304344054311514
772,200.2,0.161970004439354
773,200.3,0.101014479994774
774,200.8,0.0912165120244026
775,200.9,0.18199947476387
776,201.1,0.757305145263672
777,201.2,0.196392953395844
778,201.8,0.028613543137908
779,202.0,0.100234113633633
780,202.1,0.22656723856926
781,202.3,0.0583542883396149
782,202.5,0.0534986555576324
783,202.6,0.027139512822032
784,202.8,0.349865615367889
785,203.0,7.69305467605591
786,203.2,17.8199939727783
787,203.3,2.38281464576721
788,203.4,0.252839684486389
789,203.8,0.027139512822032
790,204.0,0.10248851031065
791,204.1,0.300008684396744
792,204.3,0.13257609307766
793,204.6,0.105783402919769
794,204.8,0.292204976081848
795,205.0,11.0271396636963
796,205.2,29.8201675415039
797,205.3,2.69054007530212
798,205.4,0.294025838375092
799,205.6,0.0260990206152201
800,205.8,0.122517995536327
801,205.9,0.499436408281326
802,206.0,2.28596210479736
803,206.2,0.190670251846313
804,206.4,0.0365039445459843
805,206.6,0.0154339717701077
806,206.8,0.560218513011932
807,207.0,37.0623435974121
808,207.1,4205.02685546875
809,207.3,8.31414222717285
810,207.7,0.0464753322303295
811,207.9,2.75938606262207
812,208.1,529.92724609375
813,208.2,348.955352783203
814,208.4,0.350819379091263
815,208.6,0.0530651174485683
816,208.9,1.96427643299103
817,209.1,360.055999755859
818,209.2,243.954742431641
819,209.4,0.226653948426247
820,209.9,2.77334594726563
821,210.0,14.0733547210693
822,210.1,66.6784896850586
823,210.3,5.76658296585083
824,210.4,0.489204883575439
825,210.7,0.108471341431141
826,210.9,3.67666697502136
827,211.1,122.45287322998
828,211.2,77.1324920654297
829,211.4,0.232550069689751
830,211.7,0.0637301653623581
831,211.9,1.28336083889008
832,212.1,13.7690105438232
833,212.2,9.29671382904053
834,212.4,0.468741863965988
835,212.6,0.018555449321866
836,212.8,0.338853716850281
837,213.0,14.798924446106
838,213.1,30.0450878143311
839,213.2,31.6120700836182
840,213.4,0.196566373109818
841,213.6,0.0273996349424124
842,213.9,0.174282491207123
843,214.1,1.40952050685883
844,214.2,1.23428428173065
845,214.4,0.2014220058918
846,214.7,0.0874880775809288
847,214.9,2.91173148155212
848,215.1,23.1695995330811
849,215.2,15.2039365768433
850,215.4,0.15988901257515
851,215.7,0.0512442551553249
852,216.0,0.312667995691299
853,216.1,0.168299660086632
854,216.3,0.151911899447441
855,216.4,0.0148270176723599
856,216.7,0.0688459202647209
857,216.9,0.683430135250092
858,217.0,3.13309621810913
859,217.2,0.415329933166504
860,217.3,0.108644761145115
861,217.5,0.0138732334598899
862,217.7,0.035203330218792
863,217.9,0.364952743053436
864,218.1,1.63452696800232
865,218.2,0.354894638061523
866,218.5,0.0495101027190685
867,218.7,0.086881123483181
868,218.8,0.100320816040039
869,219.0,5.02185010910034
870,219.1,5.48252820968628
871,219.3,0.473770916461945
872,219.6,0.0308679435402155
873,219.8,0.128760948777199
874,220.0,3.87063217163086
875,220.1,4.09182357788086
876,220.3,0.400329500436783
877,220.6,0.0611289329826832
878,220.7,0.014306771568954
879,220.9,0.978323101997375
880,221.0,6.15529346466064
881,221.2,427.166748046875
882,221.3,18.4469776153564
883,221.5,0.0595681965351105
884,221.7,0.060261856764555
885,221.9,0.520506381988525
886,222.1,40.9084358215332
887,222.2,58.8100242614746
888,222.4,0.517384886741638
889,222.6,0.0316483117640018
890,222.8,0.157634615898132
891,223.0,11.5220670700073
892,223.2,78.387321472168
893,223.3,5.90392780303955
894,223.5,0.0152605567127466
895,223.7,0.0443943478167057
896,223.8,0.0434405617415905
897,224.0,1.70215904712677
898,224.2,4.90644216537476
899,224.3,1.50316488742828
900,224.5,0.053151823580265
901,224.8,0.16205669939518
902,225.0,12.0631227493286
903,225.2,236.351425170898
904,225.3,4.91684722900391
905,225.5,0.0173415411263704
906,225.9,1.96132838726044
907,226.1,27.6444988250732
908,226.2,17.8767890930176
909,226.3,5.10994529724121
910,226.6,0.10084106773138
911,226.8,0.328015267848969
912,227.0,11.8508625030518
913,227.1,16.5081939697266
914,227.2,17.1389923095703
915,227.4,0.202722623944283
916,227.6,0.0622561350464821
917,227.9,0.0887019857764244
918,228.1,0.668863236904144
919,228.2,0.515043795108795
920,228.3,0.240613892674446
921,228.5,0.0133529873564839
922,228.7,0.0136131104081869
923,228.9,0.228041276335716
924,229.1,1.01682126522064
925,229.2,0.651348292827606
926,229.3,0.288563251495361
927,229.5,0.0136998174712062
928,229.7,0.0482094846665859
929,230.0,0.193011358380318
930,230.2,0.48703721165657
931,230.3,0.190583541989326
932,230.6,0.0350299142301083
933,230.8,0.0264458507299423
934,231.0,0.0730945989489555
935,231.1,0.240440472960472
936,231.3,0.0292204972356558
937,231.6,0.0267926827073097
938,231.9,0.0416196994483471
939,232.3,0.0702332407236099
940,232.5,0.0269660968333483
941,232.7,0.0363305285573006
942,232.9,0.930287003517151
943,233.0,4.34683084487915
944,233.2,0.3124078810215
945,233.5,0.0372843146324158
946,233.8,0.125205934047699
947,234.0,0.484175831079483
948,234.1,0.796323597431183
949,234.4,0.092950664460659
950,234.6,0.0671984702348709
951,234.7,0.0164744649082422
952,234.9,1.65525019168854
953,235.0,5.2829270362854
954,235.1,7.03086805343628
955,235.3,0.323766589164734
956,235.6,0.0141333565115929
957,235.8,0.129021063446999
958,236.0,1.88450539112091
959,236.1,1.46822166442871
960,236.2,0.283881038427353
961,236.4,0.0165611729025841
962,236.7,0.028613543137908
963,236.8,0.113933928310871
964,237.0,1.98569321632385
965,237.1,2.95395827293396
966,237.3,0.558224201202393
967,237.5,0.0897424817085266
968,237.8,0.0942512825131416
969,238.0,0.0892222300171852
970,238.1,0.0995404496788979
971,238.3,0.0455215461552143
972,238.5,0.0136998174712062
973,238.8,0.0283534210175276
974,238.9,0.199601143598557
975,239.1,0.251885890960693
976,239.2,0.256134569644928
977,239.4,0.013092864304781
978,240.0,0.0587011203169823
979,240.2,0.0314748995006084
980,240.4,0.0287002511322498
981,240.7,0.0815919563174248
982,241.1,0.0965056791901588
983,241.2,0.0264458507299423
984,241.4,0.0548859797418118
985,241.6,0.0314748995006084
986,242.1,0.153472647070885
987,242.3,0.0769964456558228
988,243.0,0.0416196994483471
989,243.3,0.0696262866258621
990,243.7,0.0159542188048363
991,243.9,0.0356368683278561
992,244.2,0.0136131104081869
993,244.5,0.0589612424373627
994,244.6,0.013092864304781
995,244.8,0.0756958276033401
996,245.1,0.028613543137908
997,245.2,0.0202896036207676
998,245.4,0.0606086887419224
999,245.8,0.0131795713678002
1000,246.0,0.0863608792424202
1001,246.2,0.0607821047306061
1002,246.8,0.0167345870286226
1003,247.0,0.111332699656487
1004,247.1,0.0611289329826832
1005,247.5,0.0327755138278008
1006,247.8,0.108558051288128
1007,248.0,0.666782259941101
1008,248.1,0.573137938976288
1009,248.3,0.114020638167858
1010,248.6,0.0344229601323605
1011,248.8,0.71135002374649
1012,249.0,37.1874618530273
1013,249.1,58.3027839660645
1014,249.3,0.649700880050659
1015,249.6,0.0536720715463161
1016,249.7,0.0288736671209335
1017,249.9,3.43128418922424
1018,250.1,17.3308773040771
1019,250.2,4.11653518676758
1020,250.5,0.142981007695198
1021,250.6,0.0508974231779575
1022,250.8,0.798664689064026
1023,251.0,28.4675273895264
1024,251.1,53.974681854248
1025,251.3,0.991589367389679
1026,251.4,0.116101622581482
1027,251.6,0.0355501621961594
1028,251.8,0.366079956293106
1029,252.0,12.1394262313843
1030,252.1,13.6354808807373
1031,252.3,1.12147748470306
1032,252.5,0.132402673363686
1033,252.8,0.995317757129669
1034,253.0,21.6256828308105
1035,253.1,48.5101890563965
1036,253.3,2.14618921279907
1037,253.5,0.0394520089030266
1038,253.7,0.0332090519368649
1039,253.9,0.473770916461945
1040,254.1,3.42027235031128
1041,254.2,1.43102407455444
1042,254.3,0.452354103326797
1043,254.6,0.0316483117640018
1044,254.8,0.167345881462097
1045,255.0,2.30833268165588
1046,255.2,4.2752103805542
1047,255.3,0.480880945920944
1048,255.5,0.0150871416553855
1049,256.0,0.0443943478167057
1050,256.1,0.125639468431473
1051,256.3,0.0463886223733425
1052,256.8,0.0134396944195032
1053,257.1,0.0767363235354424
1054,257.2,0.0146536026149988
1055,257.4,0.0325153917074203
1056,257.6,0.0341628380119801
1057,258.3,0.0269660968333483
1058,258.5,0.0300008673220873
1059,258.8,0.0138732334598899
1060,259.1,0.027139512822032
1061,259.3,0.0141333565115929
1062,259.7,0.0208098497241735
1063,259.9,0.0306078214198351
1064,260.2,0.0315616056323051
1065,260.4,0.0269660968333483
1066,260.8,0.0324286818504333
1067,261.0,0.0133529873564839
1068,261.2,0.0155206797644496
1069,261.5,0.0299141593277454
1070,261.8,0.0149137256667018
1071,262.5,0.0174282491207123
1072,262.7,0.0152605567127466
1073,262.9,0.0265325587242842
1074,263.2,0.308506011962891
1075,263.3,0.0433538556098938
1076,263.5,0.0158675108104944
1077,263.8,0.0161276329308748
1078,264.1,0.0284401290118694
1079,264.3,0.0762160792946815
1080,264.4,0.0265325587242842
1081,264.7,0.112720020115376
1082,264.9,3.7484610080719
1083,265.1,89.9846496582031
1084,265.2,37.6595840454102
1085,265.4,0.0277464669197798
1086,265.7,0.0668516457080841
1087,265.9,2.10491633415222
1088,266.1,16.7703113555908
1089,266.2,7.86690378189087
1090,266.3,2.07552242279053
1091,266.7,0.254313707351685
1092,266.8,0.453741431236267
1093,267.0,49.9493637084961
1094,267.1,288.229339599609
1095,267.3,1.31769704818726
1096,267.8,0.668689846992493
1097,268.0,25.2542266845703
1098,268.1,56.3320922851563
1099,268.3,1.99887275695801
1100,268.5,0.149310678243637
1101,268.6,0.0554062239825726
1102,268.8,0.332610756158829
1103,269.0,24.6726779937744
1104,269.1,76.8473052978516
1105,269.3,4.04482793807983
1106,269.7,0.058787826448679
1107,269.8,0.14402149617672
1108,270.0,2.92508459091187
1109,270.2,6.04239988327026
1110,270.3,1.37388360500336
1111,270.6,0.160062432289124
1112,270.8,0.492499768733978
1113,271.0,9.21833038330078
1114,271.1,18.4546947479248
1115,271.3,2.25630807876587
1116,271.6,0.0536720715463161
1117,271.9,0.103182174265385
1118,272.1,0.309980064630508
1119,272.2,0.277377963066101
1120,272.4,0.0317350216209888
1121,272.9,0.0508107170462608
1122,273.0,0.0722275227308273
1123,273.1,0.406052201986313
1124,273.3,0.128327414393425
1125,273.9,0.12598629295826
1126,274.2,0.12980143725872
1127,274.4,0.080985002219677
1128,274.7,0.0306945294141769
1129,275.0,0.0268793888390064
1130,275.1,0.140032947063446
1131,275.4,0.0282667130231857
1132,275.8,0.0162143409252167
1133,276.0,0.0203763116151094
1134,276.3,0.0134396944195032
1135,276.5,0.0355501621961594
1136,276.7,0.0135264024138451
1137,277.0,0.0889621078968048
1138,277.2,0.0538454875349998
1139,277.3,0.042746901512146
1140,277.6,0.0465620383620262
1141,277.8,0.0136998174712062
1142,278.2,0.0136998174712062
1143,278.4,0.0289603751152754
1144,278.7,0.0134396944195032
1145,278.9,0.857886075973511
1146,279.1,6.32532739639282
1147,279.2,4.18295335769653
1148,279.3,1.67571318149567
1149,279.7,0.0131795713678002
1150,279.9,0.0475158244371414
1151,280.1,0.637041509151459
1152,280.2,0.12407872825861
1153,280.7,0.0936443284153938
1154,280.9,7.20515060424805
1155,281.1,880.293518066406
1156,281.2,1069.54724121094
1157,281.4,0.482181578874588
1158,281.5,0.0887019857764244
1159,281.8,0.289863854646683
1160,282.0,17.4100399017334
1161,282.2,511.697387695313
1162,282.3,5.67536640167236
1163,282.4,0.467267841100693
1164,282.6,0.0864475816488266
1165,282.9,1.90228044986725
1166,283.1,198.907836914063
1167,283.2,249.516174316406
1168,283.4,0.242001220583916
1169,283.5,0.0473424084484577
1170,283.7,0.0283534210175276
1171,283.9,1.72990548610687
1172,284.1,47.8824234008789
1173,284.2,46.5288314819336
1174,284.4,0.720020830631256
1175,284.7,0.086881123483181
1176,284.9,2.93791723251343
1177,285.0,19.6790084838867
1178,285.1,114.863784790039
1179,285.3,4.68811225891113
1180,285.6,0.0491632707417011
1181,285.8,0.157634615898132
1182,286.0,6.6889796257019
1183,286.1,14.4767189025879
1184,286.3,2.7487211227417
1185,286.5,0.0703199505805969
1186,286.7,0.0727477669715881
1187,286.9,2.26168394088745
1188,287.1,21.7910346984863
1189,287.2,17.5396690368652
1190,287.4,0.357582598924637
1191,287.6,0.057227086275816
1192,287.8,0.0134396944195032
1193,288.0,0.283967733383179
1194,288.2,0.639122545719147
1195,288.3,0.207925081253052
1196,288.6,0.101101189851761
1197,288.8,0.157027661800385
1198,289.0,2.02020287513733
1199,289.2,4.03529024124146
1200,289.3,0.525622129440308
1201,289.4,0.086794413626194
1202,289.7,0.0737882629036903
1203,289.9,0.0612156428396702
1204,290.2,0.0410994552075863
1205,290.3,0.0143934795632958
1206,290.8,0.0467354543507099
1207,291.0,0.0523714572191238
1208,291.3,0.0148270176723599
1209,291.6,0.013092864304781
1210,291.9,0.0358102843165398
1211,292.2,0.0308679435402155
1212,292.4,0.0168212950229645
1213,292.8,0.0274863429367542
1214,293.0,0.413682490587234
1215,293.2,0.999826610088348
1216,293.3,0.150958120822906
1217,293.5,0.0450013019144535
1218,293.6,0.0136131104081869
1219,294.0,0.0139599414542317
1220,294.2,0.162316828966141
1221,294.3,0.0729211792349815
1222,294.6,0.0424867756664753
1223,294.8,0.0539321936666965
1224,295.0,8.28821659088135
1225,295.2,65.2078399658203
1226,295.3,12.4671812057495
1227,295.8,0.182779848575592
1228,295.9,0.485909998416901
1229,296.1,10.0619096755981
1230,296.2,8.53975582122803
1231,296.3,4.58432340621948
1232,296.6,0.164050981402397
1233,296.7,0.0152605567127466
1234,296.9,1.43353855609894
1235,297.1,11.2030696868896
1236,297.2,11.6712045669556
1237,297.4,0.657417833805084
1238,297.6,0.0135264024138451
1239,297.8,0.0629497990012169
1240,297.9,0.0133529873564839
1241,298.1,0.202982738614082
1242,298.3,0.271135002374649
1243,298.4,0.107084020972252
1244,298.7,0.0502904690802097
1245,298.9,1.12399196624756
1246,299.0,9.89976596832275
1247,299.2,129.450439453125
1248,299.3,9.53628730773926
1249,299.6,0.0386716388165951
1250,299.7,0.0200294815003872
1251,299.9,1.48617017269135
1252,300.1,18.8077697753906
1253,300.2,14.3828144073486
1254,300.3,5.25353336334229
1255,300.5,0.0612156428396702
1256,300.7,0.0552328117191792
1257,300.9,1.54998695850372
1258,301.1,11.4161100387573
1259,301.2,10.0610418319702
1260,301.4,0.382380992174149
1261,301.7,0.0158675108104944
1262,301.9,0.0709269046783447
1263,302.2,0.157287776470184
1264,302.3,0.165698423981667
1265,302.6,0.0335558839142323
1266,302.9,0.0483829006552696
1267,303.0,0.0139599414542317
1268,303.1,0.153646051883698
1269,303.3,0.0274863429367542
1270,303.5,0.0386716388165951
1271,304.1,0.0343362540006638
1272,304.3,0.0453481301665306
1273,304.4,0.0177750810980797
1274,304.7,0.0293939132243395
1275,304.8,0.013092864304781
1276,305.0,0.0283534210175276
1277,305.2,0.0269660968333483
1278,305.5,0.0220237579196692
1279,305.7,0.0329489298164845
1280,306.0,0.0148270176723599
1281,306.2,0.0295673292130232
1282,306.9,0.0133529873564839
1283,307.1,0.0730078890919685
1284,307.3,0.0338160060346127
1285,307.5,0.0350299142301083
1286,307.6,0.0489898547530174
1287,308.1,0.0281800050288439
1288,308.9,0.0591346584260464
1289,309.1,0.12407872825861
1290,309.3,0.0423133634030819
1291,309.5,0.027139512822032
1292,309.8,0.0153472647070885
1293,310.2,0.0609555207192898
1294,310.3,0.0134396944195032
1295,310.5,0.0130061563104391
1296,310.7,0.0161276329308748
1297,310.9,0.371022284030914
1298,311.0,0.80317348241806
1299,311.2,1.66314053535461
1300,311.3,0.328188687562943
1301,311.5,0.0339027121663094
1302,311.7,0.0300875753164291
1303,311.8,0.0183820333331823
1304,311.9,0.114974424242973
1305,312.1,0.0678054243326187
1306,312.4,0.0136131104081869
1307,312.8,0.108297929167747
1308,313.0,1.45894384384155
1309,313.1,1.2232723236084
1310,313.2,1.29680049419403
1311,313.4,0.0680655539035797
1312,313.7,0.0267059747129679
1313,314.0,0.0161276329308748
1314,314.2,0.0567068420350552
1315,314.5,0.0268793888390064
1316,314.7,0.0160409267991781
1317,315.0,0.106910601258278
1318,315.2,0.123992025852203
1319,316.5,0.0422266535460949
1320,316.9,0.0135264024138451
1321,317.2,0.0335558839142323
1322,317.4,0.0547992698848248
1323,317.6,0.0431804396212101
1324,318.0,0.0142200645059347
1325,318.4,0.0349432080984116
1326,318.6,0.0173415411263704
1327,319.0,0.0130061563104391
1328,319.2,0.0639902874827385
1329,319.4,0.0313014835119247
1330,319.9,0.0447411760687828
1331,320.5,0.0134396944195032
1332,320.7,0.0421399474143982
1333,321.0,0.0310413595288992
1334,321.1,0.014306771568954
1335,321.4,0.0141333565115929
1336,321.6,0.0138732334598899
1337,321.8,0.0135264024138451
1338,322.2,0.0169080030173063
1339,322.5,0.0197693575173616
1340,322.7,0.0143934795632958
1341,322.9,0.394693493843079
1342,323.1,1.14211392402649
1343,323.2,0.537240982055664
1344,323.3,0.179918497800827
1345,323.8,0.0267926827073097
1346,323.9,0.028613543137908
1347,324.1,0.131882429122925
1348,324.2,0.0570536702871323
1349,324.5,0.115668080747128
1350,324.7,0.241220846772194
1351,324.9,6.77386617660522
1352,325.1,45.1891975402832
1353,325.2,14.9716463088989
1354,325.3,1.90921700000763
1355,325.5,0.0858406275510788
1356,325.8,0.307985782623291
1357,325.9,1.05982828140259
1358,326.1,6.34310245513916
1359,326.2,2.82537078857422
1360,326.3,1.0280065536499
1361,326.5,0.168733194470406
1362,326.8,1.04179310798645
1363,327.0,45.2504119873047
1364,327.1,102.760688781738
1365,327.3,1.10474288463593
1366,327.5,0.0180352032184601
1367,327.7,0.0684123784303665
1368,327.8,1.0006936788559
1369,328.0,14.373363494873
1370,328.1,22.2988815307617
1371,328.3,1.63816869258881
1372,328.4,0.35992369055748
1373,328.7,0.153819471597672
1374,328.9,3.81643986701965
1375,329.1,17.4431629180908
1376,329.2,6.74993515014648
1377,329.4,0.0996271595358849
1378,329.9,0.139859527349472
1379,330.1,0.329749405384064
1380,330.2,0.247723922133446
1381,330.6,0.0648573637008667
1382,330.9,0.10604352504015
1383,331.1,2.31908440589905
1384,331.2,1.56004512310028
1385,331.4,0.022110465914011
1386,331.8,0.0343362540006638
1387,332.0,0.104742914438248
1388,332.2,0.429810106754303
1389,332.3,0.0634700432419777
1390,332.5,0.0135264024138451
1391,332.7,0.0134396944195032
1392,332.9,0.0398855470120907
1393,333.1,0.0538454875349998
1394,333.5,0.0180352032184601
1395,333.8,0.0225440040230751
1396,334.3,0.0317350216209888
1397,334.7,0.0151738487184048
1398,335.2,0.0307812355458736
1399,335.7,0.0141333565115929
1400,335.9,0.0331223458051682
1401,336.0,0.0163877569139004
1402,336.2,0.0193358194082975
1403,336.4,0.0195092335343361
1404,337.0,0.0662446916103363
1405,337.5,0.036677360534668
1406,337.8,0.0131795713678002
1407,338.2,0.0172548331320286
1408,338.4,0.0134396944195032
1409,338.6,0.0135264024138451
1410,338.8,0.346570700407028
1411,339.0,5.78938674926758
1412,339.2,11.5839767456055
1413,339.3,1.74360525608063
1414,339.5,0.027139512822032
1415,339.9,0.162316828966141
1416,340.0,0.301916241645813
1417,340.2,1.4983959197998
1418,340.3,0.378652572631836
1419,340.7,0.135264024138451
1420,340.9,4.81739377975464
1421,341.0,26.8083763122559
1422,341.1,279.880249023438
1423,341.3,3.67961502075195
1424,341.7,0.0703199505805969
1425,341.9,4.12711334228516
1426,342.1,59.8475685119629
1427,342.2,32.1667404174805
1428,342.3,5.06182241439819
1429,342.5,0.0306078214198351
1430,342.7,0.301309287548065
1431,342.9,4.45070648193359
1432,343.1,56.9926300048828
1433,343.2,36.486515045166
1434,343.4,0.27521026134491
1435,343.7,0.0874880775809288
1436,343.9,1.21347439289093
1437,344.1,7.19257783889771
1438,344.2,5.96410322189331
1439,344.4,0.294459372758865
1440,344.6,0.0807248800992966
1441,344.8,0.4028440117836
1442,345.0,8.73588848114014
1443,345.1,11.1269397735596
1444,345.2,12.3623514175415
1445,345.4,0.285355061292648
1446,345.5,0.0800312161445618
1447,345.8,0.0620827190577984
1448,346.0,0.605826735496521
1449,346.2,1.88060343265533
1450,346.3,0.315616071224213
1451,346.5,0.0433538556098938
1452,346.9,0.0800312161445618
1453,347.1,0.519986152648926
1454,347.2,0.236885458230972
1455,347.4,0.0841064751148224
1456,347.8,0.0313881896436214
1457,347.9,0.0436139777302742
1458,348.0,0.0704933702945709
1459,348.2,0.0428336076438427
1460,348.4,0.0273996349424124
1461,348.7,0.0262724347412586
1462,348.9,0.0440475158393383
1463,349.1,0.0616491809487343
1464,349.2,0.0733547210693359
1465,349.8,0.0467354543507099
1466,350.2,0.013092864304781
1467,350.7,0.0375444367527962
1468,351.0,0.0304344054311514
1469,351.6,0.0313014835119247
1470,352.0,0.0182953272014856
1471,352.9,0.0903494283556938
1472,353.1,0.230555802583694
1473,353.2,0.265932530164719
1474,353.5,0.0695395842194557
1475,353.8,0.0176883731037378
1476,354.0,0.0545391477644444
1477,354.1,0.114280760288239
1478,354.3,0.0270528048276901
1479,354.6,0.0685857981443405
1480,354.8,0.379606336355209
1481,355.0,15.0580940246582
1482,355.2,494.431121826172
1483,355.3,12.4030170440674
1484,355.7,0.0160409267991781
1485,355.9,1.7492413520813
1486,356.1,76.1614532470703
1487,356.2,100.867340087891
1488,356.4,0.568022191524506
1489,356.7,0.145061999559402
1490,356.8,0.181652650237083
1491,357.0,12.6255960464478
1492,357.1,55.7923355102539
1493,357.2,79.4729919433594
1494,357.4,0.443856745958328
1495,357.5,0.100147403776646
1496,357.8,0.198300525546074
1497,358.0,7.0254054069519
1498,358.2,21.552848815918
1499,358.3,5.65880537033081
1500,358.5,0.127286911010742
1501,358.7,0.127547040581703
1502,358.9,2.00199437141418
1503,359.1,29.9926300048828
1504,359.2,39.7880859375
1505,359.4,0.885459125041962
1506,359.6,0.0188155733048916
1507,359.8,0.0369374826550484
1508,360.0,1.87514090538025
1509,360.2,6.85537147521973
1510,360.3,2.21104645729065
1511,360.6,0.0132662793621421
1512,360.8,0.0606086887419224
1513,361.0,1.06425046920776
1514,361.2,3.07734322547913
1515,361.3,0.855891764163971
1516,361.4,0.261163622140884
1517,361.8,0.014566894620657
1518,362.0,0.0636434555053711
1519,362.1,0.0408393293619156
1520,362.4,0.0604352727532387
1521,362.6,0.0391051769256592
1522,362.8,0.0144801875576377
1523,363.0,0.225179925560951
1524,363.2,0.455128759145737
1525,363.3,0.0938177406787872
1526,363.5,0.0694528743624687
1527,363.8,0.014566894620657
1528,364.0,0.0136131104081869
1529,364.3,0.057227086275816
1530,364.5,0.0272262208163738
1531,365.0,0.0267926827073097
1532,365.2,0.0287002511322498
1533,365.8,0.0503771789371967
1534,366.1,0.0290470831096172
1535,366.2,0.0345096662640572
1536,366.5,0.0148270176723599
1537,366.6,0.0451747141778469
1538,367.0,0.0593947805464268
1539,367.3,0.0842798948287964
1540,367.5,0.0658111497759819
1541,367.9,0.0279198829084635
1542,368.2,0.0278331749141216
1543,368.7,0.0585277043282986
1544,368.9,0.906702518463135
1545,369.0,3.36339211463928
1546,369.2,15.8646488189697
1547,369.3,6.54686546325684
1548,369.5,0.0479493625462055
1549,369.7,0.0443943478167057
1550,369.9,0.0998872816562653
1551,370.1,1.08497357368469
1552,370.2,1.59611546993256
1553,370.4,0.180091917514801
1554,370.6,0.0300875753164291
1555,370.8,0.175409689545631
1556,370.9,0.405792087316513
1557,371.1,3.39538717269897
1558,371.2,3.59464144706726
1559,371.4,0.232376664876938
1560,371.6,0.0152605567127466
1561,372.0,0.134917199611664
1562,372.1,0.157981440424919
1563,372.3,0.0706667825579643
1564,372.5,0.0317350216209888
1565,372.8,0.300702333450317
1566,373.0,7.64562559127808
1567,373.1,15.9762420654297
1568,373.2,28.0965919494629
1569,373.4,0.633659958839417
1570,373.6,0.0843665972352028
1571,373.9,0.296106815338135
1572,374.1,3.38272786140442
1573,374.2,2.53871488571167
1574,374.3,1.35446107387543
1575,374.5,0.0598283186554909
1576,374.9,0.153472647070885
1577,375.1,1.35107946395874
1578,375.2,1.23315703868866
1579,375.4,0.094337984919548
1580,376.0,0.014566894620657
1581,376.2,0.0279198829084635
1582,376.4,0.0135264024138451
1583,376.9,0.0246249884366989
1584,377.2,0.0130061563104391
1585,377.4,0.0653776153922081
1586,377.6,0.0138732334598899
1587,378.2,0.0318217277526855
1588,378.4,0.0139599414542317
1589,378.6,0.0163877569139004
1590,379.0,0.0293072052299976
1591,379.3,0.0264458507299423
1592,379.5,0.0183820333331823
1593,380.0,0.0319084376096725
1594,380.6,0.0305211134254932
1595,381.0,0.0398855470120907
1596,381.3,0.0150004336610436
1597,381.7,0.0293939132243395
1598,381.8,0.0174282491207123
1599,382.2,0.0193358194082975
1600,382.4,0.0284401290118694
1601,382.9,0.0548859797418118
1602,383.1,0.230815917253494
1603,383.2,0.12026359140873
1604,383.8,0.0165611729025841
1605,384.2,0.0263591427356005
1606,384.4,0.0347697921097279
1607,384.5,0.0163010489195585
1608,384.7,0.0857539251446724
1609,384.9,1.07760334014893
1610,385.1,3.83898377418518
1611,385.2,1.88433194160461
1612,385.4,0.076476201415062
1613,385.6,0.0893089398741722
1614,385.7,0.0428336076438427
1615,385.9,0.102401800453663
1616,386.1,0.261683851480484
1617,386.2,0.104569494724274
1618,386.4,0.0290470831096172
1619,386.5,0.0547992698848248
1620,386.7,0.0568802580237389
1621,386.9,2.03953862190247
1622,387.0,3.45651602745056
1623,387.1,9.26341819763184
1624,387.3,1.08913552761078
1625,387.5,0.0130061563104391
1626,387.7,0.0280065890401602
1627,387.9,0.119396515190601
1628,388.0,0.37362352013588
1629,388.2,0.208792164921761
1630,388.5,0.0469955764710903
1631,388.8,0.0594814866781235
1632,389.0,0.22301222383976
1633,389.2,0.327668428421021
1634,389.4,0.0710136145353317
1635,389.7,0.0310413595288992
1636,390.0,0.0134396944195032
1637,390.2,0.0294806212186813
1638,390.3,0.0133529873564839
1639,390.7,0.0284401290118694
1640,391.1,0.0435272678732872
1641,391.3,0.0164744649082422
1642,391.5,0.0323419757187366
1643,391.9,0.0149137256667018
1644,392.2,0.0131795713678002
1645,392.3,0.0475158244371414
1646,392.9,0.0134396944195032
1647,393.2,0.0176883731037378
1648,393.7,0.0133529873564839
1649,394.0,0.0457816682755947
1650,394.4,0.0267059747129679
1651,395.2,0.0319951437413692
1652,395.4,0.0191624034196138
1653,395.7,0.0179484952241182
1654,396.1,0.0133529873564839
1655,396.7,0.0295673292130232
1656,397.0,0.0136998174712062
1657,397.2,0.0287869591265917
1658,397.4,0.0678921341896057
1659,397.6,0.0162143409252167
1660,398.3,0.0289603751152754
1661,398.4,0.0215035118162632
1662,398.7,0.0756091251969337
1663,398.8,0.30391052365303
1664,399.0,4.28509473800659
1665,399.1,7.67311191558838
1666,399.3,1.01959598064423
1667,399.5,0.137431710958481
1668,399.7,0.044134221971035
1669,400.0,0.407959759235382
1670,400.2,0.464233070611954
1671,400.4,0.266799628734589
1672,400.5,0.0152605567127466
1673,400.7,0.0430937297642231
1674,400.9,6.63851547241211
1675,401.1,73.2541427612305
1676,401.2,28.1421146392822
1677,401.4,0.0434405617415905
1678,401.7,0.309719920158386
1679,401.8,0.703026115894318
1680,402.0,11.5902194976807
1681,402.1,19.5112285614014
1682,402.3,2.21304082870483
1683,402.6,0.251712471246719
1684,402.7,0.116881988942623
1685,402.9,3.63339972496033
1686,403.1,15.116361618042
1687,403.2,6.87106561660767
1688,403.4,0.206190928816795
1689,403.7,0.0393652990460396
1690,403.9,0.0862741693854332
1691,404.1,0.627416968345642
1692,404.2,0.193878442049026
1693,404.3,0.166131973266602
1694,404.5,0.0152605567127466
1695,404.7,0.0130061563104391
1696,404.9,0.234284222126007
1697,405.1,1.57235753536224
1698,405.2,1.52466833591461
1699,405.3,0.289343625307083
1700,405.7,0.0569669641554356
1701,406.0,0.0535853654146194
1702,406.2,0.56732851266861
1703,406.3,0.302523195743561
1704,406.6,0.0513309650123119
1705,406.9,0.0181219112128019
1706,407.1,0.168039545416832
1707,407.3,0.0383248068392277
1708,407.4,0.0522847473621368
1709,408.0,0.0463886223733425
1710,408.2,0.013786525465548
1711,408.4,0.0320818535983562
1712,408.7,0.01708141900599
1713,409.8,0.0174282491207123
1714,410.0,0.0413595773279667
1715,410.1,0.0160409267991781
1716,410.6,0.0136131104081869
1717,410.7,0.0358102843165398
1718,411.3,0.0156940948218107
1719,411.8,0.0153472647070885
1720,412.0,0.0649440735578537
1721,412.3,0.0153472647070885
1722,412.6,0.0194225274026394
1723,412.8,0.0474291183054447
1724,413.0,0.0735281333327293
1725,413.2,0.271048307418823
1726,413.3,0.0567935481667519
1727,413.7,0.0130061563104391
1728,413.9,0.0276597589254379
1729,414.1,0.014046648517251
1730,414.3,0.0135264024138451
1731,414.4,0.0440475158393383
1732,414.8,0.273476123809814
1733,415.0,13.050724029541
1734,415.1,44.8118438720703
1735,415.2,66.5878753662109
1736,415.4,0.492586493492126
1737,415.7,0.0897424817085266
1738,415.9,2.39980936050415
1739,416.1,21.7036323547363
1740,416.2,23.426082611084
1741,416.4,1.08636093139648
1742,416.6,0.19925431907177
1743,416.9,2.43596625328064
1744,417.0,6.11852931976318
1745,417.2,27.8054275512695
1746,417.3,6.48096752166748
1747,417.4,0.673198640346527
1748,417.7,0.0578340403735638
1749,417.8,0.028613543137908
1750,418.0,0.684730768203735
1751,418.2,1.93817734718323
1752,418.3,0.669470191001892
1753,418.4,0.188762679696083
1754,418.7,0.044134221971035
1755,418.8,0.0619093030691147
1756,419.0,1.23515129089355
1757,419.2,3.21234726905823
1758,419.3,1.01552069187164
1759,419.5,0.0131795713678002
1760,419.8,0.0296540353447199
1761,420.0,0.0657244399189949
1762,420.1,0.144715160131454
1763,420.3,0.092863954603672
1764,420.8,0.0447411760687828
1765,421.1,0.10769097507
1766,421.3,0.23532472550869
1767,421.5,0.0306078214198351
1768,422.1,0.0142200645059347
1769,422.4,0.0361571125686169
1770,422.9,0.0287002511322498
1771,423.1,0.0729211792349815
1772,423.4,0.0149137256667018
1773,423.9,0.0378912687301636
1774,424.5,0.0133529873564839
1775,424.9,0.0482961945235729
1776,425.2,0.0418798215687275
1777,425.4,0.027139512822032
1778,426.0,0.0147403106093407
1779,426.5,0.041186161339283
1780,427.0,0.028613543137908
1781,427.3,0.0309546515345573
1782,427.8,0.0315616056323051
1783,428.1,0.0146536026149988
1784,428.3,0.0802913382649422
1785,428.7,0.0246249884366989
1786,428.9,1.31041359901428
1787,429.1,48.714298248291
1788,429.2,85.3210754394531
1789,429.4,0.589265584945679
1790,429.7,0.0141333565115929
1791,429.9,1.91866815090179
1792,430.1,22.9419918060303
1793,430.2,30.7725658416748
1794,430.4,1.08878874778748
1795,430.5,0.214861705899239
1796,430.8,0.465793818235397
1797,431.0,7.26402473449707
1798,431.2,32.0489044189453
1799,431.3,10.4373540878296
1800,431.5,0.0578340403735638
1801,431.8,0.0911298021674156
1802,432.0,0.851643085479736
1803,432.2,3.01274609565735
1804,432.3,0.885025560855865
1805,432.4,0.302870035171509
1806,432.7,0.101187892258167
1807,432.9,0.901760160923004
1808,433.0,2.85996699333191
1809,433.2,15.790340423584
1810,433.3,7.39504051208496
1811,433.5,0.156594127416611
1812,433.9,0.0419665314257145
1813,434.1,0.949275970458984
1814,434.2,1.43102407455444
1815,434.4,0.13335645198822
1816,434.9,0.0275730509310961
1817,435.1,0.160322546958923
1818,435.2,0.234717771410942
1819,435.4,0.157981440424919
1820,435.5,0.0306078214198351
1821,435.8,0.031128067523241
1822,436.1,0.028613543137908
1823,436.4,0.0154339717701077
1824,436.6,0.0318217277526855
1825,437.0,0.0417064093053341
1826,437.3,0.0568802580237389
1827,437.5,0.0287869591265917
1828,438.3,0.0144801875576377
1829,439.0,0.0276597589254379
1830,439.2,0.0130061563104391
1831,439.5,0.0134396944195032
1832,439.7,0.036677360534668
1833,440.3,0.0132662793621421
1834,441.0,0.013092864304781
1835,441.2,0.0135264024138451
1836,441.7,0.0282667130231857
1837,442.5,0.0313014835119247
1838,443.5,0.0326020978391171
1839,443.8,0.0150004336610436
1840,444.1,0.0130061563104391
1841,444.4,0.0318217277526855
1842,445.0,0.170554056763649
1843,445.1,0.318997651338577
1844,445.3,0.152692273259163
1845,445.6,0.0293939132243395
1846,445.8,0.0274863429367542
1847,446.0,0.0464753322303295
1848,446.4,0.0361571125686169
1849,446.6,0.0599150247871876
1850,447.0,0.15113154053688
1851,447.1,0.245122686028481
1852,447.3,0.0738749653100967
1853,447.4,0.0463886223733425
1854,447.7,0.0188155733048916
1855,448.0,0.0158675108104944
1856,448.2,0.0165611729025841
1857,448.4,0.0328622199594975
1858,449.3,0.0443943478167057
1859,450.2,0.0152605567127466
1860,450.8,0.0171681270003319
1861,452.4,0.0352900363504887
1862,452.6,0.061822596937418
1863,453.0,0.0279198829084635
1864,453.3,0.0410994552075863
1865,453.5,0.0404057912528515
1866,453.7,0.0197693575173616
1867,453.9,0.0285268351435661
1868,454.0,0.0134396944195032
1869,454.5,0.0152605567127466
1870,454.8,0.0319951437413692
1871,455.2,0.0287002511322498
1872,455.5,0.0135264024138451
1873,456.4,0.0270528048276901
1874,456.9,0.0189022812992334
1875,457.2,0.0296540353447199
1876,457.4,0.0131795713678002
1877,457.6,0.0306945294141769
1878,457.8,0.0298274513334036
1879,458.5,0.014566894620657
1880,458.8,0.135784268379211
1881,458.9,0.122864820063114
1882,459.1,0.505159080028534
1883,459.2,0.46926212310791
1884,459.4,0.0562733039259911
1885,459.8,0.0148270176723599
1886,460.0,0.0629497990012169
1887,460.1,0.0156073877587914
1888,460.3,0.112113066017628
1889,460.5,0.0352900363504887
1890,460.6,0.0147403106093407
1891,460.8,0.742824912071228
1892,461.0,7.57209730148315
1893,461.1,13.6851644515991
1894,461.3,2.40102314949036
1895,461.5,0.0476025305688381
1896,461.7,0.117228820919991
1897,461.8,0.05575305595994
1898,462.0,0.605479955673218
1899,462.2,1.36607992649078
1900,462.3,0.314142018556595
1901,462.5,0.0482094846665859
1902,462.8,0.104829616844654
1903,463.0,0.444897264242172
1904,463.1,0.588051676750183
1905,463.3,0.0639035776257515
1906,463.4,0.0704066604375839
1907,463.8,0.0344229601323605
1908,464.0,0.0144801875576377
1909,464.1,0.0423133634030819
1910,464.4,0.0131795713678002
1911,464.6,0.0350299142301083
1912,464.9,0.0333824679255486
1913,465.2,0.0424867756664753
1914,465.5,0.0267059747129679
1915,466.0,0.0134396944195032
1916,466.1,0.035203330218792
1917,466.4,0.0139599414542317
1918,467.1,0.0464753322303295
1919,467.5,0.0298274513334036
1920,467.7,0.014046648517251
1921,468.3,0.0130061563104391
1922,468.8,0.0142200645059347
1923,469.3,0.0143934795632958
1924,470.0,0.0294806212186813
1925,470.4,0.0213300958275795
1926,470.7,0.0463886223733425
1927,471.5,0.0177750810980797
1928,471.7,0.0176883731037378
1929,472.2,0.0144801875576377
1930,472.8,0.0172548331320286
1931,473.0,0.0422266535460949
1932,473.2,0.05575305595994
1933,473.8,0.0321685597300529
1934,474.0,0.0297407433390617
1935,474.2,0.0450013019144535
1936,474.4,0.0309546515345573
1937,474.6,0.0135264024138451
1938,474.8,0.360097110271454
1939,475.0,8.06763172149658
1940,475.1,14.9770221710205
1941,475.2,27.1441078186035
1942,475.4,1.52302086353302
1943,475.5,0.175236284732819
1944,475.8,0.248070746660233
1945,476.0,2.68975973129272
1946,476.2,8.62368869781494
1947,476.3,3.07474207878113
1948,476.4,0.966617524623871
1949,476.6,0.0324286818504333
1950,476.8,0.122084453701973
1951,476.9,0.268793880939484
1952,477.1,2.46692109107971
1953,477.2,3.36686038970947
1954,477.4,0.197606861591339
1955,477.7,0.0160409267991781
1956,478.0,0.0417931154370308
1957,478.2,0.184774130582809
1958,478.4,0.0799445062875748
1959,478.9,0.0277464669197798
1960,479.1,0.213907912373543
1961,479.3,0.25552761554718
1962,479.4,0.0314748995006084
1963,480.1,0.033642590045929
1964,481.1,0.0138732334598899
1965,481.3,0.0220237579196692
1966,481.9,0.0302609894424677
1967,482.1,0.0148270176723599
1968,482.5,0.0202896036207676
1969,483.0,0.0135264024138451
1970,483.2,0.0138732334598899
1971,483.5,0.0142200645059347
1972,483.9,0.0153472647070885
1973,484.2,0.0272262208163738
1974,484.5,0.0295673292130232
1975,485.1,0.0285268351435661
1976,485.5,0.0161276329308748
1977,485.8,0.0461285002529621
1978,486.4,0.0156940948218107
1979,486.9,0.0182953272014856
1980,487.1,0.0435272678732872
1981,487.4,0.0359837003052235
1982,487.9,0.014306771568954
1983,488.4,0.0294806212186813
1984,488.7,0.0684123784303665
1985,488.9,1.47914683818817
1986,489.1,18.6354808807373
1987,489.2,39.034854888916
1988,489.4,2.25110554695129
1989,489.7,0.058787826448679
1990,489.9,0.764415144920349
1991,490.1,7.61224317550659
1992,490.2,12.3843755722046
1993,490.4,1.60149133205414
1994,490.6,0.057227086275816
1995,490.9,0.484349250793457
1996,491.1,4.22509336471558
1997,491.2,7.51660442352295
1998,491.4,0.943466603755951
1999,491.6,0.0749154612421989
2000,492.0,0.13144887983799
2001,492.2,0.313621789216995
2002,492.3,0.196739792823792
2003,492.5,0.014306771568954
2004,492.7,0.0195092335343361
2005,493.0,0.145842358469963
2006,493.2,0.853984236717224
2007,493.3,0.489378303289413
2008,493.5,0.0151738487184048
2009,493.8,0.0322552658617496
2010,494.0,0.0148270176723599
2011,494.2,0.0305211134254932
2012,494.4,0.0626029670238495
2013,494.5,0.0164744649082422
2014,494.8,0.013092864304781
2015,495.1,0.0365906544029713
2016,495.3,0.0438740998506546
2017,496.0,0.0143934795632958
2018,496.2,0.0270528048276901
2019,496.7,0.0371108986437321
2020,496.9,0.0136998174712062
2021,497.1,0.0323419757187366
2022,497.3,0.0568802580237389
2023,498.2,0.0139599414542317
2024,498.9,0.0135264024138451
2025,499.3,0.0314748995006084
2026,499.5,0.014566894620657
2027,499.7,0.013786525465548
2028,499.9,0.0437006838619709
2029,500.5,0.014306771568954
2030,501.2,0.0143934795632958
2031,501.4,0.0698864161968231
2032,501.8,0.0164744649082422
2033,502.1,0.0222838819026947
2034,502.7,0.0429203137755394
2035,502.9,0.659498810768127
2036,503.0,2.39998269081116
2037,503.2,11.6359148025513
2038,503.3,6.48452281951904
2039,503.5,0.0353767462074757
2040,503.7,0.0297407433390617
2041,503.9,0.163097202777863
2042,504.1,1.03086793422699
2043,504.2,1.97866988182068
2044,504.4,0.303390264511108
2045,504.8,0.0606086887419224
2046,505.0,0.41975200176239
2047,505.2,0.942772924900055
2048,505.3,0.527356266975403
2049,505.5,0.0766496136784554
2050,505.9,0.0200294815003872
2051,506.2,0.0548859797418118
2052,506.4,0.0285268351435661
2053,506.8,0.0139599414542317
2054,507.0,0.511922299861908
2055,507.2,2.31492233276367
2056,507.3,2.00667643547058
2057,507.5,0.053238533437252
2058,508.0,0.0273129288107157
2059,508.2,0.284141153097153
2060,508.3,0.300182074308395
2061,508.8,0.0131795713678002
2062,509.0,0.045694962143898
2063,509.1,0.0580941662192345
2064,509.3,0.0567068420350552
2065,509.5,0.0303476974368095
2066,510.2,0.0276597589254379
2067,511.0,0.0144801875576377
2068,511.2,0.0150871416553855
2069,511.5,0.0177750810980797
2070,512.1,0.0162143409252167
2071,513.3,0.0308679435402155
2072,513.5,0.0150004336610436
2073,514.1,0.0148270176723599
2074,514.4,0.030174283310771
2075,514.8,0.0320818535983562
2076,515.7,0.014306771568954
2077,516.1,0.022630712017417
2078,516.7,0.0308679435402155
2079,517.3,0.0131795713678002
2080,517.6,0.0174282491207123
2081,518.2,0.0139599414542317
2082,518.5,0.0278331749141216
2083,519.0,0.0272262208163738
2084,519.2,0.0428336076438427
2085,519.8,0.0308679435402155
2086,520.1,0.0410127453505993
2087,520.3,0.0583542883396149
2088,520.7,0.0299141593277454
2089,520.9,0.0141333565115929
2090,521.1,0.150264456868172
2091,521.2,0.119656637310982
2092,521.4,0.0147403106093407
2093,522.0,0.0415329933166504
2094,522.5,0.0389317609369755
2095,522.8,0.0501170568168163
2096,523.0,0.0134396944195032
2097,523.2,0.0147403106093407
2098,523.4,0.013786525465548
2099,523.8,0.0130061563104391
2100,524.6,0.04864302277565
2101,524.9,0.0138732334598899
2102,525.1,0.0136998174712062
2103,525.3,0.0135264024138451
2104,525.5,0.0136131104081869
2105,526.0,0.0315616056323051
2106,526.5,0.031128067523241
2107,526.7,0.0139599414542317
2108,527.1,0.0370241925120354
2109,527.4,0.0130061563104391
2110,527.6,0.028613543137908
2111,527.9,0.0155206797644496
2112,528.9,0.0368507765233517
2113,530.0,0.0224572960287333
2114,530.2,0.0288736671209335
2115,530.6,0.0132662793621421
2116,531.1,0.0292204972356558
2117,531.4,0.0276597589254379
2118,531.7,0.0159542188048363
2119,531.9,0.0132662793621421
2120,532.1,0.0169947110116482
2121,532.4,0.0135264024138451
2122,532.6,0.01708141900599
2123,532.8,0.0285268351435661
2124,533.0,0.0496835187077522
2125,533.4,0.0358102843165398
2126,533.7,0.0224572960287333
2127,534.0,0.0593080706894398
2128,534.1,0.0158675108104944
2129,534.4,0.047255702316761
2130,534.7,0.0547992698848248
2131,534.8,0.180352032184601
2132,535.0,2.17081427574158
2133,535.2,4.96176195144653
2134,535.3,1.40657246112823
2135,535.5,0.080985002219677
2136,535.8,0.0412728674709797
2137,536.0,0.303216844797134
2138,536.1,0.326888054609299
2139,536.2,0.620653748512268
2140,536.4,0.0278331749141216
2141,536.8,0.0724876448512077
2142,537.0,0.0800312161445618
2143,537.2,0.35940346121788
2144,537.3,0.12928119301796
2145,537.7,0.0290470831096172
2146,538.0,0.0167345870286226
2147,538.3,0.0547992698848248
2148,538.8,0.0507240109145641
2149,539.0,0.0159542188048363
2150,539.2,0.0136131104081869
2151,539.5,0.0138732334598899
2152,539.7,0.0369374826550484
2153,540.1,0.0131795713678002
2154,540.5,0.0192491114139557
2155,540.9,0.0463019162416458
2156,541.3,0.0149137256667018
2157,541.7,0.0162143409252167
2158,542.1,0.0147403106093407
2159,543.0,0.0130061563104391
2160,543.3,0.01708141900599
2161,543.5,0.0184687413275242
2162,545.8,0.014566894620657
2163,546.0,0.0168212950229645
2164,546.3,0.0312147755175829
2165,546.8,0.0171681270003319
2166,547.0,0.0139599414542317
2167,547.2,0.0475158244371414
2168,547.7,0.0136998174712062
2169,547.9,0.014566894620657
2170,548.4,0.0131795713678002
2171,548.8,0.113240264356136
2172,549.0,1.82675802707672
2173,549.2,10.0715341567993
2174,549.3,7.81383848190308
2175,549.5,0.307812362909317
2176,549.6,0.0892222300171852
2177,549.8,0.0443076379597187
#"+ Scan (rt: 5.032-55.018 min, 8747 scans) 030321_GOET_1.D "
#Point,X(Thompsons),Y(Counts)
0,50.2,19.8811016082764
1,50.3,4.31027793884277
2,50.5,0.0381845198571682
3,50.9,0.891505658626556
4,51.1,20.7364807128906
5,51.2,21.9833087921143
6,51.4,0.423459470272064
7,51.6,0.0396707430481911
8,51.9,0.18280553817749
9,52.1,2.81810903549194
10,52.2,3.04435801506042
11,52.4,0.205670520663261
12,53.0,0.458671540021896
13,53.2,1.59368932247162
14,53.3,0.416485637426376
15,53.4,0.21012918651104
16,53.9,0.219160854816437
17,54.1,6.16691446304321
18,54.2,7.68503475189209
19,54.4,0.469646722078323
20,54.6,0.028581228107214
21,54.8,0.0400137193500996
22,55.0,3.19332337379456
23,55.2,18.3753280639648
24,55.3,5.49411249160767
25,56.0,0.539499282836914
26,56.2,2.04412937164307
27,56.3,0.687550008296967
28,56.6,0.0188636109232903
29,56.8,0.0196638852357864
30,57.0,1.7592316865921
31,57.2,10.4590148925781
32,57.3,3.80862021446228
33,57.4,0.759117424488068
34,57.9,0.0347547717392445
35,58.1,0.0881445035338402
36,58.2,0.0198925342410803
37,58.4,0.0171487368643284
38,58.9,0.216988682746887
39,59.1,2.80816268920898
40,59.2,2.4311192035675
41,59.4,0.0775122866034508
42,59.9,0.119926832616329
43,60.0,0.0946610271930695
44,60.1,0.246141538023949
45,60.3,0.0757974162697792
46,60.9,0.0382988452911377
47,61.1,0.498913913965225
48,61.2,0.340230941772461
49,61.7,0.0174917113035917
50,62.0,0.0173773858696222
51,62.2,0.222133308649063
52,62.4,0.020807133987546
53,63.0,0.861666858196259
54,63.1,2.38859033584595
55,63.3,0.427117854356766
56,63.5,0.024579856544733
57,63.8,0.1134103089571
58,64.0,1.52349376678467
59,64.1,2.54784488677979
60,64.3,0.222133308649063
61,64.9,0.718189120292664
62,65.1,17.7969589233398
63,65.2,19.3825302124023
64,65.4,0.645249783992767
65,65.6,0.0185206364840269
66,65.9,0.230707675218582
67,66.1,1.33039903640747
68,66.2,1.08219957351685
69,66.4,0.0675660222768784
70,66.6,0.0195495598018169
71,66.9,0.297016113996506
72,67.0,0.95004004240036
73,67.2,3.06162118911743
74,67.3,1.06024920940399
75,67.8,0.0384131707251072
76,68.1,0.19103692471981
77,68.2,0.368240535259247
78,68.4,0.0174917113035917
79,68.8,0.0368126221001148
80,68.9,0.282839834690094
81,69.1,2.93837881088257
82,69.2,4.06184959411621
83,69.4,0.208071336150169
84,69.6,0.0193209107965231
85,69.9,0.0791128352284431
86,70.1,0.988796174526215
87,70.3,1.26523375511169
88,70.4,0.18897907435894
89,70.9,0.150680229067802
90,71.1,3.64513540267944
91,71.2,4.94775342941284
92,71.4,0.284554690122604
93,71.8,0.0184063110500574
94,72.1,0.0536183826625347
95,72.3,0.0923745259642601
96,72.8,0.0800274387001991
97,73.0,15.0866584777832
98,73.2,399.293701171875
99,73.3,30.2335662841797
100,73.7,0.0393277704715729
101,73.9,0.561449646949768
102,74.1,18.4781074523926
103,74.2,19.5575618743896
104,74.4,0.351892083883286
105,74.7,0.0210357829928398
106,74.9,1.09077394008636
107,75.1,25.1736602783203
108,75.2,26.3738422393799
109,75.4,0.398765295743942
110,75.6,0.0221790336072445
111,75.8,0.0687092691659927
112,76.0,2.57196760177612
113,76.1,8.76117515563965
114,76.3,2.36675429344177
115,76.5,0.131016343832016
116,76.8,0.384817659854889
117,77.0,31.0746536254883
118,77.2,165.281356811523
119,77.3,23.8288555145264
120,77.5,0.0922602042555809
121,77.8,0.306505084037781
122,78.0,21.3470897674561
123,78.2,116.392135620117
124,78.3,24.2128734588623
125,78.5,0.265462458133698
126,78.8,0.395449876785278
127,79.0,66.3744125366211
128,79.1,361.332916259766
129,79.3,9.97644901275635
130,79.8,0.0978621244430542
131,80.0,2.65348124504089
132,80.2,6.67257356643677
133,80.3,1.40276670455933
134,80.4,0.339430660009384
135,80.8,0.371212989091873
136,81.0,67.2742691040039
137,81.1,369.798797607422
138,81.3,7.9576997756958
139,81.6,0.0212644338607788
140,81.8,0.130902022123337
141,82.0,2.15102314949036
142,82.1,2.33508634567261
143,82.2,3.48896765708923
144,82.4,0.17868983745575
145,82.9,0.288441747426987
146,83.1,2.38458895683289
147,83.2,1.92054414749146
148,83.4,0.0583057031035423
149,83.9,0.0357836969196796
150,84.1,0.0549902841448784
151,84.2,0.0221790336072445
152,84.3,0.131473645567894
153,84.6,0.0210357829928398
154,84.8,0.849434077739716
155,85.0,31.3550930023193
156,85.1,60.9549560546875
157,85.3,3.93049049377441
158,85.5,0.0186349600553513
159,85.9,0.0187492854893208
160,86.1,0.0202355086803436
161,86.3,0.0176060367375612
162,86.5,0.0182919856160879
163,86.9,0.27495139837265
164,87.1,1.7803817987442
165,87.2,1.37910139560699
166,87.4,0.0214930828660727
167,87.8,0.0764833688735962
168,87.9,0.0564765073359013
169,88.1,0.407796949148178
170,88.2,0.0841431319713593
171,88.3,0.11558248847723
172,88.7,0.0209214594215155
173,88.9,0.859723329544067
174,89.1,4.12072706222534
175,89.2,2.32205319404602
176,89.4,0.0384131707251072
177,89.9,0.0658511519432068
178,90.2,0.0533897317945957
179,90.6,0.0187492854893208
180,90.8,0.231507942080498
181,91.0,10.9128847122192
182,91.2,45.0293807983398
183,91.3,11.2528867721558
184,91.5,0.0601349025964737
185,91.7,0.0535040572285652
186,92.0,0.251972109079361
187,92.2,1.04858803749084
188,92.3,0.316337019205093
189,92.9,0.110437862575054
190,93.1,0.581456482410431
191,93.2,0.626957833766937
192,93.4,0.11135246604681
193,93.9,0.423688113689423
194,94.1,3.8628101348877
195,94.2,3.65039443969727
196,94.4,0.143706411123276
197,94.8,0.0535040572285652
198,95.0,0.431004911661148
199,95.2,0.923859596252441
200,95.3,0.304104268550873
201,95.5,0.0381845198571682
202,95.7,0.0539613589644432
203,95.9,4.96032905578613
204,96.1,81.7740936279297
205,96.2,65.3855056762695
206,96.4,1.30490458011627
207,96.7,0.793414890766144
208,96.9,5.1812047958374
209,97.1,4.36835479736328
210,97.2,3.35555052757263
211,97.4,0.210586488246918
212,97.9,0.0535040572285652
213,98.0,0.0385274961590767
214,98.1,0.319423794746399
215,98.4,0.0746541693806648
216,99.1,0.0731679424643517
217,99.3,0.0356693714857101
218,99.9,0.0182919856160879
219,100.1,0.0728249698877335
220,101.0,0.0211501084268093
221,101.3,0.0379558689892292
222,101.5,0.0186349600553513
223,102.0,0.121184408664703
224,102.1,0.113295987248421
225,102.2,0.127700924873352
226,102.4,0.0377272218465805
227,102.7,0.0362409986555576
228,102.9,2.20315527915955
229,103.1,14.2167596817017
230,103.2,7.79650163650513
231,103.4,0.234137415885925
232,103.6,0.0193209107965231
233,103.9,1.12301361560822
234,104.1,9.955641746521
235,104.2,8.12941551208496
236,104.4,0.513433158397675
237,104.8,0.568652093410492
238,105.0,22.7459697723389
239,105.2,102.514694213867
240,105.3,11.0452728271484
241,105.5,0.0197782088071108
242,105.9,0.123127929866314
243,106.1,1.34937691688538
244,106.2,0.677032113075256
245,106.3,0.469875395298004
246,106.9,0.13638961315155
247,107.0,0.134103119373322
248,107.2,0.638618946075439
249,107.3,0.167943298816681
250,107.9,0.0411569699645042
251,108.0,0.0882588326931
252,108.2,0.0553332567214966
253,108.5,0.0762547180056572
254,109.0,0.139933690428734
255,109.1,0.0433291420340538
256,109.2,0.0910026282072067
257,109.4,0.0172630622982979
258,109.8,0.0204641595482826
259,110.0,0.0584200285375118
260,110.2,0.0172630622982979
261,110.3,0.0801417604088783
262,110.8,0.0181776601821184
263,111.0,0.17857551574707
264,111.2,0.153081059455872
265,111.4,0.0553332567214966
266,111.9,0.121527381241322
267,112.1,0.514690756797791
268,112.2,0.349262595176697
269,112.4,0.0360123477876186
270,112.9,0.0174917113035917
271,113.2,0.0923745259642601
272,113.8,0.0421858914196491
273,114.1,0.0192065853625536
274,114.3,0.0557905584573746
275,114.9,0.756373584270477
276,115.1,7.27175045013428
277,115.2,4.04012823104858
278,115.4,0.0792271643877029
279,116.1,0.222819253802299
280,116.2,0.0764833688735962
281,116.8,0.0821996107697487
282,117.0,1.32937002182007
283,117.1,2.81136393547058
284,117.3,0.616439938545227
285,117.9,0.0583057031035423
286,118.1,0.906825184822083
287,118.2,0.316794335842133
288,118.3,0.233222812414169
289,118.8,0.37384244799614
290,119.0,8.84303188323975
291,119.1,22.0022869110107
292,119.3,1.72081851959229
293,119.5,0.0225220080465078
294,119.9,0.115696810185909
295,120.1,0.284783363342285
296,120.2,0.195838570594788
297,120.4,0.0370412729680538
298,120.8,0.207385390996933
299,121.0,9.25643062591553
300,121.2,22.0381851196289
301,121.3,3.31382179260254
302,121.5,0.0180633366107941
303,121.8,0.19743911921978
304,121.9,1.61095237731934
305,122.1,15.7604894638062
306,122.2,12.5068025588989
307,122.4,0.330056011676788
308,122.8,0.0172630622982979
309,123.0,0.5499027967453
310,123.2,0.424259752035141
311,123.4,0.0525894574820995
312,123.9,0.0197782088071108
313,124.2,0.0197782088071108
314,124.8,0.115010857582092
315,125.0,0.799931406974792
316,125.2,1.19766771793365
317,125.3,0.46198695898056
318,125.5,0.0761403888463974
319,125.9,0.0760260671377182
320,126.1,0.332571178674698
321,126.3,0.110780842602253
322,126.5,0.0410426445305347
323,126.8,0.0805990621447563
324,127.1,0.109065964818001
325,127.2,0.0419572442770004
326,127.4,0.0481307879090309
327,127.9,0.101749174296856
328,128.0,0.212987303733826
329,128.2,0.340459585189819
330,128.4,0.0387561433017254
331,129.0,0.220075458288193
332,129.1,0.586258172988892
333,129.3,0.173087909817696
334,129.7,0.0349834226071835
335,129.9,0.0956899523735046
336,130.1,0.170572772622108
337,130.2,0.19743911921978
338,130.6,0.0203498341143131
339,130.8,0.0347547717392445
340,131.0,0.709729075431824
341,131.1,1.90088033676147
342,131.3,0.431919515132904
343,131.5,0.0200068596750498
344,131.9,0.183034181594849
345,132.1,0.589802205562592
346,132.2,0.395335555076599
347,132.4,0.0609351769089699
348,132.8,0.476163268089294
349,133.0,26.7029838562012
350,133.1,106.246139526367
351,133.3,3.76631999015808
352,133.6,0.074539840221405
353,133.8,0.574597001075745
354,134.0,3.3621814250946
355,134.2,4.74951410293579
356,134.3,1.09809076786041
357,134.6,0.114667885005474
358,134.8,0.249113976955414
359,135.0,11.300217628479
360,135.2,84.5542449951172
361,135.3,9.24739933013916
362,135.6,0.0188636109232903
363,135.8,0.0577340796589851
364,136.0,1.2028124332428
365,136.2,3.80999207496643
366,136.3,1.24591290950775
367,136.6,0.123356580734253
368,136.8,0.461529672145844
369,137.0,10.5600776672363
370,137.1,27.0160045623779
371,137.3,2.70927166938782
372,137.9,0.118440605700016
373,138.0,0.0969475284218788
374,138.2,0.208528637886047
375,138.3,0.0763690397143364
376,138.8,0.116725735366344
377,139.0,2.66628551483154
378,139.1,6.55504751205444
379,139.3,0.924888551235199
380,139.4,0.125643074512482
381,139.9,0.0171487368643284
382,140.1,0.0385274961590767
383,140.4,0.037155594676733
384,141.0,0.114439234137535
385,141.1,0.0759117379784584
386,141.3,0.17445981502533
387,141.5,0.0186349600553513
388,142.0,0.0189779344946146
389,142.3,0.0390991196036339
390,142.8,0.0184063110500574
391,143.0,0.0398993939161301
392,143.2,0.034869097173214
393,143.4,0.037612896412611
394,144.3,0.0365839712321758
395,145.0,0.22464844584465
396,145.2,0.887847244739532
397,145.3,0.148508056998253
398,145.8,0.0178346857428551
399,146.1,0.0551046058535576
400,146.3,0.0177203621715307
401,146.7,0.0434434674680233
402,146.9,2.89139127731323
403,147.1,89.9795379638672
404,147.2,104.13215637207
405,147.4,0.279295772314072
406,147.6,0.0732822716236115
407,147.8,0.12392820417881
408,148.0,3.93014740943909
409,148.2,17.9392929077148
410,148.3,4.46164417266846
411,148.5,0.131359323859215
412,148.8,0.249571278691292
413,149.0,31.792272567749
414,149.1,171.608779907227
415,149.3,4.33771562576294
416,149.4,0.153767004609108
417,149.9,0.81719446182251
418,150.1,3.37510013580322
419,150.2,2.73831033706665
420,150.5,0.101406194269657
421,150.6,0.0196638852357864
422,150.8,0.206699445843697
423,151.0,3.15239500999451
424,151.2,7.73979663848877
425,151.3,1.21813189983368
426,151.5,0.0545329824090004
427,152.0,0.429518699645996
428,152.2,0.929461538791656
429,152.3,0.377272218465805
430,152.5,0.0173773858696222
431,152.7,0.0768263414502144
432,152.9,1.71887505054474
433,153.1,12.0388708114624
434,153.2,7.42471694946289
435,153.4,0.180404707789421
436,153.8,0.0267520286142826
437,154.0,0.368697851896286
438,154.2,1.38184523582458
439,154.3,0.302275061607361
440,154.4,0.102320797741413
441,154.6,0.0434434674680233
442,154.9,1.81285011768341
443,155.1,10.9708471298218
444,155.2,7.10769414901733
445,155.4,0.209671884775162
446,156.0,0.42231622338295
447,156.2,1.60477876663208
448,156.3,0.36995542049408
449,156.5,0.0205784849822521
450,156.7,0.137189894914627
451,156.9,0.223162233829498
452,157.1,0.126214697957039
453,157.3,0.0210357829928398
454,158.1,0.196867495775223
455,158.2,0.124614156782627
456,158.4,0.118211954832077
457,158.9,0.05670515447855
458,159.2,0.127357944846153
459,159.4,0.0377272218465805
460,160.1,0.0444723889231682
461,160.4,0.0405853427946568
462,160.8,0.0998056456446648
463,161.0,1.93323421478271
464,161.1,2.17274498939514
465,161.3,0.0759117379784584
466,161.6,0.0188636109232903
467,162.0,0.0993483513593674
468,162.1,0.107351094484329
469,162.3,0.023093631491065
470,162.6,0.0345261245965958
471,162.8,0.751571953296661
472,163.0,10.8918485641479
473,163.1,13.8191375732422
474,163.3,0.898479461669922
475,163.5,0.0194352343678474
476,163.8,0.0364696457982063
477,164.0,0.206585109233856
478,164.1,0.0967188775539398
479,164.2,0.0557905584573746
480,164.5,0.0210357829928398
481,164.8,0.129758775234222
482,165.0,2.85012006759644
483,165.1,2.36092376708984
484,165.2,2.08402872085571
485,165.4,0.0942037254571915
486,165.5,0.0988910496234894
487,165.7,0.0867726057767868
488,165.9,4.15925455093384
489,166.1,39.0733947753906
490,166.2,18.8476047515869
491,166.3,4.23973941802979
492,166.5,0.0482451133430004
493,166.9,0.215502455830574
494,167.1,0.809763371944427
495,167.2,0.323882460594177
496,167.4,0.0173773858696222
497,168.2,0.0361266732215881
498,169.0,0.0409283190965652
499,169.3,0.0214930828660727
500,170.5,0.0214930828660727
501,171.0,0.0180633366107941
502,172.3,0.0180633366107941
503,172.9,0.0173773858696222
504,173.1,0.0185206364840269
505,174.2,0.0358980223536491
506,174.8,0.0182919856160879
507,175.1,0.0377272218465805
508,175.4,0.034640446305275
509,175.7,0.0377272218465805
510,175.9,0.366640001535416
511,176.1,1.31542241573334
512,176.2,0.381387919187546
513,176.4,0.0432148166000843
514,176.7,0.199382647871971
515,176.9,4.1306734085083
516,177.1,33.7714653015137
517,177.2,8.69681072235107
518,177.4,0.0424145422875881
519,177.7,0.0194352343678474
520,177.9,0.435234934091568
521,178.1,2.39064812660217
522,178.2,0.856064915657043
523,178.4,0.0381845198571682
524,178.6,0.0366982966661453
525,178.8,0.277580887079239
526,179.0,4.05258941650391
527,179.1,6.52703762054443
528,179.3,0.431462228298187
529,179.9,0.0586486794054508
530,180.1,0.154109984636307
531,180.5,0.0444723889231682
532,180.8,0.037155594676733
533,181.0,0.195609927177429
534,181.2,0.153767004609108
535,181.4,0.0186349600553513
536,182.2,0.0962615758180618
537,182.4,0.0267520286142826
538,182.9,0.0563621819019318
539,183.3,0.0370412729680538
540,185.1,0.0192065853625536
541,186.5,0.0187492854893208
542,187.1,0.0187492854893208
543,187.3,0.0182919856160879
544,188.8,0.0744255185127258
545,189.0,0.386075228452682
546,189.2,0.49571281671524
547,189.3,0.137761518359184
548,190.1,0.0589916557073593
549,190.4,0.0563621819019318
550,190.8,0.326626271009445
551,191.0,35.1033515930176
552,191.1,124.665374755859
553,191.3,0.955413281917572
554,191.8,0.290956884622574
555,192.0,9.12404251098633
556,192.1,18.4508972167969
557,192.3,1.91585683822632
558,192.5,0.053161084651947
559,192.8,0.947410523891449
560,193.0,36.6086654663086
561,193.1,162.228424072266
562,193.3,5.19995403289795
563,193.5,0.0177203621715307
564,193.8,0.200754538178444
565,194.0,4.78621244430542
566,194.1,14.3462905883789
567,194.3,1.62169885635376
568,194.6,0.0559048801660538
569,194.8,0.164742201566696
570,195.0,3.60763692855835
571,195.1,7.77946710586548
572,195.3,0.738081634044647
573,195.7,0.0188636109232903
574,196.2,0.0205784849822521
575,196.9,0.30479022860527
576,197.1,1.44678175449371
577,197.2,0.688578963279724
578,197.3,0.319538116455078
579,197.9,0.0200068596750498
580,198.1,0.074768491089344
581,198.2,0.0188636109232903
582,198.4,0.0174917113035917
583,199.2,0.0171487368643284
584,199.5,0.0182919856160879
585,200.2,0.0180633366107941
586,201.0,0.0344117991626263
587,202.6,0.0185206364840269
588,202.9,0.185320675373077
589,203.1,0.785640776157379
590,203.2,0.51263290643692
591,203.4,0.0385274961590767
592,204.2,0.0358980223536491
593,204.5,0.0382988452911377
594,204.7,0.0189779344946146
595,204.9,0.432148158550262
596,205.1,3.10495018959045
597,205.2,1.7467702627182
598,205.4,0.097519151866436
599,205.9,0.0735109150409698
600,206.1,0.246598839759827
601,206.2,0.127700924873352
602,206.6,0.0416142679750919
603,206.8,0.701154708862305
604,207.0,46.1849784851074
605,207.1,1722.35522460938
606,207.3,10.5496740341187
607,207.6,0.0232079569250345
608,207.8,0.282725512981415
609,208.0,19.4474678039551
610,208.1,321.940765380859
611,208.3,4.90693950653076
612,208.5,0.0595632791519165
613,208.8,0.141877219080925
614,209.0,18.333028793335
615,209.1,208.730880737305
616,209.3,4.34263181686401
617,209.8,0.138904765248299
618,210.0,6.06093502044678
619,210.1,16.0967197418213
620,210.3,1.91368472576141
621,210.4,0.189322054386139
622,210.6,0.0176060367375612
623,210.8,0.584086000919342
624,211.0,17.7267627716064
625,211.1,58.6470794677734
626,211.3,4.66136980056763
627,211.6,0.037384245544672
628,212.0,0.66171258687973
629,212.2,1.63164508342743
630,212.3,0.379215717315674
631,212.5,0.0216074083000422
632,212.8,0.249228313565254
633,213.0,6.37967300415039
634,213.1,17.7997035980225
635,213.3,2.82188177108765
636,213.5,0.0176060367375612
637,213.9,0.0576197542250156
638,214.1,0.312221318483353
639,214.3,0.11352463811636
640,214.5,0.0172630622982979
641,214.8,0.1976677775383
642,215.0,7.35189199447632
643,215.2,14.6611413955688
644,215.3,2.5216646194458
645,215.9,0.0380701944231987
646,216.1,0.14930833876133
647,216.3,0.0543043315410614
648,216.4,0.0195495598018169
649,216.8,0.0411569699645042
650,216.9,0.0178346857428551
651,217.1,0.0556762330234051
652,217.2,0.0172630622982979
653,217.4,0.0186349600553513
654,217.9,0.0188636109232903
655,218.1,0.0187492854893208
656,219.0,0.170915737748146
657,219.1,0.14484965801239
658,219.9,0.035097748041153
659,220.1,0.0570481307804585
660,220.2,0.0870012566447258
661,220.4,0.0609351769089699
662,220.7,0.0384131707251072
663,220.9,0.885217785835266
664,221.1,45.0952339172363
665,221.2,86.6788635253906
666,221.4,0.705842018127441
667,221.6,0.0197782088071108
668,221.9,0.311649709939957
669,222.1,9.38207340240479
670,222.2,10.4602718353271
671,222.4,0.348005026578903
672,222.6,0.0417285934090614
673,222.8,0.162798672914505
674,223.0,3.49788498878479
675,223.2,14.6524524688721
676,223.3,2.7011547088623
677,223.5,0.0201211851090193
678,223.7,0.0202355086803436
679,224.0,0.0733965933322906
680,224.2,0.286040931940079
681,224.3,0.175031438469887
682,224.5,0.0176060367375612
683,224.6,0.0412712916731834
684,224.9,1.30570483207703
685,225.1,40.8534355163574
686,225.2,37.3394317626953
687,225.4,0.163484618067741
688,225.8,0.0562478564679623
689,226.0,1.99028241634369
690,226.2,5.48736715316772
691,226.3,1.02949583530426
692,226.7,0.0442437417805195
693,226.9,0.545901477336884
694,227.1,4.49822807312012
695,227.2,2.19846796989441
696,227.3,1.00400137901306
697,228.0,0.0189779344946146
698,228.2,0.0918029025197029
699,228.8,0.037155594676733
700,229.0,0.185777977108955
701,229.1,0.0593346282839775
702,229.3,0.208757281303406
703,230.0,0.141305595636368
704,230.2,0.122327655553818
705,230.3,0.11123813688755
706,230.8,0.0174917113035917
707,231.1,0.0952326506376266
708,231.6,0.0178346857428551
709,232.2,0.0179490111768246
710,232.9,0.0349834226071835
711,234.4,0.0237795822322369
712,234.7,0.0217217337340117
713,234.9,0.0537327080965042
714,235.1,0.195609927177429
715,235.2,0.0560192056000233
716,235.9,0.0186349600553513
717,236.3,0.0186349600553513
718,236.6,0.0176060367375612
719,236.9,0.122099004685879
720,237.1,0.157311081886292
721,237.2,0.09660454839468
722,237.8,0.0187492854893208
723,239.0,0.0362409986555576
724,239.1,0.0180633366107941
725,239.3,0.0353263989090919
726,240.0,0.0171487368643284
727,240.3,0.0192065853625536
728,242.1,0.0733965933322906
729,243.3,0.0406996682286263
730,245.2,0.0267520286142826
731,246.1,0.0179490111768246
732,247.2,0.0172630622982979
733,248.8,0.557105302810669
734,249.0,11.0684804916382
735,249.1,13.7020692825317
736,249.3,0.30033153295517
737,249.5,0.0365839712321758
738,249.8,0.0179490111768246
739,250.0,0.743454873561859
740,250.2,1.04058539867401
741,250.3,0.0900880321860313
742,250.5,0.0194352343678474
743,250.8,0.368126213550568
744,251.0,7.39830780029297
745,251.1,9.86372470855713
746,251.3,0.408825874328613
747,251.9,0.234023094177246
748,252.1,0.678518354892731
749,252.2,0.348462343215942
750,252.4,0.0176060367375612
751,252.8,0.462672919034958
752,253.0,5.54235744476318
753,253.1,16.3888187408447
754,253.3,1.00400137901306
755,253.5,0.0226363316178322
756,253.9,0.12815822660923
757,254.0,1.54109978675842
758,254.2,0.998971104621887
759,255.0,0.587744355201721
760,255.1,0.771350204944611
761,255.3,0.0801417604088783
762,258.3,0.0178346857428551
763,259.1,0.0176060367375612
764,259.7,0.0274379793554544
765,260.2,0.0190922599285841
766,263.1,0.0370412729680538
767,264.2,0.037384245544672
768,264.3,0.0201211851090193
769,264.8,0.332571178674698
770,265.0,10.3135929107666
771,265.1,24.8476047515869
772,265.3,1.29438662528992
773,265.8,0.0733965933322906
774,266.0,1.13318848609924
775,266.2,2.13101625442505
776,266.3,0.362752944231033
777,266.8,0.689836502075195
778,267.0,29.2616901397705
779,267.1,77.9915390014648
780,267.3,1.21081519126892
781,267.8,0.391105532646179
782,268.0,5.90876865386963
783,268.1,10.2425975799561
784,268.3,0.743683576583862
785,268.6,0.0428718402981758
786,268.8,0.194809645414352
787,269.0,7.6182689666748
788,269.1,17.0579624176025
789,269.3,1.55081737041473
790,269.7,0.0185206364840269
791,270.0,0.175031438469887
792,270.1,0.486223846673965
793,270.3,0.0855150371789932
794,270.7,0.0398993939161301
795,270.9,0.347776383161545
796,271.1,1.99657022953033
797,271.2,1.47147595882416
798,271.6,0.0251514799892902
799,272.1,0.0730536207556725
800,272.3,0.0382988452911377
801,273.1,0.112495712935925
802,273.3,0.0219503827393055
803,273.9,0.0182919856160879
804,274.2,0.0197782088071108
805,274.4,0.0182919856160879
806,275.1,0.0172630622982979
807,275.4,0.0372699201107025
808,275.8,0.0213787592947483
809,276.7,0.0178346857428551
810,278.9,0.0595632791519165
811,279.1,0.342288792133331
812,279.2,0.219160854816437
813,279.4,0.0803704112768173
814,279.7,0.0173773858696222
815,280.0,0.0190922599285841
816,280.3,0.0427575185894966
817,280.7,0.123470902442932
818,280.9,8.61655426025391
819,281.1,373.610504150391
820,281.2,364.854705810547
821,281.4,0.656110644340515
822,281.8,0.336000919342041
823,282.0,16.6013488769531
824,282.2,161.336807250977
825,282.3,6.10757970809937
826,282.5,0.0270950049161911
827,282.6,0.0955756232142448
828,282.8,0.287069857120514
829,283.0,14.8578939437866
830,283.2,128.196060180664
831,283.3,6.77958154678345
832,283.5,0.0200068596750498
833,283.8,0.0927175059914589
834,284.0,4.654052734375
835,284.1,7.55721950531006
836,284.2,10.6204414367676
837,284.4,0.425517320632935
838,284.7,0.0613924786448479
839,284.9,2.5092031955719
840,285.1,25.9137992858887
841,285.2,16.1210708618164
842,285.4,0.210700809955597
843,285.8,0.0204641595482826
844,286.0,0.707785546779633
845,286.1,1.65256655216217
846,286.3,0.269349485635757
847,286.7,0.0178346857428551
848,286.9,0.458442896604538
849,287.1,3.6224992275238
850,287.2,2.70435571670532
851,287.4,0.115125186741352
852,288.1,0.0204641595482826
853,288.2,0.0760260671377182
854,288.8,0.0172630622982979
855,289.0,0.316565692424774
856,289.1,0.457642614841461
857,289.2,0.299073964357376
858,289.4,0.0405853427946568
859,290.2,0.0366982966661453
860,291.6,0.0172630622982979
861,292.9,0.0242368821054697
862,293.2,0.056933805346489
863,293.5,0.0197782088071108
864,294.6,0.0174917113035917
865,294.9,0.394649595022202
866,295.1,6.36092376708984
867,295.2,8.1894359588623
868,295.4,0.392020106315613
869,295.9,0.0392134450376034
870,296.1,0.624557018280029
871,296.2,0.607293903827667
872,296.4,0.0379558689892292
873,296.8,0.0224076826125383
874,297.0,0.437407106161118
875,297.2,1.24579858779907
876,297.3,0.459128856658936
877,298.0,0.0173773858696222
878,298.3,0.034640446305275
879,298.8,0.204641595482826
880,299.0,6.34709024429321
881,299.2,27.3113059997559
882,299.3,3.92946147918701
883,299.9,0.297587752342224
884,300.1,2.07899856567383
885,300.2,2.09946274757385
886,300.4,0.0741968676447868
887,300.9,0.0923745259642601
888,301.1,0.788841903209686
889,301.2,0.528752744197845
890,301.4,0.0198925342410803
891,302.2,0.0347547717392445
892,303.1,0.059220302850008
893,304.0,0.023093631491065
894,305.2,0.0171487368643284
895,306.0,0.0195495598018169
896,306.9,0.0176060367375612
897,307.6,0.0173773858696222
898,308.9,0.0216074083000422
899,310.8,0.0573911070823669
900,311.1,0.0387561433017254
901,311.4,0.0210357829928398
902,313.0,0.0385274961590767
903,313.2,0.153195381164551
904,313.3,0.0762547180056572
905,315.0,0.0576197542250156
906,315.2,0.136046648025513
907,319.3,0.0174917113035917
908,322.9,0.0802560895681381
909,323.2,0.0386418215930462
910,323.3,0.0171487368643284
911,323.7,0.0179490111768246
912,324.4,0.0171487368643284
913,324.6,0.0616211257874966
914,324.9,1.8232536315918
915,325.0,2.96673154830933
916,325.1,7.06482219696045
917,325.3,0.690751135349274
918,325.5,0.0212644338607788
919,325.8,0.0532754100859165
920,326.0,0.140276670455933
921,326.2,0.404138565063477
922,326.4,0.0781982392072678
923,326.6,0.0424145422875881
924,326.8,0.839716494083405
925,327.0,13.6479940414429
926,327.1,15.92809009552
927,327.2,8.69143676757813
928,327.4,0.108722992241383
929,327.8,0.1385617852211
930,328.0,1.67520296573639
931,328.1,2.41454219818115
932,328.3,0.27918142080307
933,328.8,0.0205784849822521
934,329.0,0.963187396526337
935,329.2,1.26134669780731
936,329.3,0.139933690428734
937,329.9,0.035097748041153
938,330.5,0.0192065853625536
939,331.0,0.610609352588654
940,331.1,3.17971873283386
941,331.3,0.189550697803497
942,331.8,0.0225220080465078
943,332.0,0.138104498386383
944,332.2,0.545558452606201
945,332.3,0.0656225010752678
946,333.0,0.035097748041153
947,333.2,0.0513318851590157
948,334.7,0.0200068596750498
949,339.0,0.36321023106575
950,339.2,0.904424369335175
951,339.3,0.0924888551235199
952,339.9,0.0357836969196796
953,340.1,0.0571624562144279
954,340.3,0.0226363316178322
955,340.7,0.0947753489017487
956,340.9,4.58751583099365
957,341.1,61.886474609375
958,341.2,28.244083404541
959,341.4,0.204755917191505
960,341.7,0.0738538950681686
961,341.9,1.89116263389587
962,342.1,12.3174800872803
963,342.2,7.20715665817261
964,342.4,0.204755917191505
965,342.6,0.0246941801160574
966,342.8,0.4412941634655
967,343.0,5.7652907371521
968,343.2,14.2042989730835
969,343.3,1.97427690029144
970,343.8,0.0770549923181534
971,343.9,0.0186349600553513
972,344.1,0.382988452911377
973,344.2,0.290156632661819
974,344.4,0.0427575185894966
975,344.9,0.325940310955048
976,345.1,1.89847946166992
977,345.2,1.49697041511536
978,345.4,0.0767120122909546
979,345.8,0.0213787592947483
980,346.0,0.363095909357071
981,346.2,1.23768150806427
982,346.3,0.198696702718735
983,347.2,0.226591974496841
984,347.3,0.0741968676447868
985,348.0,0.0360123477876186
986,349.0,0.0389847941696644
987,350.2,0.0172630622982979
988,354.7,0.0600205771625042
989,354.9,2.80016016960144
990,355.1,75.6087799072266
991,355.2,90.6691436767578
992,355.4,0.644220888614655
993,355.7,0.0211501084268093
994,355.9,1.80244660377502
995,356.1,23.5534477233887
996,356.2,24.282154083252
997,356.4,0.66171258687973
998,356.6,0.0458442904055119
999,356.8,0.286612540483475
1000,357.0,7.08414316177368
1001,357.2,25.6347312927246
1002,357.3,5.41911506652832
1003,357.5,0.0226363316178322
1004,358.0,0.703441202640533
1005,358.2,1.77489423751831
1006,358.3,0.596661686897278
1007,358.7,0.0176060367375612
1008,358.9,0.831713736057281
1009,359.1,5.7028694152832
1010,359.2,7.43443489074707
1011,359.4,0.425974607467651
1012,359.9,0.0711100921034813
1013,360.1,0.253572642803192
1014,360.3,0.535269260406494
1015,360.4,0.0362409986555576
1016,361.0,0.0780839174985886
1017,361.1,0.181090652942657
1018,361.3,0.114782214164734
1019,362.2,0.0171487368643284
1020,362.7,0.0211501084268093
1021,363.0,0.0748828202486038
1022,363.2,0.109523266553879
1023,364.2,0.0201211851090193
1024,364.4,0.0184063110500574
1025,365.2,0.03784154728055
1026,367.3,0.0352120734751225
1027,367.9,0.0190922599285841
1028,369.0,0.234023094177246
1029,369.2,0.958843052387238
1030,369.3,0.448725283145905
1031,369.8,0.0198925342410803
1032,370.1,0.0406996682286263
1033,370.2,0.074311189353466
1034,370.7,0.0204641595482826
1035,370.9,0.0481307879090309
1036,371.1,0.200068593025208
1037,371.3,0.0732822716236115
1038,372.9,0.360466450452805
1039,373.1,2.67165875434875
1040,373.2,1.99737048149109
1041,373.3,1.09683322906494
1042,374.0,0.074997141957283
1043,374.2,0.217217326164246
1044,374.4,0.0538470335304737
1045,375.1,0.0395564176142216
1046,375.3,0.0171487368643284
1047,377.3,0.0361266732215881
1048,379.3,0.0173773858696222
1049,381.1,0.0171487368643284
1050,382.2,0.0254944544285536
1051,384.8,0.0784268900752068
1052,384.9,0.0356693714857101
1053,385.1,0.216988682746887
1054,385.2,0.18897907435894
1055,385.4,0.0413856171071529
1056,385.8,0.0232079569250345
1057,386.9,0.195952892303467
1058,387.1,0.661140978336334
1059,387.2,0.32982736825943
1060,387.9,0.0184063110500574
1061,388.1,0.0172630622982979
1062,388.8,0.0192065853625536
1063,389.0,0.0189779344946146
1064,389.2,0.0355550460517406
1065,394.0,0.0172630622982979
1066,396.1,0.0176060367375612
1067,398.4,0.028352577239275
1068,398.9,0.259517550468445
1069,399.2,0.447353392839432
1070,399.3,0.0213787592947483
1071,399.9,0.0405853427946568
1072,400.4,0.037155594676733
1073,400.7,0.037155594676733
1074,400.9,2.73728132247925
1075,401.1,14.98708152771
1076,401.2,5.40756845474243
1077,401.4,0.0572767816483974
1078,401.6,0.0573911070823669
1079,401.9,0.424031108617783
1080,402.1,1.48290836811066
1081,402.2,0.885446429252625
1082,402.4,0.0181776601821184
1083,402.6,0.0361266732215881
1084,402.8,0.0234366059303284
1085,403.0,0.657139599323273
1086,403.1,1.07579743862152
1087,403.3,0.0929461494088173
1088,403.5,0.0200068596750498
1089,404.0,0.0178346857428551
1090,404.2,0.0571624562144279
1091,404.9,0.0404710173606873
1092,405.1,1.56282150745392
1093,405.2,1.77443695068359
1094,405.3,0.299531280994415
1095,406.0,0.0706527978181839
1096,406.2,0.693266272544861
1097,406.3,0.398879617452621
1098,406.9,0.0238939058035612
1099,407.1,0.221561685204506
1100,407.4,0.0605922043323517
1101,408.2,0.0181776601821184
1102,411.8,0.0202355086803436
1103,413.1,0.020807133987546
1104,414.7,0.0759117379784584
1105,414.9,1.37247061729431
1106,415.1,12.2280778884888
1107,415.2,13.0970621109009
1108,415.4,0.473991096019745
1109,415.7,0.0360123477876186
1110,415.9,0.448725283145905
1111,416.1,2.26180410385132
1112,416.2,2.16691446304321
1113,416.4,0.139019086956978
1114,416.6,0.0171487368643284
1115,416.9,0.419343769550323
1116,417.0,0.651080369949341
1117,417.2,2.7137303352356
1118,417.3,0.67223048210144
1119,418.1,0.12598605453968
1120,418.2,0.0187492854893208
1121,418.5,0.0370412729680538
1122,419.0,0.0927175059914589
1123,419.2,0.27072137594223
1124,419.3,0.164856523275375
1125,420.0,0.0177203621715307
1126,420.8,0.0174917113035917
1127,423.1,0.0171487368643284
1128,425.3,0.0180633366107941
1129,426.5,0.0172630622982979
1130,428.8,0.191722869873047
1131,429.0,4.93369150161743
1132,429.2,22.6842346191406
1133,429.3,5.93346309661865
1134,429.5,0.0769406631588936
1135,429.8,0.0954613015055656
1136,430.0,1.56705152988434
1137,430.2,5.19606733322144
1138,430.3,1.20315539836884
1139,430.4,0.262032687664032
1140,430.7,0.0644792467355728
1141,430.9,0.317823261022568
1142,431.0,0.959300339221954
1143,431.2,3.53149652481079
1144,431.3,1.21950387954712
1145,431.5,0.0179490111768246
1146,432.0,0.0548759587109089
1147,432.1,0.115239508450031
1148,432.3,0.0595632791519165
1149,432.9,0.115925461053848
1150,433.1,0.73773866891861
1151,433.2,1.01371896266937
1152,433.4,0.24156853556633
1153,434.3,0.0568194799125195
1154,437.4,0.0181776601821184
1155,445.1,0.0408139936625957
1156,447.2,0.0405853427946568
1157,448.4,0.0192065853625536
1158,449.3,0.0179490111768246
1159,452.3,0.0195495598018169
1160,452.5,0.0173773858696222
1161,453.2,0.0171487368643284
1162,457.4,0.0173773858696222
1163,457.8,0.0187492854893208
1164,459.2,0.0361266732215881
1165,460.7,0.0372699201107025
1166,460.9,0.117068707942963
1167,461.1,1.12369954586029
1168,461.2,0.363095909357071
1169,461.6,0.0171487368643284
1170,461.9,0.0171487368643284
1171,462.2,0.05670515447855
1172,462.4,0.0381845198571682
1173,463.1,0.0344117991626263
1174,465.2,0.0384131707251072
1175,467.1,0.0195495598018169
1176,474.2,0.0211501084268093
1177,474.4,0.0201211851090193
1178,474.9,0.334286034107208
1179,475.1,2.75957465171814
1180,475.2,2.14953708648682
1181,475.5,0.146793186664581
1182,476.0,0.110895164310932
1183,476.2,0.36961242556572
1184,476.3,0.148050755262375
1185,477.0,0.125185772776604
1186,477.3,0.0800274387001991
1187,478.2,0.0171487368643284
1188,479.1,0.0650508776307106
1189,479.3,0.0994626730680466
1190,479.4,0.0414999425411224
1191,481.9,0.0203498341143131
1192,485.8,0.020807133987546
1193,488.8,0.034869097173214
1194,489.0,1.05670511722565
1195,489.2,3.86875510215759
1196,489.3,2.57905578613281
1197,489.5,0.0597919300198555
1198,489.9,0.0418429188430309
1199,490.1,0.405281811952591
1200,490.2,0.600205779075623
1201,491.0,0.160512179136276
1202,491.1,0.362295657396317
1203,491.3,0.148965358734131
1204,492.2,0.0210357829928398
1205,493.0,0.0385274961590767
1206,493.2,0.0581913813948631
1207,497.3,0.0209214594215155
1208,501.2,0.0189779344946146
1209,502.9,0.120384134352207
1210,503.0,0.133074194192886
1211,503.2,0.811363875865936
1212,503.3,0.393277704715729
1213,503.7,0.0192065853625536
1214,504.1,0.0762547180056572
1215,504.3,0.0174917113035917
1216,504.5,0.0358980223536491
1217,505.0,0.0565908327698708
1218,505.2,0.0563621819019318
1219,505.3,0.0194352343678474
1220,506.2,0.0171487368643284
1221,507.1,0.107922717928886
1222,507.3,0.129758775234222
1223,509.2,0.0204641595482826
1224,514.4,0.0222933571785688
1225,518.2,0.0184063110500574
1226,519.2,0.0176060367375612
1227,521.2,0.0171487368643284
1228,524.6,0.0189779344946146
1229,525.1,0.0180633366107941
1230,535.0,0.156167834997177
1231,535.2,0.221333026885986
1232,535.3,0.0182919856160879
1233,535.8,0.0187492854893208
1234,536.2,0.0196638852357864
1235,537.2,0.0172630622982979
1236,537.4,0.0181776601821184
1237,537.7,0.0190922599285841
1238,538.3,0.0172630622982979
1239,538.7,0.0172630622982979
1240,549.0,0.115696810185909
1241,549.2,0.429861664772034
1242,549.3,0.397622048854828
