#"+ Scan (rt: 0.088-65.997 min, 11533 scans) 030321_MAG_1.D "
#Point,X(Thompsons),Y(Counts)
0,50.2,64.9093017578125
1,50.3,9.57547950744629
2,50.6,0.0143934795632958
3,50.8,0.21234717965126
4,51.0,14.7685775756836
5,51.2,88.8217315673828
6,51.3,14.4161968231201
7,51.5,0.0453481301665306
8,51.7,0.0347697921097279
9,51.8,0.0342495441436768
10,52.0,4.45651626586914
11,52.2,18.7722187042236
12,52.3,4.07569599151611
13,52.5,0.0460417941212654
14,52.7,0.0184687413275242
15,52.9,0.747940719127655
16,53.1,9.0321683883667
17,53.2,10.2265672683716
18,53.4,0.395647287368774
19,53.8,0.0318217277526855
20,53.9,0.469869077205658
21,54.1,26.0413589477539
22,54.2,38.5728759765625
23,54.4,0.560998857021332
24,54.6,0.0150871416553855
25,54.9,1.27182865142822
26,55.1,55.2748641967773
27,55.2,82.3822937011719
28,55.4,2.37986636161804
29,55.6,0.0199427735060453
30,55.9,0.637214958667755
31,56.1,25.4646663665771
32,56.2,42.1090774536133
33,56.4,2.06468391418457
34,56.6,0.04864302277565
35,56.9,0.592994034290314
36,57.1,41.6695556640625
37,57.2,109.384117126465
38,57.4,1.81340503692627
39,57.6,0.095812015235424
40,57.9,0.15416631102562
41,58.1,2.39694786071777
42,58.2,3.07821035385132
43,58.4,0.10084106773138
44,58.7,0.0152605567127466
45,58.9,1.05289173126221
46,59.1,24.3735370635986
47,59.2,23.97580909729
48,59.4,0.594468057155609
49,59.6,0.0143934795632958
50,59.9,0.28015261888504
51,60.1,1.93609642982483
52,60.2,1.34336256980896
53,60.4,0.077776812016964
54,60.7,0.0175149571150541
55,60.9,0.367727398872375
56,61.1,5.10890483856201
57,61.2,3.54053592681885
58,61.4,0.086881123483181
59,61.6,0.0131795713678002
60,61.8,0.01708141900599
61,62.0,0.245816349983215
62,62.1,0.397208005189896
63,62.3,0.130928635597229
64,62.5,0.013786525465548
65,62.9,0.440908700227737
66,63.1,7.56377363204956
67,63.2,6.31639623641968
68,63.4,0.235758259892464
69,63.7,0.0585277043282986
70,63.9,1.99453747272491
71,64.1,36.4911994934082
72,64.2,6.54279041290283
73,64.4,0.0728344768285751
74,64.6,0.0275730509310961
75,64.9,1.0855804681778
76,65.1,33.1835594177246
77,65.2,35.8118438720703
78,65.4,1.09173679351807
79,65.6,0.0406659133732319
80,65.9,0.407699644565582
81,66.1,4.18798208236694
82,66.2,3.01361322402954
83,66.4,0.137258306145668
84,66.8,0.141767099499702
85,67.0,4.51807832717896
86,67.2,17.1392517089844
87,67.3,5.12078380584717
88,67.5,0.0473424084484577
89,67.6,0.0404057912528515
90,67.9,0.264458507299423
91,68.1,1.26116359233856
92,68.2,1.45166039466858
93,68.4,0.11696869879961
94,68.8,0.126853376626968
95,69.0,7.65741777420044
96,69.1,18.6954822540283
97,69.2,33.6572456359863
98,69.4,1.44030177593231
99,69.6,0.0136131104081869
100,69.8,0.122604697942734
101,70.0,2.95543217658997
102,70.2,19.9773693084717
103,70.3,7.93644332885742
104,70.5,0.146709442138672
105,70.8,0.0300008673220873
106,71.0,5.46093797683716
107,71.2,93.412467956543
108,71.3,20.7296447753906
109,71.5,0.0592213645577431
110,71.9,0.245296105742455
111,72.1,1.3043440580368
112,72.2,1.71265065670013
113,72.4,0.204456776380539
114,72.6,0.042660191655159
115,72.8,0.119830049574375
116,73.0,18.3276691436768
117,73.2,1067.560546875
118,73.3,33.9903755187988
119,73.5,0.0492499768733978
120,73.7,0.0459550842642784
121,73.9,1.37700510025024
122,74.1,52.8271903991699
123,74.2,64.8033447265625
124,74.4,0.679788410663605
125,74.6,0.060261856764555
126,74.8,0.113240264356136
127,75.0,17.5329055786133
128,75.2,128.287872314453
129,75.3,11.9409523010254
130,75.5,0.0400589630007744
131,75.8,0.222145155072212
132,76.0,8.71429824829102
133,76.2,32.4103012084961
134,76.3,7.6698169708252
135,76.5,0.120697133243084
136,76.7,0.0981531292200089
137,76.9,3.05471253395081
138,77.1,174.830825805664
139,77.2,181.877227783203
140,77.4,1.33755314350128
141,77.5,0.092863954603672
142,77.8,0.225006505846977
143,78.0,26.4961414337158
144,78.2,260.163787841797
145,78.3,34.7818450927734
146,78.5,0.201248586177826
147,78.8,0.333998084068298
148,79.0,61.2275199890137
149,79.1,429.022796630859
150,79.3,10.4528741836548
151,79.8,0.14402149617672
152,80.0,5.67666673660278
153,80.2,13.273042678833
154,80.3,2.72591686248779
155,80.5,0.0712737366557121
156,80.8,0.440648585557938
157,81.0,67.0080642700195
158,81.1,314.444030761719
159,81.2,161.929763793945
160,81.4,0.259862989187241
161,81.6,0.0445677638053894
162,81.8,0.617185473442078
163,82.0,9.45746994018555
164,82.2,17.595682144165
165,82.3,4.45729637145996
166,82.5,0.206104218959808
167,82.7,0.0625162571668625
168,82.9,1.57591259479523
169,83.1,17.6964359283447
170,83.2,19.9201431274414
171,83.4,1.43570625782013
172,83.8,0.105263158679008
173,84.0,0.98881471157074
174,84.2,4.3848090171814
175,84.3,1.96184861660004
176,84.6,0.0925171226263046
177,84.8,1.00893092155457
178,85.0,45.7332000732422
179,85.1,127.458770751953
180,85.3,12.0501174926758
181,85.5,0.0349432080984116
182,85.7,0.0717072784900665
183,85.9,0.0574005022644997
184,86.1,0.230295673012733
185,86.2,0.201942250132561
186,86.4,0.0483829006552696
187,86.6,0.0285268351435661
188,86.8,0.269054025411606
189,87.0,8.74932765960693
190,87.1,16.6701641082764
191,87.3,3.94424700737
192,87.6,0.115668080747128
193,87.8,0.576085984706879
194,88.0,1.92699205875397
195,88.2,2.40024280548096
196,88.3,0.652302086353302
197,88.5,0.0731813088059425
198,88.7,0.169340148568153
199,88.9,5.57097005844116
200,89.1,34.6271553039551
201,89.2,20.785572052002
202,89.4,0.506026208400726
203,89.7,0.0563600100576878
204,89.9,0.305037707090378
205,90.1,0.52527529001236
206,90.2,0.12980143725872
207,90.3,0.192317694425583
208,90.5,0.017601665109396
209,90.7,0.0733547210693359
210,90.9,3.50368499755859
211,91.1,83.8649063110352
212,91.2,69.8649063110352
213,91.3,26.7922477722168
214,91.6,0.0651174858212471
215,91.8,0.0686725080013275
216,92.0,2.87566113471985
217,92.2,7.87574768066406
218,92.3,2.08081150054932
219,92.4,0.374317169189453
220,92.7,0.027139512822032
221,92.9,0.370502024888992
222,93.1,3.19873404502869
223,93.2,2.68802571296692
224,93.4,0.27356281876564
225,93.7,0.0554062239825726
226,93.9,0.821295440196991
227,94.1,7.53507328033447
228,94.2,7.81739377975464
229,94.4,0.371629238128662
230,94.6,0.0398855470120907
231,94.8,0.0897424817085266
232,95.0,2.50776028633118
233,95.2,11.5008239746094
234,95.3,5.19804048538208
235,95.5,0.227434322237968
236,95.8,0.601838231086731
237,96.0,73.7212371826172
238,96.2,410.205413818359
239,96.3,30.1872882843018
240,96.5,0.364432483911514
241,96.7,2.45131373405457
242,96.9,25.7236633300781
243,97.1,30.2290821075439
244,97.2,26.3876705169678
245,97.4,2.46301913261414
246,97.7,0.275296986103058
247,97.9,0.585103631019592
248,98.1,1.7776814699173
249,98.2,2.73346042633057
250,98.4,0.381080389022827
251,98.5,0.0440475158393383
252,98.8,0.0453481301665306
253,99.0,0.511662185192108
254,99.2,1.35177314281464
255,99.3,0.545651614665985
256,99.4,0.150524586439133
257,99.6,0.013092864304781
258,100.0,0.0285268351435661
259,100.2,0.0564467199146748
260,100.3,0.0135264024138451
261,100.6,0.0133529873564839
262,101.0,0.165698423981667
263,101.2,0.116535156965256
264,101.3,0.111159279942513
265,101.7,0.0131795713678002
266,101.9,0.247637212276459
267,102.1,1.49145925045013
268,102.2,0.798057734966278
269,102.4,0.0918234661221504
270,102.5,0.0593080706894398
271,102.8,1.01690804958344
272,103.0,37.1901512145996
273,103.1,78.8450546264648
274,103.3,4.93748378753662
275,103.4,0.395647287368774
276,103.7,0.137778550386429
277,103.9,3.84011101722717
278,104.1,45.5296974182129
279,104.2,35.2289085388184
280,104.4,1.29974853992462
281,104.7,0.177750796079636
282,104.9,4.28812980651855
283,105.1,175.424179077148
284,105.2,144.363739013672
285,105.4,1.00806379318237
286,105.8,0.0917367562651634
287,106.0,3.82008147239685
288,106.1,5.78904008865356
289,106.2,7.9408655166626
290,106.4,0.508887529373169
291,106.6,0.0428336076438427
292,106.9,0.569236099720001
293,107.1,3.78999400138855
294,107.2,2.446284532547
295,107.4,0.117228820919991
296,107.8,0.0672851800918579
297,108.1,0.141767099499702
298,108.2,0.249631494283676
299,108.5,0.13309633731842
300,108.7,0.0305211134254932
301,108.9,0.225700169801712
302,109.1,1.52250063419342
303,109.2,1.88537240028381
304,109.4,0.214341461658478
305,109.7,0.0297407433390617
306,109.9,0.148270174860954
307,110.1,0.423480451107025
308,110.2,0.492326378822327
309,110.4,0.0864475816488266
310,110.9,0.202202379703522
311,111.1,2.11488771438599
312,111.2,2.9135525226593
313,111.4,0.497615545988083
314,111.6,0.0132662793621421
315,111.9,0.400589615106583
316,112.0,1.19188416004181
317,112.2,3.00780367851257
318,112.3,0.79719066619873
319,112.6,0.0295673292130232
320,112.8,0.0414462834596634
321,113.0,0.100407525897026
322,113.2,0.773606181144714
323,113.3,0.357756018638611
324,113.7,0.0148270176723599
325,113.9,0.0708401948213577
326,114.2,0.0287002511322498
327,114.6,0.0543657317757607
328,114.8,0.476198732852936
329,115.0,22.1313629150391
330,115.1,52.5953369140625
331,115.3,5.15988922119141
332,115.5,0.0436139777302742
333,115.8,0.0136131104081869
334,116.0,0.45694962143898
335,116.2,1.14662277698517
336,116.3,0.145495533943176
337,116.4,0.0432671457529068
338,116.6,0.0130061563104391
339,116.8,0.213474377989769
340,117.0,9.5525016784668
341,117.2,25.0972862243652
342,117.3,3.23662543296814
343,117.5,0.0668516457080841
344,117.8,0.0863608792424202
345,118.0,3.41264200210571
346,118.2,6.58536386489868
347,118.3,1.75071537494659
348,118.5,0.128847658634186
349,118.7,0.205150440335274
350,118.9,6.38324785232544
351,119.1,100.369636535645
352,119.2,47.3144874572754
353,119.4,0.395907402038574
354,119.7,0.0697997063398361
355,119.9,0.80291336774826
356,120.0,1.14991760253906
357,120.2,3.96505689620972
358,120.3,1.03346920013428
359,120.5,0.0537587776780128
360,120.8,0.506979942321777
361,121.0,17.1063899993896
362,121.1,52.2216262817383
363,121.3,4.8675971031189
364,121.6,0.0456082560122013
365,121.8,0.38506892323494
366,122.0,17.8720188140869
367,122.2,49.8839836120605
368,122.3,6.69617605209351
369,122.5,0.0181219112128019
370,122.8,0.0561865940690041
371,123.0,1.37154257297516
372,123.2,2.87470746040344
373,123.3,0.825717508792877
374,123.5,0.0167345870286226
375,123.8,0.0159542188048363
376,124.0,0.0413595773279667
377,124.2,0.103442296385765
378,124.4,0.0135264024138451
379,124.7,0.0606953948736191
380,124.9,1.96809160709381
381,125.1,7.24980497360229
382,125.2,3.87826228141785
383,125.3,2.73545479774475
384,125.5,0.125812888145447
385,125.6,0.363391995429993
386,125.9,0.789907217025757
387,126.1,1.35619521141052
388,126.2,1.21217381954193
389,126.4,0.234717771410942
390,126.6,0.0444810539484024
391,126.8,0.094424694776535
392,127.0,0.645278751850128
393,127.2,1.19899415969849
394,127.3,0.330096244812012
395,127.4,0.118702851235867
396,127.6,0.0403190851211548
397,127.8,0.0291337892413139
398,128.0,1.21156680583954
399,128.2,3.30208969116211
400,128.3,1.05003035068512
401,128.5,0.0918234661221504
402,128.8,0.154859960079193
403,129.0,1.89265584945679
404,129.2,5.0851469039917
405,129.3,0.947801947593689
406,129.9,0.12598629295826
407,130.0,0.206364348530769
408,130.1,0.796323597431183
409,130.3,0.299054890871048
410,130.8,0.191190496087074
411,130.9,0.990548849105835
412,131.1,14.7697906494141
413,131.2,12.3709354400635
414,131.4,0.402237057685852
415,131.8,0.208878874778748
416,132.0,2.88147068023682
417,132.2,6.27867841720581
418,132.3,1.21399462223053
419,132.5,0.055839765816927
420,132.7,0.0468221642076969
421,132.9,4.8868465423584
422,133.1,355.689239501953
423,133.2,129.534729003906
424,133.4,0.272002071142197
425,133.7,0.118529438972473
426,133.9,8.1433277130127
427,134.1,34.4415168762207
428,134.2,18.8504295349121
429,134.4,0.692187607288361
430,134.6,0.0307812355458736
431,134.8,0.423740565776825
432,135.0,16.7126502990723
433,135.2,264.796051025391
434,135.3,13.0639038085938
435,135.5,0.0745686292648315
436,135.8,0.0677187219262123
437,136.0,7.47481155395508
438,136.1,13.9716463088989
439,136.2,18.4946670532227
440,136.4,0.894389986991882
441,136.6,0.121477499604225
442,136.9,4.08870220184326
443,137.1,65.1302337646484
444,137.2,33.6208267211914
445,137.4,0.185034245252609
446,137.6,0.0295673292130232
447,137.8,0.0292204972356558
448,138.0,0.979363560676575
449,138.1,1.54521811008453
450,138.3,0.493193447589874
451,138.5,0.014046648517251
452,138.7,0.042660191655159
453,138.9,1.95265758037567
454,139.1,13.9445934295654
455,139.2,9.66279411315918
456,139.4,0.240613892674446
457,139.8,0.0136131104081869
458,140.0,0.0835862308740616
459,140.1,0.261597156524658
460,140.3,0.0566201321780682
461,140.8,0.0723142251372337
462,141.0,0.722795426845551
463,141.2,1.77560043334961
464,141.3,0.55016040802002
465,141.5,0.0552328117191792
466,141.7,0.041186161339283
467,141.8,0.0163877569139004
468,142.0,0.559004604816437
469,142.2,1.03728425502777
470,142.3,0.692794561386108
471,142.5,0.0860140472650528
472,142.9,0.0691060423851013
473,143.1,0.738923072814941
474,143.2,0.668343007564545
475,143.4,0.0843665972352028
476,144.0,0.0433538556098938
477,144.2,0.0905228480696678
478,144.3,0.0619960129261017
479,144.6,0.0130061563104391
480,144.8,0.138472214341164
481,145.0,3.28630876541138
482,145.2,10.7549638748169
483,145.3,2.57313799858093
484,145.5,0.0551461018621922
485,145.9,0.224052712321281
486,146.1,0.703633069992065
487,146.2,0.541056096553802
488,146.8,1.62602961063385
489,147.0,32.979362487793
490,147.2,560.168029785156
491,147.3,9.4403018951416
492,147.5,0.0403190851211548
493,147.8,0.15139165520668
494,148.0,10.6508283615112
495,148.2,82.551025390625
496,148.3,10.941819190979
497,148.5,0.165091469883919
498,148.8,0.65065461397171
499,149.0,36.4073524475098
500,149.1,329.711273193359
501,149.3,5.74950122833252
502,149.5,0.0640769973397255
503,149.6,0.208792164921761
504,149.9,2.50316476821899
505,150.1,16.4153289794922
506,150.2,11.3078126907349
507,150.4,0.434318900108337
508,150.6,0.0432671457529068
509,150.8,0.332263946533203
510,151.0,11.0203762054443
511,151.2,36.2912521362305
512,151.3,4.48634338378906
513,151.5,0.0195092335343361
514,151.8,0.120350301265717
515,152.0,2.26679968833923
516,152.1,3.1090784072876
517,152.2,4.58441019058228
518,152.4,0.344142884016037
519,152.7,0.124512270092964
520,152.9,3.51235580444336
521,153.1,34.0662460327148
522,153.2,21.1315364837646
523,153.4,0.280239313840866
524,153.6,0.0278331749141216
525,153.8,0.187722191214561
526,154.0,1.93548941612244
527,154.2,8.83985042572021
528,154.3,1.6387757062912
529,154.5,0.210006073117256
530,154.8,0.778201699256897
531,155.0,13.8260641098022
532,155.1,29.0602626800537
533,155.3,4.08081150054932
534,155.6,0.0696262866258621
535,155.8,0.0408393293619156
536,156.0,1.25734853744507
537,156.2,8.70215892791748
538,156.3,1.02445161342621
539,156.5,0.0451747141778469
540,156.7,0.116448454558849
541,156.9,0.965577065944672
542,157.1,0.834821820259094
543,157.2,0.60860139131546
544,157.4,0.108558051288128
545,157.7,0.0328622199594975
546,157.9,0.34188848733902
547,158.1,1.889967918396
548,158.2,2.86118102073669
549,158.4,0.304864317178726
550,158.6,0.0444810539484024
551,158.8,0.252146005630493
552,159.0,1.2775514125824
553,159.2,2.27104830741882
554,159.3,0.562039375305176
555,159.8,0.013786525465548
556,160.0,0.0439608097076416
557,160.1,0.0293939132243395
558,160.3,0.0720541030168533
559,160.4,0.013092864304781
560,160.6,0.10248851031065
561,160.8,1.38385498523712
562,161.0,18.6125030517578
563,161.1,19.1083850860596
564,161.3,0.891355216503143
565,161.5,0.0714471489191055
566,161.7,0.0174282491207123
567,161.9,0.616665244102478
568,162.1,2.40284395217896
569,162.2,1.12598633766174
570,162.3,0.684904217720032
571,162.5,0.0657244399189949
572,162.8,2.46457982063293
573,163.0,54.9471092224121
574,163.1,68.1596298217773
575,163.3,2.15659403800964
576,163.5,0.0560998879373074
577,163.7,0.101621434092522
578,163.9,0.829272508621216
579,164.1,2.53628706932068
580,164.2,1.18538105487823
581,164.5,0.0811584144830704
582,164.7,0.152432158589363
583,164.9,6.35896968841553
584,165.1,35.5506820678711
585,165.2,15.485650062561
586,165.5,1.59576869010925
587,165.7,1.3070319890976
588,165.9,6.79311561584473
589,166.1,55.3657341003418
590,166.2,29.9251708984375
591,166.4,0.332784175872803
592,166.7,0.121824331581593
593,166.9,0.713691174983978
594,167.1,3.9140727519989
595,167.2,2.06321001052856
596,167.4,0.0863608792424202
597,167.8,0.0431804396212101
598,168.1,0.157981440424919
599,168.3,0.088355153799057
600,168.6,0.0142200645059347
601,168.8,0.0470822863280773
602,169.1,0.10630364716053
603,169.2,0.0833261087536812
604,169.3,0.0582675784826279
605,169.7,0.014046648517251
606,169.9,0.0420532375574112
607,170.1,0.085320383310318
608,170.3,0.124859102070332
609,170.6,0.0287869591265917
610,170.8,0.032688807696104
611,171.0,0.0537587776780128
612,171.2,0.102661930024624
613,171.4,0.0318217277526855
614,172.1,0.0418798215687275
615,172.3,0.0400589630007744
616,172.4,0.0157808028161526
617,172.7,0.0139599414542317
618,172.9,0.153906181454659
619,173.1,0.67805427312851
620,173.2,0.615624725818634
621,173.5,0.0789907202124596
622,173.6,0.014566894620657
623,173.7,0.0309546515345573
624,174.0,0.0131795713678002
625,174.2,0.0897424817085266
626,174.7,0.0273996349424124
627,174.9,0.208878874778748
628,175.1,1.04656207561493
629,175.2,0.931414186954498
630,175.4,0.0131795713678002
631,175.7,0.136391222476959
632,175.9,3.15468645095825
633,176.1,13.9131193161011
634,176.2,5.74334526062012
635,176.4,0.252059310674667
636,176.6,0.0519379191100597
637,176.8,1.31388187408447
638,177.0,77.0094528198242
639,177.1,138.663146972656
640,177.3,1.47524499893188
641,177.5,0.0281800050288439
642,177.8,0.554669201374054
643,178.0,13.3992023468018
644,178.1,20.1737613677979
645,178.3,2.12147760391235
646,178.5,0.0998872816562653
647,178.7,0.276510894298553
648,178.9,6.43535947799683
649,179.1,44.5870094299316
650,179.2,17.3620052337646
651,179.4,0.0721408128738403
652,179.9,0.23393739759922
653,180.1,1.68915283679962
654,180.2,0.949796259403229
655,180.3,0.458943903446198
656,180.5,0.0595681965351105
657,180.8,0.121217377483845
658,181.0,2.1679527759552
659,181.1,4.22925519943237
660,181.3,0.588225066661835
661,181.9,0.0584409944713116
662,182.1,0.111419402062893
663,182.2,0.101794846355915
664,182.8,0.0300008673220873
665,183.0,0.131535589694977
666,183.2,0.267753392457962
667,183.4,0.060261856764555
668,184.2,0.0133529873564839
669,184.7,0.014306771568954
670,184.9,0.0537587776780128
671,185.0,0.0150871416553855
672,185.2,0.111072577536106
673,185.3,0.0153472647070885
674,185.5,0.028093297034502
675,185.8,0.0130061563104391
676,186.0,0.0289603751152754
677,186.2,0.0725743547081947
678,186.5,0.0308679435402155
679,186.8,0.0570536702871323
680,187.1,0.267926812171936
681,187.3,0.274343192577362
682,187.7,0.053151823580265
683,187.9,0.0201161876320839
684,188.3,0.0410127453505993
685,188.8,0.205063730478287
686,189.0,4.28405427932739
687,189.1,8.29445934295654
688,189.3,0.885372400283813
689,189.8,0.0538454875349998
690,190.0,0.351166218519211
691,190.1,0.220931246876717
692,190.2,0.53047776222229
693,190.4,0.0300008673220873
694,190.6,0.044134221971035
695,190.8,0.518078565597534
696,191.0,95.8566741943359
697,191.1,540.252563476563
698,191.3,1.12165093421936
699,191.7,0.013092864304781
700,191.9,8.24954509735107
701,192.1,94.2354965209961
702,192.2,45.8205146789551
703,192.4,0.710916519165039
704,192.7,0.15061129629612
705,192.9,8.75218963623047
706,193.1,417.081085205078
707,193.2,175.936096191406
708,193.4,0.126419842243195
709,193.8,0.337899953126907
710,194.0,20.6966094970703
711,194.1,71.5566635131836
712,194.3,3.92985343933105
713,194.5,0.0277464669197798
714,194.7,0.108297929167747
715,194.9,3.59013271331787
716,195.1,42.8896217346191
717,195.2,23.7634620666504
718,195.4,0.131969138979912
719,195.6,0.0253186505287886
720,195.9,0.294806212186813
721,196.1,1.42660188674927
722,196.3,0.822162508964539
723,196.4,0.0723142251372337
724,196.9,1.29870808124542
725,197.1,9.79901123046875
726,197.2,7.170814037323
727,197.4,0.0691927522420883
728,197.7,0.0173415411263704
729,197.9,0.0893956497311592
730,198.1,0.634266912937164
731,198.2,0.437180250883102
732,198.4,0.0269660968333483
733,198.9,0.0274863429367542
734,199.0,0.0207231417298317
735,199.2,0.0589612424373627
736,199.4,0.0600017346441746
737,199.7,0.0135264024138451
738,199.9,0.0306078214198351
739,200.1,0.23610508441925
740,200.2,0.0264458507299423
741,200.4,0.130495101213455
742,200.6,0.0139599414542317
743,201.1,0.0886152759194374
744,201.9,0.0340761281549931
745,202.1,0.0742217972874641
746,202.3,0.0727477669715881
747,202.4,0.0494233928620815
748,202.6,0.118009194731712
749,202.9,1.43865430355072
750,203.1,12.1747159957886
751,203.2,8.43059062957764
752,203.4,0.23532472550869
753,203.7,0.0417931154370308
754,204.0,0.217723056674004
755,204.2,0.201682135462761
756,204.4,0.0789907202124596
757,204.8,0.446457982063293
758,205.0,11.504638671875
759,205.1,17.87548828125
760,205.2,15.6004505157471
761,205.4,0.238099366426468
762,205.7,0.0278331749141216
763,205.8,0.188502565026283
764,206.0,2.14801001548767
765,206.1,0.952570855617523
766,206.4,0.0429203137755394
767,206.8,0.239833518862724
768,207.0,23.8640422821045
769,207.1,6383.89794921875
770,207.3,5.53923511505127
771,207.6,0.0148270176723599
772,207.8,0.122951529920101
773,208.0,20.6066932678223
774,208.1,1327.16955566406
775,208.3,3.13717150688171
776,208.6,0.0283534210175276
777,208.8,0.279892474412918
778,209.0,33.5544967651367
779,209.1,846.400939941406
780,209.3,3.53923535346985
781,209.8,0.344403028488159
782,210.0,26.117488861084
783,210.1,91.22119140625
784,210.3,6.81964778900146
785,210.4,0.514003276824951
786,210.8,0.545218050479889
787,211.0,28.313362121582
788,211.1,162.021072387695
789,211.3,5.73866319656372
790,211.5,0.0674585998058319
791,211.9,1.09546518325806
792,212.1,11.3545475006104
793,212.2,8.67883491516113
794,212.4,0.309806644916534
795,212.6,0.0139599414542317
796,212.8,0.278505146503448
797,212.9,2.28466129302979
798,213.1,40.4820098876953
799,213.2,29.6102485656738
800,213.4,0.233677268028259
801,213.7,0.044134221971035
802,213.8,0.0554062239825726
803,214.0,0.702505826950073
804,214.2,1.40926039218903
805,214.3,0.555969834327698
806,214.5,0.0131795713678002
807,214.7,0.0725743547081947
808,214.9,2.63478708267212
809,215.1,19.1018810272217
810,215.2,13.2807598114014
811,215.4,0.220671117305756
812,215.6,0.0269660968333483
813,215.8,0.026619266718626
814,215.9,0.0574872121214867
815,216.1,0.307205408811569
816,216.3,0.242261335253716
817,216.9,0.0671117678284645
818,217.1,0.214428156614304
819,217.2,0.128847658634186
820,217.4,0.0409260392189026
821,217.7,0.0136131104081869
822,217.9,0.077776812016964
823,218.1,0.0290470831096172
824,218.3,0.0995404496788979
825,218.5,0.0131795713678002
826,218.9,0.269747674465179
827,219.1,1.70814180374146
828,219.2,1.00242781639099
829,219.4,0.014566894620657
830,220.0,0.349085241556168
831,220.2,0.569409549236298
832,220.3,0.15962889790535
833,220.6,0.0288736671209335
834,220.8,0.135264024138451
835,221.0,6.30156946182251
836,221.2,396.739959716797
837,221.3,17.1815662384033
838,221.5,0.0428336076438427
839,221.9,0.820081532001495
840,222.1,39.2417411804199
841,222.2,54.3529014587402
842,222.4,0.680221974849701
843,222.6,0.0236712042242289
844,222.8,0.167866125702858
845,223.0,11.5616054534912
846,223.2,76.3418884277344
847,223.3,7.37136888504028
848,223.6,0.0343362540006638
849,223.8,0.0161276329308748
850,224.0,1.70554065704346
851,224.1,4.86360883712769
852,224.3,1.07474207878113
853,224.4,0.293418884277344
854,224.8,0.154079601168633
855,225.0,12.0890483856201
856,225.1,111.407524108887
857,225.2,111.510444641113
858,225.4,0.178531169891357
859,225.9,1.97390103340149
860,226.1,25.4071788787842
861,226.2,20.3196907043457
862,226.4,0.256221264600754
863,226.6,0.0835862308740616
864,226.9,2.6375617980957
865,227.1,23.4267749786377
866,227.2,15.9600276947021
867,227.4,0.162750363349915
868,227.9,0.0711003243923187
869,228.1,0.681349158287048
870,228.2,0.274603307247162
871,228.3,0.265325576066971
872,228.9,0.134483650326729
873,229.1,1.19856059551239
874,229.2,1.03277552127838
875,229.4,0.0270528048276901
876,229.9,0.0856672152876854
877,230.1,0.269140720367432
878,230.2,0.252492845058441
879,230.3,0.103095464408398
880,230.5,0.0176883731037378
881,231.0,0.131362184882164
882,231.1,0.139599412679672
883,231.3,0.0267059747129679
884,231.9,0.0133529873564839
885,232.2,0.032688807696104
886,232.5,0.0279198829084635
887,232.6,0.0131795713678002
888,232.8,0.047168992459774
889,233.0,0.15468655526638
890,233.2,0.240700602531433
891,233.3,0.0858406275510788
892,233.7,0.0136131104081869
893,234.0,0.0537587776780128
894,234.3,0.0281800050288439
895,234.6,0.0131795713678002
896,234.8,0.116448454558849
897,235.0,2.04734230041504
898,235.1,2.57131719589233
899,235.3,0.236018389463425
900,235.6,0.0147403106093407
901,235.9,0.0564467199146748
902,236.1,0.133269742131233
903,236.2,0.109425127506256
904,236.7,0.0587011203169823
905,236.9,0.76736319065094
906,237.1,2.79016733169556
907,237.2,1.97043263912201
908,237.4,0.218590125441551
909,237.7,0.0585277043282986
910,237.9,0.17436920106411
911,238.0,0.0893089398741722
912,238.1,0.166131973266602
913,238.3,0.0844533070921898
914,238.8,0.0862741693854332
915,239.0,1.01838207244873
916,239.1,2.32454705238342
917,239.3,0.0781236439943314
918,239.6,0.0135264024138451
919,239.8,0.0153472647070885
920,240.0,0.286829113960266
921,240.1,0.345009982585907
922,240.3,0.0313014835119247
923,240.9,0.142634183168411
924,241.1,0.257001638412476
925,241.3,0.0303476974368095
926,242.0,0.0709269046783447
927,242.1,0.0299141593277454
928,242.3,0.0404057912528515
929,242.4,0.0321685597300529
930,242.8,0.0132662793621421
931,243.1,0.0784704759716988
932,243.3,0.142981007695198
933,243.5,0.0275730509310961
934,244.1,0.0132662793621421
935,244.3,0.0288736671209335
936,244.6,0.0276597589254379
937,244.8,0.0613023489713669
938,245.1,0.0131795713678002
939,245.5,0.013092864304781
940,245.9,0.0136998174712062
941,246.2,0.0139599414542317
942,246.4,0.0285268351435661
943,247.1,0.0407526232302189
944,247.9,0.0584409944713116
945,248.1,0.0275730509310961
946,248.4,0.0150004336610436
947,248.8,1.13214254379272
948,249.0,40.9851722717285
949,249.1,64.4210510253906
950,249.3,0.423046916723251
951,249.7,0.0269660968333483
952,249.9,2.84722113609314
953,250.1,10.5044651031494
954,250.2,3.89690446853638
955,250.4,0.172808468341827
956,250.7,0.163010492920876
957,250.9,6.55267477035522
958,251.1,62.4448089599609
959,251.2,16.1463623046875
960,251.4,0.0273129288107157
961,251.6,0.0151738487184048
962,251.8,0.35853636264801
963,252.0,4.73623514175415
964,252.1,7.51573753356934
965,252.3,0.973033905029297
966,252.5,0.144801869988441
967,252.8,0.949796259403229
968,253.0,21.9792766571045
969,253.1,96.3189086914063
970,253.2,20.3503856658936
971,253.4,0.118182606995106
972,253.7,0.0149137256667018
973,253.9,0.601317942142487
974,254.1,20.5451316833496
975,254.2,1.971559882164
976,254.4,0.044220931828022
977,254.6,0.0294806212186813
978,254.8,0.172548338770866
979,255.0,2.99609804153442
980,255.1,13.8721923828125
981,255.3,0.489465028047562
982,255.5,0.0136131104081869
983,256.0,0.417931139469147
984,256.1,1.28648221492767
985,256.3,0.092863954603672
986,257.0,0.297754257917404
987,257.2,0.897945046424866
988,257.3,0.0641637071967125
989,258.0,0.0310413595288992
990,258.2,0.0431804396212101
991,258.5,0.0131795713678002
992,259.1,0.013786525465548
993,259.3,0.0293072052299976
994,260.0,0.0141333565115929
995,260.3,0.0560998879373074
996,261.2,0.0135264024138451
997,262.4,0.0338160060346127
998,263.0,0.162403538823128
999,263.2,0.119569927453995
1000,263.4,0.0538454875349998
1001,263.8,0.0149137256667018
1002,264.2,0.060348566621542
1003,264.7,0.0976328775286674
1004,264.9,3.6952223777771
1005,265.0,26.3158760070801
1006,265.1,109.572792053223
1007,265.3,1.6099020242691
1008,265.6,0.0430937297642231
1009,265.7,0.0353767462074757
1010,265.9,2.60131788253784
1011,266.1,18.1515655517578
1012,266.2,9.83300113677979
1013,266.4,0.165178179740906
1014,266.7,0.12026359140873
1015,266.9,7.05341196060181
1016,267.1,277.215454101563
1017,267.2,60.071361541748
1018,267.4,0.107604265213013
1019,267.7,0.0347697921097279
1020,267.8,0.502211034297943
1021,268.0,24.1205234527588
1022,268.1,57.5570106506348
1023,268.3,2.27503681182861
1024,268.6,0.0329489298164845
1025,268.7,0.0180352032184601
1026,268.9,4.28639554977417
1027,269.1,64.2889099121094
1028,269.2,39.2971458435059
1029,269.4,0.0445677638053894
1030,269.6,0.0148270176723599
1031,269.8,0.340327769517899
1032,270.0,3.32671475410461
1033,270.2,7.23107624053955
1034,270.3,1.53125810623169
1035,270.5,0.0728344768285751
1036,270.7,0.0464753322303295
1037,270.9,2.66036581993103
1038,271.0,6.40960741043091
1039,271.1,16.8611812591553
1040,271.3,1.94077861309052
1041,271.8,0.0313014835119247
1042,272.0,0.14731639623642
1043,272.2,0.332350641489029
1044,272.4,0.0267059747129679
1045,272.7,0.0269660968333483
1046,273.0,0.169947102665901
1047,273.1,0.204630196094513
1048,273.2,0.185120955109596
1049,273.4,0.0133529873564839
1050,273.6,0.0142200645059347
1051,273.9,0.0270528048276901
1052,274.0,0.0988467857241631
1053,274.3,0.158761814236641
1054,274.4,0.0701465383172035
1055,274.6,0.01708141900599
1056,274.9,0.0277464669197798
1057,275.0,0.0130061563104391
1058,275.2,0.0593947805464268
1059,276.3,0.0135264024138451
1060,276.5,0.0291337892413139
1061,276.9,0.0260990206152201
1062,277.2,0.0595681965351105
1063,277.3,0.0446544699370861
1064,278.2,0.0292204972356558
1065,278.4,0.0146536026149988
1066,278.8,0.146622732281685
1067,279.0,2.64233064651489
1068,279.2,6.85840654373169
1069,279.3,1.5824156999588
1070,279.6,0.0150004336610436
1071,279.9,0.164918065071106
1072,280.1,0.743865430355072
1073,280.2,0.164137691259384
1074,280.7,0.0611289329826832
1075,280.9,5.17402219772339
1076,281.1,1000.42822265625
1077,281.2,1123.05493164063
1078,281.4,0.369808375835419
1079,281.6,0.0144801875576377
1080,281.8,0.523454427719116
1081,282.0,23.126766204834
1082,282.2,558.791015625
1083,282.3,9.85528469085693
1084,282.5,0.0419665314257145
1085,282.7,0.0284401290118694
1086,282.8,0.268707185983658
1087,283.0,20.8006591796875
1088,283.2,449.621520996094
1089,283.3,7.89543056488037
1090,283.8,0.121477499604225
1091,284.0,13.8443593978882
1092,284.2,76.6801376342773
1093,284.3,8.92508411407471
1094,284.5,0.130928635597229
1095,284.8,0.36512616276741
1096,285.0,22.4896392822266
1097,285.1,107.938697814941
1098,285.3,5.09607219696045
1099,285.6,0.0630365014076233
1100,285.8,0.234284222126007
1101,286.0,5.44090890884399
1102,286.2,13.8716726303101
1103,286.3,2.26567244529724
1104,286.4,0.241134136915207
1105,286.7,0.111419402062893
1106,286.9,2.17514967918396
1107,287.1,19.1997737884521
1108,287.2,16.8208618164063
1109,287.4,0.365473002195358
1110,287.8,0.013786525465548
1111,288.0,0.413942605257034
1112,288.2,0.512876093387604
1113,288.3,0.189282923936844
1114,288.7,0.0279198829084635
1115,288.9,0.830139577388763
1116,289.1,2.97632884979248
1117,289.2,1.8336079120636
1118,289.4,0.0553195178508759
1119,289.6,0.0130061563104391
1120,289.9,0.0136131104081869
1121,290.1,0.0604352727532387
1122,290.3,0.0292204972356558
1123,290.9,0.0133529873564839
1124,291.1,0.0130061563104391
1125,292.5,0.0149137256667018
1126,292.9,0.164571225643158
1127,293.0,0.257955431938171
1128,293.2,0.666782259941101
1129,293.3,0.22301222383976
1130,294.1,0.0131795713678002
1131,294.4,0.0324286818504333
1132,294.8,0.266192674636841
1133,294.9,0.937483727931976
1134,295.1,30.7866992950439
1135,295.2,48.1513900756836
1136,295.4,0.678140997886658
1137,295.8,0.106910601258278
1138,296.0,3.22882175445557
1139,296.2,12.9449405670166
1140,296.3,4.46796131134033
1141,296.5,0.147142976522446
1142,296.7,0.118269316852093
1143,296.9,1.31735026836395
1144,297.1,11.7233152389526
1145,297.2,10.8003120422363
1146,297.4,0.502817988395691
1147,297.6,0.0156940948218107
1148,298.0,0.136304512619972
1149,298.2,0.292898625135422
1150,298.3,0.270701467990875
1151,298.5,0.0174282491207123
1152,298.7,0.0281800050288439
1153,298.9,1.38454866409302
1154,299.1,65.2473754882813
1155,299.2,71.366943359375
1156,299.4,0.121737621724606
1157,299.8,0.11176623404026
1158,300.0,7.10205507278442
1159,300.2,22.290210723877
1160,300.3,4.40527200698853
1161,300.5,0.0285268351435661
1162,300.8,0.259602874517441
1163,301.0,4.44420337677002
1164,301.2,13.3020896911621
1165,301.3,2.58935236930847
1166,301.5,0.0547125637531281
1167,302.0,0.12243128567934
1168,302.2,0.212867423892021
1169,302.4,0.0291337892413139
1170,303.0,0.0567068420350552
1171,303.2,0.162750363349915
1172,303.4,0.041186161339283
1173,304.1,0.0161276329308748
1174,305.1,0.0132662793621421
1175,306.5,0.0131795713678002
1176,307.1,0.0131795713678002
1177,308.3,0.0291337892413139
1178,309.0,0.0451747141778469
1179,309.2,0.0877481997013092
1180,309.6,0.0143934795632958
1181,310.0,0.0142200645059347
1182,310.3,0.0133529873564839
1183,310.8,0.134657070040703
1184,311.0,1.55432236194611
1185,311.2,2.46301913261414
1186,311.3,0.438307464122772
1187,311.4,0.0684990882873535
1188,311.8,0.0918234661221504
1189,311.9,0.16040925681591
1190,312.1,0.253620058298111
1191,312.3,0.0755224153399467
1192,312.8,0.149657502770424
1193,313.0,1.31761038303375
1194,313.1,3.06988644599915
1195,313.3,0.402497172355652
1196,313.5,0.0138732334598899
1197,313.7,0.0134396944195032
1198,314.0,0.0579207502305508
1199,314.1,0.158675104379654
1200,314.3,0.0262724347412586
1201,314.9,0.0942512825131416
1202,315.1,3.29922819137573
1203,315.2,1.51278936862946
1204,315.8,0.0293939132243395
1205,316.0,0.3891441822052
1206,316.1,0.650307834148407
1207,316.3,0.128674238920212
1208,316.6,0.0269660968333483
1209,316.8,0.0168212950229645
1210,317.0,0.0404925011098385
1211,317.2,0.206537768244743
1212,317.3,0.0349432080984116
1213,318.4,0.0261857286095619
1214,319.5,0.014046648517251
1215,322.7,0.0283534210175276
1216,322.9,0.350299149751663
1217,323.1,1.43232464790344
1218,323.2,0.693401515483856
1219,323.5,0.0136131104081869
1220,323.8,0.014306771568954
1221,324.0,0.0563600100576878
1222,324.2,0.229081764817238
1223,324.3,0.026619266718626
1224,324.5,0.0415329933166504
1225,324.7,0.145322114229202
1226,324.9,6.99453735351563
1227,325.1,44.0410118103027
1228,325.2,15.3687677383423
1229,325.4,0.119396515190601
1230,325.7,0.11289343982935
1231,325.9,1.23558485507965
1232,326.1,5.62880420684814
1233,326.2,3.20636439323425
1234,326.4,0.147749930620193
1235,326.6,0.0264458507299423
1236,326.8,1.07222747802734
1237,327.0,44.8287506103516
1238,327.1,106.763893127441
1239,327.3,1.27408301830292
1240,327.7,0.160842806100845
1241,327.8,0.854070901870728
1242,328.0,14.0166482925415
1243,328.1,24.935230255127
1244,328.3,2.03598380088806
1245,328.5,0.0294806212186813
1246,328.7,0.204023241996765
1247,328.9,4.04864311218262
1248,329.1,17.8208618164063
1249,329.2,6.50932121276855
1250,329.4,0.0737882629036903
1251,329.6,0.0267059747129679
1252,329.9,0.0931240767240524
1253,330.1,0.536113739013672
1254,330.2,0.465793818235397
1255,330.4,0.0134396944195032
1256,330.8,0.0991069078445435
1257,331.0,0.815312564373016
1258,331.2,28.7885208129883
1259,331.3,0.435619533061981
1260,331.8,0.0149137256667018
1261,332.0,0.525535404682159
1262,332.2,8.30130958557129
1263,332.3,0.403364270925522
1264,332.5,0.0276597589254379
1265,333.0,0.40171679854393
1266,333.2,3.48530292510986
1267,333.3,0.37336340546608
1268,333.5,0.0160409267991781
1269,334.1,0.380213290452957
1270,334.2,0.196306258440018
1271,334.4,0.0147403106093407
1272,335.0,0.0289603751152754
1273,336.3,0.0189022812992334
1274,337.2,0.0147403106093407
1275,337.6,0.0135264024138451
1276,338.2,0.0135264024138451
1277,338.7,0.0697997063398361
1278,338.9,1.74057054519653
1279,339.1,10.6446714401245
1280,339.2,7.24373531341553
1281,339.4,0.287696182727814
1282,339.8,0.0403190851211548
1283,340.0,0.593427538871765
1284,340.2,1.00910425186157
1285,340.3,0.315962880849838
1286,340.6,0.0335558839142323
1287,340.7,0.0430937297642231
1288,340.9,5.0280065536499
1289,341.1,193.389572143555
1290,341.2,101.775688171387
1291,341.4,0.109945371747017
1292,341.6,0.0294806212186813
1293,341.9,3.67536640167236
1294,342.1,58.9133796691895
1295,342.2,33.4430770874023
1296,342.4,0.43319171667099
1297,342.6,0.0463886223733425
1298,342.8,0.591086447238922
1299,343.0,21.8651695251465
1300,343.1,68.8173904418945
1301,343.3,4.7730860710144
1302,343.5,0.0138732334598899
1303,343.8,0.183733627200127
1304,344.0,3.90765619277954
1305,344.2,8.80898284912109
1306,344.3,1.58770489692688
1307,344.5,0.0459550842642784
1308,344.7,0.12598629295826
1309,344.8,0.492846608161926
1310,345.0,8.45009994506836
1311,345.2,19.4512271881104
1312,345.3,3.07326793670654
1313,345.6,0.0298274513334036
1314,345.8,0.0163877569139004
1315,346.0,0.634613692760468
1316,346.2,13.930287361145
1317,346.3,0.795196413993835
1318,346.8,0.0267926827073097
1319,347.0,0.396340936422348
1320,347.2,4.09988737106323
1321,347.3,0.486863791942596
1322,347.7,0.0135264024138451
1323,348.0,0.249718204140663
1324,348.2,1.4440301656723
1325,348.3,0.262811064720154
1326,348.7,0.0143934795632958
1327,349.1,0.12243128567934
1328,349.3,0.0148270176723599
1329,349.9,0.0143934795632958
1330,351.2,0.014046648517251
1331,352.6,0.0276597589254379
1332,352.8,0.0135264024138451
1333,353.0,0.0977195873856544
1334,353.1,0.201335296034813
1335,353.3,0.0725743547081947
1336,354.0,0.0410127453505993
1337,354.2,0.030174283310771
1338,354.3,0.0554929338395596
1339,354.7,0.0738749653100967
1340,354.9,2.55622982978821
1341,355.1,179.902191162109
1342,355.2,338.639221191406
1343,355.4,0.685424447059631
1344,355.8,0.245296105742455
1345,356.0,14.4455909729004
1346,356.2,152.130142211914
1347,356.3,11.0772562026978
1348,356.4,0.502817988395691
1349,356.7,0.0467354543507099
1350,356.9,1.9439001083374
1351,357.1,62.0132675170898
1352,357.2,81.6424179077148
1353,357.4,0.26810023188591
1354,357.8,0.199427723884583
1355,358.0,7.08401966094971
1356,358.2,20.8496494293213
1357,358.3,6.16049575805664
1358,358.5,0.327061474323273
1359,358.8,0.464406490325928
1360,359.0,9.22413921356201
1361,359.2,48.7730865478516
1362,359.3,9.7767276763916
1363,359.5,0.0372843146324158
1364,359.6,0.0481227785348892
1365,359.9,0.411688208580017
1366,360.1,3.45755648612976
1367,360.2,4.96124172210693
1368,360.4,0.407959759235382
1369,360.7,0.0130061563104391
1370,360.9,0.295673280954361
1371,361.1,2.04560828208923
1372,361.2,2.37995314598083
1373,361.4,0.0862741693854332
1374,361.9,0.0423133634030819
1375,362.2,0.0593080706894398
1376,362.3,0.0142200645059347
1377,363.0,0.151478365063667
1378,363.1,0.266019254922867
1379,363.3,0.175322979688644
1380,364.1,0.0142200645059347
1381,364.3,0.0167345870286226
1382,365.2,0.0153472647070885
1383,366.5,0.014566894620657
1384,367.0,0.0860140472650528
1385,367.1,0.0159542188048363
1386,367.2,0.103789128363132
1387,367.4,0.0277464669197798
1388,367.6,0.0135264024138451
1389,367.9,0.0130061563104391
1390,368.5,0.0136131104081869
1391,368.7,0.058787826448679
1392,368.9,0.842365384101868
1393,369.1,8.95734024047852
1394,369.2,8.04569530487061
1395,369.3,5.06312322616577
1396,369.6,0.0932974964380264
1397,369.9,0.0821989104151726
1398,370.1,0.845746994018555
1399,370.2,0.993150115013123
1400,370.4,0.168386369943619
1401,370.6,0.0332090519368649
1402,370.9,0.401023149490356
1403,371.1,2.86941814422607
1404,371.2,1.9733806848526
1405,371.3,1.17471599578857
1406,371.5,0.0815919563174248
1407,371.9,0.0987600833177567
1408,372.2,0.13691146671772
1409,372.4,0.173415422439575
1410,372.5,0.0151738487184048
1411,372.7,0.0609555207192898
1412,372.8,0.308332622051239
1413,373.0,7.68559789657593
1414,373.1,14.0832395553589
1415,373.2,25.1320552825928
1416,373.4,1.13725829124451
1417,373.8,0.0739616751670837
1418,374.0,1.29402589797974
1419,374.2,3.38402843475342
1420,374.3,1.18824243545532
1421,374.5,0.10795109719038
1422,374.8,0.0611289329826832
1423,375.0,0.52250063419342
1424,375.2,1.51946592330933
1425,375.3,0.444897264242172
1426,375.6,0.0136131104081869
1427,376.2,0.0285268351435661
1428,376.3,0.013092864304781
1429,376.9,0.0133529873564839
1430,377.1,0.0540189035236835
1431,377.2,0.0681522563099861
1432,378.4,0.028093297034502
1433,378.8,0.0329489298164845
1434,380.5,0.0142200645059347
1435,381.2,0.0155206797644496
1436,382.8,0.0136131104081869
1437,383.0,0.126679956912994
1438,383.2,0.105436570942402
1439,383.4,0.0263591427356005
1440,383.7,0.013092864304781
1441,384.2,0.0463019162416458
1442,384.8,0.371455818414688
1443,385.0,2.333824634552
1444,385.1,3.62559604644775
1445,385.3,0.652995765209198
1446,385.7,0.0554062239825726
1447,385.8,0.013786525465548
1448,386.0,0.167172461748123
1449,386.1,0.187982305884361
1450,386.3,0.126679956912994
1451,386.6,0.0136131104081869
1452,386.8,0.522934198379517
1453,387.0,4.39625406265259
1454,387.1,8.00442218780518
1455,387.3,1.12173759937286
1456,387.5,0.0135264024138451
1457,387.9,0.106997311115265
1458,388.0,0.0768230259418488
1459,388.1,0.299921959638596
1460,388.3,0.0896557718515396
1461,388.4,0.0548859797418118
1462,389.0,0.548946499824524
1463,389.1,1.37865257263184
1464,389.3,0.106216944754124
1465,389.5,0.0148270176723599
1466,390.0,0.164050981402397
1467,390.1,0.223966017365456
1468,390.3,0.0415329933166504
1469,390.9,0.0171681270003319
1470,391.1,0.105609990656376
1471,391.3,0.0187288653105497
1472,391.7,0.0132662793621421
1473,391.9,0.0155206797644496
1474,392.1,0.0159542188048363
1475,392.6,0.0131795713678002
1476,393.0,0.0147403106093407
1477,393.3,0.0425734855234623
1478,395.7,0.014046648517251
1479,395.9,0.0171681270003319
1480,397.1,0.0290470831096172
1481,397.9,0.013092864304781
1482,398.6,0.0305211134254932
1483,398.8,0.488771349191666
1484,399.0,4.21312761306763
1485,399.1,7.06000185012817
1486,399.3,1.02133011817932
1487,399.5,0.0154339717701077
1488,399.7,0.0586144104599953
1489,400.0,0.345703631639481
1490,400.1,0.244255617260933
1491,400.2,0.538021326065063
1492,400.4,0.0601751506328583
1493,400.5,0.061735887080431
1494,400.8,1.26307117938995
1495,401.0,28.7601661682129
1496,401.1,68.4053573608398
1497,401.3,1.96462321281433
1498,401.7,0.185727909207344
1499,401.8,0.773259341716766
1500,402.0,10.3730163574219
1501,402.1,18.4008502960205
1502,402.3,2.27191543579102
1503,402.5,0.0675453022122383
1504,402.7,0.281193107366562
1505,402.9,3.13118886947632
1506,403.1,14.5548429489136
1507,403.2,6.27044153213501
1508,403.4,0.165958553552628
1509,403.8,0.0130061563104391
1510,404.0,0.247550502419472
1511,404.1,0.577299892902374
1512,404.3,0.12026359140873
1513,404.8,0.0314748995006084
1514,405.0,0.527182877063751
1515,405.2,18.9889011383057
1516,405.3,0.559698283672333
1517,405.5,0.0165611729025841
1518,405.8,0.0371976085007191
1519,406.0,0.192230984568596
1520,406.2,6.38446187973022
1521,406.3,0.71360445022583
1522,406.8,0.014046648517251
1523,407.0,0.189196214079857
1524,407.2,3.15503334999084
1525,407.3,0.424434244632721
1526,408.0,0.0923437103629112
1527,408.2,0.67527961730957
1528,408.3,0.085407093167305
1529,408.8,0.0144801875576377
1530,409.1,0.0489898547530174
1531,409.2,0.0391918830573559
1532,410.5,0.014306771568954
1533,412.9,0.0715338587760925
1534,413.0,0.013786525465548
1535,413.2,0.283187389373779
1536,413.3,0.0917367562651634
1537,414.0,0.0297407433390617
1538,414.2,0.0131795713678002
1539,414.4,0.0131795713678002
1540,414.6,0.0146536026149988
1541,414.8,0.272955864667892
1542,415.0,13.3078126907349
1543,415.2,94.7361450195313
1544,415.3,10.5827627182007
1545,415.5,0.0466487482190132
1546,415.7,0.0634700432419777
1547,415.9,2.8871066570282
1548,416.1,19.9904613494873
1549,416.2,22.0768222808838
1550,416.4,1.05297839641571
1551,416.7,0.180785566568375
1552,416.9,2.23627853393555
1553,417.1,17.8824234008789
1554,417.2,19.6577644348145
1555,417.4,0.883204698562622
1556,417.7,0.030174283310771
1557,417.8,0.058787826448679
1558,418.0,0.754183650016785
1559,418.2,1.65984570980072
1560,418.3,0.702939391136169
1561,418.8,0.0576606243848801
1562,419.0,1.0264458656311
1563,419.2,2.71698594093323
1564,419.3,0.841324865818024
1565,419.5,0.0439608097076416
1566,419.8,0.0306078214198351
1567,420.1,0.101448021829128
1568,420.3,0.171421140432358
1569,420.4,0.0161276329308748
1570,420.8,0.0134396944195032
1571,421.0,0.0582675784826279
1572,421.2,0.180352032184601
1573,421.5,0.0160409267991781
1574,422.0,0.0150004336610436
1575,422.3,0.0528917014598846
1576,423.1,0.0155206797644496
1577,423.4,0.0151738487184048
1578,424.0,0.0309546515345573
1579,424.6,0.0132662793621421
1580,426.8,0.0153472647070885
1581,427.1,0.0405792072415352
1582,428.0,0.0134396944195032
1583,428.2,0.0138732334598899
1584,428.7,0.0562733039259911
1585,428.9,1.11610162258148
1586,429.0,8.51755809783936
1587,429.2,104.279808044434
1588,429.3,17.2446022033691
1589,429.5,0.0300875753164291
1590,429.8,0.155813753604889
1591,430.0,7.72452974319458
1592,430.2,36.3283615112305
1593,430.3,9.82944583892822
1594,430.5,0.189629763364792
1595,430.6,0.113673806190491
1596,430.9,1.73770916461945
1597,431.1,18.3483924865723
1598,431.2,17.8728866577148
1599,431.3,10.3239402770996
1600,431.5,0.0744819194078445
1601,431.7,0.0136998174712062
1602,431.9,0.267493277788162
1603,432.1,1.99661839008331
1604,432.2,1.31769704818726
1605,432.3,1.13014829158783
1606,432.5,0.047255702316761
1607,432.7,0.0273129288107157
1608,432.9,0.893089413642883
1609,433.1,8.03390312194824
1610,433.2,13.5089740753174
1611,433.4,1.1665655374527
1612,433.9,0.117749065160751
1613,434.1,0.686811745166779
1614,434.2,0.849562108516693
1615,434.4,0.199601143598557
1616,434.8,0.0448278859257698
1617,435.0,0.149397388100624
1618,435.2,0.325240612030029
1619,435.3,0.167692705988884
1620,435.5,0.0302609894424677
1621,436.0,0.0138732334598899
1622,437.3,0.0287002511322498
1623,439.1,0.0142200645059347
1624,441.1,0.0131795713678002
1625,443.1,0.0544524416327477
1626,443.7,0.0132662793621421
1627,444.8,0.014046648517251
1628,445.0,0.169513568282127
1629,445.2,0.207144722342491
1630,445.3,0.163097202777863
1631,445.8,0.0159542188048363
1632,446.1,0.0651174858212471
1633,446.3,0.0142200645059347
1634,446.9,0.0295673292130232
1635,447.1,0.176103353500366
1636,447.2,0.102661930024624
1637,447.3,0.122084453701973
1638,449.2,0.0278331749141216
1639,449.3,0.0136131104081869
1640,450.7,0.013092864304781
1641,451.0,0.0135264024138451
1642,451.3,0.013786525465548
1643,452.5,0.0131795713678002
1644,453.0,0.0149137256667018
1645,453.4,0.0138732334598899
1646,456.9,0.013092864304781
1647,458.6,0.0281800050288439
1648,458.8,0.0463019162416458
1649,459.0,0.396080821752548
1650,459.1,0.695655941963196
1651,459.3,0.0745686292648315
1652,459.5,0.0133529873564839
1653,459.9,0.0421399474143982
1654,460.0,0.0138732334598899
1655,460.1,0.0738749653100967
1656,460.3,0.0136998174712062
1657,460.6,0.0344229601323605
1658,460.8,0.635394096374512
1659,461.0,7.56195259094238
1660,461.1,13.0986738204956
1661,461.3,1.97424781322479
1662,461.4,0.264111667871475
1663,461.6,0.0274863429367542
1664,461.8,0.077776812016964
1665,462.0,0.833174347877502
1666,462.2,1.37908613681793
1667,462.3,0.261337041854858
1668,462.7,0.0298274513334036
1669,462.9,0.0728344768285751
1670,463.1,0.517124772071838
1671,463.2,0.360617369413376
1672,463.4,0.013092864304781
1673,464.1,0.0733547210693359
1674,464.3,0.0149137256667018
1675,464.8,0.0273129288107157
1676,465.1,0.0542790256440639
1677,465.8,0.0130061563104391
1678,466.1,0.0270528048276901
1679,466.7,0.014046648517251
1680,467.2,0.0150871416553855
1681,470.7,0.0144801875576377
1682,472.8,0.013786525465548
1683,473.1,0.0414462834596634
1684,473.4,0.0133529873564839
1685,474.2,0.0319084376096725
1686,474.7,0.147749930620193
1687,474.9,1.84453308582306
1688,475.0,5.26966094970703
1689,475.2,32.5069808959961
1690,475.3,10.8695917129517
1691,475.5,0.195352464914322
1692,475.8,0.214514866471291
1693,476.0,2.48833775520325
1694,476.2,8.23896598815918
1695,476.3,3.22153830528259
1696,476.5,0.0941645726561546
1697,476.7,0.0713604465126991
1698,476.8,0.115841500461102
1699,477.0,1.07586920261383
1700,477.2,3.46085143089294
1701,477.3,1.44706499576569
1702,477.5,0.0424000695347786
1703,477.7,0.0134396944195032
1704,477.9,0.0742217972874641
1705,478.2,0.189976587891579
1706,478.4,0.0293072052299976
1707,478.5,0.014306771568954
1708,478.7,0.013786525465548
1709,478.8,0.0429203137755394
1710,479.1,0.432498037815094
1711,479.2,1.44212257862091
1712,479.5,0.0289603751152754
1713,479.9,0.0655510276556015
1714,480.0,0.0421399474143982
1715,480.2,0.392265677452087
1716,480.3,0.243735373020172
1717,480.9,0.0208098497241735
1718,481.2,0.22084453701973
1719,481.4,0.0220237579196692
1720,482.2,0.0148270176723599
1721,483.8,0.0141333565115929
1722,486.9,0.014306771568954
1723,487.3,0.0300875753164291
1724,488.4,0.0139599414542317
1725,488.6,0.0307812355458736
1726,488.8,0.253620058298111
1727,489.0,5.41082096099854
1728,489.2,35.7592124938965
1729,489.3,17.8167858123779
1730,489.5,0.0945981070399284
1731,489.7,0.0621694251894951
1732,489.9,0.87730860710144
1733,490.1,6.81921434402466
1734,490.2,11.6678228378296
1735,490.4,1.31761038303375
1736,490.6,0.0798577964305878
1737,490.8,0.0890488177537918
1738,491.0,1.5257955789566
1739,491.2,6.90860986709595
1740,491.3,3.74412560462952
1741,491.5,0.0662446916103363
1742,491.9,0.101274602115154
1743,492.0,0.0606953948736191
1744,492.2,0.200121387839317
1745,492.3,0.0980664193630219
1746,492.4,0.102661930024624
1747,493.0,0.136738061904907
1748,493.1,0.806988656520844
1749,493.3,0.453828155994415
1750,494.2,0.0267926827073097
1751,494.4,0.0178617872297764
1752,495.0,0.0578340403735638
1753,495.2,0.0294806212186813
1754,496.4,0.0139599414542317
1755,497.0,0.014566894620657
1756,497.2,0.0135264024138451
1757,500.6,0.0144801875576377
1758,501.0,0.057313796132803
1759,501.3,0.014566894620657
1760,502.0,0.0131795713678002
1761,502.8,0.117402240633965
1762,503.0,2.51868557929993
1763,503.2,10.9347095489502
1764,503.3,5.84245204925537
1765,503.5,0.144108206033707
1766,503.8,0.0413595773279667
1767,504.0,0.503078103065491
1768,504.2,1.5838897228241
1769,504.3,1.16422438621521
1770,504.5,0.0139599414542317
1771,504.6,0.0463019162416458
1772,504.9,0.0469088703393936
1773,505.1,0.555536270141602
1774,505.2,0.856758892536163
1775,505.4,0.244862571358681
1776,505.6,0.014566894620657
1777,505.9,0.0173415411263704
1778,506.1,0.0499436408281326
1779,506.5,0.0157808028161526
1780,506.8,0.0168212950229645
1781,507.0,0.421486169099808
1782,507.2,1.96167516708374
1783,507.3,1.35324716567993
1784,507.5,0.0629497990012169
1785,508.0,0.0628630891442299
1786,508.2,0.191884160041809
1787,508.3,0.142460763454437
1788,509.1,0.0707534924149513
1789,509.3,0.0551461018621922
1790,510.6,0.0136131104081869
1791,511.1,0.0155206797644496
1792,512.1,0.0130061563104391
1793,515.7,0.0163010489195585
1794,516.5,0.0149137256667018
1795,518.3,0.0154339717701077
1796,518.9,0.0130061563104391
1797,519.1,0.0417064093053341
1798,519.7,0.0146536026149988
1799,519.9,0.0131795713678002
1800,520.1,0.0305211134254932
1801,521.1,0.148096770048141
1802,521.2,0.0716205686330795
1803,522.4,0.0132662793621421
1804,523.2,0.0134396944195032
1805,526.3,0.0292204972356558
1806,528.9,0.0135264024138451
1807,533.2,0.132749497890472
1808,534.1,0.0134396944195032
1809,534.3,0.0148270176723599
1810,534.5,0.041186161339283
1811,534.9,0.825977623462677
1812,535.1,3.40440464019775
1813,535.2,3.70302605628967
1814,535.4,0.297667562961578
1815,535.7,0.028613543137908
1816,535.9,0.08991589397192
1817,536.1,0.604699552059174
1818,536.2,0.350819379091263
1819,536.5,0.0575739182531834
1820,536.8,0.0409260392189026
1821,537.1,0.202028959989548
1822,537.2,0.188069015741348
1823,537.3,0.157461196184158
1824,537.6,0.014046648517251
1825,539.0,0.0435272678732872
1826,539.2,0.0430070236325264
1827,540.0,0.0136998174712062
1828,544.2,0.0132662793621421
1829,545.2,0.0154339717701077
1830,548.8,0.0612156428396702
1831,549.0,1.43622648715973
1832,549.2,8.76632308959961
1833,549.3,7.61753225326538
1834,549.5,0.213300958275795
1835,549.7,0.095812015235424
1836,549.9,0.0908696800470352
#"+ Scan (rt: 5.032-55.018 min, 8747 scans) 030321_MAG_1.D "
#Point,X(Thompsons),Y(Counts)
0,50.2,33.7672348022461
1,50.3,6.00685930252075
2,50.7,0.0384131707251072
3,50.9,1.47742080688477
4,51.1,34.2339096069336
5,51.2,35.4117965698242
6,51.4,0.799702763557434
7,51.7,0.0458442904055119
8,52.0,2.3438892364502
9,52.2,8.33817291259766
10,52.3,2.25105738639832
11,52.5,0.0176060367375612
12,52.9,0.396593123674393
13,53.1,3.52372241020203
14,53.2,4.10312128067017
15,53.4,0.29004231095314
16,53.9,0.390076607465744
17,54.1,5.76997804641724
18,54.2,7.51640558242798
19,54.4,0.290842562913895
20,54.9,1.29758775234222
21,55.1,61.2328796386719
22,55.2,94.7095031738281
23,55.4,2.42917561531067
24,55.6,0.0262947287410498
25,55.9,0.777981042861938
26,56.1,31.5352687835693
27,56.2,52.5304679870605
28,56.4,2.42586040496826
29,56.6,0.0468732118606567
30,56.8,0.023322282359004
31,57.0,7.35200643539429
32,57.2,152.885101318359
33,57.3,38.3634376525879
34,57.6,0.107351094484329
35,57.9,0.162112727761269
36,58.1,1.35006284713745
37,58.2,1.27083575725555
38,58.4,0.0960329249501228
39,58.7,0.0201211851090193
40,58.9,0.512061297893524
41,59.1,10.4815368652344
42,59.2,10.5004005432129
43,59.4,0.450783133506775
44,59.6,0.0189779344946146
45,59.8,0.0201211851090193
46,60.0,1.20132613182068
47,60.1,2.42871832847595
48,60.3,0.695667088031769
49,61.0,0.436721175909042
50,61.2,1.00560188293457
51,61.3,0.181319311261177
52,61.6,0.0173773858696222
53,61.8,0.0225220080465078
54,62.1,0.146335884928703
55,62.2,0.0591059774160385
56,62.4,0.0366982966661453
57,62.9,0.177432268857956
58,63.1,2.93666410446167
59,63.2,2.71967530250549
60,63.4,0.145192638039589
61,63.8,0.125528752803802
62,64.0,2.99462676048279
63,64.1,5.50908899307251
64,64.3,0.473648101091385
65,64.6,0.0171487368643284
66,64.9,0.837430000305176
67,65.1,17.5020008087158
68,65.2,18.536527633667
69,65.4,0.829312920570374
70,65.6,0.0536183826625347
71,65.9,0.165199503302574
72,66.1,1.37841546535492
73,66.2,1.45638501644135
74,66.4,0.0819709599018097
75,66.8,0.12598605453968
76,67.0,3.79741621017456
77,67.2,17.014404296875
78,67.3,5.09740495681763
79,67.5,0.0194352343678474
80,67.6,0.0532754100859165
81,67.8,0.0360123477876186
82,68.0,0.452612310647964
83,68.2,1.55070304870605
84,68.3,0.718989372253418
85,68.5,0.0202355086803436
86,68.8,0.150108605623245
87,69.0,9.27083587646484
88,69.2,52.7204742431641
89,69.3,15.0787696838379
90,69.5,0.113753288984299
91,69.8,0.140962615609169
92,70.0,3.68057608604431
93,70.2,25.3424034118652
94,70.3,10.2228193283081
95,70.5,0.157311081886292
96,70.8,0.0395564176142216
97,71.0,6.60020589828491
98,71.1,42.8936767578125
99,71.2,102.857551574707
100,71.4,2.0027437210083
101,71.5,0.059677604585886
102,71.9,0.242597460746765
103,72.1,1.38859033584595
104,72.2,1.91574251651764
105,72.4,0.248999655246735
106,72.6,0.0562478564679623
107,72.8,0.140733972191811
108,73.0,20.9528980255127
109,73.2,464.564422607422
110,73.3,38.6646842956543
111,73.5,0.0429861657321453
112,73.7,0.0605922043323517
113,73.9,1.33817303180695
114,74.1,20.7588882446289
115,74.2,22.6306171417236
116,74.4,0.661369621753693
117,74.7,0.074539840221405
118,74.9,1.8400593996048
119,75.1,37.1583404541016
120,75.2,30.2955303192139
121,75.4,0.784840524196625
122,75.6,0.0171487368643284
123,75.9,0.680347561836243
124,76.1,9.480393409729
125,76.2,9.20612812042236
126,76.4,0.4580999314785
127,76.8,0.41808620095253
128,77.0,36.950267791748
129,77.2,210.126449584961
130,77.3,29.0362415313721
131,77.5,0.122441977262497
132,77.8,0.272550582885742
133,78.0,25.2160739898682
134,78.2,187.898254394531
135,78.3,31.5671653747559
136,78.5,0.193552076816559
137,78.6,0.0891734287142754
138,78.9,4.86726856231689
139,79.1,264.483032226563
140,79.2,143.258712768555
141,79.4,0.21218703687191
142,79.9,0.49571281671524
143,80.1,5.24957132339478
144,80.2,3.88613247871399
145,80.4,0.169543847441673
146,80.6,0.0607065297663212
147,80.8,0.376357614994049
148,81.0,64.578254699707
149,81.1,366.535034179688
150,81.3,11.3255977630615
151,81.5,0.0209214594215155
152,81.7,0.133417174220085
153,81.9,1.32616901397705
154,82.1,8.15765380859375
155,82.2,6.32971286773682
156,82.4,0.505430459976196
157,82.5,0.170915737748146
158,82.8,0.250828862190247
159,83.0,5.87275648117065
160,83.1,13.0701951980591
161,83.2,22.7858695983887
162,83.4,1.75042867660522
163,83.7,0.0421858914196491
164,83.9,0.251514792442322
165,84.1,3.75843143463135
166,84.2,4.88739013671875
167,84.4,0.625700235366821
168,84.6,0.0802560895681381
169,84.8,0.952669501304626
170,85.0,41.4616432189941
171,85.2,120.279296875
172,85.3,14.4879388809204
173,85.5,0.0460729375481606
174,85.7,0.0945466980338097
175,86.0,0.0725963190197945
176,86.1,0.228992804884911
177,86.3,0.11352463811636
178,86.7,0.0210357829928398
179,86.9,0.769635319709778
180,87.1,4.61769771575928
181,87.2,3.54407215118408
182,87.4,0.177889555692673
183,87.6,0.0560192056000233
184,87.8,0.193666398525238
185,88.0,0.651423335075378
186,88.1,0.703669846057892
187,88.3,0.162112727761269
188,88.5,0.0771693140268326
189,88.8,0.552189350128174
190,89.0,7.21024370193481
191,89.2,18.1938953399658
192,89.3,2.99268317222595
193,89.5,0.0174917113035917
194,89.7,0.0174917113035917
195,89.8,0.0947753489017487
196,90.1,0.0756830945611
197,90.2,0.0362409986555576
198,90.4,0.0176060367375612
199,90.7,0.074311189353466
200,90.9,3.52943873405457
201,91.1,69.659309387207
202,91.2,79.2453384399414
203,91.4,2.08299994468689
204,91.6,0.028581228107214
205,91.8,0.0724819973111153
206,92.0,2.42025828361511
207,92.2,6.44941139221191
208,92.3,1.58717274665833
209,92.4,0.346976101398468
210,92.6,0.0174917113035917
211,92.8,0.0555619075894356
212,93.0,0.946381628513336
213,93.2,2.38916206359863
214,93.3,0.728135347366333
215,93.5,0.0358980223536491
216,93.7,0.0540756843984127
217,93.9,0.836515367031097
218,94.1,7.15685367584229
219,94.2,6.99279737472534
220,94.4,0.378529787063599
221,94.6,0.0180633366107941
222,94.8,0.0765976905822754
223,95.0,3.05396127700806
224,95.2,14.0257234573364
225,95.3,5.74025392532349
226,95.5,0.299874246120453
227,95.8,0.793529212474823
228,96.0,57.4714775085449
229,96.2,222.106552124023
230,96.3,27.2284202575684
231,96.6,1.2196182012558
232,96.8,6.97759246826172
233,97.0,16.2971305847168
234,97.1,11.1744594573975
235,97.2,20.2980442047119
236,97.4,1.85675084590912
237,97.6,0.0881445035338402
238,97.8,0.267405956983566
239,98.0,0.872184753417969
240,98.1,1.11992681026459
241,98.2,3.1431348323822
242,98.4,0.444380939006805
243,98.6,0.0177203621715307
244,98.8,0.0411569699645042
245,99.0,0.57311075925827
246,99.2,1.54235732555389
247,99.3,0.663313150405884
248,99.4,0.198468044400215
249,100.2,0.0390991196036339
250,100.6,0.0176060367375612
251,101.0,0.0602492280304432
252,101.2,0.0757974162697792
253,101.3,0.0347547717392445
254,102.0,0.213101640343666
255,102.2,0.289927989244461
256,102.3,0.0528181083500385
257,102.5,0.0355550460517406
258,102.7,0.0649365484714508
259,102.9,4.70252656936646
260,103.1,36.8664703369141
261,103.2,19.3726997375488
262,103.4,0.384474664926529
263,103.8,0.341717153787613
264,104.0,9.54704475402832
265,104.1,14.1720590591431
266,104.2,19.0525894165039
267,104.4,0.752715229988098
268,104.7,0.234366074204445
269,104.9,4.80816268920898
270,105.1,107.413398742676
271,105.2,88.9169998168945
272,105.4,1.22990739345551
273,105.8,0.0186349600553513
274,106.0,1.34446096420288
275,106.2,4.17160177230835
276,106.3,1.14244878292084
277,106.5,0.0194352343678474
278,107.0,0.545558452606201
279,107.1,1.23710989952087
280,107.3,0.420372694730759
281,108.0,0.034869097173214
282,108.1,0.0200068596750498
283,108.2,0.164284899830818
284,108.4,0.0177203621715307
285,108.8,0.0442437417805195
286,109.0,0.848633825778961
287,109.1,1.19835376739502
288,109.2,2.33474326133728
289,109.4,0.282611191272736
290,109.7,0.0196638852357864
291,109.9,0.0805990621447563
292,110.1,0.387218475341797
293,110.3,0.455470442771912
294,110.4,0.0786555409431458
295,110.8,0.0398993939161301
296,111.0,0.846118688583374
297,111.2,3.80416131019592
298,111.3,1.40585339069366
299,111.4,0.63644677400589
300,111.6,0.0174917113035917
301,111.9,0.454898834228516
302,112.0,1.53298270702362
303,112.2,3.82851266860962
304,112.3,0.988338887691498
305,112.6,0.0205784849822521
306,112.8,0.0357836969196796
307,113.0,0.0935177803039551
308,113.2,0.894821107387543
309,113.3,0.412369966506958
310,113.9,0.0934034511446953
311,114.2,0.03784154728055
312,114.5,0.0368126221001148
313,114.8,0.403681248426437
314,115.0,8.86784076690674
315,115.1,19.4354629516602
316,115.3,2.75202918052673
317,115.6,0.035097748041153
318,115.9,0.0755687654018402
319,116.1,0.117068707942963
320,116.2,0.189665034413338
321,116.5,0.0177203621715307
322,117.0,2.68149089813232
323,117.2,5.65451002120972
324,117.3,0.973590970039368
325,117.4,0.177432268857956
326,117.9,0.272207617759705
327,118.1,1.30661940574646
328,118.2,0.783239960670471
329,118.4,0.137532874941826
330,118.6,0.139476388692856
331,118.7,0.133531495928764
332,118.9,5.08014154434204
333,119.1,46.9285469055176
334,119.2,23.4260883331299
335,119.4,0.479707330465317
336,119.7,0.0714530721306801
337,119.9,0.673831045627594
338,120.1,1.24396932125092
339,120.2,1.88430321216583
340,120.4,0.174231171607971
341,120.6,0.0181776601821184
342,120.8,0.371098667383194
343,121.0,8.00914573669434
344,121.1,11.5868301391602
345,121.2,12.5868301391602
346,121.4,0.351777762174606
347,121.6,0.0177203621715307
348,121.8,0.246370181441307
349,122.0,9.58111381530762
350,122.1,23.9839954376221
351,122.3,4.51034641265869
352,123.0,0.60763692855835
353,123.2,1.38378870487213
354,123.3,0.697724938392639
355,123.5,0.022064708173275
356,123.8,0.0210357829928398
357,124.0,0.0545329824090004
358,124.2,0.13638961315155
359,124.4,0.0178346857428551
360,124.9,0.657368242740631
361,125.1,2.6637704372406
362,125.2,1.96410202980042
363,125.4,0.38047331571579
364,125.6,0.137761518359184
365,125.9,0.295987188816071
366,126.1,0.554704487323761
367,126.3,0.446210116147995
368,126.4,0.151594832539558
369,126.6,0.0182919856160879
370,126.8,0.0640219524502754
371,126.9,0.0739682167768478
372,127.1,0.612095594406128
373,127.2,0.795244097709656
374,127.4,0.0931748002767563
375,127.7,0.0355550460517406
376,127.8,0.0384131707251072
377,128.0,0.951983511447906
378,128.1,2.61518239974976
379,128.3,0.864296317100525
380,128.5,0.0568194799125195
381,128.8,0.0449296906590462
382,129.0,0.532982766628265
383,129.2,0.979993164539337
384,129.3,0.196867495775223
385,129.9,0.0564765073359013
386,130.0,0.0174917113035917
387,130.1,0.0932891294360161
388,130.3,0.0938607528805733
389,130.8,0.0767120122909546
390,131.0,1.02778100967407
391,131.1,2.17434549331665
392,131.3,0.614610731601715
393,131.9,0.249113976955414
394,132.0,0.350062876939774
395,132.1,1.14199149608612
396,132.3,0.187607184052467
397,132.5,0.0736252442002296
398,132.8,0.674059689044952
399,133.0,52.581111907959
400,133.1,203.940200805664
401,133.3,6.3670973777771
402,133.6,0.0736252442002296
403,133.8,0.824968576431274
404,134.0,6.44620990753174
405,134.1,8.88155937194824
406,134.3,1.8150223493576
407,134.5,0.11969818174839
408,134.8,0.466674298048019
409,135.0,15.6698293685913
410,135.2,95.41796875
411,135.3,10.935863494873
412,135.5,0.0983194261789322
413,135.8,0.0251514799892902
414,136.0,1.64147710800171
415,136.2,4.26591968536377
416,136.3,0.937692940235138
417,136.4,0.202126443386078
418,136.6,0.065736822783947
419,136.8,0.338859051465988
420,137.0,11.8544645309448
421,137.1,15.3643531799316
422,137.2,15.1065511703491
423,137.4,0.243969365954399
424,137.6,0.0389847941696644
425,137.8,0.0206928085535765
426,138.0,0.240425288677216
427,138.2,0.598147928714752
428,138.3,0.272093296051025
429,138.5,0.0185206364840269
430,138.8,0.165542468428612
431,139.0,2.47993588447571
432,139.2,6.65599632263184
433,139.3,1.2830685377121
434,139.5,0.0185206364840269
435,139.8,0.0179490111768246
436,140.0,0.0740825459361076
437,140.1,0.176631987094879
438,140.8,0.0411569699645042
439,141.0,0.521893203258514
440,141.2,1.28992795944214
441,141.3,0.526809215545654
442,141.5,0.0372699201107025
443,141.7,0.0364696457982063
444,141.9,0.12187035381794
445,142.1,0.698525190353394
446,142.3,1.13901913166046
447,142.4,0.230136051774025
448,142.5,0.1134103089571
449,142.9,0.0735109150409698
450,143.1,0.682748377323151
451,143.3,0.645592749118805
452,143.4,0.0381845198571682
453,144.0,0.0190922599285841
454,144.2,0.0546473078429699
455,144.3,0.0449296906590462
456,144.8,0.0536183826625347
457,145.0,0.527037858963013
458,145.1,0.49582713842392
459,145.2,0.728363990783691
460,145.4,0.11764033138752
461,145.6,0.0177203621715307
462,145.9,0.020807133987546
463,146.1,0.0986623987555504
464,146.2,0.0386418215930462
465,146.8,1.48553788661957
466,147.0,29.220874786377
467,147.2,183.535263061523
468,147.3,10.0866584777832
469,147.5,0.053161084651947
470,147.8,0.100262947380543
471,148.0,4.42082977294922
472,148.2,17.5573329925537
473,148.3,3.94832515716553
474,148.6,0.176974967122078
475,148.8,0.651651978492737
476,149.0,34.5369834899902
477,149.1,176.16325378418
478,149.3,6.34789085388184
479,149.5,0.084486111998558
480,149.6,0.27529439330101
481,149.9,1.62867271900177
482,150.1,4.00674533843994
483,150.2,3.26660561561584
484,150.4,0.193094775080681
485,150.7,0.0192065853625536
486,150.9,0.722990751266479
487,151.0,2.85777974128723
488,151.2,9.20624256134033
489,151.3,1.3481193780899
490,151.4,0.200754538178444
491,151.8,0.0556762330234051
492,152.0,0.742768943309784
493,152.2,1.90945470333099
494,152.3,0.582714080810547
495,152.5,0.0370412729680538
496,152.7,0.0570481307804585
497,152.8,0.332685500383377
498,153.0,6.06116390228271
499,153.1,9.41477108001709
500,153.2,9.1695442199707
501,153.4,0.257574021816254
502,153.6,0.0172630622982979
503,153.8,0.0607065297663212
504,154.0,0.647764921188354
505,154.1,3.45855712890625
506,154.2,4.9972562789917
507,154.4,0.352463692426682
508,154.7,0.0988910496234894
509,154.9,2.25597357749939
510,155.1,14.2002973556519
511,155.2,9.73579502105713
512,155.4,0.348690986633301
513,155.6,0.0721390172839165
514,155.8,0.0538470335304737
515,156.0,1.3362295627594
516,156.2,10.8885335922241
517,156.3,1.2706071138382
518,156.5,0.037612896412611
519,156.7,0.134789064526558
520,156.9,1.14187717437744
521,157.0,0.722647786140442
522,157.2,0.487252771854401
523,157.4,0.104835942387581
524,157.7,0.0433291420340538
525,157.9,0.432262480258942
526,158.1,2.41397047042847
527,158.2,3.70870018005371
528,158.4,0.401966392993927
529,158.6,0.0586486794054508
530,158.8,0.332456856966019
531,159.0,0.815136611461639
532,159.1,0.505887746810913
533,159.2,1.05464732646942
534,159.8,0.0181776601821184
535,159.9,0.0390991196036339
536,160.3,0.0384131707251072
537,160.5,0.0370412729680538
538,160.7,0.0780839174985886
539,160.9,1.95747113227844
540,161.1,6.36538219451904
541,161.2,1.81204986572266
542,161.5,0.0354407243430614
543,161.9,0.190007999539375
544,162.1,0.534011662006378
545,162.2,0.171830341219902
546,162.3,0.302961021661758
547,162.7,0.398765295743942
548,162.9,9.83022785186768
549,163.1,41.566822052002
550,163.2,11.1982393264771
551,163.4,0.211958378553391
552,163.6,0.020807133987546
553,163.8,0.0748828202486038
554,164.0,0.475934594869614
555,164.2,0.428375452756882
556,164.3,0.0585343539714813
557,164.5,0.0176060367375612
558,164.8,0.574368357658386
559,165.0,5.92797517776489
560,165.2,10.7353382110596
561,165.3,3.06173539161682
562,165.5,0.840631067752838
563,165.7,1.63187372684479
564,165.9,5.19869661331177
565,166.1,36.2361946105957
566,166.2,20.7383098602295
567,166.4,0.282725512981415
568,166.7,0.106322169303894
569,166.9,0.347090423107147
570,167.1,1.3107351064682
571,167.2,0.787812948226929
572,167.4,0.0452726632356644
573,168.1,0.0958042740821838
574,168.2,0.0565908327698708
575,168.6,0.0187492854893208
576,168.8,0.0174917113035917
577,169.0,0.0433291420340538
578,169.2,0.109866239130497
579,169.4,0.0380701944231987
580,170.0,0.0565908327698708
581,170.3,0.0560192056000233
582,170.8,0.0213787592947483
583,171.0,0.0172630622982979
584,171.2,0.0358980223536491
585,172.1,0.0186349600553513
586,172.3,0.0173773858696222
587,172.9,0.0899737030267715
588,173.1,0.736252427101135
589,173.2,0.745512723922729
590,173.5,0.0835715085268021
591,173.7,0.0408139936625957
592,174.1,0.0568194799125195
593,174.8,0.0360123477876186
594,175.0,0.107236765325069
595,175.2,0.191379904747009
596,175.7,0.0374985709786415
597,175.9,0.870012581348419
598,176.0,2.96398758888245
599,176.2,1.12918710708618
600,176.4,0.0425288677215576
601,176.7,0.1553675532341
602,176.9,10.0236654281616
603,177.1,83.4926223754883
604,177.2,18.6892642974854
605,177.4,0.165428146719933
606,177.8,0.23733851313591
607,178.0,3.20772838592529
608,178.1,4.06299304962158
609,178.3,0.453412592411041
610,178.6,0.0580770559608936
611,178.8,0.478106766939163
612,179.0,7.47239065170288
613,179.1,10.7232189178467
614,179.3,0.858122766017914
615,179.5,0.0178346857428551
616,179.9,0.05670515447855
617,180.1,0.306505084037781
618,180.2,0.172516286373138
619,180.3,0.18280553817749
620,180.5,0.0611638277769089
621,180.8,0.0551046058535576
622,181.0,0.894363760948181
623,181.1,1.81673717498779
624,181.3,0.0980907753109932
625,181.8,0.0392134450376034
626,182.1,0.0353263989090919
627,182.2,0.0808277130126953
628,183.0,0.0354407243430614
629,183.1,0.161426767706871
630,183.4,0.0586486794054508
631,184.2,0.0176060367375612
632,184.7,0.0188636109232903
633,184.9,0.0352120734751225
634,185.2,0.127586603164673
635,185.5,0.0192065853625536
636,185.8,0.0171487368643284
637,186.0,0.0381845198571682
638,186.2,0.0416142679750919
639,186.5,0.0216074083000422
640,186.8,0.0570481307804585
641,187.1,0.312221318483353
642,187.3,0.307648330926895
643,187.7,0.0700811743736267
644,187.9,0.0265233796089888
645,188.2,0.0179490111768246
646,188.9,0.196181550621986
647,189.1,1.0628787279129
648,189.2,0.519378066062927
649,189.7,0.0177203621715307
650,189.9,0.0172630622982979
651,190.1,0.113867610692978
652,190.3,0.0777409374713898
653,190.4,0.0395564176142216
654,190.6,0.0581913813948631
655,190.7,0.0713387429714203
656,190.9,7.0928316116333
657,191.1,283.343322753906
658,191.2,51.4935417175293
659,191.4,0.208871617913246
660,191.7,0.0172630622982979
661,191.9,5.91459941864014
662,192.1,37.7875862121582
663,192.2,16.3542938232422
664,192.4,0.601920664310455
665,192.7,0.198582366108894
666,192.9,10.7325944900513
667,193.1,195.684127807617
668,193.2,81.2272796630859
669,193.4,0.166685715317726
670,193.8,0.279067099094391
671,194.0,7.81890916824341
672,194.1,16.9922256469727
673,194.3,1.65233790874481
674,194.5,0.0365839712321758
675,194.7,0.037612896412611
676,194.9,1.69863951206207
677,195.1,13.1103239059448
678,195.2,7.36183834075928
679,195.3,1.20955753326416
680,195.6,0.0333828739821911
681,195.9,0.118897907435894
682,196.1,0.895735681056976
683,196.3,0.731679439544678
684,196.4,0.0192065853625536
685,196.8,0.0627643764019012
686,197.0,1.28295409679413
687,197.2,5.38481760025024
688,197.3,0.490796834230423
689,197.7,0.0228649824857712
690,197.9,0.0171487368643284
691,198.1,0.301474779844284
692,198.3,0.197324797511101
693,198.4,0.0178346857428551
694,199.4,0.0200068596750498
695,200.1,0.0579627305269241
696,200.4,0.0190922599285841
697,201.1,0.0190922599285841
698,202.6,0.15559621155262
699,202.9,0.340916872024536
700,203.1,0.91425633430481
701,203.2,0.5922030210495
702,203.4,0.0366982966661453
703,203.7,0.035097748041153
704,204.0,0.0548759587109089
705,204.3,0.0352120734751225
706,204.5,0.0377272218465805
707,204.8,0.18497771024704
708,205.0,2.56625127792358
709,205.1,5.6394190788269
710,205.3,0.675888895988464
711,205.5,0.0189779344946146
712,205.9,0.1553675532341
713,206.1,0.496627420186996
714,206.2,0.0274379793554544
715,206.4,0.0565908327698708
716,206.8,0.316222697496414
717,207.0,31.4649600982666
718,207.1,3394.6865234375
719,207.3,7.30353260040283
720,207.6,0.0195495598018169
721,207.8,0.162112727761269
722,208.0,25.7362518310547
723,208.1,682.467590332031
724,208.3,4.13638973236084
725,208.6,0.037384245544672
726,208.8,0.369040817022324
727,209.0,39.2476272583008
728,209.1,414.784393310547
729,209.3,4.66651439666748
730,209.8,0.399794220924377
731,210.0,12.4176292419434
732,210.1,31.4847373962402
733,210.3,3.58945918083191
734,210.5,0.050188634544611
735,210.7,0.0612781532108784
736,210.9,4.21207284927368
737,211.0,15.6515378952026
738,211.1,58.5625915527344
739,211.3,5.15468168258667
740,211.5,0.0889447778463364
741,211.8,0.0404710173606873
742,212.0,0.767806112766266
743,212.1,0.949811339378357
744,212.2,1.37395679950714
745,212.4,0.0818566381931305
746,212.7,0.0182919856160879
747,212.9,1.48119354248047
748,213.1,14.9253454208374
749,213.2,10.3420600891113
750,213.4,0.200754538178444
751,213.6,0.0387561433017254
752,214.0,0.0995769947767258
753,214.2,0.239167720079422
754,214.3,0.0976334735751152
755,214.7,0.0956899523735046
756,214.9,1.60477876663208
757,215.1,11.4290609359741
758,215.2,8.43477725982666
759,215.4,0.21618840098381
760,215.6,0.0355550460517406
761,215.8,0.035097748041153
762,216.1,0.120727106928825
763,216.2,0.0946610271930695
764,217.0,0.0188636109232903
765,217.2,0.0705384686589241
766,217.4,0.0539613589644432
767,217.7,0.0179490111768246
768,217.9,0.0846004337072372
769,218.1,0.0194352343678474
770,218.3,0.0919172316789627
771,218.9,0.0770549923181534
772,219.1,0.110780842602253
773,219.3,0.0180633366107941
774,220.0,0.0360123477876186
775,220.2,0.0541900098323822
776,220.4,0.0543043315410614
777,220.6,0.0380701944231987
778,220.8,0.161198124289513
779,221.0,7.70058298110962
780,221.2,103.681030273438
781,221.3,11.8357152938843
782,221.5,0.0564765073359013
783,221.9,0.567280232906342
784,222.1,8.64159107208252
785,222.2,9.48462295532227
786,222.4,0.411912649869919
787,222.7,0.0173773858696222
788,222.9,1.29621589183807
789,223.1,13.3712129592896
790,223.2,7.58019876480103
791,223.3,2.54190015792847
792,223.6,0.0226363316178322
793,224.0,0.412141293287277
794,224.2,0.416599988937378
795,224.3,0.0811706855893135
796,224.4,0.0578484050929546
797,224.9,1.5206356048584
798,225.0,8.53412628173828
799,225.1,61.459587097168
800,225.3,4.1490797996521
801,225.5,0.0192065853625536
802,225.9,0.529895961284637
803,226.1,3.86223840713501
804,226.2,2.93083333969116
805,226.4,0.0426431931555271
806,226.9,0.546130120754242
807,227.1,3.96707439422607
808,227.2,3.14473533630371
809,227.4,0.0608208514750004
810,227.9,0.037612896412611
811,228.1,0.0753401145339012
812,228.2,0.0173773858696222
813,228.4,0.0624214000999928
814,228.9,0.0593346282839775
815,229.1,0.253801316022873
816,229.3,0.232308223843575
817,229.4,0.0179490111768246
818,229.9,0.0394420959055424
819,230.1,0.131816625595093
820,230.2,0.0361266732215881
821,230.3,0.0993483513593674
822,231.0,0.0358980223536491
823,231.2,0.0178346857428551
824,232.2,0.020807133987546
825,232.5,0.0368126221001148
826,232.8,0.0200068596750498
827,233.0,0.037384245544672
828,233.3,0.0744255185127258
829,233.7,0.0179490111768246
830,234.2,0.0186349600553513
831,234.6,0.0173773858696222
832,234.9,0.0870012566447258
833,235.1,0.451240420341492
834,235.2,0.0797987878322601
835,235.6,0.0194352343678474
836,236.1,0.0372699201107025
837,236.3,0.024579856544733
838,236.7,0.0358980223536491
839,236.9,0.153767004609108
840,237.1,0.685492157936096
841,237.3,0.161198124289513
842,237.5,0.0194352343678474
843,237.9,0.0849434062838554
844,238.0,0.0201211851090193
845,238.2,0.165313825011253
846,238.7,0.0178346857428551
847,239.0,1.14725053310394
848,239.1,2.80473303794861
849,239.4,0.0481307879090309
850,239.6,0.0178346857428551
851,240.0,0.348119348287582
852,240.1,0.454898834228516
853,240.3,0.0235509313642979
854,241.0,0.128043904900551
855,241.1,0.298045039176941
856,241.3,0.0227506570518017
857,242.0,0.0585343539714813
858,242.3,0.0180633366107941
859,242.4,0.0424145422875881
860,243.1,0.103464044630527
861,243.3,0.188521772623062
862,243.5,0.0363553203642368
863,244.1,0.0174917113035917
864,244.6,0.0182919856160879
865,244.9,0.0398993939161301
866,245.1,0.0173773858696222
867,245.5,0.0172630622982979
868,245.9,0.0180633366107941
869,246.4,0.037612896412611
870,247.2,0.0174917113035917
871,247.9,0.0393277704715729
872,248.4,0.0197782088071108
873,248.8,0.81502228975296
874,249.0,16.3606948852539
875,249.1,24.4791355133057
876,249.3,0.343432039022446
877,249.7,0.0184063110500574
878,249.9,1.02229332923889
879,250.1,2.61323881149292
880,250.2,1.1762889623642
881,250.4,0.0642506033182144
882,250.8,0.832285344600677
883,251.0,10.896879196167
884,251.1,14.4196863174438
885,251.3,0.667657494544983
886,251.9,0.331427931785583
887,252.0,1.11409628391266
888,252.2,0.472733497619629
889,252.4,0.0372699201107025
890,252.6,0.0535040572285652
891,252.8,0.58580082654953
892,253.0,7.40368127822876
893,253.1,108.156280517578
894,253.3,0.793757855892181
895,253.4,0.0804847404360771
896,253.9,0.328455477952957
897,254.1,24.7385387420654
898,254.2,1.2196182012558
899,254.4,0.0200068596750498
900,254.6,0.0177203621715307
901,254.9,0.2815822660923
902,255.1,12.3286838531494
903,255.2,3.19766783714294
904,255.4,0.037384245544672
905,256.0,0.551046073436737
906,256.1,1.65325260162354
907,256.3,0.122441977262497
908,257.0,0.373385161161423
909,257.2,1.1290727853775
910,257.3,0.0674517005681992
911,258.0,0.0409283190965652
912,258.2,0.056933805346489
913,258.5,0.0173773858696222
914,259.3,0.0386418215930462
915,260.3,0.0540756843984127
916,261.2,0.0178346857428551
917,262.4,0.0273236539214849
918,263.0,0.0173773858696222
919,263.2,0.037612896412611
920,264.2,0.0181776601821184
921,264.7,0.128729850053787
922,264.9,3.23745274543762
923,265.0,11.8506917953491
924,265.1,37.362865447998
925,265.3,1.76631987094879
926,265.6,0.034869097173214
927,265.9,0.805761992931366
928,266.1,3.95038294792175
929,266.2,2.01474785804749
930,266.4,0.11775466054678
931,266.7,0.158568650484085
932,266.9,8.00937461853027
933,267.1,109.124725341797
934,267.2,30.190465927124
935,267.4,0.141877219080925
936,267.7,0.0458442904055119
937,267.8,0.204527273774147
938,268.0,7.57402515411377
939,268.1,17.2972450256348
940,268.3,0.942608892917633
941,268.5,0.0186349600553513
942,268.9,2.73876762390137
943,269.1,21.4785633087158
944,269.2,16.2895851135254
945,269.4,0.0380701944231987
946,269.8,0.172630622982979
947,270.0,1.07499718666077
948,270.1,2.81044936180115
949,270.3,0.348576664924622
950,270.8,0.0839144885540009
951,271.0,1.25151479244232
952,271.2,2.87652897834778
953,271.3,0.506459355354309
954,271.9,0.0179490111768246
955,272.1,0.110895164310932
956,272.4,0.0178346857428551
957,273.0,0.0610495023429394
958,273.3,0.0425288677215576
959,273.6,0.0187492854893208
960,274.1,0.0372699201107025
961,274.3,0.0179490111768246
962,275.2,0.0190922599285841
963,276.3,0.0178346857428551
964,276.5,0.0176060367375612
965,277.3,0.0396707430481911
966,279.0,0.116039782762527
967,279.2,0.518806457519531
968,279.3,0.147250488400459
969,279.9,0.0560192056000233
970,280.1,0.0366982966661453
971,280.3,0.0396707430481911
972,280.7,0.0805990621447563
973,280.9,5.67383098602295
974,281.1,534.754333496094
975,281.2,510.207733154297
976,281.4,0.366297006607056
977,281.6,0.0190922599285841
978,281.8,0.62798672914505
979,282.0,28.153881072998
980,282.2,242.11833190918
981,282.3,11.1743450164795
982,282.5,0.0553332567214966
983,282.7,0.0374985709786415
984,282.8,0.295072585344315
985,283.0,23.7994747161865
986,283.1,93.6725769042969
987,283.2,90.3991088867188
988,283.4,0.405739098787308
989,283.8,0.129873096942902
990,284.0,6.262375831604
991,284.2,20.382303237915
992,284.3,3.86372470855713
993,284.5,0.105979189276695
994,284.8,0.337487131357193
995,285.0,11.3883619308472
996,285.2,30.667200088501
997,285.3,3.01074647903442
998,285.5,0.0589916557073593
999,285.7,0.0744255185127258
1000,286.0,0.624899983406067
1001,286.2,1.73602378368378
1002,286.3,0.242483139038086
1003,286.5,0.0392134450376034
1004,286.7,0.0221790336072445
1005,286.9,0.481650859117508
1006,287.1,2.93609237670898
1007,287.2,3.02446556091309
1008,287.4,0.171030074357986
1009,287.8,0.0181776601821184
1010,288.0,0.0392134450376034
1011,288.2,0.0768263414502144
1012,288.3,0.103692695498466
1013,288.7,0.0178346857428551
1014,288.9,0.155824854969978
1015,289.1,0.391334176063538
1016,289.2,0.197096154093742
1017,289.4,0.0556762330234051
1018,289.6,0.0171487368643284
1019,290.9,0.0176060367375612
1020,292.9,0.037612896412611
1021,293.2,0.097747802734375
1022,293.3,0.0178346857428551
1023,294.4,0.0186349600553513
1024,294.8,0.143020465970039
1025,295.0,2.09511828422546
1026,295.2,8.006516456604
1027,295.3,2.75557327270508
1028,295.5,0.0189779344946146
1029,295.8,0.0417285934090614
1030,296.0,0.117183037102222
1031,296.2,0.707785546779633
1032,296.3,0.1805190294981
1033,296.9,0.146335884928703
1034,297.1,1.2385960817337
1035,297.2,1.1084942817688
1036,297.4,0.0205784849822521
1037,298.0,0.0190922599285841
1038,298.7,0.0185206364840269
1039,298.9,1.37772953510284
1040,299.1,16.8989372253418
1041,299.2,11.7937574386597
1042,299.3,3.91002631187439
1043,299.8,0.0174917113035917
1044,300.0,0.812507152557373
1045,300.2,1.86818337440491
1046,300.3,0.474448382854462
1047,300.8,0.0362409986555576
1048,301.0,0.582485437393188
1049,301.1,1.26923513412476
1050,301.3,0.261575400829315
1051,303.4,0.0184063110500574
1052,306.5,0.0173773858696222
1053,308.3,0.0180633366107941
1054,309.0,0.0243512056767941
1055,310.3,0.0176060367375612
1056,310.8,0.0289242025464773
1057,311.0,0.448725283145905
1058,311.2,1.38184523582458
1059,311.3,0.1134103089571
1060,311.4,0.0545329824090004
1061,311.7,0.0416142679750919
1062,311.9,0.140390992164612
1063,312.1,0.279753059148788
1064,313.0,0.360352128744125
1065,313.1,1.16016924381256
1066,313.3,0.0469875372946262
1067,313.9,0.0219503827393055
1068,314.2,0.0943180546164513
1069,314.9,0.124271176755428
1070,315.1,4.2326512336731
1071,315.2,1.97576308250427
1072,315.8,0.0387561433017254
1073,316.0,0.513090193271637
1074,316.1,0.822796404361725
1075,316.3,0.151023209095001
1076,317.0,0.0533897317945957
1077,317.2,0.272321939468384
1078,317.3,0.0240082312375307
1079,319.5,0.0185206364840269
1080,322.6,0.0198925342410803
1081,322.9,0.11123813688755
1082,323.1,0.567737519741058
1083,323.2,0.234480395913124
1084,323.5,0.0179490111768246
1085,324.0,0.0554475821554661
1086,324.1,0.0950039997696877
1087,324.5,0.0187492854893208
1088,324.7,0.0588773302733898
1089,324.9,2.24168276786804
1090,325.1,9.3548641204834
1091,325.2,3.24682760238647
1092,325.4,0.110895164310932
1093,325.9,0.11352463811636
1094,326.0,0.426088958978653
1095,326.2,0.338630378246307
1096,326.4,0.0211501084268093
1097,326.6,0.0177203621715307
1098,326.8,1.16988682746887
1099,327.0,17.1688575744629
1100,327.1,42.5661354064941
1101,327.3,1.18795013427734
1102,327.7,0.121070079505444
1103,327.8,0.112038411200047
1104,328.0,2.13021612167358
1105,328.1,8.17857551574707
1106,328.3,0.493197679519653
1107,328.6,0.021836057305336
1108,328.9,0.554704487323761
1109,329.1,4.59254598617554
1110,329.2,1.87264204025269
1111,329.6,0.0174917113035917
1112,329.9,0.0488167367875576
1113,330.1,0.43031895160675
1114,330.2,0.371327310800552
1115,330.8,0.0746541693806648
1116,331.0,0.846575975418091
1117,331.2,37.5242958068848
1118,331.3,0.445295542478561
1119,331.8,0.0196638852357864
1120,332.0,0.674288332462311
1121,332.2,10.9453525543213
1122,332.3,0.531839489936829
1123,332.5,0.0179490111768246
1124,333.0,0.529667317867279
1125,333.2,4.57288217544556
1126,333.3,0.492283076047897
1127,334.1,0.501314759254456
1128,334.2,0.258831590414047
1129,334.4,0.0194352343678474
1130,335.0,0.0381845198571682
1131,336.3,0.0249228309839964
1132,337.2,0.0194352343678474
1133,337.6,0.0178346857428551
1134,338.7,0.0197782088071108
1135,338.9,0.202469423413277
1136,339.1,1.68080484867096
1137,339.2,0.842803239822388
1138,339.4,0.037612896412611
1139,340.0,0.0182919856160879
1140,340.2,0.128501206636429
1141,340.3,0.0955756232142448
1142,340.6,0.0442437417805195
1143,340.8,0.844746768474579
1144,341.0,25.0500736236572
1145,341.1,72.2421417236328
1146,341.3,3.35166335105896
1147,341.8,0.353492617607117
1148,342.0,6.14793634414673
1149,342.1,14.7487134933472
1150,342.3,1.77432262897491
1151,342.5,0.0570481307804585
1152,342.7,0.0597919300198555
1153,342.9,1.63610374927521
1154,343.1,14.806676864624
1155,343.2,11.3287982940674
1156,343.4,0.133645817637444
1157,343.9,0.0437864400446415
1158,344.1,1.69292330741882
1159,344.2,1.21790325641632
1160,344.4,0.0781982392072678
1161,344.6,0.0691665709018707
1162,344.8,0.0236652567982674
1163,345.0,1.19515264034271
1164,345.1,2.58934497833252
1165,345.3,0.604092836380005
1166,346.0,0.486795485019684
1167,346.2,17.526123046875
1168,346.3,0.745284080505371
1169,346.8,0.0353263989090919
1170,347.0,0.261804044246674
1171,347.2,4.99096822738647
1172,347.3,0.462558597326279
1173,348.0,0.310735106468201
1174,348.2,1.88578939437866
1175,348.3,0.30867725610733
1176,349.1,0.102206468582153
1177,349.3,0.0195495598018169
1178,349.9,0.0189779344946146
1179,352.6,0.0171487368643284
1180,353.2,0.0185206364840269
1181,354.4,0.0187492854893208
1182,354.8,0.512861549854279
1183,355.0,17.1677150726318
1184,355.2,168.640213012695
1185,355.3,10.998514175415
1186,355.5,0.0565908327698708
1187,355.7,0.0171487368643284
1188,355.9,1.82245337963104
1189,356.1,25.2058982849121
1190,356.2,30.4160289764404
1191,356.4,0.576197564601898
1192,356.7,0.0616211257874966
1193,356.8,0.1553675532341
1194,357.0,7.47879266738892
1195,357.2,31.0831146240234
1196,357.3,4.49228286743164
1197,357.5,0.0181776601821184
1198,357.8,0.05670515447855
1199,358.0,1.26683437824249
1200,358.2,3.13398885726929
1201,358.3,0.690179467201233
1202,358.6,0.0377272218465805
1203,358.8,0.190236657857895
1204,359.0,2.28558373451233
1205,359.1,3.73213672637939
1206,359.2,6.95346975326538
1207,359.4,0.183491483330727
1208,359.6,0.0209214594215155
1209,359.9,0.0387561433017254
1210,360.1,0.203384011983871
1211,360.2,0.387675762176514
1212,360.4,0.0776266157627106
1213,360.8,0.0410426445305347
1214,361.1,0.136732593178749
1215,361.2,0.074768491089344
1216,363.0,0.0431004911661148
1217,363.2,0.0740825459361076
1218,364.1,0.0187492854893208
1219,366.5,0.0192065853625536
1220,367.2,0.0187492854893208
1221,367.9,0.0171487368643284
1222,368.7,0.0181776601821184
1223,368.9,0.0681376457214355
1224,369.1,0.557905554771423
1225,369.2,0.343432039022446
1226,369.3,0.319423794746399
1227,370.1,0.0377272218465805
1228,370.2,0.118669256567955
1229,371.1,0.14930833876133
1230,371.2,0.0629930272698402
1231,371.4,0.0768263414502144
1232,371.5,0.0178346857428551
1233,371.9,0.0186349600553513
1234,372.3,0.0195495598018169
1235,372.7,0.0380701944231987
1236,372.8,0.0370412729680538
1237,373.0,1.06425058841705
1238,373.1,1.68594944477081
1239,373.2,2.24614143371582
1240,373.4,0.237224191427231
1241,373.7,0.0188636109232903
1242,373.9,0.0559048801660538
1243,374.2,0.0788841918110847
1244,374.3,0.107922717928886
1245,374.8,0.0401280447840691
1246,375.0,0.0815136581659317
1247,375.1,0.273350864648819
1248,375.3,0.034869097173214
1249,376.3,0.0172630622982979
1250,376.9,0.0176060367375612
1251,377.1,0.034869097173214
1252,377.2,0.0723676681518555
1253,378.3,0.0173773858696222
1254,378.8,0.0196638852357864
1255,382.8,0.0179490111768246
1256,383.2,0.0173773858696222
1257,384.7,0.0185206364840269
1258,385.0,0.0562478564679623
1259,385.1,0.0986623987555504
1260,385.3,0.0547616332769394
1261,385.8,0.0181776601821184
1262,386.0,0.0468732118606567
1263,386.4,0.0184063110500574
1264,386.8,0.100491598248482
1265,387.0,0.305247515439987
1266,387.1,0.357379674911499
1267,387.3,0.0944323763251305
1268,387.8,0.0172630622982979
1269,388.1,0.0174917113035917
1270,389.0,0.486338168382645
1271,389.1,1.62901568412781
1272,389.3,0.120041154325008
1273,389.5,0.0195495598018169
1274,390.0,0.216302737593651
1275,390.1,0.27529439330101
1276,390.3,0.0547616332769394
1277,390.9,0.0226363316178322
1278,391.1,0.139247745275497
1279,391.3,0.0246941801160574
1280,391.9,0.0204641595482826
1281,392.1,0.0210357829928398
1282,392.6,0.0173773858696222
1283,393.0,0.0194352343678474
1284,393.3,0.0380701944231987
1285,397.9,0.0172630622982979
1286,398.7,0.0423002168536186
1287,399.0,0.308334290981293
1288,399.2,0.413741856813431
1289,399.4,0.074997141957283
1290,400.3,0.0386418215930462
1291,400.6,0.0404710173606873
1292,400.8,0.961929798126221
1293,401.0,7.45524168014526
1294,401.1,13.4910259246826
1295,401.3,1.02263629436493
1296,401.7,0.0385274961590767
1297,401.8,0.0958042740821838
1298,402.0,1.05670511722565
1299,402.1,1.58271408081055
1300,402.3,0.147364810109138
1301,402.7,0.0398993939161301
1302,402.8,0.0923745259642601
1303,403.0,0.926489055156708
1304,403.1,1.17971873283386
1305,403.3,0.289013385772705
1306,403.9,0.0176060367375612
1307,404.2,0.0366982966661453
1308,404.8,0.0414999425411224
1309,405.0,0.251171827316284
1310,405.2,24.5325260162354
1311,405.3,0.684691905975342
1312,405.8,0.0490453876554966
1313,406.0,0.253458321094513
1314,406.2,8.41797161102295
1315,406.3,0.922945022583008
1316,406.8,0.0185206364840269
1317,407.0,0.249456956982613
1318,407.2,4.14153432846069
1319,407.3,0.559620440006256
1320,408.0,0.121756032109261
1321,408.2,0.89036238193512
1322,408.3,0.112610034644604
1323,409.1,0.0645935758948326
1324,409.2,0.0516748614609241
1325,413.2,0.0403566919267178
1326,414.8,0.161312445998192
1327,415.0,5.48256540298462
1328,415.2,18.6758880615234
1329,415.3,3.25665950775146
1330,415.5,0.0615068040788174
1331,415.7,0.0379558689892292
1332,415.9,0.474219739437103
1333,416.1,2.34914827346802
1334,416.2,2.09317469596863
1335,416.4,0.224534124135971
1336,416.9,0.240768268704414
1337,417.1,2.08037042617798
1338,417.2,2.04378652572632
1339,417.4,0.120041154325008
1340,418.0,0.125414431095123
1341,418.2,0.287527143955231
1342,418.4,0.0969475284218788
1343,419.0,0.0179490111768246
1344,419.1,0.19115124642849
1345,419.3,0.0174917113035917
1346,419.8,0.0403566919267178
1347,420.3,0.0713387429714203
1348,421.3,0.0544186569750309
1349,421.5,0.0211501084268093
1350,423.1,0.0204641595482826
1351,424.0,0.0222933571785688
1352,424.6,0.0174917113035917
1353,428.8,0.267062991857529
1354,429.0,4.53961372375488
1355,429.2,22.895393371582
1356,429.3,6.79524421691895
1357,429.5,0.0396707430481911
1358,429.8,0.0243512056767941
1359,430.0,1.49651312828064
1360,430.2,4.84337472915649
1361,430.3,1.66034066677094
1362,430.5,0.0852863863110542
1363,430.7,0.0202355086803436
1364,430.9,0.250485867261887
1365,431.1,2.70835709571838
1366,431.2,1.90831136703491
1367,431.3,1.57894134521484
1368,431.5,0.0179490111768246
1369,431.9,0.0188636109232903
1370,432.1,0.123013608157635
1371,432.2,0.0788841918110847
1372,432.3,0.150337263941765
1373,432.8,0.0918029025197029
1374,433.1,0.521893203258514
1375,433.2,0.993597805500031
1376,433.4,0.163598954677582
1377,433.9,0.0354407243430614
1378,434.1,0.0353263989090919
1379,434.2,0.126786321401596
1380,435.1,0.0355550460517406
1381,435.3,0.0182919856160879
1382,439.1,0.0187492854893208
1383,441.1,0.0173773858696222
1384,445.1,0.0358980223536491
1385,445.3,0.0188636109232903
1386,446.9,0.0188636109232903
1387,447.1,0.0187492854893208
1388,451.0,0.0178346857428551
1389,451.3,0.0181776601821184
1390,452.5,0.0173773858696222
1391,453.0,0.0196638852357864
1392,459.0,0.0194352343678474
1393,459.2,0.0713387429714203
1394,460.8,0.0421858914196491
1395,461.0,0.553675532341003
1396,461.1,0.468846470117569
1397,461.2,0.498799592256546
1398,461.5,0.0386418215930462
1399,461.8,0.0173773858696222
1400,462.1,0.141419917345047
1401,463.1,0.0200068596750498
1402,463.3,0.0209214594215155
1403,464.3,0.0196638852357864
1404,465.1,0.0349834226071835
1405,466.1,0.0356693714857101
1406,466.7,0.0185206364840269
1407,473.1,0.0172630622982979
1408,474.7,0.0182919856160879
1409,474.9,0.317823261022568
1410,475.0,0.494112253189087
1411,475.2,3.25368690490723
1412,475.3,0.99782782793045
1413,475.5,0.0405853427946568
1414,475.8,0.0186349600553513
1415,476.0,0.118554934859276
1416,476.2,0.220532760024071
1417,476.3,0.167371675372124
1418,476.6,0.0200068596750498
1419,477.0,0.0379558689892292
1420,477.1,0.13444609940052
1421,477.3,0.0727106407284737
1422,478.1,0.0559048801660538
1423,478.9,0.0185206364840269
1424,479.1,0.465302377939224
1425,479.2,1.70298385620117
1426,479.5,0.0177203621715307
1427,479.9,0.0864296332001686
1428,480.0,0.0181776601821184
1429,480.2,0.517205893993378
1430,480.3,0.32136732339859
1431,480.9,0.0274379793554544
1432,481.2,0.291185557842255
1433,481.4,0.0290385279804468
1434,482.2,0.0195495598018169
1435,483.8,0.0186349600553513
1436,487.2,0.0209214594215155
1437,488.8,0.0525894574820995
1438,489.0,1.01772034168243
1439,489.2,4.66171264648438
1440,489.3,2.26752018928528
1441,489.9,0.05670515447855
1442,490.1,0.374642729759216
1443,490.2,0.601463377475739
1444,490.4,0.149765640497208
1445,491.0,0.0940894037485123
1446,491.1,0.235966622829437
1447,491.3,0.284326046705246
1448,491.5,0.0213787592947483
1449,491.9,0.0402423702180386
1450,492.2,0.0198925342410803
1451,492.5,0.0187492854893208
1452,493.2,0.0815136581659317
1453,495.0,0.0171487368643284
1454,497.0,0.0192065853625536
1455,500.6,0.0190922599285841
1456,501.3,0.0192065853625536
1457,502.8,0.0225220080465078
1458,503.0,0.096375897526741
1459,503.1,0.789299190044403
1460,503.3,0.347319066524506
1461,503.5,0.0176060367375612
1462,504.0,0.0174917113035917
1463,504.2,0.0773979648947716
1464,504.3,0.155253231525421
1465,505.1,0.0756830945611
1466,505.2,0.0212644338607788
1467,505.4,0.062650054693222
1468,507.0,0.0194352343678474
1469,507.1,0.0953469797968864
1470,507.3,0.0389847941696644
1471,508.2,0.0171487368643284
1472,510.6,0.0179490111768246
1473,511.1,0.0204641595482826
1474,512.1,0.0171487368643284
1475,519.1,0.0180633366107941
1476,519.9,0.0173773858696222
1477,521.0,0.0184063110500574
1478,526.2,0.0202355086803436
1479,533.1,0.0172630622982979
1480,534.6,0.0176060367375612
1481,534.9,0.0562478564679623
1482,535.0,0.194352343678474
1483,535.2,0.151937812566757
1484,536.0,0.0475591644644737
1485,536.5,0.0176060367375612
1486,537.0,0.0179490111768246
1487,537.3,0.0190922599285841
1488,539.2,0.0370412729680538
1489,544.2,0.0174917113035917
1490,549.0,0.0400137193500996
1491,549.2,0.480736255645752
1492,549.3,0.307534009218216
1493,549.8,0.0186349600553513
