#"+ Scan (rt: 0.088-65.997 min, 11533 scans) 030321_CACO3_2.D "
#Point,X(Thompsons),Y(Counts)
0,50.2,70.8375930786133
1,50.3,9.91216468811035
2,50.7,0.0273996349424124
3,50.9,1.66834306716919
4,51.1,53.1715927124023
5,51.2,44.417064666748
6,51.3,12.8244171142578
7,51.5,0.106650479137897
8,51.9,0.617965817451477
9,52.1,13.8692445755005
10,52.2,13.4336252212524
11,52.4,0.445590913295746
12,52.7,0.0270528048276901
13,52.9,0.411601483821869
14,53.1,11.4429893493652
15,53.2,11.5815486907959
16,53.4,0.425127893686295
17,53.8,0.0134396944195032
18,54.0,4.29281187057495
19,54.2,64.6852493286133
20,54.3,10.7223615646362
21,54.5,0.0490765646100044
22,54.7,0.0543657317757607
23,54.9,0.722882151603699
24,55.1,30.8720188140869
25,55.2,46.790340423584
26,55.4,1.68065547943115
27,55.9,0.221711605787277
28,56.1,6.02245712280273
29,56.2,9.49865627288818
30,56.4,0.668689846992493
31,56.8,0.0846267268061638
32,57.0,4.98595333099365
33,57.2,40.5133094787598
34,57.3,15.3098068237305
35,57.5,0.135870978236198
36,57.9,0.130841925740242
37,58.1,0.439694792032242
38,58.2,0.629497945308685
39,58.4,0.0841064751148224
40,58.6,0.0130061563104391
41,58.8,0.0291337892413139
42,59.0,5.56715488433838
43,59.2,28.6341800689697
44,59.3,4.38246774673462
45,59.6,0.0284401290118694
46,59.9,0.0317350216209888
47,60.1,0.180091917514801
48,60.2,0.0985866636037827
49,60.8,0.0160409267991781
50,61.0,1.85363733768463
51,61.2,5.93314838409424
52,61.3,0.791381239891052
53,61.9,0.0296540353447199
54,62.1,0.283013969659805
55,62.2,0.2085320353508
56,62.3,0.129454612731934
57,62.7,0.0136131104081869
58,62.9,0.590566217899323
59,63.1,9.07491588592529
60,63.2,7.39365291595459
61,63.4,0.298274517059326
62,63.7,0.0434405617415905
63,63.9,1.46614062786102
64,64.1,12.6190929412842
65,64.2,4.17280864715576
66,64.4,0.248851120471954
67,64.8,0.0272262208163738
68,65.0,8.12867450714111
69,65.2,55.3975563049316
70,65.3,10.6758003234863
71,65.5,0.0302609894424677
72,65.9,0.389837861061096
73,66.1,3.40076303482056
74,66.2,2.60227179527283
75,66.4,0.131882429122925
76,66.6,0.0134396944195032
77,66.8,0.0534119494259357
78,67.0,3.40570545196533
79,67.2,12.1580677032471
80,67.3,3.16084289550781
81,67.5,0.0133529873564839
82,67.7,0.0269660968333483
83,67.9,0.126159712672234
84,68.1,0.545564889907837
85,68.2,0.669210076332092
86,68.4,0.0730078890919685
87,68.8,0.121564209461212
88,69.0,4.31110715866089
89,69.2,21.4726428985596
90,69.3,6.50420522689819
91,69.4,1.02254402637482
92,69.6,0.0138732334598899
93,69.8,0.0867077112197876
94,70.0,0.877135157585144
95,70.2,3.54677891731262
96,70.3,1.42495453357697
97,70.5,0.042660191655159
98,70.8,0.0281800050288439
99,71.0,4.00615644454956
100,71.1,10.9716463088989
101,71.2,23.7838382720947
102,71.4,1.51747155189514
103,71.6,0.0132662793621421
104,71.9,0.042660191655159
105,72.1,0.343535929918289
106,72.2,0.37657156586647
107,72.4,0.0443076379597187
108,72.7,0.0149137256667018
109,72.9,1.63322639465332
110,73.1,118.508453369141
111,73.2,1031.61401367188
112,73.4,1.05922138690948
113,73.8,0.0562733039259911
114,74.0,7.30876636505127
115,74.2,105.867942810059
116,74.3,11.3026094436646
117,74.5,0.0287869591265917
118,74.8,0.197606861591339
119,75.0,12.461371421814
120,75.2,120.674415588379
121,75.3,8.44983959197998
122,75.6,0.057227086275816
123,75.8,0.106737188994884
124,76.0,9.10777759552002
125,76.2,38.2958450317383
126,76.3,8.40830612182617
127,76.5,0.0604352727532387
128,76.8,0.296973913908005
129,77.0,30.7795028686523
130,77.2,282.306518554688
131,77.3,27.3548946380615
132,77.5,0.150697991251945
133,77.6,0.128067284822464
134,77.8,0.232896909117699
135,78.0,32.8354301452637
136,78.2,293.343872070313
137,78.3,40.4412536621094
138,78.6,0.117488943040371
139,78.9,4.30772542953491
140,79.1,251.888671875
141,79.2,122.839935302734
142,79.4,0.311714202165604
143,79.7,0.0146536026149988
144,79.9,1.28639554977417
145,80.1,11.0041618347168
146,80.2,8.48946475982666
147,80.4,0.383941739797592
148,80.7,0.0739616751670837
149,80.9,3.90479493141174
150,81.1,327.326354980469
151,81.2,126.246162414551
152,81.4,0.290991067886353
153,81.6,0.0288736671209335
154,81.8,0.339807510375977
155,82.0,8.32853507995605
156,82.2,18.0235843658447
157,82.3,3.11436748504639
158,82.5,0.157894730567932
159,82.6,0.0663313940167427
160,82.9,1.64952743053436
161,83.1,13.3806467056274
162,83.2,12.7107429504395
163,83.4,0.655250132083893
164,83.5,0.126246422529221
165,83.7,0.0130061563104391
166,83.9,0.12572617828846
167,84.1,0.717419564723969
168,84.2,0.370502024888992
169,84.3,0.423827290534973
170,84.6,0.132922917604446
171,84.8,0.601491391658783
172,85.0,40.3722343444824
173,85.1,111.348823547363
174,85.3,8.07673645019531
175,85.7,0.0280065890401602
176,86.0,0.0897424817085266
177,86.1,0.114020638167858
178,86.2,0.177490681409836
179,86.4,0.014046648517251
180,86.6,0.0136131104081869
181,86.8,0.202289089560509
182,87.0,6.00008678436279
183,87.1,13.7212343215942
184,87.3,2.93418884277344
185,87.5,0.170380651950836
186,87.7,0.061822596937418
187,87.9,0.562299489974976
188,88.1,1.88008320331573
189,88.2,1.01387321949005
190,88.4,0.208705455064774
191,88.7,0.17272175848484
192,88.9,3.65845823287964
193,89.1,21.6432838439941
194,89.2,12.286828994751
195,89.4,0.468741863965988
196,89.6,0.0300008673220873
197,89.8,0.166392087936401
198,90.0,0.417324185371399
199,90.1,0.788173079490662
200,90.3,0.1874620616436
201,90.4,0.086881123483181
202,90.8,0.308072477579117
203,91.0,19.4501857757568
204,91.2,103.811065673828
205,91.3,20.5821552276611
206,91.5,0.0464753322303295
207,91.9,0.34873840212822
208,92.1,3.97927689552307
209,92.2,4.13535070419312
210,92.4,0.255354195833206
211,92.9,0.39686119556427
212,93.1,3.67536640167236
213,93.2,3.5531952381134
214,93.4,0.101187892258167
215,93.8,0.0587011203169823
216,94.0,1.88502562046051
217,94.2,4.2803258895874
218,94.3,1.20367646217346
219,94.5,0.0587011203169823
220,94.9,0.383855015039444
221,95.1,3.91502642631531
222,95.2,3.51686453819275
223,95.3,3.11254668235779
224,95.5,0.161449760198593
225,95.7,0.328188687562943
226,95.9,10.1980400085449
227,96.0,48.7093544006348
228,96.2,290.182525634766
229,96.3,27.0488166809082
230,96.5,1.10491633415222
231,96.7,1.00502908229828
232,96.9,17.5753917694092
233,97.1,22.3149223327637
234,97.2,10.9263849258423
235,97.3,6.98326539993286
236,97.5,0.189022809267044
237,97.7,0.138645619153976
238,97.9,0.426948755979538
239,98.1,1.05575311183929
240,98.2,0.518425405025482
241,98.3,0.31128066778183
242,98.5,0.0430937297642231
243,98.8,0.0428336076438427
244,99.0,0.411514788866043
245,99.2,1.0550594329834
246,99.3,0.529697418212891
247,99.5,0.0169080030173063
248,99.8,0.0132662793621421
249,100.0,0.0550593957304955
250,100.3,0.082372322678566
251,100.9,0.0131795713678002
252,101.1,0.110205493867397
253,101.2,0.143848091363907
254,101.6,0.0333824679255486
255,101.8,0.0995404496788979
256,101.9,0.327668428421021
257,102.1,1.71898031234741
258,102.2,1.10491633415222
259,102.4,0.0406659133732319
260,102.8,0.590652883052826
261,103.0,24.0867938995361
262,103.1,58.1281547546387
263,103.3,3.50828051567078
264,103.6,0.139599412679672
265,103.8,0.52501517534256
266,104.0,16.5860576629639
267,104.2,59.6236000061035
268,104.3,7.28570175170898
269,104.5,0.107344143092632
270,104.8,0.220671117305756
271,105.0,24.8297920227051
272,105.2,252.761291503906
273,105.3,9.55987167358398
274,105.5,0.0313014835119247
275,105.8,0.280759572982788
276,106.0,4.30495119094849
277,106.2,13.9270792007446
278,106.3,2.944420337677
279,106.5,0.0850602611899376
280,106.8,0.131102055311203
281,106.9,0.432671457529068
282,107.1,4.38385486602783
283,107.2,3.35558819770813
284,107.4,0.160062432289124
285,107.7,0.033642590045929
286,108.1,0.177057147026062
287,108.3,0.232810199260712
288,108.4,0.139859527349472
289,108.8,0.0354634523391724
290,109.0,0.362698346376419
291,109.2,1.59351420402527
292,109.3,0.565854489803314
293,109.6,0.0700598284602165
294,109.8,0.0294806212186813
295,110.0,0.165958553552628
296,110.1,0.223619177937508
297,110.3,0.331743687391281
298,110.4,0.0342495441436768
299,110.5,0.0405792072415352
300,110.7,0.115928202867508
301,111.0,0.725136578083038
302,111.1,1.03953874111176
303,111.3,2.15650749206543
304,111.4,0.479753762483597
305,111.6,0.0862741693854332
306,111.8,0.0433538556098938
307,112.0,0.305384546518326
308,112.1,0.644845247268677
309,112.3,0.196913212537766
310,112.5,0.013092864304781
311,112.8,0.0415329933166504
312,113.0,0.237145587801933
313,113.1,0.254487127065659
314,113.3,0.664527893066406
315,113.4,0.0421399474143982
316,113.5,0.0438740998506546
317,113.7,0.0136998174712062
318,113.9,0.0273996349424124
319,114.1,0.0722275227308273
320,114.4,0.0163877569139004
321,114.7,0.0496835187077522
322,114.9,2.79805779457092
323,115.1,33.9539566040039
324,115.2,20.8333473205566
325,115.4,0.180958986282349
326,115.8,0.0476025305688381
327,116.0,0.556490063667297
328,116.2,1.17090094089508
329,116.3,0.384115159511566
330,116.5,0.0208965577185154
331,116.8,0.301049172878265
332,117.0,9.23558521270752
333,117.1,13.8242435455322
334,117.2,15.4586839675903
335,117.4,0.258909225463867
336,117.6,0.0745686292648315
337,117.8,0.282320290803909
338,118.0,3.81921434402466
339,118.2,9.279372215271
340,118.3,3.05644679069519
341,118.5,0.104742914438248
342,118.7,0.0743952170014381
343,118.9,2.67866134643555
344,119.1,72.3058166503906
345,119.2,36.7199325561523
346,119.4,0.143067717552185
347,119.6,0.0429203137755394
348,119.9,0.632359325885773
349,120.0,1.28197348117828
350,120.1,3.39209222793579
351,120.3,0.83603572845459
352,120.5,0.0482961945235729
353,120.6,0.0784704759716988
354,120.9,2.9446804523468
355,121.1,49.115234375
356,121.2,30.3672943115234
357,121.4,0.24243475496769
358,121.7,0.082285612821579
359,121.9,2.50325155258179
360,122.1,35.6871604919434
361,122.2,26.7415237426758
362,122.4,0.308939576148987
363,122.6,0.0135264024138451
364,122.8,0.083846352994442
365,123.0,1.50507235527039
366,123.1,4.76953077316284
367,123.3,1.1683863401413
368,123.5,0.0273996349424124
369,123.8,0.0284401290118694
370,124.0,0.0313014835119247
371,124.1,0.0164744649082422
372,124.2,0.088528573513031
373,124.5,0.0439608097076416
374,124.7,0.102315098047256
375,124.9,2.32350635528564
376,125.1,8.92924690246582
377,125.2,7.06138896942139
378,125.4,1.29974853992462
379,125.6,0.317697048187256
380,125.9,1.04838287830353
381,126.1,1.99679183959961
382,126.2,1.53862833976746
383,126.4,0.167779415845871
384,126.6,0.0132662793621421
385,126.8,0.0946848168969154
386,127.0,0.767189800739288
387,127.2,1.50524580478668
388,127.3,0.403711080551147
389,127.4,0.160062432289124
390,127.7,0.0141333565115929
391,127.9,0.488597929477692
392,128.0,0.828925669193268
393,128.2,2.73398065567017
394,128.3,0.769184052944183
395,128.5,0.0138732334598899
396,128.6,0.0698864161968231
397,128.9,0.779068768024445
398,129.1,5.5316047668457
399,129.2,4.4999566078186
400,129.4,0.143154427409172
401,129.9,0.121997743844986
402,130.1,0.966530799865723
403,130.2,0.861267685890198
404,130.4,0.0916500464081764
405,130.6,0.0737015530467033
406,130.8,0.154513135552406
407,131.0,6.88927412033081
408,131.2,23.6150169372559
409,131.3,4.17870473861694
410,131.5,0.0312147755175829
411,131.8,0.27469003200531
412,132.0,3.37995314598083
413,132.2,8.3705883026123
414,132.3,1.40310418605804
415,132.4,0.215295240283012
416,132.6,0.0281800050288439
417,132.8,0.829012393951416
418,133.0,46.396167755127
419,133.1,333.241912841797
420,133.3,7.15000438690186
421,133.5,0.195352464914322
422,133.8,1.37423050403595
423,134.0,17.8001384735107
424,134.1,29.5642929077148
425,134.3,3.82268261909485
426,134.4,0.807769000530243
427,134.8,0.137778550386429
428,135.0,11.3089399337769
429,135.2,277.963592529297
430,135.3,10.1643114089966
431,135.6,0.0287002511322498
432,135.8,0.0745686292648315
433,136.0,8.15173816680908
434,136.2,31.8918762207031
435,136.3,6.56984329223633
436,136.5,0.214254751801491
437,136.8,0.460938185453415
438,137.0,20.350212097168
439,137.1,73.7200241088867
440,137.3,4.2476372718811
441,137.4,0.336339205503464
442,137.8,0.144455045461655
443,138.0,0.932974934577942
444,138.1,2.27364945411682
445,138.3,0.42746901512146
446,138.5,0.013092864304781
447,138.7,0.0456082560122013
448,138.9,1.583456158638
449,139.1,14.7275648117065
450,139.2,9.84756755828857
451,139.4,0.212694004178047
452,139.8,0.0300875753164291
453,140.0,0.115928202867508
454,140.2,0.154773265123367
455,140.3,0.0290470831096172
456,140.6,0.0268793888390064
457,140.8,0.082459032535553
458,141.0,0.79424262046814
459,141.1,0.716465771198273
460,141.2,1.43171763420105
461,141.4,0.114194050431252
462,141.7,0.0136131104081869
463,141.9,0.0292204972356558
464,142.1,0.219197079539299
465,142.3,0.12243128567934
466,142.4,0.0294806212186813
467,142.9,0.106563776731491
468,143.1,0.463712811470032
469,143.2,0.283274084329605
470,143.3,0.250845402479172
471,143.5,0.0316483117640018
472,143.7,0.0153472647070885
473,143.9,0.039712131023407
474,144.0,0.10795109719038
475,144.2,0.0479493625462055
476,144.3,0.116621866822243
477,144.6,0.0402323752641678
478,144.8,0.10821121931076
479,145.0,4.73606157302856
480,145.2,15.6126766204834
481,145.3,3.1921443939209
482,145.5,0.0470822863280773
483,145.9,0.205930814146996
484,146.1,0.874880790710449
485,146.2,0.610769093036652
486,146.7,0.0688459202647209
487,146.9,2.81427216529846
488,147.1,225.434051513672
489,147.2,406.242858886719
490,147.4,0.377091825008392
491,147.7,0.0309546515345573
492,148.0,9.12321186065674
493,148.2,97.4453277587891
494,148.3,12.2024621963501
495,148.4,0.649267315864563
496,148.8,0.443596631288528
497,149.0,30.2289085388184
498,149.1,351.853454589844
499,149.3,4.06346988677979
500,149.6,0.0274863429367542
501,149.8,0.258388966321945
502,149.9,2.11514782905579
503,150.1,19.8139247894287
504,150.2,14.4489727020264
505,150.4,0.42087921500206
506,150.6,0.094337984919548
507,150.8,0.229515299201012
508,151.0,13.4853029251099
509,151.2,44.1166229248047
510,151.3,4.92759895324707
511,151.7,0.0150871416553855
512,151.9,0.669383525848389
513,152.1,7.42434740066528
514,152.2,6.10075426101685
515,152.4,0.416890650987625
516,152.6,0.0339027121663094
517,152.8,0.47663226723671
518,153.0,14.6319255828857
519,153.1,38.4748115539551
520,153.3,3.50958108901978
521,153.5,0.014306771568954
522,153.8,0.130581811070442
523,154.0,2.78713250160217
524,154.2,6.49787569046021
525,154.3,1.77534031867981
526,154.5,0.208445325493813
527,154.7,0.118789561092854
528,154.9,3.36408567428589
529,155.1,24.8977718353271
530,155.2,14.4149827957153
531,155.4,0.313101530075073
532,155.6,0.0456082560122013
533,155.8,0.232550069689751
534,156.0,1.46986901760101
535,156.2,2.75574445724487
536,156.3,1.0017341375351
537,156.5,0.026619266718626
538,156.7,0.177057147026062
539,156.9,0.332870900630951
540,157.0,0.237839236855507
541,157.2,0.783490836620331
542,157.3,0.284141153097153
543,157.4,0.0424867756664753
544,157.7,0.0146536026149988
545,157.9,0.0939911529421806
546,158.0,0.433018296957016
547,158.2,0.316136300563812
548,158.5,0.0445677638053894
549,158.8,0.119483225047588
550,159.0,1.4983092546463
551,159.1,2.67900800704956
552,159.3,0.60313880443573
553,159.8,0.0277464669197798
554,160.0,0.0721408128738403
555,160.3,0.101274602115154
556,160.5,0.0678054243326187
557,160.8,0.853810787200928
558,161.0,12.9467611312866
559,161.1,16.0045948028564
560,161.3,0.815919518470764
561,161.5,0.0134396944195032
562,161.7,0.0844533070921898
563,161.8,0.197606861591339
564,162.0,1.54140293598175
565,162.1,2.74022364616394
566,162.3,0.571750640869141
567,162.4,0.162576958537102
568,162.7,0.16942685842514
569,162.9,10.5228471755981
570,163.0,27.0648574829102
571,163.1,48.1264190673828
572,163.3,1.42417407035828
573,163.6,0.0570536702871323
574,163.8,0.132402673363686
575,164.0,2.12867426872253
576,164.2,2.39131188392639
577,164.3,0.365212857723236
578,164.5,0.0954651832580566
579,164.8,0.716118991374969
580,165.0,16.8006591796875
581,165.1,28.5794677734375
582,165.3,2.85259699821472
583,165.5,0.312061041593552
584,165.8,0.861267685890198
585,166.0,26.8067283630371
586,166.1,64.8218994140625
587,166.3,4.43206453323364
588,166.4,0.355848431587219
589,166.7,0.0200294815003872
590,166.9,0.768923938274384
591,167.1,5.0835862159729
592,167.2,3.01612758636475
593,167.4,0.0987600833177567
594,167.8,0.0135264024138451
595,168.0,0.134050115942955
596,168.1,0.047255702316761
597,168.3,0.119916759431362
598,168.5,0.0404925011098385
599,168.8,0.0268793888390064
600,169.0,0.0588745325803757
601,169.1,0.0935576185584068
602,169.2,0.142200648784637
603,169.4,0.0714471489191055
604,169.7,0.0423133634030819
605,169.9,0.0290470831096172
606,170.1,0.189976587891579
607,170.3,0.147229686379433
608,170.5,0.0403190851211548
609,170.9,0.042660191655159
610,171.1,0.142200648784637
611,171.3,0.154339715838432
612,171.5,0.0262724347412586
613,172.0,0.0283534210175276
614,172.3,0.0410994552075863
615,172.5,0.0136131104081869
616,172.8,0.0439608097076416
617,173.0,0.143674671649933
618,173.2,0.246423304080963
619,173.4,0.0783837661147118
620,174.1,0.0847134292125702
621,174.3,0.0300875753164291
622,174.5,0.0437873937189579
623,174.8,0.0700598284602165
624,175.0,0.847047626972198
625,175.1,1.96644413471222
626,175.3,0.308159202337265
627,175.6,0.0260123126208782
628,175.8,0.389577746391296
629,175.9,1.75652480125427
630,176.1,11.9904623031616
631,176.2,6.07318115234375
632,176.4,0.293418884277344
633,176.7,0.157114371657372
634,176.9,5.97745609283447
635,177.1,112.13777923584
636,177.2,23.1030960083008
637,177.4,0.0859273374080658
638,177.6,0.0132662793621421
639,177.8,0.388623952865601
640,178.0,11.5636863708496
641,178.1,19.5397548675537
642,178.3,2.14506196975708
643,178.5,0.109338417649269
644,178.8,0.703286230564117
645,179.0,19.5799884796143
646,179.1,42.5538902282715
647,179.3,1.82146883010864
648,179.9,0.37769877910614
649,180.1,2.76666951179504
650,180.2,1.34960544109344
651,180.4,0.0478626564145088
652,180.6,0.041186161339283
653,180.8,0.0875747874379158
654,181.0,2.51417660713196
655,181.1,5.15824174880981
656,181.3,0.6111159324646
657,181.5,0.0293072052299976
658,182.0,0.0901760160923004
659,182.2,0.196219548583031
660,182.4,0.0430070236325264
661,182.5,0.013786525465548
662,182.7,0.0152605567127466
663,182.9,0.0280065890401602
664,183.1,0.286048740148544
665,183.2,0.211740225553513
666,183.9,0.014566894620657
667,184.1,0.0591346584260464
668,184.5,0.0133529873564839
669,185.0,0.110985867679119
670,185.1,0.030174283310771
671,185.3,0.0856672152876854
672,185.4,0.044220931828022
673,185.7,0.0300008673220873
674,185.9,0.0131795713678002
675,186.1,0.0134396944195032
676,186.2,0.0743952170014381
677,186.9,0.0309546515345573
678,187.1,0.136998176574707
679,187.3,0.060348566621542
680,187.4,0.0132662793621421
681,187.8,0.0132662793621421
682,188.1,0.0276597589254379
683,188.2,0.0146536026149988
684,188.5,0.0272262208163738
685,188.7,0.0312147755175829
686,188.9,1.21720278263092
687,189.1,9.82198905944824
688,189.2,5.51495695114136
689,189.4,0.107517555356026
690,189.6,0.0264458507299423
691,189.9,0.205150440335274
692,190.1,0.707101345062256
693,190.2,0.833607912063599
694,190.4,0.041186161339283
695,190.7,0.086967833340168
696,190.9,11.9765892028809
697,191.1,401.506011962891
698,191.2,68.7832336425781
699,191.3,3.30599141120911
700,191.5,0.0197693575173616
701,191.7,0.0317350216209888
702,191.9,3.33980751037598
703,192.1,69.1720275878906
704,192.2,36.8832931518555
705,192.4,0.385155647993088
706,192.6,0.171854674816132
707,192.8,1.00884413719177
708,193.0,36.1256408691406
709,193.1,523.417785644531
710,193.3,4.59923696517944
711,193.5,0.0448278859257698
712,193.8,0.227260902523994
713,194.0,16.837682723999
714,194.1,79.2749481201172
715,194.3,4.07881736755371
716,194.8,0.415069788694382
717,195.0,17.5561428070068
718,195.1,50.8967323303223
719,195.3,2.56455397605896
720,195.5,0.0273129288107157
721,195.8,0.013786525465548
722,196.0,0.623775243759155
723,196.2,1.51461029052734
724,196.3,0.54166305065155
725,196.5,0.0132662793621421
726,196.6,0.0734414309263229
727,196.9,1.50290465354919
728,197.1,12.3317432403564
729,197.2,7.94658803939819
730,197.4,0.163444027304649
731,197.9,0.162750363349915
732,198.1,0.76909738779068
733,198.2,0.476979106664658
734,198.3,0.336339205503464
735,198.5,0.0298274513334036
736,198.7,0.0430937297642231
737,198.9,0.0156940948218107
738,199.1,0.145148709416389
739,199.2,0.10959853976965
740,199.4,0.0131795713678002
741,200.0,0.0443076379597187
742,200.2,0.228648230433464
743,200.3,0.0747420415282249
744,200.5,0.0299141593277454
745,200.8,0.0302609894424677
746,201.0,0.0425734855234623
747,201.2,0.1041359603405
748,201.4,0.0294806212186813
749,201.7,0.0142200645059347
750,201.9,0.0542790256440639
751,202.0,0.103875838220119
752,202.3,0.131102055311203
753,202.5,0.0312147755175829
754,202.7,0.080811582505703
755,202.9,1.65013444423676
756,203.1,16.7515830993652
757,203.2,12.3387670516968
758,203.4,0.334691762924194
759,204.0,0.199427723884583
760,204.1,0.222231850028038
761,204.2,0.206364348530769
762,204.5,0.0267059747129679
763,204.7,0.0399722531437874
764,204.9,2.60426592826843
765,205.1,29.1712474822998
766,205.2,15.6367816925049
767,205.3,3.68750548362732
768,205.6,0.0305211134254932
769,205.8,0.175583109259605
770,206.0,2.25994968414307
771,206.1,1.03416287899017
772,206.4,0.0133529873564839
773,207.0,26.661319732666
774,207.1,4822.794921875
775,207.3,0.322639375925064
776,207.9,8.07777690887451
777,208.1,618.944396972656
778,208.2,421.893432617188
779,208.4,0.44983959197998
780,208.7,0.213387668132782
781,208.9,8.44012832641602
782,209.1,419.057067871094
783,209.2,272.386962890625
784,209.4,0.46431976556778
785,209.6,0.0134396944195032
786,209.9,2.27382302284241
787,210.1,51.3218574523926
788,210.2,35.3255882263184
789,210.4,0.329402595758438
790,210.7,0.0742217972874641
791,210.9,2.71221709251404
792,211.1,120.174285888672
793,211.2,76.6170120239258
794,211.4,0.15988901257515
795,211.9,1.60712742805481
796,212.1,15.9507503509521
797,212.2,11.1350040435791
798,212.4,0.462845742702484
799,212.5,0.101794846355915
800,212.7,0.0313014835119247
801,212.9,2.13881897926331
802,213.1,42.1492233276367
803,213.2,25.6360015869141
804,213.3,4.59282064437866
805,213.5,0.0184687413275242
806,213.8,0.0313881896436214
807,214.0,0.647706568241119
808,214.2,2.24338865280151
809,214.3,0.514783680438995
810,214.5,0.0162143409252167
811,214.7,0.108991585671902
812,214.9,2.48755741119385
813,215.0,6.70762157440186
814,215.2,21.9034080505371
815,215.3,2.85172986984253
816,215.5,0.0189889874309301
817,215.9,0.0576606243848801
818,216.0,0.222318559885025
819,216.2,0.113587096333504
820,216.3,0.0404057912528515
821,216.7,0.0131795713678002
822,216.9,0.0754357054829597
823,217.1,0.210526317358017
824,217.2,0.203849822282791
825,217.4,0.026619266718626
826,217.9,0.0135264024138451
827,218.1,0.0567068420350552
828,218.8,0.0588745325803757
829,219.0,1.18356025218964
830,219.1,2.41030097007751
831,219.3,0.475765198469162
832,219.6,0.0515043772757053
833,219.8,0.0313881896436214
834,220.0,0.285094946622849
835,220.1,0.87158590555191
836,220.3,0.296280235052109
837,220.4,0.103268884122372
838,220.8,0.184340581297874
839,221.0,5.13379001617432
840,221.2,459.895172119141
841,221.3,15.5909996032715
842,221.6,0.0717072784900665
843,221.8,0.0391918830573559
844,222.0,5.82103538513184
845,222.2,92.6875076293945
846,222.3,11.6630535125732
847,222.6,0.163444027304649
848,222.8,0.110032081604004
849,223.0,11.126766204834
850,223.2,86.6466674804688
851,223.3,6.70267915725708
852,223.7,0.0284401290118694
853,223.9,0.68672502040863
854,224.1,5.64233064651489
855,224.2,5.08349943161011
856,224.4,0.35255354642868
857,224.7,0.0289603751152754
858,224.8,0.0139599414542317
859,225.0,8.99635791778564
860,225.2,268.812622070313
861,225.3,3.95647263526917
862,225.6,0.0135264024138451
863,225.9,1.84860837459564
864,226.1,31.1733283996582
865,226.2,22.1695137023926
866,226.3,4.95317792892456
867,226.6,0.013092864304781
868,226.9,2.27122163772583
869,227.1,29.6433715820313
870,227.2,20.086275100708
871,227.4,0.135610848665237
872,227.8,0.0491632707417011
873,228.0,0.512009024620056
874,228.1,0.8191277384758
875,228.2,0.956646144390106
876,228.4,0.0540189035236835
877,228.6,0.0283534210175276
878,228.8,0.0909563824534416
879,229.0,0.879476308822632
880,229.2,1.87028527259827
881,229.3,0.390704929828644
882,229.8,0.0269660968333483
883,230.0,0.521200060844421
884,230.2,1.4999566078186
885,230.3,0.720194220542908
886,230.5,0.0153472647070885
887,230.7,0.0292204972356558
888,230.9,0.102141678333282
889,231.1,0.189109519124031
890,231.2,0.232896909117699
891,231.4,0.0330356359481812
892,231.8,0.014306771568954
893,232.2,0.014306771568954
894,232.5,0.0412728674709797
895,233.1,0.226740658283234
896,233.2,0.192751228809357
897,233.5,0.0139599414542317
898,233.9,0.0287002511322498
899,234.2,0.0408393293619156
900,234.4,0.0148270176723599
901,234.8,0.179224833846092
902,235.0,1.98023068904877
903,235.1,3.15104484558105
904,235.3,0.452961057424545
905,235.9,0.0453481301665306
906,236.1,0.218850255012512
907,236.3,0.0847134292125702
908,236.5,0.0152605567127466
909,236.7,0.014306771568954
910,236.9,1.02991414070129
911,237.0,1.66816961765289
912,237.1,3.93991160392761
913,237.3,0.823809921741486
914,237.5,0.0276597589254379
915,237.9,0.0845400169491768
916,238.1,0.268793880939484
917,238.2,0.210179477930069
918,238.5,0.0417931154370308
919,238.8,0.0694528743624687
920,238.9,0.0585277043282986
921,239.1,0.717679679393768
922,239.2,0.333737969398499
923,239.3,0.271568536758423
924,239.5,0.028093297034502
925,239.7,0.0133529873564839
926,239.9,0.0417931154370308
927,240.2,0.0564467199146748
928,240.9,0.0326020978391171
929,241.1,0.223619177937508
930,241.3,0.0295673292130232
931,241.9,0.0849735513329506
932,242.1,0.144368335604668
933,242.2,0.130408391356468
934,242.4,0.0267059747129679
935,242.9,0.0142200645059347
936,243.1,0.0299141593277454
937,244.0,0.0410994552075863
938,244.3,0.013092864304781
939,244.8,0.0131795713678002
940,245.0,0.013786525465548
941,245.1,0.144194915890694
942,245.4,0.0702332407236099
943,245.5,0.0287869591265917
944,246.2,0.0268793888390064
945,246.4,0.013092864304781
946,246.6,0.0131795713678002
947,246.9,0.045694962143898
948,247.1,0.0895690619945526
949,247.3,0.0699731186032295
950,248.2,0.0306078214198351
951,248.3,0.0400589630007744
952,248.6,0.0277464669197798
953,248.8,0.81063038110733
954,249.0,40.9155464172363
955,249.1,61.5741767883301
956,249.3,0.502471148967743
957,249.8,0.438480883836746
958,250.0,7.58432340621948
959,250.1,9.60478591918945
960,250.3,0.679788410663605
961,250.5,0.0437873937189579
962,250.7,0.109251715242863
963,250.9,5.98283195495605
964,251.1,66.9966201782227
965,251.2,15.3263673782349
966,251.4,0.0819387808442116
967,251.7,0.0707534924149513
968,251.8,0.356195271015167
969,252.0,6.13205575942993
970,252.1,9.61917972564697
971,252.3,1.06589782238007
972,252.4,0.23064249753952
973,252.7,0.0708401948213577
974,252.9,6.00580930709839
975,253.1,68.9036712646484
976,253.2,23.2262210845947
977,253.4,0.124859102070332
978,253.7,0.0606953948736191
979,253.8,0.15061129629612
980,254.0,2.84245204925537
981,254.1,6.35905647277832
982,254.3,0.861527800559998
983,254.6,0.013092864304781
984,254.8,0.215555369853973
985,255.0,4.14627599716187
986,255.1,7.64735984802246
987,255.3,0.866470158100128
988,255.7,0.0141333565115929
989,256.0,0.0576606243848801
990,256.2,0.193705022335052
991,256.3,0.0150871416553855
992,256.9,0.0150871416553855
993,257.0,0.100234113633633
994,257.3,0.0280065890401602
995,258.0,0.028093297034502
996,259.1,0.0138732334598899
997,259.4,0.0150004336610436
998,260.1,0.0274863429367542
999,260.4,0.0144801875576377
1000,260.9,0.0134396944195032
1001,261.2,0.0303476974368095
1002,262.2,0.0308679435402155
1003,262.7,0.0156073877587914
1004,262.9,0.013786525465548
1005,263.1,0.250585287809372
1006,263.3,0.132055833935738
1007,263.4,0.0136998174712062
1008,263.8,0.0149137256667018
1009,264.1,0.0316483117640018
1010,264.3,0.0423133634030819
1011,264.8,0.280586153268814
1012,265.0,24.9060955047607
1013,265.1,115.447761535645
1014,265.3,1.83048641681671
1015,265.8,0.501690804958344
1016,266.0,9.78947353363037
1017,266.2,21.1306686401367
1018,266.3,2.38003993034363
1019,266.6,0.0130061563104391
1020,266.8,0.94528740644455
1021,267.0,46.919189453125
1022,267.1,306.055145263672
1023,267.3,1.89534378051758
1024,267.5,0.0309546515345573
1025,267.8,0.540275752544403
1026,268.0,25.4375267028809
1027,268.1,59.0339889526367
1028,268.3,2.41194820404053
1029,268.5,0.0633833333849907
1030,268.8,0.581115067005157
1031,269.0,20.7200202941895
1032,269.1,86.6716384887695
1033,269.3,3.31526923179626
1034,269.8,0.184774130582809
1035,270.0,3.53654718399048
1036,270.1,7.85346412658691
1037,270.3,1.55891788005829
1038,270.5,0.0383248068392277
1039,270.7,0.127807155251503
1040,270.9,2.95768666267395
1041,271.1,18.9086971282959
1042,271.2,10.7399635314941
1043,271.4,0.242348045110703
1044,271.7,0.0141333565115929
1045,271.9,0.141073435544968
1046,272.0,0.0886152759194374
1047,272.1,0.438740998506546
1048,272.3,0.0827191546559334
1049,272.6,0.0282667130231857
1050,273.0,0.191884160041809
1051,273.2,0.485129624605179
1052,273.3,0.0922570005059242
1053,273.7,0.0273129288107157
1054,273.9,0.0731813088059425
1055,274.1,0.0584409944713116
1056,274.2,0.230729207396507
1057,274.4,0.0309546515345573
1058,274.6,0.026619266718626
1059,274.9,0.0272262208163738
1060,275.2,0.0274863429367542
1061,275.3,0.0436139777302742
1062,276.1,0.0313881896436214
1063,276.3,0.01708141900599
1064,276.8,0.0404925011098385
1065,277.0,0.0995404496788979
1066,277.4,0.0280065890401602
1067,278.1,0.0156940948218107
1068,278.3,0.013092864304781
1069,278.6,0.0139599414542317
1070,278.8,0.142981007695198
1071,279.0,3.39330625534058
1072,279.2,10.2222318649292
1073,279.3,2.14410829544067
1074,279.6,0.0279198829084635
1075,279.9,0.129888147115707
1076,280.1,1.13682472705841
1077,280.2,0.0676320120692253
1078,280.4,0.044134221971035
1079,280.7,0.186508283019066
1080,280.8,0.669470191001892
1081,281.0,47.4829635620117
1082,281.2,2117.68969726563
1083,281.3,12.8362092971802
1084,281.7,0.0695395842194557
1085,281.9,3.85545825958252
1086,282.1,294.315612792969
1087,282.2,293.714111328125
1088,282.4,0.35446110367775
1089,282.7,0.1874620616436
1090,282.9,2.68707180023193
1091,283.1,219.569229125977
1092,283.2,259.673278808594
1093,283.4,0.248330876231194
1094,283.9,1.42850947380066
1095,284.1,49.9308090209961
1096,284.2,50.7162933349609
1097,284.4,0.649960994720459
1098,284.6,0.0410127453505993
1099,284.9,2.91121125221252
1100,285.1,92.9283828735352
1101,285.2,55.5529365539551
1102,285.4,0.220757827162743
1103,285.8,0.29272523522377
1104,286.0,6.99965333938599
1105,286.1,10.2805862426758
1106,286.2,10.9707794189453
1107,286.4,0.33070319890976
1108,286.7,0.192317694425583
1109,286.9,1.95551896095276
1110,287.1,23.4350128173828
1111,287.2,18.9293327331543
1112,287.4,0.112026356160641
1113,287.6,0.0133529873564839
1114,288.0,0.366860300302505
1115,288.2,0.908870220184326
1116,288.3,0.320558398962021
1117,288.6,0.0141333565115929
1118,288.8,0.18173936009407
1119,289.0,2.60652041435242
1120,289.2,4.90150022506714
1121,289.3,0.847914695739746
1122,290.0,0.0428336076438427
1123,290.1,0.013092864304781
1124,290.2,0.0421399474143982
1125,290.5,0.0134396944195032
1126,290.9,0.0155206797644496
1127,291.1,0.0168212950229645
1128,291.3,0.0547992698848248
1129,291.6,0.0141333565115929
1130,291.8,0.014566894620657
1131,292.1,0.014046648517251
1132,292.7,0.013092864304781
1133,292.9,0.163444027304649
1134,293.1,1.06260299682617
1135,293.2,0.89473682641983
1136,293.4,0.0488164387643337
1137,294.0,0.0478626564145088
1138,294.1,0.0542790256440639
1139,294.3,0.0476025305688381
1140,294.4,0.0718806907534599
1141,294.6,0.0152605567127466
1142,294.8,0.0225440040230751
1143,295.0,7.3385066986084
1144,295.2,73.5149536132813
1145,295.3,12.9540452957153
1146,295.4,0.723402380943298
1147,295.6,0.0180352032184601
1148,295.8,0.100580938160419
1149,296.0,4.50507259368896
1150,296.2,18.3272342681885
1151,296.3,5.58120155334473
1152,296.5,0.085493803024292
1153,296.8,0.417497605085373
1154,297.0,6.19067001342773
1155,297.2,17.87548828125
1156,297.3,5.4143762588501
1157,297.5,0.0652041956782341
1158,297.8,0.0358969904482365
1159,298.0,0.346397280693054
1160,298.2,0.524061381816864
1161,298.3,0.580161273479462
1162,298.5,0.0391918830573559
1163,298.7,0.0279198829084635
1164,298.9,1.22483313083649
1165,299.1,75.4876403808594
1166,299.2,94.5818939208984
1167,299.4,0.265498995780945
1168,299.6,0.0374577306210995
1169,299.9,1.79615020751953
1170,300.1,22.8314399719238
1171,300.2,21.8278846740723
1172,300.4,0.490939050912857
1173,300.6,0.0306945294141769
1174,300.8,0.28093296289444
1175,301.0,6.73953008651733
1176,301.2,20.4613723754883
1177,301.3,3.51374316215515
1178,301.5,0.0136998174712062
1179,301.7,0.0133529873564839
1180,302.0,0.215295240283012
1181,302.2,0.409607201814651
1182,302.3,0.102835342288017
1183,302.9,0.0607821047306061
1184,303.0,0.118702851235867
1185,303.2,0.292291671037674
1186,303.3,0.126333132386208
1187,303.9,0.0287869591265917
1188,304.2,0.0715338587760925
1189,304.4,0.0424000695347786
1190,304.8,0.0165611729025841
1191,305.1,0.0405792072415352
1192,305.9,0.0131795713678002
1193,306.1,0.0270528048276901
1194,306.3,0.014566894620657
1195,307.0,0.0272262208163738
1196,307.2,0.0287869591265917
1197,308.7,0.0139599414542317
1198,308.9,0.013786525465548
1199,309.1,0.177317261695862
1200,309.3,0.0918234661221504
1201,310.0,0.0260990206152201
1202,310.7,0.0485563166439533
1203,310.9,0.535073280334473
1204,311.1,2.70094513893127
1205,311.2,1.11662185192108
1206,311.3,0.619700014591217
1207,311.5,0.0270528048276901
1208,311.7,0.0712737366557121
1209,312.0,0.163877561688423
1210,312.1,0.166652217507362
1211,312.4,0.0748287513852119
1212,312.7,0.0410994552075863
1213,312.8,0.175669819116592
1214,313.0,1.94216597080231
1215,313.1,3.46327924728394
1216,313.3,0.643544614315033
1217,313.6,0.0136998174712062
1218,313.9,0.07925084233284
1219,314.1,0.12928119301796
1220,314.6,0.0144801875576377
1221,314.8,0.0150004336610436
1222,314.9,0.141160145401955
1223,315.2,0.295239746570587
1224,315.4,0.0305211134254932
1225,316.3,0.0135264024138451
1226,317.1,0.0350299142301083
1227,317.4,0.0165611729025841
1228,318.4,0.0139599414542317
1229,321.1,0.0178617872297764
1230,322.1,0.0132662793621421
1231,322.8,0.157808035612106
1232,323.0,1.18477416038513
1233,323.1,1.64155030250549
1234,323.3,0.141767099499702
1235,323.8,0.0136131104081869
1236,323.9,0.060261856764555
1237,324.2,0.127720460295677
1238,324.3,0.0712737366557121
1239,324.6,0.0295673292130232
1240,324.8,1.06069540977478
1241,325.0,26.0247993469238
1242,325.1,47.6608009338379
1243,325.3,1.23202979564667
1244,325.7,0.115147836506367
1245,325.9,1.57912075519562
1246,326.1,7.83924388885498
1247,326.2,3.34691762924194
1248,326.3,1.32948935031891
1249,326.5,0.0428336076438427
1250,326.8,1.09347093105316
1251,327.0,45.7910346984863
1252,327.1,115.752014160156
1253,327.3,1.36876785755157
1254,327.8,0.994710803031921
1255,328.0,16.9389572143555
1256,328.1,26.8814697265625
1257,328.3,2.24477577209473
1258,328.5,0.113326974213123
1259,328.7,0.273389399051666
1260,328.9,4.89898538589478
1261,329.1,21.6329669952393
1262,329.2,7.83239412307739
1263,329.4,0.166565507650375
1264,329.8,0.047255702316761
1265,330.0,0.380560129880905
1266,330.1,0.616405069828033
1267,330.3,0.0566201321780682
1268,330.5,0.013786525465548
1269,330.8,0.0483829006552696
1270,331.0,1.40327751636505
1271,331.2,6.56464052200317
1272,331.3,0.678747951984406
1273,331.9,0.0659845694899559
1274,332.1,0.676927089691162
1275,332.2,0.605479955673218
1276,332.4,0.0136998174712062
1277,333.0,0.0695395842194557
1278,333.2,0.193358182907104
1279,333.4,0.0328622199594975
1280,334.1,0.0261857286095619
1281,336.9,0.0132662793621421
1282,337.1,0.0446544699370861
1283,338.7,0.0335558839142323
1284,338.8,0.316569834947586
1285,339.0,6.75721836090088
1286,339.2,14.8517293930054
1287,339.3,2.25622129440308
1288,339.6,0.0147403106093407
1289,339.8,0.0843665972352028
1290,340.0,0.926558554172516
1291,340.2,1.5264892578125
1292,340.3,0.249544784426689
1293,340.8,0.830139577388763
1294,341.0,27.2526664733887
1295,341.1,303.917022705078
1296,341.3,3.29315876960754
1297,341.6,0.0629497990012169
1298,341.8,0.403450965881348
1299,342.0,21.162576675415
1300,342.1,83.8411483764648
1301,342.3,4.47030258178711
1302,342.5,0.0134396944195032
1303,342.7,0.26263764500618
1304,342.9,3.34674406051636
1305,343.1,63.3538551330566
1306,343.2,39.7723922729492
1307,343.4,0.189109519124031
1308,343.6,0.0332957617938519
1309,343.8,0.252492845058441
1310,344.0,5.09451150894165
1311,344.2,11.397988319397
1312,344.3,2.052978515625
1313,344.4,0.490158677101135
1314,344.6,0.0327755138278008
1315,344.8,0.484175831079483
1316,345.0,9.98994159698486
1317,345.1,12.7406568527222
1318,345.2,14.4211397171021
1319,345.4,0.39027139544487
1320,345.7,0.0614757649600506
1321,345.8,0.0356368683278561
1322,346.0,0.991936206817627
1323,346.2,2.69843053817749
1324,346.3,0.765889167785645
1325,346.5,0.0133529873564839
1326,346.9,0.139946237206459
1327,347.1,0.596375644207001
1328,347.2,0.748200833797455
1329,347.4,0.0289603751152754
1330,347.9,0.0262724347412586
1331,348.0,0.107344143092632
1332,348.2,0.16370415687561
1333,348.4,0.0132662793621421
1334,348.6,0.0303476974368095
1335,348.7,0.0155206797644496
1336,349.0,0.0285268351435661
1337,349.1,0.0709269046783447
1338,349.4,0.0265325587242842
1339,350.0,0.0148270176723599
1340,350.5,0.0150004336610436
1341,351.1,0.0131795713678002
1342,352.2,0.013786525465548
1343,352.9,0.0679788440465927
1344,353.1,0.523367702960968
1345,353.2,0.327581733465195
1346,353.4,0.0470822863280773
1347,353.9,0.0460417941212654
1348,354.2,0.150784701108932
1349,354.3,0.0419665314257145
1350,354.5,0.0324286818504333
1351,354.8,0.287609457969666
1352,355.0,13.5882253646851
1353,355.2,532.867309570313
1354,355.3,11.0834131240845
1355,355.5,0.0268793888390064
1356,355.7,0.0169080030173063
1357,355.9,1.17046737670898
1358,356.1,85.0309524536133
1359,356.2,96.06494140625
1360,356.3,11.4005899429321
1361,356.6,0.0580941662192345
1362,356.8,0.248330876231194
1363,357.0,11.0190753936768
1364,357.1,59.2563934326172
1365,357.2,89.5524978637695
1366,357.4,0.234457641839981
1367,357.6,0.0283534210175276
1368,357.9,1.70736145973206
1369,358.1,16.671724319458
1370,358.2,20.3039970397949
1371,358.4,1.1948322057724
1372,358.6,0.163877561688423
1373,358.9,1.90843665599823
1374,359.1,34.4275550842285
1375,359.2,45.7217559814453
1376,359.4,0.881904125213623
1377,359.7,0.0303476974368095
1378,359.9,0.755050718784332
1379,360.1,6.41368246078491
1380,360.2,7.70406675338745
1381,360.4,0.630278348922729
1382,360.5,0.106390357017517
1383,360.7,0.0291337892413139
1384,360.9,0.288476556539536
1385,361.1,3.70172548294067
1386,361.2,3.81782698631287
1387,361.4,0.236885458230972
1388,361.9,0.0161276329308748
1389,362.2,0.0410994552075863
1390,362.4,0.0599150247871876
1391,362.9,0.033729299902916
1392,363.1,0.374230474233627
1393,363.2,0.219717338681221
1394,363.3,0.193098068237305
1395,364.0,0.014306771568954
1396,364.3,0.0280065890401602
1397,364.9,0.0177750810980797
1398,367.0,0.104049250483513
1399,367.1,0.0962455570697784
1400,367.3,0.0136998174712062
1401,368.0,0.0139599414542317
1402,368.3,0.0158675108104944
1403,368.6,0.0300008673220873
1404,368.9,0.988034307956696
1405,369.1,11.6330528259277
1406,369.2,17.9661846160889
1407,369.4,1.03589701652527
1408,369.6,0.0552328117191792
1409,369.8,0.0146536026149988
1410,370.0,0.540795981884003
1411,370.2,2.28492164611816
1412,370.3,0.97511488199234
1413,370.5,0.076389491558075
1414,370.8,0.144888579845428
1415,371.0,2.2482442855835
1416,371.2,5.65360260009766
1417,371.3,1.97945022583008
1418,371.5,0.0274863429367542
1419,371.7,0.0139599414542317
1420,371.9,0.0273129288107157
1421,372.0,0.138472214341164
1422,372.2,0.281539916992188
1423,372.5,0.0957253128290176
1424,372.7,0.0448278859257698
1425,372.9,1.88164401054382
1426,373.1,26.0176887512207
1427,373.2,33.2392272949219
1428,373.4,0.68923956155777
1429,373.6,0.0317350216209888
1430,373.8,0.119309805333614
1431,374.0,1.95005631446838
1432,374.2,6.84800148010254
1433,374.3,1.61969995498657
1434,374.4,0.510795116424561
1435,374.8,0.0971993431448936
1436,375.0,1.04352724552155
1437,375.2,2.80898284912109
1438,375.3,0.84097808599472
1439,375.6,0.013092864304781
1440,376.0,0.0273129288107157
1441,376.2,0.0939044505357742
1442,376.4,0.0425734855234623
1443,377.2,0.0729211792349815
1444,378.0,0.0138732334598899
1445,378.7,0.013092864304781
1446,379.3,0.0131795713678002
1447,380.3,0.0163010489195585
1448,381.9,0.0134396944195032
1449,382.3,0.0285268351435661
1450,382.8,0.0594814866781235
1451,383.0,0.26289775967598
1452,383.1,0.194398686289787
1453,383.3,0.0468221642076969
1454,384.1,0.0132662793621421
1455,384.3,0.0275730509310961
1456,384.8,0.273389399051666
1457,385.0,3.35740923881531
1458,385.1,3.21919703483582
1459,385.2,3.06199598312378
1460,385.4,0.134136825799942
1461,385.7,0.0281800050288439
1462,385.9,0.134396940469742
1463,386.0,0.198560655117035
1464,386.2,0.315442651510239
1465,386.3,0.169860407710075
1466,386.5,0.035116620361805
1467,386.7,0.0977195873856544
1468,386.9,3.01976943016052
1469,387.1,11.4972686767578
1470,387.2,6.53039121627808
1471,387.4,0.111939653754234
1472,387.8,0.104569494724274
1473,387.9,0.0991069078445435
1474,388.1,0.587878286838531
1475,388.2,0.368941307067871
1476,388.4,0.0264458507299423
1477,388.7,0.0313881896436214
1478,389.0,0.280326008796692
1479,389.2,0.674932777881622
1480,389.3,0.134310245513916
1481,389.6,0.0158675108104944
1482,390.3,0.0358102843165398
1483,391.2,0.0724876448512077
1484,392.2,0.0133529873564839
1485,392.6,0.0136131104081869
1486,395.5,0.0163877569139004
1487,397.1,0.042660191655159
1488,398.4,0.0135264024138451
1489,398.8,0.498049080371857
1490,399.0,6.04820966720581
1491,399.1,10.3394603729248
1492,399.3,1.48747074604034
1493,399.5,0.014306771568954
1494,399.8,0.0406659133732319
1495,400.0,0.366079956293106
1496,400.1,0.479060083627701
1497,400.2,0.645192086696625
1498,400.4,0.0268793888390064
1499,400.6,0.0946848168969154
1500,400.8,0.993843734264374
1501,401.0,28.6041793823242
1502,401.1,84.9848251342773
1503,401.3,2.06234288215637
1504,401.5,0.0576606243848801
1505,401.7,0.12217116355896
1506,401.9,4.73406744003296
1507,402.1,23.4484519958496
1508,402.2,9.56464099884033
1509,402.3,2.64267754554749
1510,402.6,0.209312409162521
1511,402.7,0.142981007695198
1512,402.9,3.98283195495605
1513,403.1,17.9906349182129
1514,403.2,9.66634845733643
1515,403.4,0.147056266665459
1516,403.8,0.0310413595288992
1517,404.0,0.402063637971878
1518,404.1,0.393653005361557
1519,404.2,0.555969834327698
1520,404.4,0.0269660968333483
1521,404.7,0.0410127453505993
1522,404.9,0.542530119419098
1523,405.1,3.30625152587891
1524,405.2,5.19856071472168
1525,405.4,0.185727909207344
1526,406.0,0.216075614094734
1527,406.2,1.34977889060974
1528,406.3,0.384375274181366
1529,406.9,0.0521113313734531
1530,407.1,0.311627507209778
1531,407.2,0.388537228107452
1532,407.4,0.0405792072415352
1533,408.1,0.0134396944195032
1534,408.2,0.0589612424373627
1535,409.2,0.0273996349424124
1536,409.8,0.0151738487184048
1537,410.4,0.014566894620657
1538,412.6,0.0151738487184048
1539,412.8,0.0277464669197798
1540,413.0,0.198994189500809
1541,413.1,0.403797805309296
1542,413.3,0.165178179740906
1543,413.6,0.0130061563104391
1544,413.9,0.0457816682755947
1545,414.1,0.014046648517251
1546,414.4,0.0156940948218107
1547,414.5,0.0564467199146748
1548,414.8,0.316136300563812
1549,415.0,13.2091388702393
1550,415.2,112.824935913086
1551,415.3,9.92785930633545
1552,415.5,0.061822596937418
1553,415.8,0.367900818586349
1554,416.0,9.90141296386719
1555,416.1,16.7630271911621
1556,416.2,26.748893737793
1557,416.4,0.824763715267181
1558,416.5,0.389057487249374
1559,416.8,0.378305733203888
1560,417.0,8.77560043334961
1561,417.2,32.3292274475098
1562,417.3,8.05410575866699
1563,417.5,0.0732680112123489
1564,417.8,0.10959853976965
1565,418.0,1.26645278930664
1566,418.2,2.54131627082825
1567,418.3,0.936876773834229
1568,418.5,0.105176448822021
1569,418.8,0.0584409944713116
1570,419.0,1.48590993881226
1571,419.2,4.80612134933472
1572,419.3,1.98872804641724
1573,419.5,0.0340761281549931
1574,419.9,0.0133529873564839
1575,420.1,0.165264889597893
1576,420.2,0.15303909778595
1577,420.5,0.0578340403735638
1578,421.0,0.0691927522420883
1579,421.2,0.249544784426689
1580,421.4,0.151911899447441
1581,422.0,0.0289603751152754
1582,422.2,0.0326020978391171
1583,422.4,0.0138732334598899
1584,422.9,0.0278331749141216
1585,423.1,0.0402323752641678
1586,423.3,0.0283534210175276
1587,425.3,0.0273129288107157
1588,427.1,0.0132662793621421
1589,427.3,0.0288736671209335
1590,428.6,0.0322552658617496
1591,428.8,0.102054975926876
1592,429.0,10.2985343933105
1593,429.2,119.382293701172
1594,429.3,19.2289943695068
1595,429.5,0.0479493625462055
1596,429.8,0.0789907202124596
1597,430.0,8.97312068939209
1598,430.2,41.9036674499512
1599,430.3,10.9498825073242
1600,430.5,0.0857539251446724
1601,430.6,0.149397388100624
1602,430.9,1.96627068519592
1603,431.1,21.8185214996338
1604,431.2,30.9922828674316
1605,431.4,1.21633577346802
1606,431.6,0.122084453701973
1607,431.8,0.0568802580237389
1608,432.0,1.2231856584549
1609,432.1,1.83248066902161
1610,432.3,4.04491472244263
1611,432.4,0.48070752620697
1612,432.6,0.013092864304781
1613,432.8,0.198820769786835
1614,433.0,4.69244766235352
1615,433.2,19.8457469940186
1616,433.3,9.56307983398438
1617,433.5,0.157894730567932
1618,433.7,0.0134396944195032
1619,433.9,0.161970004439354
1620,434.1,1.12650656700134
1621,434.2,1.91806125640869
1622,434.4,0.217636346817017
1623,434.7,0.0324286818504333
1624,435.0,0.233070313930511
1625,435.2,0.690713584423065
1626,435.3,0.409954041242599
1627,437.1,0.0756091251969337
1628,437.2,0.0418798215687275
1629,438.4,0.0362438224256039
1630,441.2,0.0133529873564839
1631,442.8,0.0152605567127466
1632,443.0,0.013092864304781
1633,443.3,0.0144801875576377
1634,443.9,0.0133529873564839
1635,444.3,0.0130061563104391
1636,444.9,0.0333824679255486
1637,445.1,0.376051336526871
1638,445.3,0.425388008356094
1639,445.5,0.0291337892413139
1640,446.0,0.055839765816927
1641,446.4,0.0130061563104391
1642,446.8,0.0728344768285751
1643,446.9,0.061735887080431
1644,447.1,0.463192582130432
1645,447.2,0.428422778844833
1646,447.4,0.0312147755175829
1647,447.8,0.0130061563104391
1648,448.2,0.0410994552075863
1649,449.0,0.0150004336610436
1650,449.2,0.0285268351435661
1651,450.2,0.030174283310771
1652,452.4,0.0132662793621421
1653,453.0,0.0176883731037378
1654,453.2,0.013092864304781
1655,453.7,0.013092864304781
1656,454.7,0.014306771568954
1657,456.8,0.014306771568954
1658,457.2,0.0151738487184048
1659,457.7,0.0131795713678002
1660,458.6,0.013786525465548
1661,458.8,0.127286911010742
1662,459.0,0.665568351745605
1663,459.2,1.02002942562103
1664,459.3,0.0948582366108894
1665,459.4,0.0590479485690594
1666,459.8,0.0136131104081869
1667,459.9,0.0463019162416458
1668,460.1,0.0328622199594975
1669,460.2,0.165091469883919
1670,460.5,0.045694962143898
1671,460.7,0.215728774666786
1672,460.9,4.05627346038818
1673,461.1,17.1921443939209
1674,461.2,9.52267360687256
1675,461.4,0.374230474233627
1676,461.7,0.0770831555128098
1677,461.9,0.43917453289032
1678,462.1,1.99635827541351
1679,462.2,1.08731460571289
1680,462.3,0.671898007392883
1681,462.5,0.0154339717701077
1682,462.8,0.104916326701641
1683,463.0,0.526922762393951
1684,463.1,1.04647529125214
1685,463.3,0.148617014288902
1686,463.7,0.0133529873564839
1687,464.0,0.0282667130231857
1688,464.2,0.013092864304781
1689,464.9,0.0136998174712062
1690,465.2,0.0986733734607697
1691,465.6,0.0163877569139004
1692,465.8,0.0136998174712062
1693,466.1,0.0130061563104391
1694,467.2,0.0133529873564839
1695,468.0,0.0134396944195032
1696,470.7,0.0152605567127466
1697,471.1,0.0296540353447199
1698,472.3,0.0133529873564839
1699,472.6,0.013786525465548
1700,472.9,0.0715338587760925
1701,473.1,0.110378913581371
1702,473.2,0.129541322588921
1703,474.5,0.0164744649082422
1704,474.7,0.127373620867729
1705,474.9,2.17488956451416
1706,475.1,21.7573909759521
1707,475.2,34.3724975585938
1708,475.4,1.4988294839859
1709,475.7,0.0931240767240524
1710,475.9,1.27356278896332
1711,476.0,2.73658204078674
1712,476.2,11.0721406936646
1713,476.3,4.63565397262573
1714,476.5,0.135697558522224
1715,476.8,0.185381084680557
1716,477.0,1.84418630599976
1717,477.2,5.24729061126709
1718,477.3,1.90583539009094
1719,477.5,0.0455215461552143
1720,477.8,0.0151738487184048
1721,478.0,0.0305211134254932
1722,478.1,0.117402240633965
1723,478.2,0.160149142146111
1724,478.5,0.0136131104081869
1725,478.7,0.0155206797644496
1726,478.9,0.0567068420350552
1727,479.1,0.381687343120575
1728,479.2,0.673111915588379
1729,479.4,0.0484696105122566
1730,479.9,0.0410994552075863
1731,480.1,0.0292204972356558
1732,480.3,0.0754357054829597
1733,480.4,0.0131795713678002
1734,481.2,0.0262724347412586
1735,481.5,0.0130061563104391
1736,484.1,0.0130061563104391
1737,486.2,0.0306078214198351
1738,487.0,0.0283534210175276
1739,488.0,0.0146536026149988
1740,488.2,0.0132662793621421
1741,488.6,0.0312147755175829
1742,488.8,0.238446190953255
1743,489.0,5.61562490463257
1744,489.2,43.3539390563965
1745,489.3,20.1144542694092
1746,489.5,0.148530304431915
1747,489.9,0.948842465877533
1748,490.1,8.95265769958496
1749,490.2,15.5189456939697
1750,490.4,1.99306333065033
1751,490.6,0.146796151995659
1752,490.8,0.102401800453663
1753,491.0,2.40058970451355
1754,491.2,9.6614933013916
1755,491.3,5.34206199645996
1756,491.5,0.0802913382649422
1757,492.0,0.143587961792946
1758,492.2,0.558397650718689
1759,492.3,0.361397713422775
1760,492.5,0.013786525465548
1761,493.0,0.321338772773743
1762,493.1,0.589872539043427
1763,493.3,1.62325501441956
1764,493.4,0.248244166374207
1765,494.1,0.0583542883396149
1766,494.3,0.0722275227308273
1767,495.2,0.0851469710469246
1768,496.5,0.014046648517251
1769,497.2,0.0150871416553855
1770,501.0,0.0889621078968048
1771,501.3,0.0423133634030819
1772,502.7,0.0419665314257145
1773,502.9,0.98907482624054
1774,503.1,8.34483623504639
1775,503.2,15.0268793106079
1776,503.4,1.44333648681641
1777,503.7,0.0424000695347786
1778,503.9,0.255961149930954
1779,504.1,1.71117663383484
1780,504.3,2.75591778755188
1781,504.4,0.469088703393936
1782,504.8,0.0302609894424677
1783,505.0,0.393913120031357
1784,505.2,1.52319431304932
1785,505.3,0.916847288608551
1786,505.5,0.0415329933166504
1787,506.1,0.0514176711440086
1788,506.3,0.0835862308740616
1789,506.4,0.0280065890401602
1790,506.7,0.0130061563104391
1791,506.9,0.206277638673782
1792,507.1,2.5543224811554
1793,507.2,2.1422872543335
1794,507.3,2.7743866443634
1795,507.5,0.0729211792349815
1796,507.8,0.0146536026149988
1797,508.0,0.0846267268061638
1798,508.2,0.441515654325485
1799,508.3,0.214514866471291
1800,508.5,0.0142200645059347
1801,509.1,0.0984999537467957
1802,509.2,0.183473512530327
1803,510.3,0.0289603751152754
1804,510.6,0.0133529873564839
1805,511.3,0.0467354543507099
1806,512.1,0.013092864304781
1807,512.3,0.0159542188048363
1808,512.9,0.0292204972356558
1809,513.3,0.0180352032184601
1810,516.6,0.0138732334598899
1811,517.7,0.0134396944195032
1812,519.1,0.0326020978391171
1813,519.3,0.0719674006104469
1814,519.8,0.014566894620657
1815,520.0,0.0279198829084635
1816,520.3,0.014306771568954
1817,520.8,0.0296540353447199
1818,521.0,0.161102920770645
1819,521.1,0.0555796399712563
1820,521.2,0.170987606048584
1821,521.4,0.013092864304781
1822,522.0,0.0309546515345573
1823,522.2,0.0155206797644496
1824,523.1,0.0492499768733978
1825,523.9,0.0134396944195032
1826,525.9,0.0131795713678002
1827,526.8,0.013092864304781
1828,533.1,0.0624295510351658
1829,533.3,0.136304512619972
1830,534.0,0.0142200645059347
1831,534.7,0.0670250579714775
1832,534.9,1.07743000984192
1833,535.1,5.51461029052734
1834,535.2,5.10196828842163
1835,535.4,0.360097110271454
1836,535.6,0.0447411760687828
1837,535.9,0.265585720539093
1838,536.0,0.416457116603851
1839,536.1,0.963235914707184
1840,536.3,0.353680729866028
1841,536.6,0.0268793888390064
1842,536.8,0.0136998174712062
1843,537.0,0.139512702822685
1844,537.2,0.417931139469147
1845,537.3,0.22275210916996
1846,537.5,0.0130061563104391
1847,537.8,0.0147403106093407
1848,538.0,0.0136998174712062
1849,538.3,0.042660191655159
1850,538.8,0.0150871416553855
1851,539.2,0.0135264024138451
1852,547.1,0.0434405617415905
1853,547.3,0.0165611729025841
1854,548.9,0.675106227397919
1855,549.1,6.57504558563232
1856,549.3,16.3773517608643
1857,549.4,2.78297066688538
1858,549.6,0.0865342915058136
1859,549.9,0.161189630627632
#"+ Scan (rt: 5.032-55.018 min, 8747 scans) 030321_CACO3_2.D "
#Point,X(Thompsons),Y(Counts)
0,50.1,18.3468608856201
1,50.2,23.3027324676514
2,50.4,0.441637128591537
3,50.6,0.0171487368643284
4,50.8,0.121184408664703
5,51.0,10.480393409729
6,51.2,43.8235969543457
7,51.3,8.26351928710938
8,51.5,0.078769862651825
9,51.8,0.0570481307804585
10,52.0,2.52155017852783
11,52.2,8.85995197296143
12,52.3,2.13113069534302
13,52.5,0.0361266732215881
14,52.8,0.0369269475340843
15,53.0,0.420601338148117
16,53.1,1.47844970226288
17,53.3,0.634503245353699
18,53.8,0.0177203621715307
19,54.0,1.76471936702728
20,54.2,11.9065961837769
21,54.3,2.63141655921936
22,54.5,0.0647078976035118
23,54.7,0.0174917113035917
24,54.9,0.719903945922852
25,55.1,22.3776149749756
26,55.2,33.7734069824219
27,55.4,1.48302280902863
28,56.0,0.94581001996994
29,56.2,4.28489780426025
30,56.3,1.47753512859344
31,56.5,0.0188636109232903
32,56.8,0.059677604585886
33,57.0,4.15319538116455
34,57.2,39.3735008239746
35,57.3,14.552188873291
36,57.5,0.122441977262497
37,57.9,0.0727106407284737
38,58.1,0.159711897373199
39,58.2,0.433748722076416
40,58.4,0.0357836969196796
41,58.6,0.0171487368643284
42,59.0,1.08311426639557
43,59.2,4.21893215179443
44,59.3,0.561563968658447
45,59.6,0.0180633366107941
46,60.0,0.0778552666306496
47,60.1,0.0368126221001148
48,60.9,0.0786555409431458
49,61.1,0.47673487663269
50,61.2,0.299645602703094
51,61.4,0.0188636109232903
52,62.0,0.0536183826625347
53,62.2,0.0994626730680466
54,62.4,0.0794558152556419
55,63.0,1.00663089752197
56,63.1,2.00663089752197
57,63.2,1.97873556613922
58,63.4,0.148736715316772
59,63.9,0.327998161315918
60,64.1,2.14622163772583
61,64.2,1.10769402980804
62,64.4,0.0923745259642601
63,64.9,0.520292699337006
64,65.1,15.0008001327515
65,65.2,16.7654056549072
66,65.4,0.585915148258209
67,65.9,0.1385617852211
68,66.1,0.685949444770813
69,66.2,0.789184868335724
70,66.4,0.0543043315410614
71,66.8,0.0704241469502449
72,67.0,1.64582145214081
73,67.2,5.64467811584473
74,67.3,1.97336232662201
75,67.6,0.0184063110500574
76,67.9,0.130902022123337
77,68.1,0.360580772161484
78,68.3,0.168857887387276
79,68.5,0.0789985135197639
80,68.7,0.0195495598018169
81,68.9,0.526809215545654
82,69.1,13.0141763687134
83,69.2,15.890362739563
84,69.4,1.01760601997375
85,69.7,0.0563621819019318
86,69.9,0.0410426445305347
87,70.1,2.33177089691162
88,70.2,2.91585683822632
89,70.4,0.416714310646057
90,70.8,0.0173773858696222
91,71.0,3.27300786972046
92,71.1,9.16965770721436
93,71.2,20.7216186523438
94,71.4,1.35612213611603
95,71.9,0.0178346857428551
96,72.1,0.152852401137352
97,72.2,0.0924888551235199
98,72.4,0.0584200285375118
99,72.8,0.198582366108894
100,73.0,16.9474105834961
101,73.2,422.831268310547
102,73.3,30.8042755126953
103,73.5,0.0356693714857101
104,73.7,0.0197782088071108
105,73.9,0.679089963436127
106,74.1,20.8500061035156
107,74.2,20.75705909729
108,74.4,0.595289826393127
109,74.8,0.221333026885986
110,75.0,9.63644695281982
111,75.2,40.6240997314453
112,75.3,6.25734519958496
113,75.4,0.303075343370438
114,75.7,0.0431004911661148
115,75.9,0.813193082809448
116,76.1,9.16428470611572
117,76.2,9.10655117034912
118,76.4,0.476163268089294
119,76.7,0.143134787678719
120,76.9,3.5281810760498
121,77.1,116.308448791504
122,77.2,115.972450256348
123,77.4,1.95038294792175
124,77.6,0.120841428637505
125,77.8,0.32559734582901
126,78.0,34.1868057250977
127,78.2,248.089981079102
128,78.3,39.0910034179688
129,78.6,0.127014979720116
130,78.9,5.40459585189819
131,79.1,180.176513671875
132,79.2,95.1400451660156
133,79.4,0.393392026424408
134,79.8,0.0994626730680466
135,79.9,0.355664789676666
136,80.1,3.33931636810303
137,80.2,2.66628551483154
138,80.4,0.210586488246918
139,80.6,0.0398993939161301
140,80.8,0.330399006605148
141,81.0,53.6381607055664
142,81.1,170.600204467773
143,81.2,99.6226119995117
144,81.4,0.290842562913895
145,81.6,0.0560192056000233
146,81.7,0.0184063110500574
147,81.9,1.03566932678223
148,82.1,4.42620325088501
149,82.2,3.8454327583313
150,82.4,0.378644108772278
151,82.7,0.0402423702180386
152,82.9,0.834571838378906
153,83.1,7.24694204330444
154,83.2,8.44746780395508
155,83.4,0.700354397296906
156,83.5,0.0723676681518555
157,83.9,0.0934034511446953
158,84.1,0.576769173145294
159,84.2,0.361609697341919
160,84.3,0.387218475341797
161,84.5,0.023093631491065
162,84.6,0.0903166830539703
163,84.9,6.6430778503418
164,85.1,84.2684326171875
165,85.2,48.6607971191406
166,85.4,0.561563968658447
167,85.7,0.0369269475340843
168,86.0,0.0994626730680466
169,86.1,0.034640446305275
170,86.2,0.0739682167768478
171,86.4,0.0185206364840269
172,86.6,0.0179490111768246
173,86.9,0.340802550315857
174,87.1,1.59231734275818
175,87.3,1.09145987033844
176,87.4,0.114553563296795
177,87.9,0.0627643764019012
178,88.0,0.260660797357559
179,88.3,0.066422775387764
180,88.5,0.0362409986555576
181,88.7,0.0795701369643211
182,88.9,0.873670995235443
183,89.1,3.36080932617188
184,89.2,2.13410305976868
185,89.4,0.120955757796764
186,90.0,0.0432148166000843
187,90.2,0.118326283991337
188,90.3,0.0171487368643284
189,90.5,0.0186349600553513
190,90.8,0.321595966815948
191,91.0,15.3736133575439
192,91.2,64.8393707275391
193,91.3,16.2998733520508
194,91.5,0.0394420959055424
195,91.9,0.149422660470009
196,92.1,1.44918262958527
197,92.2,0.878815591335297
198,92.3,0.624328315258026
199,92.9,0.182462558150291
200,93.1,0.895964324474335
201,93.2,0.733965933322906
202,93.4,0.0559048801660538
203,93.9,0.100377269089222
204,94.1,1.59300327301025
205,94.2,1.36892652511597
206,94.4,0.0390991196036339
207,94.6,0.03784154728055
208,95.0,1.28878474235535
209,95.1,2.15102314949036
210,95.2,4.85972356796265
211,95.4,0.854350090026855
212,95.7,0.415456742048264
213,95.9,11.7674627304077
214,96.1,110.090545654297
215,96.2,84.5021133422852
216,96.4,4.98033618927002
217,96.7,1.17423117160797
218,96.8,1.95781409740448
219,97.0,8.55047416687012
220,97.1,5.10174894332886
221,97.2,8.66811466217041
222,97.4,0.743797898292542
223,97.7,0.0773979648947716
224,97.9,0.120612785220146
225,98.1,0.362981587648392
226,98.3,0.207728371024132
227,98.5,0.0194352343678474
228,99.0,0.203955635428429
229,99.2,0.850691676139832
230,99.3,0.501086115837097
231,99.5,0.0222933571785688
232,100.0,0.037612896412611
233,100.2,0.037384245544672
234,101.2,0.0174917113035917
235,101.8,0.037384245544672
236,101.9,0.0560192056000233
237,102.1,0.292671769857407
238,102.2,0.152280777692795
239,102.8,0.43454897403717
240,103.0,9.083571434021
241,103.1,17.8358287811279
242,103.3,2.23939633369446
243,103.6,0.0737395659089088
244,103.8,0.263175934553146
245,104.0,7.74665594100952
246,104.1,22.0387554168701
247,104.3,3.9691321849823
248,104.5,0.100605919957161
249,104.9,3.4918258190155
250,105.1,74.2635192871094
251,105.2,57.9724464416504
252,105.4,0.88819020986557
253,105.8,0.119926832616329
254,105.9,0.244083687663078
255,106.1,1.63518917560577
256,106.2,1.50017154216766
257,106.4,0.220990046858788
258,106.6,0.0253801308572292
259,106.8,0.0932891294360161
260,106.9,0.135475024580956
261,107.1,0.670515596866608
262,107.3,0.610266387462616
263,107.4,0.106322169303894
264,108.1,0.0458442904055119
265,108.3,0.0779695883393288
266,108.8,0.028352577239275
267,109.0,0.255516171455383
268,109.2,1.32685494422913
269,109.3,0.531725168228149
270,109.6,0.074768491089344
271,109.7,0.0184063110500574
272,109.9,0.0393277704715729
273,110.1,0.132731229066849
274,110.3,0.204298615455627
275,110.6,0.0181776601821184
276,110.8,0.0369269475340843
277,111.0,0.352120727300644
278,111.1,0.585457861423492
279,111.3,1.48107922077179
280,111.4,0.306505084037781
281,111.7,0.074311189353466
282,111.8,0.0382988452911377
283,112.0,0.230136051774025
284,112.1,0.488281697034836
285,112.4,0.20589916408062
286,112.5,0.0172630622982979
287,112.8,0.0189779344946146
288,113.0,0.134103119373322
289,113.1,0.223505198955536
290,113.3,0.600205779075623
291,113.4,0.0185206364840269
292,113.5,0.0578484050929546
293,113.9,0.0361266732215881
294,114.2,0.0384131707251072
295,114.8,0.126671999692917
296,115.0,3.71967530250549
297,115.2,9.67085838317871
298,115.3,1.46324455738068
299,115.5,0.0189779344946146
300,115.9,0.0460729375481606
301,116.1,0.183262839913368
302,116.2,0.179490104317665
303,116.4,0.0457299649715424
304,116.7,0.0225220080465078
305,116.9,0.519721031188965
306,117.1,3.45478439331055
307,117.2,2.97873568534851
308,117.4,0.0913456007838249
309,117.9,0.225448727607727
310,118.1,0.986624002456665
311,118.3,0.879844546318054
312,118.4,0.0246941801160574
313,118.6,0.0737395659089088
314,118.8,0.361952662467957
315,119.0,10.1849775314331
316,119.1,25.2930145263672
317,119.3,2.45421290397644
318,119.6,0.0776266157627106
319,119.9,0.165885448455811
320,120.0,0.112381391227245
321,120.2,0.366525679826736
322,120.3,0.183834463357925
323,120.8,0.294043660163879
324,121.0,8.86166667938232
325,121.2,21.0235500335693
326,121.3,2.31393623352051
327,121.4,0.266491383314133
328,121.8,0.141877219080925
329,122.0,5.72562026977539
330,122.2,12.8505773544312
331,122.3,2.47524857521057
332,122.5,0.0377272218465805
333,122.7,0.0182919856160879
334,123.0,0.411341041326523
335,123.1,1.09237456321716
336,123.3,0.59426087141037
337,123.5,0.0361266732215881
338,123.8,0.0190922599285841
339,124.0,0.0195495598018169
340,124.2,0.0599062517285347
341,124.5,0.03784154728055
342,124.7,0.0177203621715307
343,124.9,0.576883494853973
344,125.1,2.33154225349426
345,125.2,1.79055678844452
346,125.4,0.368583500385284
347,125.7,0.142677485942841
348,125.9,0.23516634106636
349,126.1,0.352806687355042
350,126.3,0.509431779384613
351,126.4,0.0173773858696222
352,126.7,0.0197782088071108
353,126.9,0.0403566919267178
354,127.1,0.482679784297943
355,127.2,0.505316078662872
356,127.4,0.153995662927628
357,127.9,0.16805762052536
358,128.0,0.151823475956917
359,128.1,1.01040351390839
360,128.3,0.348919630050659
361,128.6,0.0171487368643284
362,128.8,0.0344117991626263
363,129.0,0.404367208480835
364,129.2,0.917228758335114
365,129.3,0.206127822399139
366,129.9,0.043900765478611
367,130.1,0.187607184052467
368,130.2,0.175374418497086
369,130.4,0.0803704112768173
370,130.7,0.037384245544672
371,130.9,0.243054762482643
372,131.1,2.28569793701172
373,131.2,1.75568771362305
374,131.4,0.159483253955841
375,131.7,0.0564765073359013
376,131.9,0.458671540021896
377,132.1,1.47513437271118
378,132.2,0.948439478874207
379,132.5,0.142220184206963
380,132.6,0.037155594676733
381,132.8,0.965130925178528
382,133.0,43.182918548584
383,133.1,130.441177368164
384,133.3,8.6172399520874
385,133.5,0.257574021816254
386,133.7,0.0365839712321758
387,133.9,1.65839719772339
388,134.1,5.27460861206055
389,134.2,3.11569690704346
390,134.5,0.260203510522842
391,134.8,0.181662291288376
392,135.0,12.147364616394
393,135.2,88.5617904663086
394,135.3,9.93963623046875
395,135.5,0.0181776601821184
396,135.8,0.0983194261789322
397,136.0,1.58740139007568
398,136.2,4.33520078659058
399,136.3,1.1767463684082
400,136.5,0.0589916557073593
401,136.7,0.0751114636659622
402,136.9,2.43523502349854
403,137.1,21.4154567718506
404,137.2,11.3217105865479
405,137.4,0.343089073896408
406,137.8,0.0593346282839775
407,138.0,0.173773869872093
408,138.1,0.388361722230911
409,138.4,0.158225670456886
410,138.7,0.037384245544672
411,138.9,0.477763801813126
412,139.1,3.47924995422363
413,139.2,2.42002964019775
414,139.4,0.105407565832138
415,139.9,0.0575054287910461
416,140.2,0.0808277130126953
417,140.3,0.0188636109232903
418,140.5,0.0172630622982979
419,140.8,0.0357836969196796
420,141.0,0.248885333538055
421,141.2,0.681376457214355
422,141.3,0.448953926563263
423,141.7,0.0179490111768246
424,142.0,0.0427575185894966
425,142.3,0.0185206364840269
426,142.8,0.0173773858696222
427,143.2,0.176174685359001
428,143.4,0.0583057031035423
429,143.7,0.0202355086803436
430,144.0,0.0380701944231987
431,144.4,0.0552189312875271
432,144.8,0.0448153652250767
433,145.0,0.669029355049133
434,145.2,1.69212305545807
435,145.3,0.472276210784912
436,145.9,0.0185206364840269
437,146.0,0.133531495928764
438,146.2,0.110895164310932
439,146.8,0.515491008758545
440,147.0,15.6035213470459
441,147.2,187.367324829102
442,147.3,9.18074798583984
443,147.5,0.0730536207556725
444,147.7,0.0408139936625957
445,147.9,0.781982421875
446,148.1,14.4382076263428
447,148.2,15.0467586517334
448,148.4,0.599748492240906
449,148.8,0.549445509910583
450,149.0,29.1312446594238
451,149.1,158.140502929688
452,149.3,5.01097536087036
453,149.6,0.0362409986555576
454,149.8,0.204870238900185
455,149.9,0.593003332614899
456,150.1,4.01829195022583
457,150.2,3.22933578491211
458,150.4,0.104950271546841
459,150.6,0.0194352343678474
460,150.8,0.114439234137535
461,151.0,3.966388463974
462,151.1,5.10940885543823
463,151.2,5.82176733016968
464,151.4,0.230250373482704
465,151.9,0.101063221693039
466,152.1,1.00514459609985
467,152.2,1.03109633922577
468,152.4,0.128844171762466
469,152.8,0.301246136426926
470,153.0,5.29038524627686
471,153.1,11.4273462295532
472,153.3,1.53949928283691
473,153.9,0.150680229067802
474,154.1,1.56144964694977
475,154.2,1.47639191150665
476,154.5,0.126900658011436
477,154.6,0.0189779344946146
478,154.8,0.177432268857956
479,155.0,4.94615316390991
480,155.1,9.51766300201416
481,155.3,1.65725386142731
482,155.5,0.0551046058535576
483,155.8,0.154338628053665
484,155.9,0.437407106161118
485,156.1,1.88361728191376
486,156.2,2.06116390228271
487,156.4,0.230479016900063
488,156.7,0.190122321248055
489,156.8,0.235737964510918
490,157.0,0.0414999425411224
491,157.1,0.232193902134895
492,157.3,0.143935069441795
493,157.5,0.0379558689892292
494,157.7,0.0193209107965231
495,157.9,0.0855150371789932
496,158.0,0.436263859272003
497,158.2,0.347090423107147
498,158.5,0.0416142679750919
499,158.8,0.0629930272698402
500,159.0,0.243283405900002
501,159.2,0.15548187494278
502,159.3,0.116154111921787
503,160.0,0.0555619075894356
504,160.3,0.0553332567214966
505,160.4,0.0195495598018169
506,160.7,0.0564765073359013
507,160.9,0.73762434720993
508,161.1,2.37784385681152
509,161.2,0.912541449069977
510,161.4,0.0365839712321758
511,161.6,0.0356693714857101
512,161.8,0.0366982966661453
513,162.0,0.135703667998314
514,162.1,0.194466680288315
515,162.3,0.134789064526558
516,162.6,0.111123815178871
517,162.8,0.833314299583435
518,163.0,12.6087799072266
519,163.1,15.1849775314331
520,163.3,1.26306164264679
521,163.6,0.075225792825222
522,163.8,0.0177203621715307
523,164.0,0.325483024120331
524,164.2,0.211501091718674
525,164.3,0.0923745259642601
526,164.8,0.193780720233917
527,165.0,3.05361843109131
528,165.1,5.55653381347656
529,165.3,1.29975986480713
530,165.6,0.271864652633667
531,165.8,0.72013258934021
532,166.0,15.9348344802856
533,166.1,36.1708030700684
534,166.3,3.14827942848206
535,166.4,0.205441862344742
536,166.7,0.0264090541750193
537,166.9,0.115239508450031
538,167.1,0.914942264556885
539,167.2,0.505430459976196
540,167.4,0.0366982966661453
541,167.9,0.0804847404360771
542,168.2,0.0945466980338097
543,168.5,0.0176060367375612
544,169.0,0.0380701944231987
545,169.1,0.0241225566715002
546,169.2,0.0916885808110237
547,169.4,0.0173773858696222
548,170.1,0.0812850147485733
549,170.3,0.0394420959055424
550,170.5,0.0180633366107941
551,171.1,0.0372699201107025
552,171.3,0.0358980223536491
553,171.5,0.034640446305275
554,171.9,0.0172630622982979
555,172.8,0.0177203621715307
556,173.4,0.0268663540482521
557,174.5,0.0402423702180386
558,174.8,0.0187492854893208
559,175.0,0.133760139346123
560,175.1,0.097061850130558
561,175.3,0.0174917113035917
562,175.7,0.0352120734751225
563,175.9,0.227049276232719
564,176.1,1.00537323951721
565,176.2,0.559849083423615
566,176.4,0.0192065853625536
567,176.6,0.0433291420340538
568,176.8,0.954727351665497
569,177.0,19.2085285186768
570,177.1,18.3347434997559
571,177.2,9.56590843200684
572,177.4,0.113295987248421
573,177.6,0.0174917113035917
574,177.8,0.0727106407284737
575,178.0,1.65176630020142
576,178.2,2.067223072052
577,178.3,0.543957948684692
578,178.5,0.0188636109232903
579,178.8,0.311535388231277
580,179.0,4.66194105148315
581,179.1,7.69795370101929
582,179.3,0.826912105083466
583,179.9,0.0629930272698402
584,180.1,0.484394639730453
585,180.2,0.16805762052536
586,180.6,0.0173773858696222
587,180.8,0.0253801308572292
588,181.0,0.220075458288193
589,181.1,0.546701729297638
590,181.3,0.0937464237213135
591,182.0,0.0356693714857101
592,182.2,0.0584200285375118
593,182.3,0.0189779344946146
594,183.0,0.0209214594215155
595,183.2,0.0984337478876114
596,184.1,0.03784154728055
597,185.0,0.0537327080965042
598,185.3,0.0177203621715307
599,185.5,0.0193209107965231
600,185.7,0.0182919856160879
601,186.3,0.0366982966661453
602,186.9,0.0408139936625957
603,187.1,0.136846914887428
604,187.3,0.0182919856160879
605,187.8,0.0174917113035917
606,188.0,0.0178346857428551
607,188.4,0.0180633366107941
608,188.8,0.043672114610672
609,189.0,0.370298385620117
610,189.1,0.770206928253174
611,189.3,0.187721505761147
612,189.6,0.0172630622982979
613,189.9,0.037384245544672
614,190.1,0.0374985709786415
615,190.3,0.0545329824090004
616,190.4,0.0543043315410614
617,190.8,1.88190233707428
618,191.0,67.3685836791992
619,191.1,162.919738769531
620,191.3,3.95381283760071
621,191.4,0.16176974773407
622,191.8,0.330627650022507
623,192.0,7.44723892211914
624,192.1,18.8905906677246
625,192.3,2.45478439331055
626,192.6,0.203041046857834
627,192.7,0.161083802580833
628,192.9,8.75191497802734
629,193.1,147.977142333984
630,193.2,73.8861312866211
631,193.4,0.305133193731308
632,193.7,0.037612896412611
633,193.9,1.81102097034454
634,194.1,14.3290271759033
635,194.2,8.39384937286377
636,194.4,0.309248894453049
637,194.7,0.0221790336072445
638,194.9,0.918143391609192
639,195.1,10.6200981140137
640,195.2,4.93872165679932
641,195.5,0.0715673938393593
642,196.0,0.106893792748451
643,196.2,0.174802795052528
644,196.3,0.0559048801660538
645,196.6,0.0379558689892292
646,196.8,0.0579627305269241
647,197.0,1.08597230911255
648,197.2,2.29793071746826
649,197.3,0.396593123674393
650,197.4,0.127700924873352
651,198.1,0.0393277704715729
652,198.2,0.03784154728055
653,198.4,0.0354407243430614
654,198.6,0.0176060367375612
655,199.1,0.0209214594215155
656,199.3,0.037155594676733
657,199.9,0.0184063110500574
658,200.1,0.0369269475340843
659,200.3,0.0179490111768246
660,201.0,0.0379558689892292
661,201.4,0.0185206364840269
662,202.1,0.037384245544672
663,202.2,0.0565908327698708
664,202.7,0.0173773858696222
665,202.9,0.156739458441734
666,203.1,1.20818567276001
667,203.2,0.552303671836853
668,203.4,0.0802560895681381
669,204.0,0.0211501084268093
670,204.5,0.0176060367375612
671,204.9,0.459700465202332
672,205.1,4.74699878692627
673,205.2,2.67497420310974
674,205.4,0.059220302850008
675,205.8,0.0202355086803436
676,206.0,0.186806902289391
677,206.1,0.386875510215759
678,206.4,0.0176060367375612
679,207.0,30.7800388336182
680,207.1,2377.52124023438
681,207.3,0.425402998924255
682,207.8,0.58362865447998
683,208.0,71.1465682983398
684,208.1,447.582611083984
685,208.3,11.6976108551025
686,208.4,0.518692135810852
687,208.6,0.0413856171071529
688,208.8,1.01714873313904
689,209.0,54.6925811767578
690,209.1,279.350982666016
691,209.3,10.9482107162476
692,209.5,0.0732822716236115
693,209.9,1.30307531356812
694,210.1,11.5758543014526
695,210.2,9.19378089904785
696,210.4,0.221561685204506
697,210.6,0.0192065853625536
698,210.8,0.52532297372818
699,211.0,14.6760034561157
700,211.1,56.3939628601074
701,211.3,3.82496857643127
702,211.9,0.359551846981049
703,212.1,2.12678623199463
704,212.2,1.91059792041779
705,212.4,0.0779695883393288
706,212.5,0.0793414860963821
707,212.7,0.0171487368643284
708,212.9,1.26672005653381
709,213.1,12.2257919311523
710,213.2,7.42974710464478
711,213.3,2.07739806175232
712,213.8,0.020807133987546
713,214.0,0.034640446305275
714,214.1,0.323653817176819
715,214.3,0.074997141957283
716,214.8,0.118783585727215
717,215.0,2.89584994316101
718,215.2,8.18131923675537
719,215.3,1.18680691719055
720,215.5,0.0250371564179659
721,215.8,0.0202355086803436
722,216.0,0.0519035086035728
723,216.2,0.0178346857428551
724,216.4,0.0181776601821184
725,216.8,0.0182919856160879
726,217.0,0.0201211851090193
727,217.1,0.0576197542250156
728,217.4,0.035097748041153
729,218.0,0.0224076826125383
730,218.8,0.0200068596750498
731,219.0,0.11969818174839
732,219.2,0.157768383622169
733,219.4,0.0352120734751225
734,219.6,0.0272093284875154
735,220.0,0.0224076826125383
736,220.1,0.0948896780610085
737,220.3,0.0188636109232903
738,220.4,0.0553332567214966
739,220.8,0.207156732678413
740,221.0,6.14336347579956
741,221.2,116.991424560547
742,221.3,12.6621694564819
743,221.6,0.0945466980338097
744,221.8,0.0516748614609241
745,222.0,3.01097512245178
746,222.2,17.2631759643555
747,222.3,3.47387671470642
748,222.5,0.139133423566818
749,222.8,0.088716134428978
750,223.0,4.36721181869507
751,223.2,17.0603637695313
752,223.3,2.46004343032837
753,223.7,0.0374985709786415
754,223.9,0.102320797741413
755,224.1,0.325711667537689
756,224.3,0.422087579965591
757,224.4,0.0196638852357864
758,224.7,0.0381845198571682
759,224.9,1.29587292671204
760,225.1,45.2788391113281
761,225.2,38.7234497070313
762,225.4,0.161655426025391
763,225.6,0.0178346857428551
764,225.9,0.586029469966888
765,226.1,5.92294502258301
766,226.2,3.16245579719543
767,226.3,0.976906359195709
768,226.9,0.721390187740326
769,227.1,5.10483598709106
770,227.2,3.30753397941589
771,227.4,0.102778092026711
772,227.7,0.0246941801160574
773,228.0,0.0946610271930695
774,228.1,0.0210357829928398
775,228.3,0.0358980223536491
776,228.4,0.0177203621715307
777,229.0,0.075454443693161
778,229.2,0.35509318113327
779,229.3,0.157196760177612
780,229.8,0.0184063110500574
781,230.0,0.383903056383133
782,230.2,0.945238351821899
783,230.3,0.489882230758667
784,230.9,0.0176060367375612
785,231.1,0.0370412729680538
786,231.3,0.0356693714857101
787,231.4,0.0435577929019928
788,232.5,0.0364696457982063
789,233.1,0.0413856171071529
790,233.3,0.0384131707251072
791,234.2,0.0538470335304737
792,235.0,0.151594832539558
793,235.1,0.490682512521744
794,236.1,0.0541900098323822
795,236.5,0.0201211851090193
796,236.9,0.232879847288132
797,237.0,0.120155483484268
798,237.2,0.277580887079239
799,237.3,0.0760260671377182
800,238.3,0.062650054693222
801,238.7,0.0186349600553513
802,239.1,0.259517550468445
803,239.2,0.0723676681518555
804,239.4,0.0192065853625536
805,241.1,0.0794558152556419
806,241.9,0.0184063110500574
807,242.1,0.0181776601821184
808,242.3,0.0173773858696222
809,243.1,0.0221790336072445
810,244.0,0.0182919856160879
811,245.0,0.0181776601821184
812,245.2,0.0547616332769394
813,245.4,0.0731679424643517
814,245.5,0.0200068596750498
815,246.2,0.0354407243430614
816,246.6,0.0173773858696222
817,248.1,0.0219503827393055
818,248.4,0.0171487368643284
819,248.6,0.0181776601821184
820,248.8,0.587172746658325
821,249.0,11.8365154266357
822,249.1,17.0032005310059
823,249.3,0.521664559841156
824,249.8,0.0882588326931
825,250.0,1.2223619222641
826,250.1,1.31930947303772
827,250.3,0.0940894037485123
828,250.5,0.0172630622982979
829,250.7,0.0557905584573746
830,250.9,2.57402539253235
831,251.1,13.8881902694702
832,251.2,4.60374975204468
833,251.4,0.108037039637566
834,251.6,0.0172630622982979
835,251.8,0.0404710173606873
836,251.9,0.40962615609169
837,252.2,0.594489514827728
838,252.3,0.140048012137413
839,252.4,0.0894020795822144
840,252.6,0.0195495598018169
841,252.8,0.343203395605087
842,253.0,11.6498231887817
843,253.1,32.2568893432617
844,253.3,0.770664215087891
845,253.4,0.088487483561039
846,253.7,0.0627643764019012
847,253.8,0.0195495598018169
848,254.0,1.12598609924316
849,254.1,3.57768368721008
850,254.3,0.161655426025391
851,254.6,0.0172630622982979
852,254.8,0.0677946731448174
853,255.0,1.15628218650818
854,255.1,1.87595748901367
855,255.3,0.0773979648947716
856,256.0,0.0179490111768246
857,256.2,0.0524751357734203
858,257.1,0.0372699201107025
859,258.0,0.0176060367375612
860,260.1,0.0187492854893208
861,261.2,0.0400137193500996
862,262.2,0.0190922599285841
863,263.0,0.0187492854893208
864,264.8,0.36995542049408
865,265.0,11.0812854766846
866,265.1,30.5485305786133
867,265.3,1.5493311882019
868,265.8,0.108722992241383
869,266.0,1.36538243293762
870,266.2,3.53675556182861
871,266.3,0.603749871253967
872,266.6,0.0171487368643284
873,266.8,1.228306889534
874,267.0,33.2612342834473
875,267.1,90.2213363647461
876,267.3,2.42174458503723
877,267.5,0.0408139936625957
878,267.8,0.264090538024902
879,268.0,7.24442672729492
880,268.1,7.19195175170898
881,268.2,5.22842121124268
882,268.4,0.112267062067986
883,268.7,0.111466787755489
884,268.9,2.45615649223328
885,269.1,17.741512298584
886,269.2,10.7195606231689
887,269.4,0.236881211400032
888,269.8,0.0193209107965231
889,270.0,0.378072470426559
890,270.1,0.379215717315674
891,270.3,0.115125186741352
892,270.7,0.0577340796589851
893,270.9,0.323653817176819
894,271.1,2.24396944046021
895,271.2,1.41968679428101
896,271.4,0.0932891294360161
897,271.9,0.0196638852357864
898,272.2,0.0564765073359013
899,272.3,0.0362409986555576
900,273.2,0.0370412729680538
901,273.4,0.0181776601821184
902,273.6,0.0180633366107941
903,273.9,0.0381845198571682
904,274.3,0.0171487368643284
905,276.1,0.0227506570518017
906,276.8,0.0179490111768246
907,277.0,0.0180633366107941
908,279.0,0.151823475956917
909,279.1,0.567737519741058
910,279.3,0.112152740359306
911,280.0,0.132845550775528
912,280.2,0.0595632791519165
913,280.4,0.0581913813948631
914,280.7,0.224076822400093
915,280.9,8.33154201507568
916,281.1,501.543151855469
917,281.2,449.919860839844
918,281.4,0.400022864341736
919,281.7,0.0916885808110237
920,281.8,0.492168754339218
921,282.0,25.9083118438721
922,282.2,200.774429321289
923,282.3,9.91036891937256
924,282.5,0.0420715659856796
925,282.7,0.247170463204384
926,282.8,0.406882345676422
927,283.0,19.6941814422607
928,283.2,148.12255859375
929,283.3,7.27175045013428
930,283.5,0.0559048801660538
931,283.9,1.17183029651642
932,284.1,12.9922256469727
933,284.2,11.762318611145
934,284.4,0.398765295743942
935,284.6,0.0205784849822521
936,284.9,2.61358189582825
937,285.1,27.3874473571777
938,285.2,17.5883159637451
939,285.4,0.291071236133575
940,285.8,0.037384245544672
941,286.0,0.828055322170258
942,286.1,1.01611983776093
943,286.2,1.23070764541626
944,286.4,0.0544186569750309
945,286.7,0.0556762330234051
946,286.9,0.37624329328537
947,287.1,3.84131693840027
948,287.2,3.02606606483459
949,287.4,0.0916885808110237
950,287.6,0.0176060367375612
951,287.9,0.0738538950681686
952,288.1,0.0553332567214966
953,288.3,0.0562478564679623
954,288.7,0.074997141957283
955,289.0,0.941694319248199
956,289.1,1.4522693157196
957,289.3,0.136503949761391
958,290.0,0.0388704687356949
959,290.9,0.0204641595482826
960,291.3,0.0173773858696222
961,291.6,0.0186349600553513
962,292.9,0.0177203621715307
963,293.1,0.0978621244430542
964,293.3,0.059677604585886
965,294.4,0.0196638852357864
966,294.8,0.0297244768589735
967,295.0,2.74448370933533
968,295.2,11.2398538589478
969,295.3,2.98833894729614
970,295.4,0.455584764480591
971,295.6,0.0237795822322369
972,295.8,0.0173773858696222
973,296.0,0.32776951789856
974,296.1,1.01166117191315
975,296.3,0.44758203625679
976,296.8,0.0635646507143974
977,297.0,0.619298040866852
978,297.2,1.36298155784607
979,297.3,0.628444015979767
980,298.0,0.059220302850008
981,298.2,0.0644792467355728
982,298.4,0.0835715085268021
983,298.7,0.0368126221001148
984,298.9,1.14862239360809
985,299.1,20.6178112030029
986,299.2,22.3085632324219
987,299.4,0.286269575357437
988,299.6,0.0493883602321148
989,299.9,0.173430889844894
990,300.1,2.45467019081116
991,300.2,2.90110898017883
992,300.4,0.0716817229986191
993,300.8,0.0420715659856796
994,301.0,0.727335095405579
995,301.2,1.58705842494965
996,301.3,0.371327310800552
997,302.2,0.0355550460517406
998,302.8,0.0174917113035917
999,303.1,0.0543043315410614
1000,303.3,0.0177203621715307
1001,304.4,0.037155594676733
1002,306.9,0.0186349600553513
1003,308.7,0.0184063110500574
1004,309.2,0.0200068596750498
1005,310.9,0.0979764461517334
1006,311.1,0.295987188816071
1007,311.2,0.0810563638806343
1008,311.3,0.131473645567894
1009,312.0,0.0552189312875271
1010,312.6,0.0190922599285841
1011,312.8,0.0402423702180386
1012,313.0,0.109866239130497
1013,313.2,0.125643074512482
1014,313.3,0.0577340796589851
1015,313.6,0.0180633366107941
1016,314.6,0.0190922599285841
1017,314.9,0.107922717928886
1018,315.2,0.292100161314011
1019,315.5,0.0179490111768246
1020,317.1,0.0259517543017864
1021,322.8,0.0354407243430614
1022,323.0,0.0549902841448784
1023,323.1,0.122899278998375
1024,323.8,0.0179490111768246
1025,324.2,0.0178346857428551
1026,324.8,0.425060033798218
1027,325.0,6.2586030960083
1028,325.1,8.68960762023926
1029,325.3,0.621241569519043
1030,325.7,0.0392134450376034
1031,325.9,0.13238824903965
1032,326.1,0.472161889076233
1033,326.2,0.154795929789543
1034,326.4,0.159368932247162
1035,326.5,0.0564765073359013
1036,326.8,1.3101634979248
1037,327.0,17.5991764068604
1038,327.1,31.6316452026367
1039,327.3,1.32937002182007
1040,327.8,0.255401849746704
1041,328.0,2.24419808387756
1042,328.1,4.39670753479004
1043,328.3,0.481993824243546
1044,328.7,0.0226363316178322
1045,328.9,0.56110668182373
1046,329.1,2.37292790412903
1047,329.2,1.40196633338928
1048,329.4,0.0222933571785688
1049,330.0,0.132959872484207
1050,330.2,0.0400137193500996
1051,330.7,0.0176060367375612
1052,331.0,0.88464617729187
1053,331.2,6.77306509017944
1054,331.3,0.364124834537506
1055,331.9,0.0675660222768784
1056,332.1,0.820395588874817
1057,332.2,0.761746883392334
1058,333.0,0.0916885808110237
1059,333.2,0.254944562911987
1060,333.4,0.0254944544285536
1061,336.9,0.0174917113035917
1062,338.8,0.0380701944231987
1063,339.0,0.572539150714874
1064,339.2,1.12152743339539
1065,339.3,0.138790443539619
1066,339.6,0.0194352343678474
1067,339.8,0.035097748041153
1068,340.0,0.0172630622982979
1069,340.2,0.0707671195268631
1070,340.8,1.01223278045654
1071,341.0,21.807933807373
1072,341.1,77.9375762939453
1073,341.3,3.54670166969299
1074,341.6,0.0829998850822449
1075,341.7,0.0458442904055119
1076,341.9,2.36938381195068
1077,342.1,13.6056938171387
1078,342.2,9.14119148254395
1079,342.4,0.315536767244339
1080,342.7,0.259746193885803
1081,342.9,1.98170804977417
1082,343.1,14.2065849304199
1083,343.2,9.94512367248535
1084,343.4,0.147364810109138
1085,343.6,0.0176060367375612
1086,343.8,0.0725963190197945
1087,344.0,0.515148043632507
1088,344.2,0.580084621906281
1089,344.3,0.132502570748329
1090,344.5,0.0368126221001148
1091,344.8,0.0918029025197029
1092,345.0,1.38481760025024
1093,345.1,1.13524639606476
1094,345.2,2.01234698295593
1095,345.5,0.078769862651825
1096,345.6,0.0193209107965231
1097,345.8,0.0289242025464773
1098,346.0,0.374985694885254
1099,346.2,2.16828632354736
1100,346.3,0.450097173452377
1101,347.1,0.129415795207024
1102,347.2,0.349033951759338
1103,347.9,0.0173773858696222
1104,348.0,0.0576197542250156
1105,348.2,0.0528181083500385
1106,348.5,0.0173773858696222
1107,350.0,0.0195495598018169
1108,350.5,0.0197782088071108
1109,353.1,0.0249228309839964
1110,354.2,0.0178346857428551
1111,354.5,0.0416142679750919
1112,354.7,0.0797987878322601
1113,354.9,2.76437640190125
1114,355.1,77.2610015869141
1115,355.2,102.357490539551
1116,355.4,0.5922030210495
1117,355.8,0.294158011674881
1118,356.0,7.24694204330444
1119,356.2,40.5502471923828
1120,356.3,5.8574366569519
1121,356.6,0.0765976905822754
1122,356.8,0.214016228914261
1123,357.0,7.06310749053955
1124,357.2,29.6730308532715
1125,357.3,5.4203724861145
1126,357.6,0.037384245544672
1127,357.9,0.21424488723278
1128,358.1,2.01211833953857
1129,358.2,2.05430436134338
1130,358.4,0.179604440927505
1131,358.7,0.0768263414502144
1132,358.9,0.994741082191467
1133,359.1,7.49285459518433
1134,359.2,8.82576847076416
1135,359.4,0.383903056383133
1136,359.7,0.0173773858696222
1137,359.9,0.0982050970196724
1138,360.1,0.437521427869797
1139,360.2,0.497084707021713
1140,360.4,0.0857436805963516
1141,360.6,0.0173773858696222
1142,360.9,0.0193209107965231
1143,361.1,0.27323654294014
1144,361.2,0.230136051774025
1145,362.2,0.0179490111768246
1146,362.4,0.0186349600553513
1147,363.1,0.0746541693806648
1148,363.2,0.0188636109232903
1149,363.3,0.0736252442002296
1150,367.2,0.0173773858696222
1151,368.0,0.0184063110500574
1152,368.5,0.0200068596750498
1153,368.9,0.096375897526741
1154,369.1,0.917457401752472
1155,369.2,1.12438547611237
1156,369.4,0.0984337478876114
1157,370.1,0.11546815931797
1158,370.3,0.0364696457982063
1159,370.8,0.0615068040788174
1160,371.0,0.10506459325552
1161,371.2,0.222933575510979
1162,371.3,0.0717960447072983
1163,371.9,0.0185206364840269
1164,372.1,0.0370412729680538
1165,372.2,0.0228649824857712
1166,372.5,0.0171487368643284
1167,372.9,0.372927874326706
1168,373.1,3.76449060440063
1169,373.2,4.39556407928467
1170,373.4,0.178346857428551
1171,373.6,0.0188636109232903
1172,373.8,0.0177203621715307
1173,374.0,0.101406194269657
1174,374.2,0.227735221385956
1175,374.3,0.0641362741589546
1176,374.4,0.0568194799125195
1177,375.0,0.0174917113035917
1178,375.2,0.284669041633606
1179,375.3,0.0203498341143131
1180,375.6,0.0172630622982979
1181,376.3,0.0198925342410803
1182,377.2,0.0394420959055424
1183,382.3,0.0185206364840269
1184,382.8,0.0206928085535765
1185,383.1,0.0184063110500574
1186,384.7,0.0197782088071108
1187,385.0,0.263976216316223
1188,385.1,0.13238824903965
1189,385.2,0.143477767705917
1190,385.4,0.0177203621715307
1191,385.8,0.0174917113035917
1192,386.1,0.0357836969196796
1193,386.4,0.0195495598018169
1194,386.9,0.191951528191566
1195,387.1,0.649822771549225
1196,387.3,0.381616562604904
1197,388.2,0.0172630622982979
1198,388.7,0.0188636109232903
1199,389.0,0.0899737030267715
1200,389.1,0.137761518359184
1201,389.3,0.0219503827393055
1202,390.3,0.0286955535411835
1203,398.8,0.037612896412611
1204,399.0,0.367325931787491
1205,399.2,0.531953811645508
1206,399.3,0.112495712935925
1207,400.0,0.0187492854893208
1208,400.6,0.084257461130619
1209,400.8,0.783239960670471
1210,401.0,8.31062030792236
1211,401.1,16.319766998291
1212,401.3,1.41111242771149
1213,401.5,0.0760260671377182
1214,401.7,0.0189779344946146
1215,401.9,0.457071006298065
1216,402.1,1.91391336917877
1217,402.2,0.935635089874268
1218,402.3,0.343089073896408
1219,402.6,0.0370412729680538
1220,402.9,0.578598380088806
1221,403.1,1.13844752311707
1222,403.2,0.816051244735718
1223,403.5,0.0172630622982979
1224,404.0,0.0537327080965042
1225,404.2,0.037155594676733
1226,404.6,0.0177203621715307
1227,404.9,0.183262839913368
1228,405.1,2.43603515625
1229,405.2,5.20864295959473
1230,405.4,0.204412937164307
1231,406.0,0.228192523121834
1232,406.2,1.76163256168365
1233,406.3,0.488510340452194
1234,406.9,0.0511032342910767
1235,407.1,0.410883724689484
1236,407.2,0.512289941310883
1237,407.4,0.0535040572285652
1238,408.2,0.059220302850008
1239,409.1,0.0177203621715307
1240,409.8,0.0200068596750498
1241,413.0,0.0171487368643284
1242,413.2,0.0428718402981758
1243,414.7,0.0449296906590462
1244,414.9,1.68217670917511
1245,415.1,14.3875617980957
1246,415.2,15.2379102706909
1247,415.4,0.402195036411285
1248,415.8,0.078769862651825
1249,416.0,1.64959418773651
1250,416.1,1.53767001628876
1251,416.2,2.86235284805298
1252,416.4,0.1553675532341
1253,416.5,0.0769406631588936
1254,416.8,0.0365839712321758
1255,417.0,1.14279186725616
1256,417.1,1.4354635477066
1257,417.2,2.52040696144104
1258,417.4,0.19549560546875
1259,417.8,0.0274379793554544
1260,418.0,0.0177203621715307
1261,418.2,0.0802560895681381
1262,418.4,0.0890591070055962
1263,418.9,0.0719103664159775
1264,419.2,0.297930717468262
1265,419.3,0.0952326506376266
1266,420.0,0.035097748041153
1267,420.3,0.0211501084268093
1268,420.5,0.0171487368643284
1269,421.2,0.0760260671377182
1270,421.4,0.0452726632356644
1271,428.8,0.1345604211092
1272,429.0,6.33062744140625
1273,429.2,24.8977928161621
1274,429.3,6.06425046920776
1275,429.5,0.0632216781377792
1276,429.8,0.0179490111768246
1277,430.0,2.22533440589905
1278,430.2,5.15216636657715
1279,430.3,2.07751226425171
1280,430.5,0.0189779344946146
1281,430.7,0.0224076826125383
1282,430.9,0.301703453063965
1283,431.1,3.00754547119141
1284,431.2,3.56259298324585
1285,431.4,0.217674627900124
1286,431.6,0.0788841918110847
1287,432.0,0.102549448609352
1288,432.1,0.0178346857428551
1289,432.3,0.219961136579514
1290,432.5,0.0385274961590767
1291,432.8,0.0171487368643284
1292,433.0,0.457642614841461
1293,433.2,1.59643304347992
1294,433.3,0.895964324474335
1295,433.5,0.0361266732215881
1296,434.1,0.0363553203642368
1297,434.3,0.0795701369643211
1298,435.0,0.0412712916731834
1299,435.1,0.0530467592179775
1300,437.1,0.0366982966661453
1301,438.4,0.0477878116071224
1302,445.0,0.097747802734375
1303,445.5,0.020807133987546
1304,446.0,0.0172630622982979
1305,446.7,0.0171487368643284
1306,447.0,0.0174917113035917
1307,447.2,0.0172630622982979
1308,450.2,0.0226363316178322
1309,453.0,0.023322282359004
1310,453.2,0.0172630622982979
1311,453.7,0.0172630622982979
1312,454.7,0.0188636109232903
1313,457.7,0.0173773858696222
1314,459.2,0.0810563638806343
1315,459.4,0.0176060367375612
1316,460.0,0.0180633366107941
1317,460.2,0.0214930828660727
1318,460.7,0.023093631491065
1319,460.9,0.239853665232658
1320,461.1,1.4522693157196
1321,461.2,0.769978284835815
1322,461.9,0.0357836969196796
1323,462.1,0.0362409986555576
1324,462.2,0.0197782088071108
1325,462.4,0.053161084651947
1326,463.0,0.0816279873251915
1327,463.2,0.0353263989090919
1328,463.3,0.0194352343678474
1329,464.9,0.0180633366107941
1330,465.2,0.0536183826625347
1331,465.6,0.0216074083000422
1332,465.8,0.0180633366107941
1333,467.2,0.0176060367375612
1334,468.0,0.0177203621715307
1335,470.7,0.0201211851090193
1336,473.1,0.0209214594215155
1337,474.7,0.0181776601821184
1338,474.9,0.343203395605087
1339,475.1,2.63633251190186
1340,475.2,3.4821081161499
1341,475.4,0.288670390844345
1342,475.9,0.131930947303772
1343,476.0,0.177660912275314
1344,476.2,0.614267766475677
1345,476.3,0.29221448302269
1346,477.0,0.165885448455811
1347,477.2,0.192180171608925
1348,477.3,0.0380701944231987
1349,478.0,0.022064708173275
1350,478.9,0.0389847941696644
1351,479.1,0.201440498232841
1352,479.2,0.492511719465256
1353,479.5,0.0261804051697254
1354,479.9,0.0188636109232903
1355,480.1,0.0195495598018169
1356,480.3,0.0808277130126953
1357,481.2,0.034640446305275
1358,481.5,0.0171487368643284
1359,484.1,0.0171487368643284
1360,486.2,0.0403566919267178
1361,488.5,0.0196638852357864
1362,488.8,0.0721390172839165
1363,489.0,1.4246027469635
1364,489.2,5.85812282562256
1365,489.3,2.97953581809998
1366,489.5,0.0871155858039856
1367,489.9,0.100605919957161
1368,490.1,0.60272091627121
1369,490.3,0.849434077739716
1370,490.4,0.0907739773392677
1371,490.8,0.0200068596750498
1372,491.0,0.141419917345047
1373,491.2,0.374299764633179
1374,491.3,0.290156632661819
1375,492.2,0.0724819973111153
1376,492.3,0.0364696457982063
1377,493.0,0.0539613589644432
1378,493.1,0.0210357829928398
1379,493.3,0.151480510830879
1380,493.4,0.0421858914196491
1381,502.9,0.135817989706993
1382,503.1,0.508631527423859
1383,503.2,0.858122766017914
1384,503.4,0.203498348593712
1385,504.1,0.0781982392072678
1386,504.2,0.0969475284218788
1387,504.8,0.0225220080465078
1388,505.1,0.0708814486861229
1389,505.4,0.0559048801660538
1390,506.3,0.0174917113035917
1391,507.1,0.096833199262619
1392,507.2,0.0699668452143669
1393,507.3,0.174116834998131
1394,507.9,0.0172630622982979
1395,508.3,0.0188636109232903
1396,509.0,0.0171487368643284
1397,510.3,0.0180633366107941
1398,511.3,0.0205784849822521
1399,512.3,0.0210357829928398
1400,516.6,0.0182919856160879
1401,517.7,0.0177203621715307
1402,519.8,0.0192065853625536
1403,521.2,0.0198925342410803
1404,525.9,0.0173773858696222
1405,533.2,0.0209214594215155
1406,534.9,0.0641362741589546
1407,535.1,0.205784842371941
1408,535.2,0.317708939313889
1409,535.4,0.0342974737286568
1410,536.2,0.0377272218465805
1411,536.4,0.0369269475340843
1412,537.2,0.0173773858696222
1413,538.4,0.0193209107965231
1414,548.9,0.0866582840681076
1415,549.1,0.530010282993317
1416,549.2,0.609466075897217
1417,549.4,0.133988797664642
1418,549.9,0.0408139936625957
