#"+ Scan (rt: 4.980-55.035 min, 8759 scans) 040821_WINC350_650_2.D "
#Point,X(Thompsons),Y(Counts)
0,50.1,440.012786865234
1,50.3,11.7576208114624
2,50.5,0.691631436347961
3,50.8,2.31270694732666
4,51.0,64.1316375732422
5,51.1,688.507141113281
6,51.3,17.419340133667
7,51.5,0.921223878860474
8,51.8,2.67119526863098
9,52.0,46.1999092102051
10,52.2,250.104354858398
11,52.3,15.7490577697754
12,52.4,2.60600519180298
13,52.7,1.17604744434357
14,52.8,1.72725200653076
15,53.0,50.1539001464844
16,53.2,381.891540527344
17,53.3,23.005823135376
18,53.5,0.748715579509735
19,53.8,1.85728967189789
20,54.0,39.8538627624512
21,54.2,164.147384643555
22,54.3,23.9862995147705
23,54.5,0.679757952690125
24,54.7,1.09053540229797
25,54.8,1.00091338157654
26,55.0,35.0206642150879
27,55.2,1211.94152832031
28,55.3,30.6407127380371
29,55.5,0.490809440612793
30,55.8,1.56593215465546
31,56.0,39.4426307678223
32,56.2,454.986999511719
33,56.3,39.9876708984375
34,56.5,1.14682042598724
35,56.8,0.705788314342499
36,57.0,28.3490123748779
37,57.2,717.138732910156
38,57.3,69.8881149291992
39,57.6,13.8095674514771
40,57.8,12.6197052001953
41,58.0,50.4459419250488
42,58.1,149.338729858398
43,58.3,18.167142868042
44,58.5,1.90033113956451
45,58.7,2.50804877281189
46,58.9,13.1162233352661
47,59.1,83.4935531616211
48,59.2,44.6375160217285
49,59.4,1.71492183208466
50,59.5,1.37960958480835
51,59.8,4.03345108032227
52,60.0,32.6779327392578
53,60.1,61.9849281311035
54,60.3,7.82075595855713
55,60.5,1.33006048202515
56,60.7,0.889256775379181
57,60.9,10.0150699615479
58,61.1,74.4315567016602
59,61.2,26.5491485595703
60,61.3,7.60794591903687
61,61.5,0.563420474529266
62,61.7,1.35597670078278
63,61.9,10.2624731063843
64,62.0,28.5986976623535
65,62.1,154.064727783203
66,62.3,9.29158592224121
67,62.5,0.914830446243286
68,62.8,3.23324584960938
69,63.0,56.0672454833984
70,63.1,441.217834472656
71,63.3,11.204475402832
72,63.4,1.23176157474518
73,63.7,0.183582603931427
74,63.9,25.1521854400635
75,64.1,3120.55419921875
76,64.2,29.6516723632813
77,64.6,0.11405411362648
78,64.8,4.12364435195923
79,65.0,72.5472106933594
80,65.1,525.061767578125
81,65.3,17.1731929779053
82,65.6,1.32697796821594
83,65.8,5.02488851547241
84,65.9,20.6045207977295
85,66.1,332.40234375
86,66.2,135.870071411133
87,66.4,1.71012675762177
88,66.6,0.5101038813591
89,66.8,1.70521748065948
90,67.0,50.5901374816895
91,67.2,709.170776367188
92,67.3,27.6951713562012
93,67.6,1.38554632663727
94,67.8,2.79221367835999
95,68.0,48.5606803894043
96,68.2,259.641967773438
97,68.3,26.7559089660645
98,68.5,0.78445029258728
99,68.7,0.797122955322266
100,68.8,1.2996917963028
101,69.0,37.2376976013184
102,69.2,902.611938476563
103,69.3,40.1916885375977
104,69.4,4.58579730987549
105,69.6,1.78456449508667
106,69.8,4.66491603851318
107,70.0,43.8802375793457
108,70.2,432.351745605469
109,70.3,50.3539199829102
110,70.6,4.30517196655273
111,70.8,3.35083913803101
112,71.0,44.9322967529297
113,71.2,396.599945068359
114,71.3,48.8244094848633
115,71.5,0.332001358270645
116,71.7,0.915629625320435
117,71.9,7.83057403564453
118,72.1,30.8037452697754
119,72.2,25.9157428741455
120,72.4,3.9159722328186
121,72.7,1.3509533405304
122,72.8,1.69448566436768
123,73.0,82.1719360351563
124,73.1,513.66357421875
125,73.3,21.0876808166504
126,73.6,0.637858211994171
127,73.7,0.475625067949295
128,73.9,16.1628036499023
129,74.1,215.960952758789
130,74.2,69.8260040283203
131,74.4,2.87612748146057
132,74.6,0.704189956188202
133,74.8,4.32914733886719
134,75.0,96.5612487792969
135,75.1,337.291473388672
136,75.3,18.8997611999512
137,75.5,1.02466034889221
138,75.7,2.10400724411011
139,75.9,25.6506443023682
140,76.0,51.1287803649902
141,76.1,331.455535888672
142,76.3,17.8200702667236
143,76.6,1.54675185680389
144,76.8,3.78433609008789
145,77.0,97.4444580078125
146,77.1,1011.76947021484
147,77.3,18.4356670379639
148,77.5,0.778399348258972
149,77.8,3.20527458190918
150,78.0,93.528938293457
151,78.1,635.961669921875
152,78.3,27.9326400756836
153,78.6,1.06781601905823
154,78.8,2.92110967636108
155,79.0,77.1778717041016
156,79.1,671.731689453125
157,79.3,21.2142944335938
158,79.4,2.59538769721985
159,79.6,0.37024775147438
160,79.8,2.7980363368988
161,80.0,42.0496635437012
162,80.1,140.503479003906
163,80.3,18.6501884460449
164,80.5,1.51843822002411
165,80.8,4.07158374786377
166,81.0,69.9243087768555
167,81.2,657.806945800781
168,81.3,32.9826469421387
169,81.5,1.85512042045593
170,81.8,5.23039150238037
171,82.0,62.2697792053223
172,82.2,278.015747070313
173,82.3,42.0522880554199
174,82.6,5.35620498657227
175,82.8,4.49434852600098
176,83.0,47.7213134765625
177,83.2,479.336791992188
178,83.3,50.7793121337891
179,83.5,1.58088827133179
180,83.8,2.8306884765625
181,84.0,41.4542770385742
182,84.2,237.162353515625
183,84.3,37.7053298950195
184,84.6,1.75099897384644
185,84.8,2.34113478660583
186,85.0,45.4812202453613
187,85.2,244.956039428711
188,85.3,43.5603370666504
189,85.5,1.4548465013504
190,85.8,2.95433259010315
191,86.0,24.8695049285889
192,86.1,64.5125045776367
193,86.3,8.41557216644287
194,86.6,1.43246948719025
195,86.8,4.58317136764526
196,87.0,38.9231643676758
197,87.1,104.837997436523
198,87.3,10.1768465042114
199,87.5,1.10480654239655
200,87.7,2.18643689155579
201,87.9,10.1848382949829
202,88.0,16.4326972961426
203,88.1,84.345703125
204,88.3,6.56159400939941
205,88.6,1.78319442272186
206,88.8,6.57495164871216
207,89.0,64.9626693725586
208,89.1,288.532379150391
209,89.3,16.7226848602295
210,89.5,2.42972946166992
211,89.8,3.60063934326172
212,89.9,6.33816623687744
213,90.1,68.3318862915039
214,90.2,29.0208930969238
215,90.4,2.21589231491089
216,90.7,0.667427778244019
217,90.9,11.8857173919678
218,91.1,1405.9873046875
219,91.2,694.368896484375
220,91.4,2.01427102088928
221,91.7,0.766411662101746
222,91.9,13.803973197937
223,92.1,249.772232055664
224,92.2,193.527450561523
225,92.4,3.90786623954773
226,92.7,1.39981734752655
227,92.8,1.79620957374573
228,93.0,54.461009979248
229,93.2,381.107330322266
230,93.3,24.613655090332
231,93.5,0.787647008895874
232,93.7,1.72485446929932
233,93.9,13.4066677093506
234,94.1,269.015869140625
235,94.2,82.7098999023438
236,94.4,7.83799505233765
237,94.6,1.47459757328033
238,94.8,4.18872022628784
239,95.0,52.5279159545898
240,95.2,563.179565429688
241,95.3,40.9238510131836
242,95.5,1.67587625980377
243,95.8,5.52243423461914
244,96.0,152.895645141602
245,96.1,448.29296875
246,96.3,44.3602027893066
247,96.5,4.82338190078735
248,96.8,13.2668113708496
249,97.0,74.4803085327148
250,97.1,623.150939941406
251,97.3,43.8829765319824
252,97.6,2.14682030677795
253,97.8,3.77634429931641
254,98.0,52.2998046875
255,98.1,175.491271972656
256,98.3,24.694486618042
257,98.6,1.60623359680176
258,98.7,0.825665056705475
259,98.9,8.53225231170654
260,99.1,85.9373245239258
261,99.2,54.2696647644043
262,99.4,3.32001376152039
263,99.5,1.41214752197266
264,99.8,1.9534193277359
265,100.0,12.2027626037598
266,100.1,63.1857528686523
267,100.3,4.58191585540771
268,100.6,1.3152186870575
269,100.7,0.812992334365845
270,100.9,8.4514217376709
271,101.1,102.313049316406
272,101.2,22.2880458831787
273,101.4,2.21429395675659
274,101.6,0.681356310844421
275,101.8,4.12330198287964
276,102.0,36.7307929992676
277,102.1,203.887084960938
278,102.3,11.4114627838135
279,102.5,0.638999879360199
280,102.7,2.35540580749512
281,102.9,23.2186317443848
282,103.1,551.124328613281
283,103.2,140.556106567383
284,103.4,2.1242151260376
285,103.6,1.41100585460663
286,103.8,4.99086666107178
287,103.9,13.9912090301514
288,104.1,301.752471923828
289,104.2,184.751678466797
290,104.4,3.92647552490234
291,104.7,1.13175022602081
292,104.9,15.056170463562
293,105.1,559.816650390625
294,105.2,871.414184570313
295,105.4,2.74038124084473
296,105.7,0.729306995868683
297,105.9,10.0382461547852
298,106.1,221.451309204102
299,106.2,494.044738769531
300,106.4,2.77760028839111
301,106.5,1.68147051334381
302,106.7,0.80774062871933
303,106.9,10.9244203567505
304,107.1,164.161544799805
305,107.2,149.883773803711
306,107.4,4.64699172973633
307,107.7,1.54001593589783
308,107.9,11.115309715271
309,108.1,98.7428894042969
310,108.2,64.2994613647461
311,108.4,3.16234731674194
312,108.5,1.6072610616684
313,108.8,1.82406663894653
314,109.0,44.9513626098633
315,109.1,433.218872070313
316,109.3,45.7748603820801
317,109.6,1.10960149765015
318,109.8,2.18461012840271
319,110.0,43.3899993896484
320,110.1,239.590942382813
321,110.3,29.0083351135254
322,110.5,0.66400271654129
323,110.7,1.38588881492615
324,110.9,10.3794956207275
325,111.1,442.047607421875
326,111.2,129.314758300781
327,111.4,6.16303253173828
328,111.7,1.36785018444061
329,111.9,8.48373126983643
330,112.1,231.729873657227
331,112.2,70.306999206543
332,112.4,4.71880340576172
333,112.6,0.665486931800842
334,112.8,3.14841866493225
335,113.0,28.5967578887939
336,113.1,81.0850524902344
337,113.3,12.0519466400146
338,113.5,1.42447769641876
339,113.7,0.58728164434433
340,113.9,5.41385984420776
341,114.1,33.2535667419434
342,114.2,16.333028793335
343,114.4,2.08653950691223
344,114.6,0.549491941928864
345,114.8,3.77143502235413
346,115.0,90.7847900390625
347,115.1,550.674499511719
348,115.2,229.822235107422
349,115.4,1.96620619297028
350,115.6,0.394908100366592
351,115.8,2.59367513656616
352,116.0,43.1113128662109
353,116.1,240.994522094727
354,116.3,14.0940742492676
355,116.5,0.625299692153931
356,116.7,0.937093257904053
357,116.9,15.8250942230225
358,117.0,46.9634666442871
359,117.2,729.989501953125
360,117.3,19.9938354492188
361,117.5,0.590592563152313
362,117.7,0.965521156787872
363,117.9,10.0699853897095
364,118.1,159.879440307617
365,118.2,231.958786010742
366,118.4,3.02237701416016
367,118.6,1.45256304740906
368,118.8,4.51923751831055
369,119.0,68.922248840332
370,119.2,671.963134765625
371,119.3,25.5518894195557
372,119.6,1.00045669078827
373,119.8,2.68489551544189
374,120.0,31.8377666473389
375,120.2,383.584075927734
376,120.3,16.1599502563477
377,120.5,1.18837761878967
378,120.8,2.97237133979797
379,120.9,8.71435070037842
380,121.1,124.217948913574
381,121.2,94.27685546875
382,121.4,3.57095551490784
383,121.7,1.13917112350464
384,121.9,9.96506404876709
385,122.1,117.655899047852
386,122.2,46.829776763916
387,122.4,3.14065527915955
388,122.6,0.472999215126038
389,122.8,1.97922134399414
390,122.9,7.89496517181396
391,123.1,162.428817749023
392,123.2,111.033111572266
393,123.4,5.54686594009399
394,123.7,0.941089153289795
395,123.9,7.38805818557739
396,124.1,101.775428771973
397,124.2,64.0654220581055
398,124.4,4.97933530807495
399,124.7,1.59984016418457
400,124.9,13.0888233184814
401,125.0,33.7676658630371
402,125.1,169.476303100586
403,125.3,18.5677585601807
404,125.4,7.25562286376953
405,125.7,2.70989847183228
406,125.8,3.0170111656189
407,126.0,37.1624603271484
408,126.1,176.16325378418
409,126.2,78.3447875976563
410,126.4,4.88651657104492
411,126.6,1.04292726516724
412,126.8,3.86984825134277
413,127.0,41.2510566711426
414,127.1,147.869735717773
415,127.2,95.0627899169922
416,127.4,3.40666747093201
417,127.6,0.612627029418945
418,127.8,4.49526214599609
419,128.0,95.4153442382813
420,128.1,936.129333496094
421,128.2,238.395599365234
422,128.4,2.60006856918335
423,128.7,0.736842095851898
424,128.9,10.6808996200562
425,129.1,248.79084777832
426,129.2,171.274917602539
427,129.4,1.91197621822357
428,129.7,0.939376652240753
429,129.9,9.59470272064209
430,130.1,97.7250823974609
431,130.2,71.4252777099609
432,130.4,2.9162003993988
433,130.7,0.946683406829834
434,130.9,9.71012687683105
435,131.1,197.696319580078
436,131.2,160.556564331055
437,131.4,2.54013013839722
438,131.7,1.31590366363525
439,131.9,9.79963493347168
440,132.1,103.775886535645
441,132.2,119.403587341309
442,132.4,2.58716750144958
443,132.5,1.53522086143494
444,132.7,1.09293293952942
445,132.9,26.1847248077393
446,133.1,392.144409179688
447,133.2,215.193405151367
448,133.3,26.1509304046631
449,133.5,0.899075210094452
450,133.7,2.57426643371582
451,133.9,21.5958442687988
452,134.1,372.845886230469
453,134.2,147.142715454102
454,134.3,17.521635055542
455,134.6,1.5652471780777
456,134.8,4.33645391464233
457,135.0,51.2431793212891
458,135.1,161.321380615234
459,135.3,20.7346725463867
460,135.5,0.693115651607513
461,135.7,1.30597102642059
462,135.9,6.90489768981934
463,136.1,52.4256210327148
464,136.2,27.510103225708
465,136.4,2.64173984527588
466,136.6,1.64265322685242
467,136.8,4.46831846237183
468,137.0,50.1424827575684
469,137.2,129.493545532227
470,137.3,27.0447540283203
471,137.5,1.1693115234375
472,137.7,0.346044063568115
473,137.9,6.9175705909729
474,138.1,48.8281784057617
475,138.2,44.7375259399414
476,138.4,3.66731357574463
477,138.5,1.5233473777771
478,138.8,3.79152870178223
479,139.0,46.1941986083984
480,139.1,168.693572998047
481,139.3,14.7897024154663
482,139.4,3.42196607589722
483,139.6,0.473912537097931
484,139.8,1.92362141609192
485,140.0,53.0420150756836
486,140.1,112.813446044922
487,140.3,13.8782968521118
488,140.5,1.53145337104797
489,140.8,2.38657379150391
490,141.0,40.1133689880371
491,141.1,280.520385742188
492,141.2,265.657836914063
493,141.4,3.02671527862549
494,141.6,0.303002625703812
495,141.8,2.0777485370636
496,142.0,30.7881031036377
497,142.2,396.297973632813
498,142.3,12.5101041793823
499,142.5,0.479735136032104
500,142.7,0.719602704048157
501,142.9,6.72816514968872
502,143.0,22.1494464874268
503,143.2,133.198425292969
504,143.3,11.9948625564575
505,143.4,2.34832739830017
506,143.6,0.384176284074783
507,143.8,1.78890287876129
508,144.0,17.5945892333984
509,144.2,70.5247192382813
510,144.3,8.72474002838135
511,144.4,2.62963819503784
512,144.6,0.35106748342514
513,144.8,2.05091905593872
514,144.9,4.58865165710449
515,145.1,102.88298034668
516,145.2,98.6073760986328
517,145.4,2.66685700416565
518,145.6,0.462838232517242
519,145.8,1.6241580247879
520,146.0,18.0988693237305
521,146.1,46.9550170898438
522,146.2,70.3310852050781
523,146.4,2.51832389831543
524,146.6,0.741637170314789
525,146.8,6.59984016418457
526,147.0,85.236213684082
527,147.1,331.59423828125
528,147.3,21.7175483703613
529,147.5,0.443315446376801
530,147.7,1.19088935852051
531,147.9,9.58853721618652
532,148.1,134.084365844727
533,148.2,77.6015548706055
534,148.3,16.2984352111816
535,148.5,1.13631689548492
536,148.8,4.61491060256958
537,149.0,49.925106048584
538,149.1,114.186782836914
539,149.3,19.5220909118652
540,149.5,0.71789014339447
541,149.7,1.14213955402374
542,149.9,7.22080135345459
543,150.0,15.9386920928955
544,150.1,85.5904769897461
545,150.3,10.3808650970459
546,150.6,1.01655435562134
547,150.8,3.30848264694214
548,151.0,31.752140045166
549,151.1,145.26806640625
550,151.3,19.0033111572266
551,151.5,2.1800434589386
552,151.8,3.00707840919495
553,152.0,38.2415809631348
554,152.1,210.797012329102
555,152.2,92.0184936523438
556,152.4,4.16291809082031
557,152.6,0.396620631217957
558,152.8,2.27446055412292
559,152.9,7.34547328948975
560,153.1,172.763671875
561,153.2,88.5257415771484
562,153.3,12.9392623901367
563,153.5,1.1351752281189
564,153.8,2.57791996002197
565,154.0,29.2605323791504
566,154.1,226.429382324219
567,154.3,17.6651439666748
568,154.6,1.40324234962463
569,154.7,1.18278336524963
570,154.9,9.43418216705322
571,155.1,100.907981872559
572,155.2,100.267951965332
573,155.4,3.15869402885437
574,155.7,0.966662883758545
575,155.9,5.77771425247192
576,156.0,11.7941541671753
577,156.2,166.432586669922
578,156.3,9.33679676055908
579,156.5,0.69208812713623
580,156.7,0.95376181602478
581,156.9,5.69494247436523
582,157.0,11.5710697174072
583,157.2,64.6310043334961
584,157.3,9.7938117980957
585,157.4,2.49172282218933
586,157.7,0.958556890487671
587,157.8,1.33371388912201
588,158.0,15.5362482070923
589,158.2,41.838451385498
590,158.3,9.28599166870117
591,158.5,0.406781584024429
592,158.7,0.883662521839142
593,158.9,4.86265563964844
594,159.1,71.4959487915039
595,159.2,49.7414093017578
596,159.4,2.21977400779724
597,159.5,1.11702251434326
598,159.8,3.41420245170593
599,159.9,53.4807624816895
600,160.1,69.1881484985352
601,160.2,45.2830238342285
602,160.4,2.15161538124084
603,160.7,1.81481909751892
604,160.9,14.1346044540405
605,161.1,94.0051345825195
606,161.2,48.4126052856445
607,161.4,2.25493788719177
608,161.5,1.13186430931091
609,161.7,0.593332588672638
610,161.9,14.4854431152344
611,162.0,15.0601663589478
612,162.2,88.7239379882813
613,162.3,14.5109033584595
614,162.5,1.08608293533325
615,162.7,2.75031399726868
616,162.9,24.3221836090088
617,163.1,86.7364959716797
618,163.2,30.1324348449707
619,163.3,15.5717544555664
620,163.5,1.01427102088928
621,163.7,1.99292159080505
622,163.9,7.35083913803101
623,164.1,23.9768238067627
624,164.2,17.2194309234619
625,164.4,2.98047733306885
626,164.7,1.56718802452087
627,164.9,17.3644256591797
628,165.1,134.867904663086
629,165.2,76.0653076171875
630,165.4,3.80420136451721
631,165.7,0.972485423088074
632,165.9,6.87567090988159
633,166.1,70.6010971069336
634,166.2,40.2961540222168
635,166.4,3.70795750617981
636,166.7,0.862427234649658
637,166.9,5.32709217071533
638,167.1,65.1438522338867
639,167.2,60.3099670410156
640,167.4,2.86505317687988
641,167.6,0.313277781009674
642,167.8,1.7003082036972
643,168.0,17.1138248443604
644,168.2,95.8933639526367
645,168.3,10.9348096847534
646,168.5,0.845644474029541
647,168.8,1.53328001499176
648,169.0,13.7725763320923
649,169.1,26.4224224090576
650,169.2,35.7117233276367
651,169.4,1.32366704940796
652,169.5,0.508962213993073
653,169.8,1.27583062648773
654,170.0,8.05731201171875
655,170.2,57.9994277954102
656,170.3,8.96072578430176
657,170.6,0.855234622955322
658,170.8,1.79883551597595
659,171.0,15.0762643814087
660,171.1,20.4196834564209
661,171.2,26.2114391326904
662,171.4,2.17011070251465
663,171.6,0.286790728569031
664,171.8,1.48978197574615
665,172.0,9.46318054199219
666,172.2,21.6637744903564
667,172.3,7.22742319107056
668,172.6,0.665030241012573
669,172.7,0.466948270797729
670,172.9,4.782395362854
671,173.1,36.6770172119141
672,173.2,30.0294551849365
673,173.4,2.22468328475952
674,173.7,0.957415223121643
675,173.9,3.65760922431946
676,174.0,10.6941432952881
677,174.1,64.6835250854492
678,174.3,11.5549716949463
679,174.6,1.00799179077148
680,174.7,0.285192370414734
681,174.9,5.69905233383179
682,175.1,40.9416618347168
683,175.2,29.3466148376465
684,175.4,2.86459636688232
685,175.6,0.389656364917755
686,175.8,3.44491386413574
687,176.0,23.7918720245361
688,176.1,129.762985229492
689,176.3,14.41637134552
690,176.5,0.407124102115631
691,176.7,1.45724391937256
692,176.9,24.7246265411377
693,177.1,124.050003051758
694,177.2,53.286678314209
695,177.4,3.48281764984131
696,177.7,1.33451306819916
697,177.9,12.1231880187988
698,178.1,360.928192138672
699,178.2,135.656463623047
700,178.4,3.23621416091919
701,178.7,1.70670163631439
702,178.8,3.6566960811615
703,179.0,35.2914733886719
704,179.2,135.0087890625
705,179.3,10.2137231826782
706,179.4,3.30745530128479
707,179.7,0.87441486120224
708,179.8,1.51683986186981
709,180.0,13.7995204925537
710,180.1,87.4063262939453
711,180.3,8.85466384887695
712,180.5,0.711953401565552
713,180.7,0.935152411460876
714,180.9,4.30163240432739
715,181.1,35.2825660705566
716,181.2,25.4668350219727
717,181.4,2.16908311843872
718,181.6,0.336225599050522
719,181.8,0.983217239379883
720,181.9,1.92419230937958
721,182.1,31.0601673126221
722,182.2,25.8124217987061
723,182.4,2.00034260749817
724,182.7,0.84084939956665
725,182.9,2.90329957008362
726,183.0,5.78582048416138
727,183.2,24.6652584075928
728,183.3,6.70099306106567
729,183.6,0.69243061542511
730,183.8,1.11473917961121
731,184.0,10.5765495300293
732,184.1,140.896331787109
733,184.3,6.95398998260498
734,184.5,0.561593770980835
735,184.7,0.350382477045059
736,184.9,3.70818591117859
737,185.0,7.97922134399414
738,185.1,34.3829193115234
739,185.3,4.20253467559814
740,185.4,2.09373211860657
741,185.7,0.532024204730988
742,185.9,3.12969517707825
743,186.0,8.7909574508667
744,186.1,21.0573120117188
745,186.3,4.62655544281006
746,186.5,0.941317498683929
747,186.8,1.91825556755066
748,187.0,9.6102294921875
749,187.2,20.9310417175293
750,187.3,7.05525732040405
751,187.5,0.83057427406311
752,187.7,0.366822689771652
753,187.9,3.63020896911621
754,188.0,5.68569469451904
755,188.2,21.1911182403564
756,188.3,7.62027645111084
757,188.5,0.836168527603149
758,188.8,2.77942681312561
759,189.0,17.2668113708496
760,189.1,36.1754760742188
761,189.3,8.91117668151855
762,189.5,1.02991211414337
763,189.7,0.505993843078613
764,189.9,4.22068738937378
765,190.1,47.1244430541992
766,190.2,21.2390689849854
767,190.4,2.99588990211487
768,190.7,2.21315217018127
769,190.9,30.043270111084
770,191.1,329.7265625
771,191.2,52.7936973571777
772,191.4,3.63488984107971
773,191.7,2.85352206230164
774,191.8,7.04852151870728
775,192.0,75.2415771484375
776,192.1,75.9280776977539
777,192.3,7.15515470504761
778,192.6,1.61879205703735
779,192.7,1.47745180130005
780,192.9,32.6867218017578
781,193.1,194.893249511719
782,193.2,42.8310317993164
783,193.4,2.5434410572052
784,193.5,1.22274231910706
785,193.8,5.19317293167114
786,194.0,30.68284034729
787,194.1,34.3283462524414
788,194.3,5.57974672317505
789,194.4,2.36065769195557
790,194.7,1.41191911697388
791,194.9,7.7129807472229
792,195.1,21.8268070220947
793,195.2,14.2430639266968
794,195.4,2.85317969322205
795,195.7,0.700764954090118
796,195.9,4.63329124450684
797,196.1,18.6824989318848
798,196.2,12.0087909698486
799,196.4,1.85432124137878
800,196.7,0.974083781242371
801,196.9,3.31053781509399
802,197.1,15.9254484176636
803,197.2,10.1664571762085
804,197.4,1.54435431957245
805,197.7,0.571412265300751
806,197.9,2.24352097511292
807,198.1,26.9541034698486
808,198.2,11.1757049560547
809,198.4,1.13597440719604
810,198.6,0.162689805030823
811,198.8,0.803402185440063
812,199.0,4.30814027786255
813,199.1,20.8628845214844
814,199.3,2.33508396148682
815,199.4,1.41602921485901
816,199.6,0.0665601119399071
817,199.8,1.14567875862122
818,200.0,4.69962310791016
819,200.1,81.6982498168945
820,200.3,2.34159159660339
821,200.4,1.50485217571259
822,200.7,0.607032775878906
823,200.9,1.96483612060547
824,201.1,43.1922607421875
825,201.2,26.622673034668
826,201.4,1.56125128269196
827,201.6,0.20892795920372
828,201.8,1.25881946086884
829,202.0,9.17022514343262
830,202.1,382.936737060547
831,202.3,6.72085857391357
832,202.5,0.817330718040466
833,202.8,1.75316822528839
834,203.0,11.0420141220093
835,203.1,87.8548889160156
836,203.3,6.91049194335938
837,203.5,0.974312126636505
838,203.7,0.438177883625031
839,203.9,3.18129920959473
840,204.1,18.2141799926758
841,204.2,18.1481895446777
842,204.3,5.78479290008545
843,204.5,0.754424035549164
844,204.7,0.963123619556427
845,204.9,6.49811601638794
846,205.1,18.44651222229
847,205.2,13.2986640930176
848,205.4,2.375727891922
849,205.7,0.752254843711853
850,205.9,3.22559642791748
851,206.1,9.45952701568604
852,206.2,8.30049133300781
853,206.4,1.18540930747986
854,206.6,0.217490583658218
855,206.8,2.13631701469421
856,207.0,220.947601318359
857,207.1,2778.34838867188
858,207.3,6.16063499450684
859,207.6,0.260189533233643
860,207.8,4.93389654159546
861,208.0,136.347076416016
862,208.1,525.650390625
863,208.3,13.0917911529541
864,208.6,1.43189859390259
865,208.8,5.10446405410767
866,209.0,107.489898681641
867,209.1,284.770629882813
868,209.3,7.80260324478149
869,209.4,1.97705221176147
870,209.7,0.823838353157043
871,209.9,9.31053733825684
872,210.1,41.9223670959473
873,210.2,19.4869270324707
874,210.4,1.60326516628265
875,210.6,0.949080944061279
876,210.8,2.63957071304321
877,211.0,11.7328462600708
878,211.1,14.3323440551758
879,211.3,2.86219882965088
880,211.4,1.17604744434357
881,211.7,0.469003319740295
882,211.9,1.60269439220428
883,212.0,2.43578028678894
884,212.2,6.06872940063477
885,212.3,2.80442976951599
886,212.5,0.469003319740295
887,212.7,0.436465352773666
888,212.9,1.25824868679047
889,213.0,1.57712066173553
890,213.1,4.13563203811646
891,213.3,2.16942572593689
892,213.6,0.586596667766571
893,213.7,0.200251176953316
894,213.9,0.812079012393951
895,214.1,2.6384289264679
896,214.2,2.45918488502502
897,214.4,0.870533168315887
898,214.7,0.558168768882751
899,214.8,0.645507454872131
900,215.0,4.37926721572876
901,215.1,4.17707490921021
902,215.2,7.04429721832275
903,215.4,1.18255507946014
904,215.7,0.621874630451202
905,215.9,2.36453938484192
906,216.1,9.44023323059082
907,216.2,8.70955562591553
908,216.4,1.50348210334778
909,216.6,0.626441359519958
910,216.9,1.31407690048218
911,217.1,5.28165292739868
912,217.2,5.82475185394287
913,217.4,1.56616055965424
914,217.7,0.570270597934723
915,217.9,1.38086545467377
916,218.0,2.73307466506958
917,218.2,9.71880340576172
918,218.3,4.47003078460693
919,218.5,0.621189653873444
920,218.7,0.576093137264252
921,218.9,1.96038365364075
922,219.1,5.20481777191162
923,219.2,5.19671201705933
924,219.4,1.56775891780853
925,219.7,0.469231635332108
926,219.9,1.20710122585297
927,220.1,3.86425399780273
928,220.2,3.41077756881714
929,220.4,1.41580092906952
930,220.7,1.07866191864014
931,220.9,6.99212217330933
932,221.1,28.93971824646
933,221.2,20.1849517822266
934,221.4,2.51820993423462
935,221.6,0.63077974319458
936,221.9,2.34832739830017
937,222.1,6.43281173706055
938,222.2,3.80694150924683
939,222.3,3.30654191970825
940,222.5,0.492636144161224
941,222.7,0.951478481292725
942,222.9,4.63420486450195
943,223.1,11.0396165847778
944,223.2,6.2627010345459
945,223.4,1.4906952381134
946,223.7,1.05480074882507
947,223.9,7.74163722991943
948,224.1,6.57883310317993
949,224.2,4.23838329315186
950,224.4,1.2189747095108
951,224.7,0.739125490188599
952,224.9,1.7654983997345
953,225.1,4.17844486236572
954,225.2,4.08414220809937
955,225.4,0.575065672397614
956,225.5,0.619248747825623
957,225.8,1.34170567989349
958,226.0,3.74631810188293
959,226.2,6.09681463241577
960,226.3,1.57335317134857
961,226.5,0.463751584291458
962,226.8,0.601096034049988
963,227.0,1.96175360679626
964,227.1,1.37801122665405
965,227.3,2.41785597801208
966,227.4,0.843703627586365
967,227.6,0.449023872613907
968,227.9,1.06393420696259
969,228.1,6.39570713043213
970,228.2,3.62518548965454
971,228.3,1.99086654186249
972,228.5,0.28347983956337
973,228.7,0.459527343511581
974,228.9,1.03219544887543
975,229.1,3.0109601020813
976,229.2,3.83559775352478
977,229.4,0.53339421749115
978,229.6,0.575864851474762
979,229.8,0.563306331634521
980,230.0,2.2671537399292
981,230.2,8.97728061676025
982,230.3,2.33017468452454
983,230.5,0.450964719057083
984,230.6,0.375385314226151
985,230.8,0.359515935182571
986,231.0,1.20116448402405
987,231.2,2.6597785949707
988,231.3,1.67987215518951
989,231.5,0.301404267549515
990,231.7,0.494462847709656
991,231.9,0.797122955322266
992,232.1,2.2267382144928
993,232.2,1.63032305240631
994,232.3,2.46295237541199
995,232.5,0.525402426719666
996,232.7,0.49503368139267
997,232.8,0.577120661735535
998,233.1,1.82646417617798
999,233.3,2.36727929115295
1000,233.4,1.20207786560059
1001,233.7,0.550976157188416
1002,233.9,1.04954898357391
1003,234.1,2.99440574645996
1004,234.2,1.57826232910156
1005,234.3,1.39365220069885
1006,234.6,0.4588423371315
1007,234.8,1.20424711704254
1008,235.0,3.87087559700012
1009,235.1,4.10777473449707
1010,235.3,0.88697338104248
1011,235.4,1.0667884349823
1012,235.7,0.688663065433502
1013,235.9,1.28325152397156
1014,236.0,1.17913007736206
1015,236.2,2.48121929168701
1016,236.3,1.00901925563812
1017,236.4,0.820755779743195
1018,236.7,0.7973513007164
1019,236.9,2.57380986213684
1020,237.1,4.39399480819702
1021,237.2,1.30448687076569
1022,237.4,1.55371618270874
1023,237.6,0.516268968582153
1024,237.8,0.612512826919556
1025,238.0,1.26761043071747
1026,238.2,2.37869620323181
1027,238.3,1.61993372440338
1028,238.6,0.566845536231995
1029,238.8,0.516383171081543
1030,239.0,1.54115772247314
1031,239.2,2.20184946060181
1032,239.4,0.991209030151367
1033,239.5,0.333599716424942
1034,239.7,0.346957415342331
1035,239.9,0.832172632217407
1036,240.1,2.4518780708313
1037,240.2,1.29706585407257
1038,240.4,0.612512826919556
1039,240.7,0.411919176578522
1040,240.9,0.568215548992157
1041,241.1,1.34090650081635
1042,241.2,0.819614112377167
1043,241.3,1.15264296531677
1044,241.5,0.296495020389557
1045,241.7,0.346158236265182
1046,241.9,0.588994204998016
1047,242.1,1.1226167678833
1048,242.2,1.38714468479156
1049,242.4,0.738212108612061
1050,242.7,0.264756262302399
1051,242.9,0.716976821422577
1052,243.0,0.38611713051796
1053,243.2,1.10389316082001
1054,243.3,0.484301865100861
1055,243.4,0.515812277793884
1056,243.7,0.468889147043228
1057,243.9,0.575293958187103
1058,244.1,1.48487269878387
1059,244.3,1.50896215438843
1060,244.4,0.890740931034088
1061,244.7,0.468660801649094
1062,244.9,0.880351662635803
1063,245.1,0.965064525604248
1064,245.3,1.23507249355316
1065,245.4,0.809909820556641
1066,245.7,0.437150359153748
1067,245.9,0.632492303848267
1068,246.1,1.32686376571655
1069,246.3,1.67188036441803
1070,246.4,0.920196354389191
1071,246.7,0.446968823671341
1072,246.9,0.731247842311859
1073,247.1,1.30893933773041
1074,247.3,1.68900561332703
1075,247.5,0.685466349124908
1076,247.7,0.527229130268097
1077,247.9,0.808768153190613
1078,248.0,0.530425846576691
1079,248.2,1.14191114902496
1080,248.3,0.497773706912994
1081,248.5,0.781253576278687
1082,248.7,1.7080717086792
1083,248.9,16.726110458374
1084,249.0,27.0540008544922
1085,249.1,32.0334510803223
1086,249.3,2.19591283798218
1087,249.6,0.606576085090637
1088,249.8,1.93401074409485
1089,250.0,8.12901020050049
1090,250.1,6.96186780929565
1091,250.3,1.03699052333832
1092,250.5,0.957986056804657
1093,250.6,0.560452103614807
1094,250.8,4.67267942428589
1095,251.0,24.4612407684326
1096,251.1,21.3196716308594
1097,251.3,2.16177654266357
1098,251.5,0.524146616458893
1099,251.8,1.52779996395111
1100,251.9,2.26932287216187
1101,252.1,6.42824506759644
1102,252.2,2.66742777824402
1103,252.3,1.75956153869629
1104,252.5,0.667541980743408
1105,252.8,1.64231073856354
1106,253.0,7.53978776931763
1107,253.1,8.07318210601807
1108,253.2,3.2655553817749
1109,253.4,0.78958785533905
1110,253.6,0.0760360807180405
1111,253.8,0.710012555122375
1112,253.9,0.548007786273956
1113,254.1,3.57266807556152
1114,254.2,1.53898847103119
1115,254.4,0.544011890888214
1116,254.7,0.292156636714935
1117,254.9,0.94611257314682
1118,255.0,2.03813219070435
1119,255.2,0.571983098983765
1120,255.4,0.808083117008209
1121,255.5,0.169654071331024
1122,255.7,1.56764471530914
1123,255.8,24.9891548156738
1124,255.9,11.413631439209
1125,256.2,0.904098629951477
1126,256.3,0.821897447109222
1127,256.6,0.468889147043228
1128,256.8,1.68261218070984
1129,256.9,1.36020088195801
1130,257.1,0.702134966850281
1131,257.4,0.781596064567566
1132,257.5,0.362712651491165
1133,257.8,8.72268486022949
1134,257.9,4.59390354156494
1135,258.2,1.26966547966003
1136,258.3,0.977394700050354
1137,258.5,0.135631918907166
1138,258.7,0.633633971214294
1139,258.8,0.498915404081345
1140,259.0,1.07272517681122
1141,259.2,0.714236795902252
1142,259.3,0.532366693019867
1143,259.5,0.495262026786804
1144,259.7,0.336453944444656
1145,259.8,2.36522436141968
1146,260.0,0.295353353023529
1147,260.1,1.07272517681122
1148,260.3,0.402214854955673
1149,260.5,0.345016568899155
1150,260.6,0.241237580776215
1151,260.8,0.476081758737564
1152,261.0,0.503482103347778
1153,261.1,0.309510231018066
1154,261.2,0.860943019390106
1155,261.5,0.741637170314789
1156,261.7,0.425733536481857
1157,261.9,0.491266131401062
1158,262.0,0.247516840696335
1159,262.2,0.757392406463623
1160,262.4,0.449708878993988
1161,262.5,0.594245910644531
1162,262.8,0.274688899517059
1163,262.9,0.206758767366409
1164,263.0,0.694257318973541
1165,263.2,0.975910484790802
1166,263.4,0.22297066450119
1167,263.5,0.585112452507019
1168,263.8,0.266126275062561
1169,264.0,0.610001146793365
1170,264.2,0.719260215759277
1171,264.4,0.845872819423676
1172,264.6,0.53339421749115
1173,264.8,4.5716404914856
1174,265.0,33.7031631469727
1175,265.1,31.0404148101807
1176,265.2,15.9171142578125
1177,265.4,0.744148850440979
1178,265.7,0.550291121006012
1179,265.8,0.940175831317902
1180,266.0,7.54127168655396
1181,266.1,8.18335437774658
1182,266.3,2.19454264640808
1183,266.5,0.506907165050507
1184,266.7,2.21360874176025
1185,266.8,6.37766885757446
1186,267.0,91.0895080566406
1187,267.1,94.9881286621094
1188,267.3,3.57380986213684
1189,267.4,1.1675990819931
1190,267.6,0.310309410095215
1191,267.8,4.08813810348511
1192,268.0,20.4015293121338
1193,268.1,10.9308137893677
1194,268.2,7.25733518600464
1195,268.4,0.802260518074036
1196,268.6,0.308368533849716
1197,268.8,2.69676899909973
1198,269.0,14.440803527832
1199,269.1,13.5984697341919
1200,269.3,1.96289527416229
1201,269.5,0.20892795920372
1202,269.7,0.423792660236359
1203,269.9,1.31704533100128
1204,270.0,1.24717438220978
1205,270.1,1.78171026706696
1206,270.3,0.801347196102142
1207,270.6,0.4654640853405
1208,270.8,0.416942566633224
1209,271.0,2.40015983581543
1210,271.2,1.90923619270325
1211,271.3,0.515469789505005
1212,271.4,0.453362256288528
1213,271.7,0.395364761352539
1214,271.9,0.567188024520874
1215,272.1,0.710811734199524
1216,272.3,0.738097965717316
1217,272.4,0.205388739705086
1218,272.6,0.485900223255157
1219,272.7,0.359858423471451
1220,272.9,0.12992350757122
1221,273.1,0.71024090051651
1222,273.3,0.548806965351105
1223,273.4,0.524717450141907
1224,273.6,0.0941888317465782
1225,273.7,0.295810014009476
1226,273.9,0.294325828552246
1227,274.1,0.357004225254059
1228,274.3,0.587395846843719
1229,274.4,0.221714809536934
1230,274.6,0.297065883874893
1231,274.7,0.249115198850632
1232,275.0,0.663203537464142
1233,275.2,0.59767097234726
1234,275.3,0.359972596168518
1235,275.4,0.589679181575775
1236,275.6,0.0595958456397057
1237,275.7,0.398561477661133
1238,275.9,0.499600410461426
1239,276.1,0.22000227868557
1240,276.2,0.598127663135529
1241,276.4,0.289873272180557
1242,276.5,0.543555200099945
1243,276.7,0.290329933166504
1244,276.9,0.143852040171623
1245,277.1,0.451421409845352
1246,277.2,0.366251856088638
1247,277.3,0.515127301216125
1248,277.5,0.179130032658577
1249,277.6,0.3385089635849
1250,277.9,0.382007092237473
1251,278.1,0.50496631860733
1252,278.2,0.215321376919746
1253,278.3,0.501312911510468
1254,278.5,0.36545267701149
1255,278.8,0.618906259536743
1256,279.0,0.519579887390137
1257,279.1,0.865053117275238
1258,279.3,0.409293293952942
1259,279.6,0.280283123254776
1260,279.8,0.347185760736465
1261,280.0,0.375385314226151
1262,280.2,0.870533168315887
1263,280.3,0.175362482666969
1264,280.4,0.322068721055984
1265,280.7,1.63317728042603
1266,280.9,27.484073638916
1267,281.0,125.582145690918
1268,281.1,1059.79797363281
1269,281.3,14.9738550186157
1270,281.5,0.533051729202271
1271,281.7,0.944400072097778
1272,281.9,16.5232334136963
1273,282.1,245.569473266602
1274,282.2,75.0495452880859
1275,282.4,1.33302891254425
1276,282.5,0.778056859970093
1277,282.8,3.55246043205261
1278,283.0,58.8542060852051
1279,283.1,152.658630371094
1280,283.3,8.80682754516602
1281,283.5,0.417627573013306
1282,283.7,0.747916400432587
1283,283.9,5.65030241012573
1284,284.1,21.7014503479004
1285,284.2,12.2346162796021
1286,284.4,1.46066904067993
1287,284.7,0.6925448179245
1288,284.9,8.08117389678955
1289,285.1,38.8135643005371
1290,285.2,9.6260986328125
1291,285.4,0.544011890888214
1292,285.7,0.461924880743027
1293,285.9,2.05046248435974
1294,286.0,3.02112102508545
1295,286.1,5.91425943374634
1296,286.3,1.24317848682404
1297,286.6,0.495832860469818
1298,286.8,0.583285748958588
1299,287.0,2.53704762458801
1300,287.1,3.15857982635498
1301,287.3,0.711839258670807
1302,287.6,0.540130138397217
1303,287.7,0.330631345510483
1304,288.0,0.684210538864136
1305,288.2,0.955474376678467
1306,288.3,0.362598478794098
1307,288.5,0.117593333125114
1308,288.7,0.512501418590546
1309,288.9,0.701335787773132
1310,289.0,1.80568563938141
1311,289.3,0.99748831987381
1312,289.4,0.263043731451035
1313,289.5,0.368649393320084
1314,289.7,0.163945659995079
1315,289.9,0.584884107112885
1316,290.0,0.105491496622562
1317,290.2,0.24957187473774
1318,290.3,0.221143960952759
1319,290.5,0.582600772380829
1320,290.6,0.270007997751236
1321,290.8,0.380180388689041
1322,291.0,0.243863448500633
1323,291.2,0.403128206729889
1324,291.3,0.195684432983398
1325,291.5,0.391597211360931
1326,291.7,0.385888814926147
1327,291.8,0.0804886370897293
1328,292.0,0.360429286956787
1329,292.2,0.41934010386467
1330,292.3,0.142025351524353
1331,292.4,0.205731242895126
1332,292.6,0.388743013143539
1333,292.8,0.218403920531273
1334,293.0,0.663774430751801
1335,293.1,0.455873966217041
1336,293.3,0.787647008895874
1337,293.4,0.379267036914825
1338,293.6,0.221714809536934
1339,293.8,0.287247389554977
1340,294.0,0.33439889550209
1341,294.2,0.680785477161407
1342,294.4,0.351638317108154
1343,294.5,0.262358725070953
1344,294.7,0.498002052307129
1345,294.8,0.429501086473465
1346,295.0,2.81504726409912
1347,295.1,3.77234840393066
1348,295.3,1.72862195968628
1349,295.6,0.290329933166504
1350,295.8,0.610001146793365
1351,295.9,0.309852719306946
1352,296.1,0.836739361286163
1353,296.2,0.526544153690338
1354,296.3,0.588880002498627
1355,296.6,0.330060511827469
1356,296.8,0.789701998233795
1357,297.0,0.935380756855011
1358,297.1,0.68695056438446
1359,297.3,0.931384861469269
1360,297.4,0.489667773246765
1361,297.6,0.146135404706001
1362,297.8,0.344217389822006
1363,297.9,0.649960041046143
1364,298.1,0.236899182200432
1365,298.3,0.60018265247345
1366,298.5,0.347984939813614
1367,298.6,0.17867337167263
1368,298.8,0.273318886756897
1369,299.0,0.604863584041595
1370,299.1,1.00148415565491
1371,299.3,0.297750890254974
1372,299.5,0.468432456254959
1373,299.7,0.271948844194412
1374,299.8,0.57700651884079
1375,300.0,0.384404599666595
1376,300.3,0.480077624320984
1377,300.4,0.200593680143356
1378,300.5,0.550747811794281
1379,300.7,0.18974769115448
1380,301.0,0.598698496818542
1381,301.2,0.396620631217957
1382,301.4,0.313163608312607
1383,301.5,0.518894851207733
1384,301.7,0.152528822422028
1385,301.9,0.393994748592377
1386,302.0,0.23769836127758
1387,302.1,0.384861290454865
1388,302.3,0.137572780251503
1389,302.5,0.0837995186448097
1390,302.7,0.296152532100677
1391,302.8,0.11405411362648
1392,303.0,0.260303676128387
1393,303.1,0.241694256663322
1394,303.3,0.330174684524536
1395,303.4,0.225596532225609
1396,303.6,0.370704412460327
1397,303.7,0.375271141529083
1398,303.9,0.449138015508652
1399,304.2,0.273547202348709
1400,304.4,0.490809440612793
1401,304.5,0.195912778377533
1402,304.7,0.416143387556076
1403,304.9,0.255280286073685
1404,305.1,0.392510563135147
1405,305.3,0.374814480543137
1406,305.5,0.280625641345978
1407,305.7,0.382463753223419
1408,305.9,0.36134260892868
1409,306.0,0.169882401823997
1410,306.1,0.313163608312607
1411,306.3,0.412375837564468
1412,306.5,0.100924760103226
1413,306.7,0.226624041795731
1414,306.9,0.430871099233627
1415,307.1,0.496175348758698
1416,307.3,0.297294199466705
1417,307.5,0.216348901391029
1418,307.7,0.190432697534561
1419,307.8,0.312592774629593
1420,308.0,0.178559198975563
1421,308.2,0.299577564001083
1422,308.4,0.272291362285614
1423,308.5,0.126498460769653
1424,308.6,0.322411239147186
1425,308.8,0.163032308220863
1426,309.0,0.488982766866684
1427,309.1,0.236328348517418
1428,309.2,0.613197863101959
1429,309.5,0.199680328369141
1430,309.7,0.281082302331924
1431,309.8,0.144651219248772
1432,310.0,0.394908100366592
1433,310.1,0.131636038422585
1434,310.2,0.331658869981766
1435,310.5,0.440347075462341
1436,310.6,0.103322297334671
1437,310.8,0.443201273679733
1438,311.0,0.858202993869781
1439,311.1,0.964836180210114
1440,311.3,0.547893583774567
1441,311.5,0.452791422605515
1442,311.7,0.299577564001083
1443,311.9,0.651330053806305
1444,312.1,0.136202767491341
1445,312.2,0.418883442878723
1446,312.4,0.19751113653183
1447,312.6,0.194428592920303
1448,312.8,0.524374902248383
1449,313.0,0.635460674762726
1450,313.1,0.26395708322525
1451,313.2,0.969631254673004
1452,313.5,0.37321612238884
1453,313.7,0.287019073963165
1454,313.9,0.43966206908226
1455,314.1,0.341020673513412
1456,314.2,0.264071226119995
1457,314.4,0.431670278310776
1458,314.5,0.097157210111618
1459,314.6,0.266811281442642
1460,314.9,0.467861622571945
1461,315.1,0.72279942035675
1462,315.2,0.550976157188416
1463,315.5,0.261445373296738
1464,315.7,0.170795753598213
1465,315.8,0.145336225628853
1466,315.9,0.414088368415833
1467,316.1,0.252540230751038
1468,316.3,0.230619937181473
1469,316.5,0.357232570648193
1470,316.8,0.139741986989975
1471,317.0,0.245575979351997
1472,317.2,0.507477998733521
1473,317.3,0.119990862905979
1474,317.5,0.333828061819077
1475,317.6,0.481561809778214
1476,317.9,0.299805909395218
1477,318.0,0.337253123521805
1478,318.2,0.16131979227066
1479,318.4,0.452448904514313
1480,318.6,0.30117592215538
1481,318.8,0.253111094236374
1482,318.9,0.164973169565201
1483,319.1,0.410434991121292
1484,319.2,0.135289415717125
1485,319.3,0.330973863601685
1486,319.6,0.272519707679749
1487,319.7,0.155154705047607
1488,319.9,0.189633518457413
1489,320.1,0.272177189588547
1490,320.2,0.356433391571045
1491,320.4,0.234729990363121
1492,320.5,0.350382477045059
1493,320.8,0.391483038663864
1494,320.9,0.220915630459785
1495,321.2,0.346843242645264
1496,321.4,0.336568087339401
1497,321.6,0.270350486040115
1498,321.7,0.165429845452309
1499,321.9,0.316246151924133
1500,322.0,0.212010502815247
1501,322.2,0.320242047309875
1502,322.3,0.234615817666054
1503,322.5,0.146820411086082
1504,322.6,0.226509869098663
1505,322.8,0.524374902248383
1506,323.0,1.85123872756958
1507,323.2,1.51820981502533
1508,323.3,0.296152532100677
1509,323.5,0.536590933799744
1510,323.7,0.46808996796608
1511,323.9,0.436807841062546
1512,324.0,0.747117221355438
1513,324.2,0.636716544628143
1514,324.4,0.195227771997452
1515,324.6,0.560680449008942
1516,324.8,3.99771666526794
1517,325.0,14.4042701721191
1518,325.1,12.279598236084
1519,325.3,1.73478710651398
1520,325.5,0.160292267799377
1521,325.7,0.745747208595276
1522,325.9,2.10229468345642
1523,326.1,3.25950455665588
1524,326.2,1.25037109851837
1525,326.5,0.616965413093567
1526,326.6,0.382349580526352
1527,326.8,5.40564012527466
1528,327.0,20.6525859832764
1529,327.1,16.5629634857178
1530,327.3,1.20790040493011
1531,327.4,0.609544456005096
1532,327.7,0.789816200733185
1533,327.9,3.27674388885498
1534,328.1,4.77554512023926
1535,328.2,1.72531116008759
1536,328.5,0.396620631217957
1537,328.7,0.889256775379181
1538,328.9,1.97545385360718
1539,329.1,2.81287813186646
1540,329.2,1.49126613140106
1541,329.4,0.125470951199532
1542,329.5,0.385432124137878
1543,329.7,0.17867337167263
1544,329.9,0.602123558521271
1545,330.1,0.839936077594757
1546,330.3,0.453818917274475
1547,330.5,0.380637049674988
1548,330.7,0.172622442245483
1549,330.9,0.404041558504105
1550,331.0,0.223084822297096
1551,331.1,3.00787758827209
1552,331.4,0.311679422855377
1553,331.5,0.117935836315155
1554,331.7,0.260417848825455
1555,331.9,0.469459980726242
1556,332.0,0.410891652107239
1557,332.1,0.634547293186188
1558,332.4,0.386002957820892
1559,332.5,0.104235641658306
1560,332.7,0.159150585532188
1561,332.8,0.310195237398148
1562,333.0,0.262472897768021
1563,333.1,0.454161435365677
1564,333.3,0.238611713051796
1565,333.5,0.117479167878628
1566,333.7,0.185980141162872
1567,333.8,0.151044636964798
1568,334.0,0.388743013143539
1569,334.1,0.130722686648369
1570,334.3,0.330174684524536
1571,334.4,0.383833765983582
1572,334.6,0.142824530601501
1573,334.8,0.298435896635056
1574,335.0,0.262016206979752
1575,335.1,0.343532353639603
1576,335.3,0.262701213359833
1577,335.5,0.127069294452667
1578,335.7,0.389085501432419
1579,335.9,0.205502912402153
1580,336.0,0.117364995181561
1581,336.1,0.294097512960434
1582,336.3,0.23769836127758
1583,336.5,0.239525064826012
1584,336.7,0.271378010511398
1585,336.9,0.234844163060188
1586,337.1,0.223198994994164
1587,337.3,0.17387829720974
1588,337.5,0.0352779999375343
1589,337.7,0.238954216241837
1590,337.8,0.0933896526694298
1591,338.0,0.205845415592194
1592,338.1,0.125927612185478
1593,338.3,0.38828632235527
1594,338.5,0.390683859586716
1595,338.6,0.216234728693962
1596,338.8,0.677702963352203
1597,339.0,1.55017697811127
1598,339.1,2.04167151451111
1599,339.3,0.368763566017151
1600,339.5,0.325950443744659
1601,339.6,0.230049088597298
1602,339.8,0.273318886756897
1603,340.0,0.604178547859192
1604,340.1,0.720059394836426
1605,340.3,0.374015301465988
1606,340.5,0.365110158920288
1607,340.7,1.58636832237244
1608,340.8,4.52814245223999
1609,341.0,49.5944747924805
1610,341.1,56.2092704772949
1611,341.3,4.97511148452759
1612,341.4,1.33531224727631
1613,341.6,0.318301171064377
1614,341.8,2.3154468536377
1615,342.0,13.3275489807129
1616,342.1,13.9616394042969
1617,342.3,1.85888803005219
1618,342.5,0.192716062068939
1619,342.7,0.697796523571014
1620,342.8,1.59789931774139
1621,343.0,8.44594097137451
1622,343.1,9.14933204650879
1623,343.3,1.55051946640015
1624,343.5,0.0724968612194061
1625,343.7,0.27948397397995
1626,343.8,0.31818699836731
1627,344.0,1.30722689628601
1628,344.2,1.40712404251099
1629,344.3,0.361570954322815
1630,344.6,0.305628508329391
1631,344.8,0.595159292221069
1632,345.0,0.956616044044495
1633,345.1,1.35940170288086
1634,345.3,0.579404056072235
1635,345.6,0.288959920406342
1636,345.7,0.105605661869049
1637,345.9,0.436122834682465
1638,346.1,0.928873181343079
1639,346.2,1.06062340736389
1640,346.4,0.16611485183239
1641,346.6,0.260532021522522
1642,346.8,0.234273314476013
1643,346.9,0.285534888505936
1644,347.2,0.656810164451599
1645,347.3,0.430642753839493
1646,347.5,0.106062337756157
1647,347.7,0.295581698417664
1648,347.9,0.283936530351639
1649,348.1,0.409064948558807
1650,348.2,0.516839802265167
1651,348.4,0.316360324621201
1652,348.6,0.213494688272476
1653,348.9,0.351295799016953
1654,349.0,0.214408040046692
1655,349.3,0.244320124387741
1656,349.4,0.18198424577713
1657,349.7,0.280397295951843
1658,349.8,0.136202767491341
1659,350.0,0.121246717870235
1660,350.2,0.151272982358932
1661,350.4,0.292613297700882
1662,350.5,0.101838111877441
1663,350.7,0.256878644227982
1664,350.9,0.5256307721138
1665,351.0,0.126041784882545
1666,351.1,0.22959241271019
1667,351.3,0.206987097859383
1668,351.5,0.369448572397232
1669,351.6,0.264642089605331
1670,351.8,0.0561707951128483
1671,352.0,0.37835368514061
1672,352.2,0.257221132516861
1673,352.3,0.300833433866501
1674,352.5,0.0723826885223389
1675,352.7,0.358260065317154
1676,352.9,0.30117592215538
1677,353.0,0.294668346643448
1678,353.2,0.34216234087944
1679,353.4,0.18015755712986
1680,353.6,0.324237912893295
1681,353.7,0.154013007879257
1682,353.9,0.540130138397217
1683,354.0,0.160292267799377
1684,354.1,0.187235981225967
1685,354.3,0.453933089971542
1686,354.5,0.130608513951302
1687,354.7,1.2359858751297
1688,354.9,11.4263048171997
1689,355.1,82.6689147949219
1690,355.2,47.8092231750488
1691,355.4,1.6660578250885
1692,355.5,0.634319007396698
1693,355.7,0.416942566633224
1694,355.9,4.69243049621582
1695,356.1,21.118049621582
1696,356.2,15.4621534347534
1697,356.4,1.06302094459534
1698,356.5,0.585569143295288
1699,356.7,0.475625067949295
1700,356.9,3.39239645004272
1701,357.1,14.6999654769897
1702,357.2,6.4393196105957
1703,357.3,3.15572547912598
1704,357.5,0.188035160303116
1705,357.7,0.310195237398148
1706,357.8,0.456901460886002
1707,358.0,1.97020208835602
1708,358.1,0.774746000766754
1709,358.2,1.75065648555756
1710,358.4,0.320242047309875
1711,358.7,0.490466952323914
1712,358.9,1.26133120059967
1713,359.1,3.41511583328247
1714,359.2,2.07569360733032
1715,359.4,0.232674956321716
1716,359.5,0.418084263801575
1717,359.7,0.0377897024154663
1718,359.9,0.803858876228333
1719,360.1,0.729992032051086
1720,360.2,0.456444799900055
1721,360.4,0.14510789513588
1722,360.6,0.354378342628479
1723,360.7,0.169996574521065
1724,360.9,0.255736947059631
1725,361.0,0.199451997876167
1726,361.2,0.529398322105408
1727,361.3,0.134376063942909
1728,361.5,0.30380180478096
1729,361.6,0.23587167263031
1730,361.8,0.0852837115526199
1731,361.9,0.383377104997635
1732,362.1,0.0487498566508293
1733,362.2,0.315104454755783
1734,362.4,0.21669140458107
1735,362.7,0.325836271047592
1736,362.9,0.24957187473774
1737,363.0,0.357118397951126
1738,363.2,0.0694143176078796
1739,363.3,0.300833433866501
1740,363.6,0.211667999625206
1741,363.8,0.349697440862656
1742,364.0,0.302431792020798
1743,364.2,0.339764803647995
1744,364.3,0.150131300091743
1745,364.4,0.134261906147003
1746,364.6,0.145336225628853
1747,364.7,0.329603850841522
1748,364.9,0.0347071588039398
1749,365.0,0.253339409828186
1750,365.2,0.31042355298996
1751,365.4,0.14099782705307
1752,365.7,0.291814148426056
1753,365.9,0.360543429851532
1754,366.0,0.108231529593468
1755,366.2,0.259390354156494
1756,366.3,0.0208927951753139
1757,366.5,0.304030150175095
1758,366.6,0.118963353335857
1759,366.8,0.269551306962967
1760,367.0,0.322525411844254
1761,367.2,0.364539325237274
1762,367.3,0.324009597301483
1763,367.6,0.401415675878525
1764,367.7,0.173193290829659
1765,368.0,0.221828982234001
1766,368.2,0.248544350266457
1767,368.4,0.146135404706001
1768,368.5,0.0911062881350517
1769,368.8,0.360429286956787
1770,369.0,0.711154222488403
1771,369.1,0.730791211128235
1772,369.4,0.617193758487701
1773,369.5,0.224683180451393
1774,369.7,0.143623694777489
1775,369.9,0.221258133649826
1776,370.1,0.447197169065475
1777,370.2,0.293983340263367
1778,370.3,0.405525743961334
1779,370.6,0.262130379676819
1780,370.8,0.321497887372971
1781,371.0,0.501084625720978
1782,371.1,0.484530210494995
1783,371.3,0.309852719306946
1784,371.5,0.319785356521606
1785,371.8,0.421280980110168
1786,372.0,0.299349248409271
1787,372.1,0.0700993239879608
1788,372.2,0.336111426353455
1789,372.4,0.398447304964066
1790,372.6,0.236442521214485
1791,372.9,0.416143387556076
1792,373.0,0.24032424390316
1793,373.2,0.288503259420395
1794,373.3,0.100353918969631
1795,373.5,0.281881481409073
1796,373.7,0.185066789388657
1797,373.9,0.271035492420197
1798,374.0,0.125356778502464
1799,374.2,0.258933663368225
1800,374.3,0.122160062193871
1801,374.5,0.264984577894211
1802,374.6,0.270122170448303
1803,374.9,0.301746785640717
1804,375.0,0.141682833433151
1805,375.2,0.269322991371155
1806,375.3,0.16428816318512
1807,375.5,0.286676555871964
1808,375.7,0.164744839072227
1809,375.9,0.227423220872879
1810,376.1,0.396506458520889
1811,376.3,0.22628153860569
1812,376.5,0.0633633956313133
1813,376.6,0.144651219248772
1814,377.0,0.326521307229996
1815,377.2,0.28347983956337
1816,377.4,0.316246151924133
1817,377.5,0.0361913442611694
1818,377.7,0.251284390687943
1819,377.9,0.312821090221405
1820,378.0,0.100239753723145
1821,378.2,0.239639222621918
1822,378.3,0.136773601174355
1823,378.5,0.226624041795731
1824,378.7,0.257563650608063
1825,378.8,0.17867337167263
1826,379.0,0.272748023271561
1827,379.1,0.0380180403590202
1828,379.2,0.328233808279037
1829,379.5,0.314647793769836
1830,379.7,0.355177521705627
1831,379.9,0.152300491929054
1832,380.1,0.335426419973373
1833,380.2,0.0806028097867966
1834,380.4,0.310195237398148
1835,380.5,0.215892225503922
1836,380.6,0.447197169065475
1837,380.9,0.483502686023712
1838,381.0,0.0867678970098495
1839,381.1,0.260532021522522
1840,381.4,0.256307810544968
1841,381.6,0.328804671764374
1842,381.7,0.177075013518333
1843,381.9,0.296723365783691
1844,382.1,0.113140769302845
1845,382.4,0.263157904148102
1846,382.5,0.208128780126572
1847,382.7,0.201050341129303
1848,382.9,0.621189653873444
1849,383.0,0.236556679010391
1850,383.2,0.742093861103058
1851,383.4,0.24694599211216
1852,383.5,0.261673718690872
1853,383.8,0.338737308979034
1854,384.0,0.326292961835861
1855,384.2,0.36031511425972
1856,384.4,0.31521862745285
1857,384.6,0.228222399950027
1858,384.8,0.597785115242004
1859,385.0,1.08825206756592
1860,385.2,0.98230391740799
1861,385.3,0.400730669498444
1862,385.6,0.471857517957687
1863,385.7,0.184153437614441
1864,385.9,0.264642089605331
1865,386.1,0.432469457387924
1866,386.2,0.338737308979034
1867,386.4,0.0859687179327011
1868,386.5,0.31304943561554
1869,386.8,0.504737973213196
1870,386.9,0.467290788888931
1871,387.1,0.862541377544403
1872,387.3,0.316246151924133
1873,387.6,0.337823957204819
1874,387.8,0.334284722805023
1875,387.9,0.374700307846069
1876,388.1,0.148989617824554
1877,388.2,0.179586708545685
1878,388.5,0.210183814167976
1879,388.7,0.284050703048706
1880,388.8,0.205731242895126
1881,389.0,0.3318872153759
1882,389.2,0.487384408712387
1883,389.3,0.103322297334671
1884,389.5,0.193286910653114
1885,389.6,0.314876139163971
1886,389.8,0.0951021835207939
1887,390.0,0.291014969348907
1888,390.2,0.211211323738098
1889,390.3,0.0735243782401085
1890,390.4,0.249686032533646
1891,390.6,0.362484306097031
1892,390.9,0.327434629201889
1893,391.0,0.184724286198616
1894,391.2,0.380180388689041
1895,391.4,0.260189533233643
1896,391.5,0.118392512202263
1897,391.6,0.160406440496445
1898,391.8,0.419910937547684
1899,392.1,0.280739814043045
1900,392.2,0.291014969348907
1901,392.5,0.300034254789352
1902,392.6,0.0601666867733002
1903,392.8,0.2628153860569
1904,393.0,0.193971917033195
1905,393.1,0.281538993120193
1906,393.3,0.304600983858109
1907,393.4,0.102294780313969
1908,393.6,0.106062337756157
1909,393.8,0.138029456138611
1910,394.0,0.2783422768116
1911,394.1,0.174334973096848
1912,394.3,0.152414664626122
1913,394.5,0.219659775495529
1914,394.7,0.180728390812874
1915,394.9,0.365338504314423
1916,395.0,0.06793013215065
1917,395.2,0.161091446876526
1918,395.3,0.162118956446648
1919,395.5,0.334855586290359
1920,395.7,0.26646876335144
1921,395.8,0.0592533387243748
1922,395.9,0.232789129018784
1923,396.1,0.164173990488052
1924,396.3,0.206416264176369
1925,396.5,0.176960840821266
1926,396.7,0.226852387189865
1927,396.8,0.106404840946198
1928,397.0,0.260874539613724
1929,397.2,0.453133910894394
1930,397.4,0.193971917033195
1931,397.5,0.1546980291605
1932,397.6,0.264527916908264
1933,397.8,0.243064269423485
1934,398.1,0.303230971097946
1935,398.3,0.239867568016052
1936,398.4,0.0600525178015232
1937,398.6,0.404269903898239
1938,398.7,0.134604409337044
1939,398.9,0.849868714809418
1940,399.0,0.993606567382813
1941,399.2,1.02146363258362
1942,399.4,0.208128780126572
1943,399.5,0.285991549491882
1944,399.8,0.321497887372971
1945,400.0,0.55885374546051
1946,400.1,0.33074551820755
1947,400.3,0.301290094852448
1948,400.5,0.081401988863945
1949,400.7,0.712181746959686
1950,400.9,4.72211456298828
1951,401.1,10.0266008377075
1952,401.2,4.12113237380981
1953,401.4,0.252083569765091
1954,401.6,0.388514667749405
1955,401.8,1.10309398174286
1956,402.0,2.39981722831726
1957,402.1,1.25185525417328
1958,402.2,0.890512645244598
1959,402.5,0.27023634314537
1960,402.7,0.48316016793251
1961,402.9,1.08425617218018
1962,403.1,2.10195231437683
1963,403.2,1.12524259090424
1964,403.4,0.467404961585999
1965,403.6,0.388058006763458
1966,403.9,0.399132311344147
1967,404.1,0.481675982475281
1968,404.3,0.498572885990143
1969,404.4,0.238497540354729
1970,404.5,0.339650630950928
1971,404.7,0.139056965708733
1972,404.9,0.273090541362762
1973,405.1,1.39684891700745
1974,405.2,0.784678637981415
1975,405.5,0.186550974845886
1976,405.7,0.219431445002556
1977,405.9,0.370133578777313
1978,406.0,0.188948512077332
1979,406.1,0.754309833049774
1980,406.3,0.326292961835861
1981,406.6,0.260075360536575
1982,406.8,0.212809681892395
1983,406.9,0.262130379676819
1984,407.1,0.64116907119751
1985,407.4,0.273318886756897
1986,407.5,0.0619933791458607
1987,407.7,0.253225266933441
1988,407.9,0.217490583658218
1989,408.1,0.244091793894768
1990,408.2,0.113254934549332
1991,408.4,0.485900223255157
1992,408.5,0.0626783892512321
1993,408.7,0.185980141162872
1994,408.9,0.338394790887833
1995,409.1,0.465235769748688
1996,409.2,0.0450964719057083
1997,409.3,0.0568558052182198
1998,409.6,0.238954216241837
1999,409.8,0.202420368790627
2000,409.9,0.0877954140305519
2001,410.0,0.242036759853363
2002,410.2,0.102294780313969
2003,410.4,0.309167712926865
2004,410.5,0.313962787389755
2005,410.8,0.107318185269833
2006,411.0,0.274118036031723
2007,411.2,0.196826115250587
2008,411.3,0.377326190471649
2009,411.6,0.31304943561554
2010,411.8,0.195113599300385
2011,412.0,0.268295466899872
2012,412.2,0.248430192470551
2013,412.4,0.151044636964798
2014,412.6,0.233588308095932
2015,412.8,0.343189865350723
2016,413.0,0.380637049674988
2017,413.2,0.385317951440811
2018,413.4,0.504395484924316
2019,413.5,0.225824862718582
2020,413.7,0.268295466899872
2021,413.8,0.153898850083351
2022,414.1,0.374928653240204
2023,414.2,0.43224111199379
2024,414.5,0.272291362285614
2025,414.7,0.553031146526337
2026,414.8,1.25425279140472
2027,415.0,7.32983207702637
2028,415.2,9.9939489364624
2029,415.3,3.1878068447113
2030,415.6,0.52049320936203
2031,415.8,0.681927144527435
2032,416.0,2.26738214492798
2033,416.1,2.52277660369873
2034,416.3,1.10126721858978
2035,416.5,0.261673718690872
2036,416.7,0.454503953456879
2037,416.8,0.264527916908264
2038,417.0,1.44902384281158
2039,417.2,1.88434755802155
2040,417.3,0.760589122772217
2041,417.5,0.371617764234543
2042,417.8,0.256992816925049
2043,418.0,0.454161435365677
2044,418.2,0.594017565250397
2045,418.3,0.0990980714559555
2046,418.5,0.322525411844254
2047,418.6,0.0544582717120647
2048,418.8,0.179586708545685
2049,418.9,0.144194543361664
2050,419.1,0.345929890871048
2051,419.3,0.213837191462517
2052,419.5,0.294554173946381
2053,419.7,0.351752489805222
2054,419.9,0.35255166888237
2055,420.1,0.305970996618271
2056,420.3,0.258362829685211
2057,420.4,0.0544582717120647
2058,420.6,0.211553826928139
2059,420.8,0.254481106996536
2060,420.9,0.108345702290535
2061,421.1,0.206073746085167
2062,421.2,0.163146480917931
2063,421.5,0.235529169440269
2064,421.6,0.13951364159584
2065,421.9,0.304715156555176
2066,422.1,0.272063016891479
2067,422.2,0.170795753598213
2068,422.3,0.175590828061104
2069,422.6,0.158465579152107
2070,422.7,0.300262600183487
2071,422.9,0.197967797517776
2072,423.1,0.163488984107971
2073,423.3,0.1074323579669
2074,423.4,0.15321384370327
2075,423.6,0.0895079374313354
2076,423.7,0.312706917524338
2077,424.0,0.304372638463974
2078,424.2,0.116451650857925
2079,424.3,0.238611713051796
2080,424.5,0.306884348392487
2081,424.7,0.325265437364578
2082,424.9,0.255508631467819
2083,425.2,0.318415343761444
2084,425.4,0.265783756971359
2085,425.5,0.229820758104324
2086,425.7,0.231190770864487
2087,425.9,0.175590828061104
2088,426.2,0.271834671497345
2089,426.3,0.306998521089554
2090,426.5,0.0929329842329025
2091,426.6,0.334741413593292
2092,426.8,0.3318872153759
2093,427.1,0.205959588289261
2094,427.2,0.300034254789352
2095,427.4,0.0708985030651093
2096,427.6,0.0373330302536488
2097,427.8,0.336682260036469
2098,428.0,0.247060164809227
2099,428.2,0.332572221755981
2100,428.3,0.0903071090579033
2101,428.4,0.234844163060188
2102,428.7,0.418769270181656
2103,428.9,3.46991658210754
2104,429.0,5.43030023574829
2105,429.2,18.8599147796631
2106,429.3,6.29421186447144
2107,429.5,0.401986539363861
2108,429.7,0.441488742828369
2109,429.9,1.48818361759186
2110,430.1,4.25630760192871
2111,430.2,4.28667640686035
2112,430.4,1.27822816371918
2113,430.7,0.306313514709473
2114,430.9,1.17901587486267
2115,431.1,2.83788108825684
2116,431.3,2.73022031784058
2117,431.4,0.754994869232178
2118,431.7,0.246375158429146
2119,431.9,0.540586829185486
2120,432.1,0.723484396934509
2121,432.3,0.740952134132385
2122,432.4,0.2181755900383
2123,432.6,0.505651354789734
2124,432.8,0.282452344894409
2125,432.9,0.169768244028091
2126,433.2,0.372188597917557
2127,433.4,0.402100682258606
2128,433.6,0.239867568016052
2129,433.8,0.159721434116364
2130,433.9,0.0566274672746658
2131,434.1,0.330174684524536
2132,434.3,0.26646876335144
2133,434.4,0.0400730669498444
2134,434.6,0.362255960702896
2135,434.7,0.0694143176078796
2136,434.9,0.242493435740471
2137,435.0,0.0804886370897293
2138,435.1,0.360657602548599
2139,435.4,0.426304370164871
2140,435.6,0.241694256663322
2141,435.7,0.0208927951753139
2142,435.8,0.273318886756897
2143,436.0,0.0837995186448097
2144,436.1,0.225596532225609
2145,436.4,0.37835368514061
2146,436.6,0.366251856088638
2147,436.7,0.0853978767991066
2148,436.9,0.396848946809769
2149,437.1,0.159721434116364
2150,437.3,0.307683527469635
2151,437.4,0.274574726819992
2152,437.6,0.214293867349625
2153,437.8,0.261102855205536
2154,438.0,0.0977280512452126
2155,438.1,0.199223652482033
2156,438.4,0.339422315359116
2157,438.6,0.280853986740112
2158,438.7,0.205731242895126
2159,439.0,0.218974769115448
2160,439.1,0.166229024529457
2161,439.3,0.143509536981583
2162,439.5,0.180043384432793
2163,439.8,0.253111094236374
2164,440.1,0.300490915775299
2165,440.2,0.171252429485321
2166,440.4,0.123415917158127
2167,440.6,0.2181755900383
2168,440.7,0.148418769240379
2169,441.0,0.195570275187492
2170,441.1,0.256307810544968
2171,441.3,0.167484879493713
2172,441.5,0.194656923413277
2173,441.7,0.253453582525253
2174,442.0,0.249686032533646
2175,442.2,0.250485211610794
2176,442.3,0.101381435990334
2177,442.4,0.167599037289619
2178,442.7,0.28610572218895
2179,442.8,0.209841310977936
2180,443.1,0.457358151674271
2181,443.2,0.118963353335857
2182,443.5,0.201621189713478
2183,443.6,0.0796894654631615
2184,443.8,0.310994416475296
2185,444.0,0.175933331251144
2186,444.1,0.268295466899872
2187,444.3,0.147733762860298
2188,444.5,0.257791996002197
2189,444.6,0.228336572647095
2190,444.9,0.48316016793251
2191,445.0,0.303687632083893
2192,445.2,0.358488410711288
2193,445.5,0.233474135398865
2194,445.7,0.205731242895126
2195,445.9,0.146820411086082
2196,446.0,0.0413289181888103
2197,446.1,0.245804309844971
2198,446.3,0.213608860969543
2199,446.4,0.180728390812874
2200,446.6,0.229820758104324
2201,446.8,0.418084263801575
2202,447.0,0.208813786506653
2203,447.2,0.292727470397949
2204,447.4,0.266240447759628
2205,447.6,0.130951017141342
2206,447.7,0.0560566261410713
2207,447.9,0.329489678144455
2208,448.1,0.15983559191227
2209,448.2,0.246375158429146
2210,448.4,0.268181294202805
2211,448.6,0.0774060934782028
2212,448.8,0.356775879859924
2213,448.9,0.326521307229996
2214,449.2,0.176504164934158
2215,449.3,0.195684432983398
2216,449.5,0.0728393644094467
2217,449.7,0.201392859220505
2218,449.9,0.287361562252045
2219,450.0,0.0823153331875801
2220,450.2,0.226167365908623
2221,450.3,0.178102523088455
2222,450.5,0.192145228385925
2223,450.7,0.135631918907166
2224,450.8,0.181299239397049
2225,451.0,0.270350486040115
2226,451.3,0.223769843578339
2227,451.5,0.371161103248596
2228,451.7,0.232446625828743
2229,451.8,0.0833428502082825
2230,451.9,0.269551306962967
2231,452.1,0.0794611275196075
2232,452.3,0.240895077586174
2233,452.4,0.0188377667218447
2234,452.6,0.190546870231628
2235,452.7,0.151158809661865
2236,453.0,0.135061085224152
2237,453.2,0.228793248534203
2238,453.4,0.137001946568489
2239,453.6,0.249800205230713
2240,453.8,0.365681022405624
2241,454.0,0.18346843123436
2242,454.2,0.246831834316254
2243,454.4,0.221029803156853
2244,454.5,0.1391711384058
2245,454.7,0.318757861852646
2246,454.9,0.254709452390671
2247,455.1,0.205046236515045
2248,455.3,0.198995321989059
2249,455.4,0.17570498585701
2250,455.7,0.243863448500633
2251,455.8,0.0877954140305519
2252,456.0,0.164059817790985
2253,456.1,0.109030708670616
2254,456.3,0.137572780251503
2255,456.5,0.211097151041031
2256,456.6,0.064276747405529
2257,456.7,0.275944739580154
2258,457.0,0.17718917131424
2259,457.2,0.31670281291008
2260,457.3,0.100125588476658
2261,457.4,0.278684794902802
2262,457.6,0.110514901578426
2263,457.8,0.16611485183239
2264,458.0,0.155154705047607
2265,458.1,0.138029456138611
2266,458.3,0.224226504564285
2267,458.5,0.250713557004929
2268,458.7,0.298321723937988
2269,458.9,0.329946339130402
2270,459.0,0.20082201063633
2271,459.1,0.23404498398304
2272,459.3,0.163374811410904
2273,459.6,0.158237248659134
2274,459.7,0.0629067271947861
2275,459.9,0.395478934049606
2276,460.0,0.162918135523796
2277,460.2,0.348555773496628
2278,460.3,0.302431792020798
2279,460.6,0.33074551820755
2280,460.8,0.353921681642532
2281,461.0,0.9977166056633
2282,461.2,0.837310194969177
2283,461.3,0.496403694152832
2284,461.6,0.189291015267372
2285,461.8,0.156182214617729
2286,462.0,0.445027977228165
2287,462.2,0.571526408195496
2288,462.3,0.179929211735725
2289,462.5,0.235072493553162
2290,462.6,0.156296387314796
2291,462.8,0.306998521089554
2292,463.0,0.373558610677719
2293,463.1,0.173992469906807
2294,463.3,0.377326190471649
2295,463.4,0.347185760736465
2296,463.6,0.176161661744118
2297,463.8,0.0183810945600271
2298,464.0,0.192601889371872
2299,464.2,0.204475402832031
2300,464.3,0.287133246660233
2301,464.5,0.0953305140137672
2302,464.6,0.25767782330513
2303,464.9,0.249115198850632
2304,465.1,0.227080717682838
2305,465.2,0.360086768865585
2306,465.5,0.277086436748505
2307,465.6,0.105605661869049
2308,465.9,0.257221132516861
2309,466.0,0.0448681339621544
2310,466.2,0.344445705413818
2311,466.3,0.0705559998750687
2312,466.4,0.144194543361664
2313,466.6,0.105719834566116
2314,466.8,0.183125928044319
2315,467.0,0.261787861585617
2316,467.3,0.216577231884003
2317,467.4,0.146592080593109
2318,467.6,0.137801125645638
2319,467.8,0.22959241271019
2320,468.1,0.151387140154839
2321,468.2,0.283023178577423
2322,468.5,0.324352085590363
2323,468.6,0.0183810945600271
2324,468.7,0.206758767366409
2325,468.9,0.0945313423871994
2326,469.1,0.233702480792999
2327,469.2,0.152528822422028
2328,469.5,0.24991437792778
2329,469.6,0.263043731451035
2330,469.8,0.202077865600586
2331,470.0,0.228907406330109
2332,470.2,0.0871104001998901
2333,470.3,0.285420715808868
2334,470.5,0.141340330243111
2335,470.6,0.166799858212471
2336,470.9,0.19305856525898
2337,471.1,0.219888120889664
2338,471.2,0.0710126757621765
2339,471.4,0.31521862745285
2340,471.5,0.0434981174767017
2341,471.7,0.213152185082436
2342,471.8,0.230049088597298
2343,472.0,0.204932063817978
2344,472.2,0.070441834628582
2345,472.4,0.266811281442642
2346,472.6,0.154241353273392
2347,472.7,0.255622774362564
2348,472.9,0.103893138468266
2349,473.1,0.345701575279236
2350,473.2,0.18164174258709
2351,473.3,0.274917215108871
2352,473.5,0.182783424854279
2353,473.9,0.178787529468536
2354,474.1,0.157323896884918
2355,474.2,0.427217721939087
2356,474.4,0.175819158554077
2357,474.7,0.29341247677803
2358,474.9,0.681927144527435
2359,475.0,0.49206531047821
2360,475.2,1.59116339683533
2361,475.3,0.841991066932678
2362,475.6,0.281196475028992
2363,475.8,0.285991549491882
2364,476.0,0.62826806306839
2365,476.2,0.685123860836029
2366,476.3,0.30380180478096
2367,476.5,0.434638649225235
2368,476.7,0.247174337506294
2369,476.9,0.41934010386467
2370,477.0,0.260988682508469
2371,477.2,0.572896420955658
2372,477.4,0.29238498210907
2373,477.5,0.115309968590736
2374,477.7,0.173079118132591
2375,477.9,0.0689576417207718
2376,478.0,0.142596185207367
2377,478.2,0.0174677483737469
2378,478.4,0.353236675262451
2379,478.5,0.0387030467391014
2380,478.7,0.251741051673889
2381,478.8,0.0413289181888103
2382,479.0,0.286676555871964
2383,479.1,0.309738546609879
2384,479.3,0.0647334158420563
2385,479.5,0.218860596418381
2386,479.6,0.152757167816162
2387,479.8,0.256307810544968
2388,480.0,0.29124328494072
2389,480.2,0.187121823430061
2390,480.4,0.287019073963165
2391,480.5,0.199566155672073
2392,480.6,0.28347983956337
2393,480.9,0.180956736207008
2394,481.0,0.254595279693604
2395,481.2,0.0577691532671452
2396,481.4,0.198310315608978
2397,481.6,0.19751113653183
2398,481.8,0.214179694652557
2399,482.0,0.136088594794273
2400,482.2,0.233474135398865
2401,482.3,0.196369454264641
2402,482.5,0.097157210111618
2403,482.7,0.127183467149734
2404,482.9,0.319214522838593
2405,483.0,0.0174677483737469
2406,483.2,0.247859343886375
2407,483.4,0.14099782705307
2408,483.6,0.374586135149002
2409,483.8,0.123073406517506
2410,484.0,0.193515241146088
2411,484.1,0.101381435990334
2412,484.2,0.344902396202087
2413,484.5,0.221714809536934
2414,484.6,0.0639342367649078
2415,484.8,0.0936179906129837
2416,484.9,0.0388172157108784
2417,485.1,0.17090992629528
2418,485.2,0.26395708322525
2419,485.4,0.106975682079792
2420,485.7,0.246260985732079
2421,485.8,0.079118624329567
2422,486.0,0.218403920531273
2423,486.2,0.147962093353271
2424,486.4,0.255394458770752
2425,486.6,0.282452344894409
2426,486.7,0.111999087035656
2427,486.8,0.221372306346893
2428,487.0,0.0561707951128483
2429,487.2,0.260189533233643
2430,487.3,0.204703733325005
2431,487.7,0.262244552373886
2432,487.8,0.26795294880867
2433,488.1,0.142710357904434
2434,488.3,0.19785363972187
2435,488.4,0.223998174071312
2436,488.7,0.405639916658401
2437,489.0,1.56410551071167
2438,489.2,2.58682489395142
2439,489.3,0.968832075595856
2440,489.4,0.655668437480927
2441,489.7,0.379952043294907
2442,489.9,0.518438160419464
2443,490.1,0.952620148658752
2444,490.2,0.42447766661644
2445,490.4,0.733873724937439
2446,490.5,0.356090873479843
2447,490.8,0.318757861852646
2448,490.9,0.626669704914093
2449,491.2,0.693914830684662
2450,491.4,0.449480533599854
2451,491.5,0.140426993370056
2452,491.8,0.304600983858109
2453,492.0,0.308482706546783
2454,492.1,0.362940967082977
2455,492.3,0.168512389063835
2456,492.4,0.353693336248398
2457,492.6,0.0939605012536049
2458,492.8,0.253111094236374
2459,492.9,0.184495940804482
2460,493.2,0.175590828061104
2461,493.3,0.159150585532188
2462,493.6,0.112455762922764
2463,493.7,0.0563991330564022
2464,493.8,0.0939605012536049
2465,494.1,0.113825775682926
2466,494.3,0.188606008887291
2467,494.4,0.0549149438738823
2468,494.6,0.169882401823997
2469,494.7,0.234958335757256
2470,494.9,0.111884921789169
2471,495.0,0.172051608562469
2472,495.2,0.136773601174355
2473,495.3,0.213494688272476
2474,495.5,0.119762532413006
2475,495.6,0.174106627702713
2476,495.9,0.273433029651642
2477,496.0,0.166229024529457
2478,496.3,0.227994069457054
2479,496.4,0.166571527719498
2480,496.7,0.101952277123928
2481,496.9,0.228907406330109
2482,497.0,0.121475055813789
2483,497.2,0.233245804905891
2484,497.4,0.201050341129303
2485,497.6,0.198081970214844
2486,497.7,0.165315672755241
2487,497.9,0.106633178889751
2488,498.1,0.373444467782974
2489,498.2,0.102180615067482
2490,498.5,0.210526317358017
2491,498.7,0.221943140029907
2492,498.8,0.0372188612818718
2493,499.0,0.179130032658577
2494,499.2,0.191346049308777
2495,499.4,0.231304943561554
2496,499.6,0.186893478035927
2497,499.7,0.220687299966812
2498,500.0,0.252426087856293
2499,500.3,0.324352085590363
2500,500.4,0.213152185082436
2501,500.7,0.196711957454681
2502,500.9,0.257906138896942
2503,501.1,0.238725885748863
2504,501.2,0.0622217133641243
2505,501.4,0.198538646101952
2506,501.5,0.0464664921164513
2507,501.7,0.314533621072769
2508,501.9,0.182897597551346
2509,502.0,0.201507017016411
2510,502.2,0.0951021835207939
2511,502.4,0.151387140154839
2512,502.5,0.0599383488297462
2513,502.6,0.246831834316254
2514,502.8,0.132777720689774
2515,503.0,0.923735558986664
2516,503.2,1.09886968135834
2517,503.3,1.1428245306015
2518,503.5,0.167713209986687
2519,503.6,0.235414996743202
2520,503.8,0.158808082342148
2521,504.0,0.459070682525635
2522,504.2,0.747231423854828
2523,504.3,0.309624373912811
2524,504.5,0.341477334499359
2525,504.6,0.0924763083457947
2526,504.8,0.202534541487694
2527,505.0,0.313506096601486
2528,505.2,0.61308366060257
2529,505.4,0.16131979227066
2530,505.6,0.206987097859383
2531,505.8,0.217148080468178
2532,506.0,0.0730677023530006
2533,506.1,0.258477002382278
2534,506.4,0.206987097859383
2535,506.5,0.0730677023530006
2536,506.6,0.325151264667511
2537,506.8,0.184952616691589
2538,507.1,0.281881481409073
2539,507.2,0.328918814659119
2540,507.4,0.112455762922764
2541,507.6,0.152072161436081
2542,507.7,0.0808311477303505
2543,507.9,0.159150585532188
2544,508.0,0.0643909126520157
2545,508.2,0.140541151165962
2546,508.3,0.213494688272476
2547,508.5,0.0635917335748672
2548,508.6,0.167256534099579
2549,508.8,0.201735362410545
2550,509.0,0.112798266112804
2551,509.2,0.167827382683754
2552,509.3,0.309510231018066
2553,509.5,0.0913346260786057
2554,509.7,0.216805577278137
2555,509.8,0.131065189838409
2556,510.0,0.176846668124199
2557,510.1,0.104349814355373
2558,510.2,0.26646876335144
2559,510.5,0.170795753598213
2560,510.6,0.142710357904434
2561,510.9,0.441488742828369
2562,511.1,0.0687293037772179
2563,511.3,0.207786276936531
2564,511.4,0.152871325612068
2565,511.7,0.220687299966812
2566,511.9,0.122274234890938
2567,512.1,0.237013354897499
2568,512.3,0.0716976821422577
2569,512.4,0.0172394104301929
2570,512.6,0.209498807787895
2571,512.8,0.311336904764175
2572,513.0,0.154355525970459
2573,513.1,0.253339409828186
2574,513.3,0.100011415779591
2575,513.5,0.265897929668427
2576,513.6,0.0610800310969353
2577,513.7,0.0888229236006737
2578,514.0,0.15983559191227
2579,514.2,0.181299239397049
2580,514.4,0.219431445002556
2581,514.5,0.143509536981583
2582,514.7,0.277657270431519
2583,514.8,0.0603950209915638
2584,515.0,0.226395711302757
2585,515.2,0.238155037164688
2586,515.4,0.165658175945282
2587,515.5,0.0221486464142799
2588,515.6,0.327320456504822
2589,515.8,0.0816303268074989
2590,516.0,0.166799858212471
2591,516.1,0.122160062193871
2592,516.3,0.0606233589351177
2593,516.4,0.245918482542038
2594,516.6,0.0382463745772839
2595,516.8,0.119762532413006
2596,516.9,0.0810594782233238
2597,517.1,0.199794501066208
2598,517.2,0.214179694652557
2599,517.5,0.228907406330109
2600,517.6,0.169654071331024
2601,517.8,0.18974769115448
2602,517.9,0.0744377225637436
2603,518.1,0.152072161436081
2604,518.3,0.0727251991629601
2605,518.5,0.166914030909538
2606,518.7,0.115766637027264
2607,518.9,0.182098418474197
2608,519.0,0.0755794048309326
2609,519.2,0.236214175820351
2610,519.4,0.266925454139709
2611,519.6,0.255736947059631
2612,519.8,0.277543097734451
2613,520.0,0.158693909645081
2614,520.2,0.27023634314537
2615,520.3,0.272519707679749
2616,520.5,0.140426993370056
2617,520.8,0.226395711302757
2618,520.9,0.107204020023346
2619,521.1,0.131750196218491
2620,521.2,0.0227194894105196
2621,521.4,0.210982993245125
2622,521.5,0.283594012260437
2623,521.7,0.0358488410711288
2624,521.8,0.182783424854279
2625,522.0,0.0529740825295448
2626,522.2,0.151957988739014
2627,522.4,0.0385888814926147
2628,522.5,0.245575979351997
2629,522.7,0.263728737831116
2630,522.9,0.243977621197701
2631,523.1,0.106975682079792
2632,523.2,0.278456449508667
2633,523.5,0.222285643219948
2634,523.7,0.204475402832031
2635,523.9,0.223655670881271
2636,524.0,0.0914487987756729
2637,524.2,0.226738214492798
2638,524.3,0.0980705544352531
2639,524.4,0.115766637027264
2640,524.7,0.36545267701149
2641,524.8,0.210069641470909
2642,525.1,0.232789129018784
2643,525.3,0.227080717682838
2644,525.4,0.0577691532671452
2645,525.6,0.184495940804482
2646,525.8,0.209042131900787
2647,525.9,0.22000227868557
2648,526.2,0.231875792145729
2649,526.4,0.132206872105598
2650,526.6,0.236328348517418
2651,526.8,0.145792901515961
2652,527.0,0.139285311102867
2653,527.2,0.183125928044319
2654,527.3,0.414659202098846
2655,527.5,0.0997830778360367
2656,527.7,0.114396624267101
2657,527.9,0.232446625828743
2658,528.1,0.303573459386826
2659,528.2,0.175933331251144
2660,528.4,0.153328001499176
2661,528.5,0.156296387314796
2662,528.8,0.340792328119278
2663,529.0,0.287932425737381
2664,529.1,0.344674050807953
2665,529.4,0.161091446876526
2666,529.5,0.0772919282317162
2667,529.7,0.180043384432793
2668,529.8,0.0810594782233238
2669,530.0,0.132206872105598
2670,530.1,0.231304943561554
2671,530.4,0.158123075962067
2672,530.5,0.0895079374313354
2673,530.7,0.173079118132591
2674,530.8,0.20710127055645
2675,531.1,0.122274234890938
2676,531.3,0.137116104364395
2677,531.4,0.0776344314217567
2678,531.6,0.152528822422028
2679,531.8,0.312250256538391
2680,532.0,0.242950111627579
2681,532.2,0.134490236639977
2682,532.4,0.185637623071671
2683,532.6,0.215663895010948
2684,532.8,0.24215093255043
2685,532.9,0.0809453129768372
2686,533.1,0.517524838447571
2687,533.2,0.154013007879257
2688,533.4,0.336796432733536
2689,533.5,0.261102855205536
2690,533.8,0.175248309969902
2691,533.9,0.142025351524353
2692,534.2,0.161433950066566
2693,534.4,0.162118956446648
2694,534.6,0.115880809724331
2695,534.7,0.414088368415833
2696,534.9,0.138029456138611
2697,535.1,0.585683286190033
2698,535.2,0.346729069948196
2699,535.4,0.13289187848568
2700,535.5,0.345473229885101
2701,535.8,0.164173990488052
2702,536.0,0.364539325237274
2703,536.1,0.258591175079346
2704,536.4,0.257106989622116
2705,536.5,0.264527916908264
2706,536.8,0.259847015142441
2707,536.9,0.111656583845615
2708,537.1,0.427331894636154
2709,537.2,0.332914710044861
2710,537.5,0.176161661744118
2711,537.7,0.175590828061104
2712,537.8,0.0498915389180183
2713,538.0,0.085055373609066
2714,538.2,0.197054460644722
2715,538.4,0.241237580776215
2716,538.5,0.165315672755241
2717,538.8,0.229934930801392
2718,538.9,0.103893138468266
2719,539.1,0.17753167450428
2720,539.3,0.226509869098663
2721,539.5,0.158123075962067
2722,539.6,0.179358378052711
2723,539.8,0.0172394104301929
2724,540.0,0.155383035540581
2725,540.2,0.226509869098663
2726,540.4,0.222171485424042
2727,540.6,0.0808311477303505
2728,540.8,0.181755915284157
2729,540.9,0.299006730318069
2730,541.1,0.0793469548225403
2731,541.3,0.22628153860569
2732,541.4,0.100353918969631
2733,541.6,0.174905806779861
2734,541.7,0.244320124387741
2735,541.9,0.104578144848347
2736,542.1,0.218061417341232
2737,542.2,0.0401872359216213
2738,542.3,0.256878644227982
2739,542.6,0.129010155797005
2740,542.8,0.318643689155579
2741,543.0,0.0759219080209732
2742,543.1,0.298778384923935
2743,543.4,0.203333720564842
2744,543.6,0.292955815792084
2745,543.7,0.160063937306404
2746,543.9,0.211896330118179
2747,544.1,0.195456102490425
2748,544.3,0.204817906022072
2749,544.4,0.111656583845615
2750,544.6,0.144993722438812
2751,544.8,0.193629413843155
2752,544.9,0.154355525970459
2753,545.2,0.160634770989418
2754,545.3,0.0901929438114166
2755,545.5,0.182440921664238
2756,545.7,0.202534541487694
2757,545.8,0.275944739580154
2758,546.0,0.11405411362648
2759,546.2,0.222742319107056
2760,546.4,0.0849412009119987
2761,546.6,0.0567416362464428
2762,546.8,0.242950111627579
2763,546.9,0.179358378052711
2764,547.1,0.182555079460144
2765,547.4,0.162689805030823
2766,547.6,0.218974769115448
2767,547.7,0.072953537106514
2768,547.9,0.136088594794273
2769,548.1,0.238269209861755
2770,548.3,0.178216695785522
2771,548.4,0.0792327895760536
2772,548.6,0.223541498184204
2773,548.7,0.0446397997438908
2774,548.9,0.345587402582169
2775,549.1,0.47950679063797
2776,549.3,0.569699764251709
2777,549.5,0.486471056938171
2778,549.7,0.257791996002197
2779,549.9,0.148989617824554
