#"+ Scan (rt: 4.980-55.035 min, 8759 scans) ALLENDE350_650_230222_4.D "
#Point,X(Thompsons),Y(Counts)
0,50.1,417.982177734375
1,50.3,16.269437789917
2,50.6,0.929558157920837
3,50.8,2.06530427932739
4,51.0,59.629638671875
5,51.2,647.015441894531
6,51.3,20.8047714233398
7,51.5,0.37173193693161
8,51.7,1.06952846050262
9,51.9,9.30197525024414
10,52.1,177.43132019043
11,52.2,103.745979309082
12,52.4,3.41659998893738
13,52.6,0.227194890379906
14,52.8,1.88423335552216
15,53.0,47.7732620239258
16,53.2,381.142486572266
17,53.3,25.2073287963867
18,53.6,0.7127525806427
19,53.8,1.61125695705414
20,54.0,36.881721496582
21,54.2,237.555435180664
22,54.3,27.7008781433105
23,54.5,0.789131164550781
24,54.8,0.817559063434601
25,55.0,24.7387828826904
26,55.2,1981.86096191406
27,55.3,24.6662864685059
28,55.5,0.29603835940361
29,55.8,0.876469910144806
30,56.0,27.1898612976074
31,56.2,860.361694335938
32,56.3,45.7810249328613
33,56.5,0.775545179843903
34,56.8,0.779997706413269
35,57.0,20.0003433227539
36,57.2,2236.931640625
37,57.3,58.3712768554688
38,57.5,2.76367163658142
39,57.6,6.4336109161377
40,57.9,14.1797008514404
41,58.1,118.227424621582
42,58.2,104.354721069336
43,58.4,5.42744588851929
44,58.7,2.38862872123718
45,58.9,8.70122146606445
46,59.1,46.8145904541016
47,59.2,31.6722221374512
48,59.4,2.62198877334595
49,59.7,1.72759449481964
50,59.9,7.16725635528564
51,60.1,53.9237365722656
52,60.2,23.6959705352783
53,60.4,1.64231073856354
54,60.6,0.383377104997635
55,60.8,2.39228224754333
56,61.0,19.1736507415771
57,61.1,46.8148193359375
58,61.2,27.1757049560547
59,61.4,2.06347751617432
60,61.6,0.338280618190765
61,61.8,2.41237592697144
62,62.0,22.4867000579834
63,62.1,137.021697998047
64,62.3,7.06473350524902
65,62.5,0.781253576278687
66,62.8,2.43555212020874
67,63.0,48.2279930114746
68,63.1,393.480529785156
69,63.3,14.6424245834351
70,63.5,2.08676791191101
71,63.8,4.84016418457031
72,64.0,48.2694358825684
73,64.1,182.92121887207
74,64.3,12.8314876556396
75,64.5,1.72850787639618
76,64.8,3.20995545387268
77,65.0,55.2035636901855
78,65.2,446.425262451172
79,65.3,20.021463394165
80,65.4,2.70498919487
81,65.6,0.353579163551331
82,65.8,2.42847347259521
83,65.9,8.61867809295654
84,66.1,120.745063781738
85,66.2,173.345123291016
86,66.4,3.13300609588623
87,66.6,0.204817906022072
88,66.8,1.30836856365204
89,67.0,42.0162124633789
90,67.2,907.323303222656
91,67.3,29.8727016448975
92,67.6,0.351295799016953
93,67.8,1.36990523338318
94,68.0,42.934009552002
95,68.2,372.6171875
96,68.3,39.3039169311523
97,68.5,0.983445584774017
98,68.8,0.661605179309845
99,69.0,28.5702705383301
100,69.2,1487.47888183594
101,69.3,40.6348915100098
102,69.5,6.87407255172729
103,69.6,0.488868594169617
104,69.8,3.92750310897827
105,70.0,31.9133453369141
106,70.2,770.074523925781
107,70.3,58.6331787109375
108,70.5,2.80397295951843
109,70.8,2.55291700363159
110,71.0,30.6194763183594
111,71.2,1438.91589355469
112,71.3,52.1801567077637
113,71.5,0.949195086956024
114,71.8,1.66126275062561
115,72.0,16.4711723327637
116,72.2,81.5453796386719
117,72.3,19.3970775604248
118,72.5,0.652471721172333
119,72.7,1.16017806529999
120,72.9,10.2351865768433
121,73.1,285.256652832031
122,73.2,189.57746887207
123,73.4,1.59926927089691
124,73.5,0.82052743434906
125,73.8,3.1894052028656
126,74.0,42.5323677062988
127,74.1,223.261108398438
128,74.3,10.7374134063721
129,74.4,2.66080594062805
130,74.6,0.420938462018967
131,74.8,3.81664562225342
132,75.0,63.2847366333008
133,75.1,306.799865722656
134,75.3,16.1515007019043
135,75.5,1.90718114376068
136,75.8,3.86699390411377
137,76.0,42.6588668823242
138,76.1,557.92236328125
139,76.3,15.9350385665894
140,76.6,2.75339651107788
141,76.8,3.50508046150208
142,77.0,91.7458648681641
143,77.1,1042.560546875
144,77.3,23.2326755523682
145,77.6,0.584427416324615
146,77.8,2.50336790084839
147,78.0,73.5320205688477
148,78.2,626.861145019531
149,78.3,29.687520980835
150,78.5,1.11725080013275
151,78.8,1.52368986606598
152,79.0,58.0616493225098
153,79.2,715.185424804688
154,79.3,29.4050693511963
155,79.5,0.304486811161041
156,79.7,0.699394881725311
157,79.9,9.97271347045898
158,80.1,105.301177978516
159,80.2,100.353118896484
160,80.4,3.85957312583923
161,80.5,1.27834224700928
162,80.8,1.70133578777313
163,81.0,48.9352684020996
164,81.2,995.169982910156
165,81.3,39.9257888793945
166,81.5,1.89382350444794
167,81.8,3.29364085197449
168,82.0,48.334056854248
169,82.2,502.759094238281
170,82.3,63.6777038574219
171,82.6,4.38075113296509
172,82.8,3.84804201126099
173,83.0,35.1863212585449
174,83.2,1020.66534423828
175,83.3,57.7450637817383
176,83.5,1.08151614665985
177,83.8,2.24135184288025
178,84.0,33.988353729248
179,84.2,449.271392822266
180,84.3,57.4156875610352
181,84.5,1.12752592563629
182,84.8,1.79244208335876
183,85.0,29.4216232299805
184,85.2,1013.31555175781
185,85.3,56.0872230529785
186,85.5,0.639342367649078
187,85.7,0.652243435382843
188,85.9,6.80066204071045
189,86.1,71.8447341918945
190,86.2,59.6819267272949
191,86.4,4.03196716308594
192,86.7,0.968489527702332
193,86.8,2.7391254901886
194,87.0,32.038703918457
195,87.1,87.416374206543
196,87.3,11.1781024932861
197,87.5,1.94108915328979
198,87.7,1.75214064121246
199,87.9,10.394793510437
200,88.1,53.6431083679199
201,88.2,34.0453262329102
202,88.4,3.11942005157471
203,88.7,3.06918597221375
204,88.9,20.500171661377
205,89.0,43.5755233764648
206,89.1,301.301177978516
207,89.3,16.7374134063721
208,89.5,2.02580213546753
209,89.7,1.3120219707489
210,89.9,6.8059139251709
211,90.1,81.0452117919922
212,90.2,50.4658050537109
213,90.4,1.94542753696442
214,90.6,0.239639222621918
215,90.8,1.30380177497864
216,91.0,60.9658622741699
217,91.2,2047.43298339844
218,91.3,25.6730213165283
219,91.5,0.139627814292908
220,91.7,0.42561936378479
221,91.9,11.6138830184937
222,92.1,249.471054077148
223,92.2,342.979217529297
224,92.4,3.42173767089844
225,92.6,0.477794259786606
226,92.8,1.9223655462265
227,93.0,49.8922233581543
228,93.2,450.819274902344
229,93.3,38.5178680419922
230,93.5,1.14533627033234
231,93.8,2.41249012947083
232,94.0,42.9219093322754
233,94.1,488.860595703125
234,94.3,35.2631568908691
235,94.5,2.12718343734741
236,94.8,1.69596982002258
237,95.0,38.3815498352051
238,95.2,885.559631347656
239,95.3,51.670166015625
240,95.6,0.946683406829834
241,95.8,3.48567199707031
242,96.0,96.0823135375977
243,96.2,640.764587402344
244,96.3,56.1865501403809
245,96.6,4.55508613586426
246,96.8,13.9609546661377
247,97.0,57.4267616271973
248,97.2,1270.19995117188
249,97.3,69.3326873779297
250,97.5,0.817559063434601
251,97.7,1.56147956848145
252,97.9,8.4974308013916
253,98.1,180.438980102539
254,98.2,220.772918701172
255,98.4,4.40906476974487
256,98.7,0.921223878860474
257,98.9,5.47653818130493
258,99.1,114.177192687988
259,99.2,284.577575683594
260,99.4,3.20630216598511
261,99.5,1.18792104721069
262,99.7,0.268523812294006
263,99.9,4.16246128082275
264,100.1,34.8264656066895
265,100.2,27.0629062652588
266,100.4,2.08482694625854
267,100.6,1.90535449981689
268,100.7,0.760474920272827
269,100.9,7.04361248016357
270,101.1,61.6314659118652
271,101.2,29.0528602600098
272,101.4,2.2097270488739
273,101.6,2.01335763931274
274,101.7,1.21178221702576
275,101.9,11.3103094100952
276,102.1,155.264755249023
277,102.2,73.0004577636719
278,102.4,2.55074787139893
279,102.6,0.831601798534393
280,102.8,6.09236192703247
281,102.9,17.8216686248779
282,103.1,1391.94616699219
283,103.2,226.748260498047
284,103.4,3.98481559753418
285,103.7,1.69494235515594
286,103.9,16.7335319519043
287,104.1,261.069763183594
288,104.2,453.505889892578
289,104.4,4.07580757141113
290,104.7,1.04977738857269
291,104.9,10.9670057296753
292,105.1,707.005493164063
293,105.2,897.395141601563
294,105.3,29.8015747070313
295,105.5,0.672679543495178
296,105.7,0.411348313093185
297,105.9,9.38737297058105
298,106.1,222.371276855469
299,106.2,488.949890136719
300,106.4,4.42116689682007
301,106.7,1.06941425800323
302,106.9,9.40141582489014
303,107.1,171.552230834961
304,107.2,311.171020507813
305,107.4,3.80842566490173
306,107.5,1.52643001079559
307,107.7,0.606804430484772
308,107.9,9.7706356048584
309,108.1,106.20516204834
310,108.2,100.173538208008
311,108.4,5.6942572593689
312,108.7,0.906496167182922
313,108.9,7.40735244750977
314,109.1,230.698028564453
315,109.2,445.802947998047
316,109.4,4.54869270324707
317,109.6,1.28542065620422
318,109.8,2.0404155254364
319,110.0,32.8489570617676
320,110.2,291.178802490234
321,110.3,47.7281646728516
322,110.5,0.817330718040466
323,110.7,0.996004104614258
324,110.9,6.29718017578125
325,111.1,158.040420532227
326,111.2,501.981842041016
327,111.4,5.09921216964722
328,111.7,1.09510219097137
329,111.9,5.6041784286499
330,112.1,94.8010025024414
331,112.2,162.800659179688
332,112.4,5.90307092666626
333,112.5,1.42310762405396
334,112.8,1.65167260169983
335,113.0,19.076265335083
336,113.2,207.227188110352
337,113.3,44.74072265625
338,113.4,5.43475294113159
339,113.6,0.478821784257889
340,113.8,1.70567417144775
341,114.0,12.6187925338745
342,114.2,41.3893127441406
343,114.3,8.3544921875
344,114.5,1.25550866127014
345,114.7,0.656010985374451
346,114.9,19.5629634857178
347,115.1,401.436462402344
348,115.2,281.890747070313
349,115.4,2.01929450035095
350,115.7,0.996118307113647
351,115.9,9.78182411193848
352,116.1,173.585678100586
353,116.2,119.325263977051
354,116.4,2.87224578857422
355,116.7,1.15869390964508
356,116.9,15.0569696426392
357,117.1,318.431671142578
358,117.2,440.943725585938
359,117.4,3.76367163658142
360,117.6,0.362370133399963
361,117.8,2.48361682891846
362,118.0,38.0849418640137
363,118.2,432.785949707031
364,118.3,25.5339641571045
365,118.5,1.74277889728546
366,118.7,1.20550286769867
367,118.9,17.043041229248
368,119.1,297.048187255859
369,119.2,430.193756103516
370,119.4,2.96243858337402
371,119.5,0.912318766117096
372,119.8,2.38326287269592
373,120.0,33.5354499816895
374,120.2,395.911285400391
375,120.3,26.4973163604736
376,120.5,0.863797247409821
377,120.7,0.883320033550262
378,120.9,8.51535606384277
379,121.1,119.823608398438
380,121.2,144.015182495117
381,121.4,3.98561477661133
382,121.5,0.935609102249146
383,121.8,2.27765727043152
384,122.0,29.672794342041
385,122.2,136.472885131836
386,122.3,28.0496635437012
387,122.5,1.32777714729309
388,122.8,1.57974660396576
389,123.0,25.8937091827393
390,123.2,332.2822265625
391,123.3,48.9350395202637
392,123.4,5.02568769454956
393,123.7,0.536933422088623
394,123.9,5.35494899749756
395,124.1,90.874755859375
396,124.2,100.998512268066
397,124.3,39.7531700134277
398,124.5,1.41888344287872
399,124.7,0.96906042098999
400,124.9,9.11028671264648
401,125.0,15.6891193389893
402,125.2,264.50244140625
403,125.3,68.6355743408203
404,125.5,2.58613991737366
405,125.8,4.06130838394165
406,125.9,6.23164749145508
407,126.1,163.988586425781
408,126.2,159.698028564453
409,126.4,6.38029432296753
410,126.7,1.5295125246048
411,126.8,2.04338383674622
412,127.0,28.0777492523193
413,127.2,293.440582275391
414,127.3,45.8403930664063
415,127.5,1.04087221622467
416,127.7,1.37595617771149
417,127.8,1.49503362178802
418,128.0,47.5395584106445
419,128.2,1054.16430664063
420,128.3,25.0852832794189
421,128.6,0.758534073829651
422,128.8,2.43794941902161
423,129.0,41.9401741027832
424,129.2,345.447204589844
425,129.3,25.0335655212402
426,129.5,0.496632039546967
427,129.7,0.757620751857758
428,129.9,8.1505880355835
429,130.1,69.2758331298828
430,130.2,76.1755905151367
431,130.4,2.5481219291687
432,130.5,0.847128689289093
433,130.8,2.55131864547729
434,131.0,43.6555557250977
435,131.1,154.392395019531
436,131.2,191.680099487305
437,131.4,3.05822587013245
438,131.6,1.19773948192596
439,131.7,0.660577714443207
440,131.9,9.79872131347656
441,132.1,106.842330932617
442,132.2,110.96312713623
443,132.4,3.52745747566223
444,132.7,1.14145445823669
445,132.9,19.4779090881348
446,133.0,103.023864746094
447,133.1,421.450958251953
448,133.3,40.361457824707
449,133.6,1.62826812267303
450,133.8,5.65966415405273
451,134.0,44.3370246887207
452,134.1,409.286102294922
453,134.3,22.3024311065674
454,134.5,0.78696197271347
455,134.7,1.26601207256317
456,134.9,12.9517068862915
457,135.1,144.096008300781
458,135.2,145.516036987305
459,135.4,4.49845886230469
460,135.6,0.675876259803772
461,135.9,5.08859443664551
462,136.1,51.6540718078613
463,136.2,55.5240325927734
464,136.4,4.38143634796143
465,136.5,1.54949200153351
466,136.7,0.431099444627762
467,136.9,6.50382471084595
468,137.1,71.3454742431641
469,137.2,146.660003662109
470,137.4,3.89896106719971
471,137.5,0.945884227752686
472,137.8,1.68352556228638
473,138.0,15.2889595031738
474,138.2,83.481559753418
475,138.3,25.5884227752686
476,138.4,6.37869596481323
477,138.6,0.364653497934341
478,138.8,2.26064610481262
479,139.0,22.6947135925293
480,139.1,102.167373657227
481,139.2,154.485778808594
482,139.4,3.91825556755066
483,139.6,0.244205966591835
484,139.8,1.60086762905121
485,140.0,17.0528602600098
486,140.2,107.800094604492
487,140.3,35.9482803344727
488,140.5,1.31259274482727
489,140.7,0.920196354389191
490,140.9,6.74529075622559
491,141.1,129.09521484375
492,141.2,296.445037841797
493,141.4,4.49571847915649
494,141.6,0.344103217124939
495,141.8,1.7778285741806
496,142.0,22.8763561248779
497,142.2,210.224227905273
498,142.3,14.9292154312134
499,142.4,4.32652139663696
500,142.7,1.20710122585297
501,142.9,7.37070465087891
502,143.1,67.7783966064453
503,143.2,72.1471633911133
504,143.4,3.65452671051025
505,143.7,0.773718476295471
506,143.9,4.64470815658569
507,144.0,9.88172149658203
508,144.2,69.2400970458984
509,144.3,12.9965753555298
510,144.5,1.11382579803467
511,144.8,1.91802716255188
512,145.0,30.4169425964355
513,145.2,130.881500244141
514,145.3,23.3030033111572
515,145.4,3.9658637046814
516,145.6,0.272633850574493
517,145.8,1.90672445297241
518,146.0,16.9648361206055
519,146.2,72.01416015625
520,146.3,19.0686149597168
521,146.5,1.32092702388763
522,146.8,5.56010961532593
523,147.0,80.5401306152344
524,147.1,205.985504150391
525,147.3,29.017126083374
526,147.5,0.465578258037567
527,147.7,0.714122593402863
528,147.8,1.50542294979095
529,148.0,21.839822769165
530,148.2,104.100357055664
531,148.3,22.0323104858398
532,148.5,1.60474944114685
533,148.8,3.41203331947327
534,149.0,31.3127059936523
535,149.2,194.479385375977
536,149.3,41.1629180908203
537,149.5,1.01175928115845
538,149.8,1.5542870759964
539,150.0,19.3565483093262
540,150.1,105.358604431152
541,150.3,22.8244094848633
542,150.6,1.51752483844757
543,150.8,1.58202993869781
544,151.0,18.9912090301514
545,151.2,204.072845458984
546,151.3,43.8562622070313
547,151.5,0.618221282958984
548,151.7,1.01598358154297
549,151.9,6.43372535705566
550,152.1,165.234268188477
551,152.2,213.161773681641
552,152.4,4.55976724624634
553,152.7,1.11245572566986
554,152.9,4.99726009368896
555,153.0,19.4607830047607
556,153.2,347.896118164063
557,153.3,27.1392860412598
558,153.4,4.42915868759155
559,153.7,0.876926600933075
560,153.9,6.27925539016724
561,154.0,15.1046924591064
562,154.2,432.21142578125
563,154.3,37.0738677978516
564,154.5,1.87087571620941
565,154.8,1.74437725543976
566,154.9,4.1038932800293
567,155.1,78.7855911254883
568,155.2,118.002967834473
569,155.3,45.547550201416
570,155.6,1.22274231910706
571,155.8,1.52289068698883
572,155.9,3.35894513130188
573,156.1,36.3622550964355
574,156.2,47.9833297729492
575,156.3,12.9012441635132
576,156.5,1.14921796321869
577,156.8,1.89542186260223
578,157.0,15.2927274703979
579,157.2,45.3639678955078
580,157.3,14.6693687438965
581,157.5,0.735814571380615
582,157.6,0.487841069698334
583,157.8,0.563077986240387
584,158.0,10.1447658538818
585,158.2,37.6783866882324
586,158.3,6.69300127029419
587,158.4,2.37013363838196
588,158.7,0.939262449741364
589,158.9,5.91951131820679
590,159.0,14.5997257232666
591,159.2,77.1810684204102
592,159.3,21.2702369689941
593,159.5,1.0730676651001
594,159.8,1.37218856811523
595,159.9,2.71549272537231
596,160.1,97.8558044433594
597,160.2,35.4083786010742
598,160.4,3.15937900543213
599,160.7,1.54481101036072
600,160.9,13.7230281829834
601,161.1,67.0155258178711
602,161.2,62.9544486999512
603,161.4,4.37561368942261
604,161.5,1.39810478687286
605,161.8,2.21988821029663
606,162.0,16.2032203674316
607,162.2,54.1333503723145
608,162.3,20.7401523590088
609,162.6,1.82817673683167
610,162.7,1.40381324291229
611,162.9,19.5732383728027
612,163.0,39.2359848022461
613,163.2,144.634323120117
614,163.3,34.2753753662109
615,163.5,0.765840828418732
616,163.7,1.33280050754547
617,163.9,5.43578052520752
618,164.1,39.3712768554688
619,164.2,47.4106636047363
620,164.4,4.0637059211731
621,164.5,1.40426993370056
622,164.7,0.912318766117096
623,164.9,12.2815389633179
624,165.1,163.678619384766
625,165.2,223.354034423828
626,165.4,4.63671636581421
627,165.6,0.534421741962433
628,165.8,1.2281082868576
629,166.0,20.8789825439453
630,166.2,124.038131713867
631,166.3,27.4589557647705
632,166.5,0.991665720939636
633,166.7,1.15024542808533
634,166.9,4.20493221282959
635,167.1,76.2583618164063
636,167.2,179.798721313477
637,167.4,4.94999408721924
638,167.6,0.434067815542221
639,167.9,3.80100464820862
640,168.1,126.417739868164
641,168.2,192.579177856445
642,168.4,6.46078300476074
643,168.5,1.40769493579865
644,168.8,1.16851234436035
645,169.0,12.002968788147
646,169.2,100.869277954102
647,169.3,29.7290782928467
648,169.4,7.6861515045166
649,169.6,0.455074787139893
650,169.8,1.03470718860626
651,170.0,8.27948379516602
652,170.2,35.5680999755859
653,170.3,11.4345245361328
654,170.5,0.979221343994141
655,170.8,1.4455988407135
656,170.9,2.96666288375854
657,171.1,22.5952739715576
658,171.2,14.2672681808472
659,171.3,10.1009244918823
660,171.5,0.663089394569397
661,171.6,0.439547896385193
662,171.9,2.7174334526062
663,172.0,5.34718561172485
664,172.2,15.626669883728
665,172.3,6.03367948532104
666,172.6,0.829546749591827
667,172.8,1.30814015865326
668,172.9,2.66742777824402
669,173.1,42.6245002746582
670,173.2,36.8693923950195
671,173.4,2.88103675842285
672,173.5,1.12250256538391
673,173.7,0.377212017774582
674,173.9,3.05617070198059
675,174.1,38.106632232666
676,174.2,23.5369338989258
677,174.3,10.6706247329712
678,174.5,0.937321603298187
679,174.8,1.32355296611786
680,175.0,11.0661029815674
681,175.2,85.0938491821289
682,175.3,30.6616058349609
683,175.5,0.895079374313354
684,175.7,1.15047383308411
685,175.8,2.03356552124023
686,176.0,24.6554393768311
687,176.2,140.718353271484
688,176.3,23.8097953796387
689,176.5,1.42356431484222
690,176.7,1.1211324930191
691,176.9,19.8429050445557
692,177.1,150.824066162109
693,177.2,118.266471862793
694,177.4,6.18792104721069
695,177.7,1.37173187732697
696,177.9,11.0471515655518
697,178.0,22.027172088623
698,178.2,506.211090087891
699,178.3,25.7209720611572
700,178.5,0.563306331634521
701,178.7,1.41911172866821
702,178.9,12.652813911438
703,179.1,93.4237899780273
704,179.2,203.808197021484
705,179.4,5.32754898071289
706,179.5,0.95387601852417
707,179.8,1.1521862745285
708,180.0,10.9691743850708
709,180.1,96.0310516357422
710,180.2,80.8650512695313
711,180.4,6.41831254959106
712,180.6,0.410434991121292
713,180.8,1.47185754776001
714,180.9,3.0822012424469
715,181.1,60.0761489868164
716,181.2,81.0226058959961
717,181.4,4.73672771453857
718,181.6,0.394908100366592
719,181.8,1.13791525363922
720,181.9,2.14727711677551
721,182.1,45.8321723937988
722,182.2,93.7137832641602
723,182.4,8.50211238861084
724,182.6,1.11394000053406
725,182.9,1.79438292980194
726,183.1,29.0117588043213
727,183.3,58.2584762573242
728,183.4,8.91825580596924
729,183.6,0.5411576628685
730,183.8,0.903413653373718
731,184.0,9.01906585693359
732,184.1,175.006393432617
733,184.3,8.7884464263916
734,184.5,0.741408824920654
735,184.8,1.41671419143677
736,185.0,11.8615140914917
737,185.1,29.4823608398438
738,185.2,16.7746315002441
739,185.4,1.98938238620758
740,185.6,0.198424473404884
741,185.8,0.870076477527618
742,185.9,1.35186660289764
743,186.1,16.88743019104
744,186.2,7.00468111038208
745,186.3,3.80956721305847
746,186.5,0.713323414325714
747,186.8,1.13095104694366
748,187.0,9.30437278747559
749,187.2,24.8986186981201
750,187.3,10.534764289856
751,187.5,0.772805094718933
752,187.7,0.322411239147186
753,187.9,2.66057777404785
754,188.1,14.3050575256348
755,188.2,10.3953647613525
756,188.3,8.38862895965576
757,188.5,1.32560789585114
758,188.8,2.02329039573669
759,189.0,19.2056179046631
760,189.2,105.650985717773
761,189.3,34.3594017028809
762,189.5,1.26121699810028
763,189.8,1.34056401252747
764,190.0,10.951135635376
765,190.2,53.9952049255371
766,190.3,21.596643447876
767,190.5,1.7454047203064
768,190.8,3.111656665802
769,191.0,135.946792602539
770,191.1,394.424591064453
771,191.3,37.1633758544922
772,191.5,1.07261097431183
773,191.8,3.73695635795593
774,192.0,42.9197387695313
775,192.2,145.345245361328
776,192.3,21.7861633300781
777,192.5,1.23210406303406
778,192.7,1.27194881439209
779,192.9,22.6911754608154
780,193.1,214.313507080078
781,193.2,106.997375488281
782,193.4,7.34044981002808
783,193.7,1.16326069831848
784,193.9,9.02740001678467
785,194.1,58.0296821594238
786,194.2,70.9201965332031
787,194.4,5.04441165924072
788,194.5,1.85135293006897
789,194.8,2.8727023601532
790,195.0,15.3915967941284
791,195.2,63.759334564209
792,195.3,20.0727252960205
793,195.5,1.34809911251068
794,195.8,0.711382567882538
795,196.0,7.11222743988037
796,196.2,59.4859008789063
797,196.3,25.048978805542
798,196.5,1.47299921512604
799,196.6,0.667427778244019
800,196.9,2.06530427932739
801,197.1,25.397647857666
802,197.2,26.4614677429199
803,197.3,26.5022258758545
804,197.5,1.75910496711731
805,197.7,0.539102613925934
806,197.9,1.69083225727081
807,198.1,22.9578723907471
808,198.2,18.6536140441895
809,198.4,2.84815621376038
810,198.6,0.229364082217216
811,198.8,0.75385320186615
812,198.9,0.926247298717499
813,199.1,10.1139402389526
814,199.2,5.84096336364746
815,199.3,4.05651330947876
816,199.5,0.434410333633423
817,199.7,0.562050461769104
818,199.9,2.59344673156738
819,200.1,20.5757503509521
820,200.2,18.3963928222656
821,200.4,1.48864030838013
822,200.7,0.497088700532913
823,200.8,0.696883201599121
824,201.0,5.81949996948242
825,201.2,33.1671409606934
826,201.3,10.1604061126709
827,201.5,0.714122593402863
828,201.7,0.886516749858856
829,201.9,3.38371968269348
830,202.1,50.1834678649902
831,202.2,124.935150146484
832,202.4,2.96415114402771
833,202.7,0.781710267066956
834,202.9,4.50930452346802
835,203.1,44.1546974182129
836,203.2,112.215209960938
837,203.4,4.97979211807251
838,203.6,0.380180388689041
839,203.8,0.892453491687775
840,204.0,6.98698472976685
841,204.1,16.9640369415283
842,204.2,108.133117675781
843,204.4,5.0015983581543
844,204.6,0.427788555622101
845,204.8,1.78627693653107
846,205.0,13.4160289764404
847,205.2,73.6577224731445
848,205.3,30.4451427459717
849,205.5,1.58922255039215
850,205.8,1.15138709545135
851,206.0,7.20995569229126
852,206.2,37.0101623535156
853,206.3,14.3389654159546
854,206.5,1.29946339130402
855,206.7,0.685808897018433
856,206.9,17.2144088745117
857,207.1,3756.87646484375
858,207.2,218.735809326172
859,207.4,3.02705788612366
860,207.7,0.827948391437531
861,207.9,11.9558172225952
862,208.1,733.525756835938
863,208.2,145.641632080078
864,208.4,4.24865865707397
865,208.5,1.69973742961884
866,208.8,3.22650980949402
867,209.0,72.7110366821289
868,209.1,469.129119873047
869,209.3,18.8687057495117
870,209.5,0.795296251773834
871,209.7,0.379381209611893
872,209.9,6.97979211807251
873,210.1,81.4474258422852
874,210.2,59.8715591430664
875,210.4,7.47893571853638
876,210.7,0.92544811964035
877,210.9,6.04840755462646
878,211.1,30.9106063842773
879,211.2,38.6635475158691
880,211.4,10.757963180542
881,211.7,1.02922713756561
882,211.9,1.38486123085022
883,212.0,3.29546761512756
884,212.2,19.3952503204346
885,212.3,5.78524923324585
886,212.5,1.01803863048553
887,212.8,0.935380756855011
888,212.9,1.15195798873901
889,213.1,7.70396184921265
890,213.2,8.86105728149414
891,213.4,1.22342729568481
892,213.5,0.450393885374069
893,213.8,0.744605541229248
894,214.0,2.17581915855408
895,214.2,4.71777582168579
896,214.3,2.7174334526062
897,214.5,0.392853051424026
898,214.7,0.318415343761444
899,214.8,0.577691495418549
900,215.0,6.229820728302
901,215.2,33.7279357910156
902,215.3,13.3677358627319
903,215.5,0.560908794403076
904,215.7,0.513300597667694
905,215.9,1.5589679479599
906,216.0,4.98607158660889
907,216.2,19.9223651885986
908,216.3,8.00411033630371
909,216.5,1.17513418197632
910,216.8,0.604635238647461
911,217.0,5.62335872650146
912,217.2,42.579174041748
913,217.3,27.7572784423828
914,217.5,1.25813448429108
915,217.8,0.674049556255341
916,218.0,6.44890975952148
917,218.2,53.940746307373
918,218.3,12.5496063232422
919,218.4,6.2716064453125
920,218.6,1.0248886346817
921,218.9,2.57666397094727
922,219.1,19.4006156921387
923,219.2,41.6162796020508
924,219.4,9.64950370788574
925,219.7,0.807169795036316
926,219.9,2.14967465400696
927,220.1,12.3734445571899
928,220.3,19.3472995758057
929,220.4,4.29375505447388
930,220.6,0.353350847959518
931,220.8,1.62998056411743
932,221.0,15.5522317886353
933,221.2,44.3520965576172
934,221.3,25.4247055053711
935,221.5,1.74631810188293
936,221.7,1.3804087638855
937,221.8,0.633633971214294
938,222.0,5.87098979949951
939,222.1,7.58397054672241
940,222.3,20.2930698394775
941,222.4,6.42071008682251
942,222.6,0.668226957321167
943,222.8,1.75613653659821
944,223.0,6.80659914016724
945,223.2,19.3890857696533
946,223.3,7.55759811401367
947,223.4,5.41191911697388
948,223.6,0.63603150844574
949,223.9,2.0294554233551
950,224.0,3.7297637462616
951,224.2,24.0904216766357
952,224.3,17.6562385559082
953,224.4,8.22822284698486
954,224.6,0.53590589761734
955,224.8,0.657837629318237
956,225.0,3.73410201072693
957,225.2,16.3856601715088
958,225.3,22.2786846160889
959,225.5,2.27777147293091
960,225.6,0.923849761486053
961,225.9,1.96723365783691
962,226.1,8.89370918273926
963,226.2,8.5794038772583
964,226.3,7.14624977111816
965,226.5,0.740038812160492
966,226.7,0.383719593286514
967,226.9,1.37903869152069
968,227.0,2.40929341316223
969,227.2,9.14659214019775
970,227.3,2.96437954902649
971,227.4,1.88548922538757
972,227.6,0.103778973221779
973,227.8,0.612969517707825
974,227.9,0.922137200832367
975,228.1,10.6408262252808
976,228.2,14.8743009567261
977,228.4,1.36214184761047
978,228.7,0.517410635948181
979,228.9,1.45907068252563
980,229.1,11.2657833099365
981,229.2,27.2756023406982
982,229.4,4.60874509811401
983,229.6,0.511588096618652
984,229.9,1.45575976371765
985,230.1,13.5792894363403
986,230.2,42.8765830993652
987,230.4,2.99326395988464
988,230.7,0.661034345626831
989,230.9,1.07363855838776
990,231.1,13.9457702636719
991,231.3,38.6767883300781
992,231.4,11.1054916381836
993,231.7,0.673707067966461
994,231.9,1.10994410514832
995,232.0,3.52585911750793
996,232.2,16.9183692932129
997,232.3,18.4398899078369
998,232.5,1.86151385307312
999,232.8,0.638885736465454
1000,233.0,3.83628273010254
1001,233.2,19.3742427825928
1002,233.3,13.5981273651123
1003,233.4,10.0979566574097
1004,233.6,0.372531116008759
1005,233.8,0.971457958221436
1006,234.0,3.72793698310852
1007,234.2,15.7386684417725
1008,234.3,9.83046054840088
1009,234.5,2.04692316055298
1010,234.8,1.36910605430603
1011,235.0,5.6845531463623
1012,235.2,17.9875564575195
1013,235.3,15.4216232299805
1014,235.5,2.79289865493774
1015,235.7,0.514898955821991
1016,235.9,1.36785018444061
1017,236.1,9.07980346679688
1018,236.2,9.50439548492432
1019,236.3,12.4370365142822
1020,236.5,1.71515011787415
1021,236.7,0.821554958820343
1022,236.9,3.2360999584198
1023,237.0,2.6522433757782
1024,237.2,9.36294078826904
1025,237.3,5.45998382568359
1026,237.4,4.63112211227417
1027,237.6,0.577805697917938
1028,237.8,0.867907285690308
1029,238.0,2.44011878967285
1030,238.2,15.5939035415649
1031,238.3,20.4217376708984
1032,238.5,2.98709893226624
1033,238.8,1.18963348865509
1034,239.0,2.91391706466675
1035,239.2,12.9361801147461
1036,239.3,12.7991781234741
1037,239.4,14.3079118728638
1038,239.6,0.729192852973938
1039,239.9,1.30482935905457
1040,240.1,5.51021814346313
1041,240.2,3.02934122085571
1042,240.3,6.6845531463623
1043,240.5,1.60337936878204
1044,240.8,0.753054022789001
1045,241.0,2.34193396568298
1046,241.2,6.14693450927734
1047,241.3,4.61251306533813
1048,241.6,1.00536596775055
1049,241.7,0.153556346893311
1050,241.9,0.798721313476563
1051,242.1,4.35643339157104
1052,242.2,5.09224796295166
1053,242.4,1.69505655765533
1054,242.7,0.493777841329575
1055,242.9,1.12581348419189
1056,243.0,2.11645174026489
1057,243.2,11.6806716918945
1058,243.3,10.7322750091553
1059,243.5,1.27183473110199
1060,243.8,0.513300597667694
1061,244.0,2.66411685943604
1062,244.1,5.66571521759033
1063,244.2,14.4021005630493
1064,244.4,3.59378933906555
1065,244.6,0.300490915775299
1066,244.8,0.483959347009659
1067,245.0,2.23998165130615
1068,245.2,18.720287322998
1069,245.3,13.9156293869019
1070,245.4,10.9552459716797
1071,245.6,0.578034043312073
1072,245.9,0.922479748725891
1073,246.1,7.07204008102417
1074,246.3,30.7847919464111
1075,246.4,9.21417999267578
1076,246.6,0.523804068565369
1077,246.9,0.827720046043396
1078,247.1,6.52654409408569
1079,247.3,24.1811847686768
1080,247.4,8.67770290374756
1081,247.5,3.61148524284363
1082,247.7,0.682612180709839
1083,247.9,0.753396511077881
1084,248.1,5.43589448928833
1085,248.3,10.7235984802246
1086,248.4,4.24660348892212
1087,248.5,2.70521759986877
1088,248.8,4.83662509918213
1089,249.0,41.0253448486328
1090,249.1,32.9749984741211
1091,249.2,24.1545829772949
1092,249.4,8.0165548324585
1093,249.6,1.59527337551117
1094,249.9,5.73216104507446
1095,250.1,15.8492975234985
1096,250.3,16.763557434082
1097,250.4,7.60018253326416
1098,250.6,0.850325405597687
1099,250.8,4.658522605896
1100,251.0,23.5555419921875
1101,251.1,24.9773941040039
1102,251.3,7.43349695205688
1103,251.5,1.22947824001312
1104,251.7,1.12992346286774
1105,251.9,3.5418426990509
1106,252.0,3.86813569068909
1107,252.2,17.3910255432129
1108,252.3,19.1492176055908
1109,252.5,3.37081861495972
1110,252.8,1.36351180076599
1111,252.9,2.34821319580078
1112,253.1,37.6883201599121
1113,253.3,18.8004341125488
1114,253.4,13.5369338989258
1115,253.6,1.01290106773376
1116,253.8,0.53590589761734
1117,254.0,1.99588990211487
1118,254.1,12.9735126495361
1119,254.4,10.7528257369995
1120,254.5,1.54561018943787
1121,254.7,0.146706238389015
1122,254.9,1.04281306266785
1123,255.1,7.23621416091919
1124,255.3,5.05217504501343
1125,255.4,3.4766526222229
1126,255.7,0.650188386440277
1127,255.9,0.657609343528748
1128,256.0,1.35826003551483
1129,256.2,4.73981046676636
1130,256.3,4.57243967056274
1131,256.5,0.858773827552795
1132,256.8,0.490809440612793
1133,257.0,1.89644932746887
1134,257.2,7.80511474609375
1135,257.3,8.82886219024658
1136,257.5,1.69950902462006
1137,257.8,0.566160500049591
1138,258.0,2.20356202125549
1139,258.2,11.3107662200928
1140,258.3,13.459755897522
1141,258.4,6.13312005996704
1142,258.6,0.705674171447754
1143,258.9,0.736727952957153
1144,259.0,1.64059829711914
1145,259.2,13.9431438446045
1146,259.3,12.785135269165
1147,259.4,11.4723138809204
1148,259.6,0.670053660869598
1149,259.9,0.775887668132782
1150,260.1,5.29421186447144
1151,260.2,11.2484302520752
1152,260.3,35.0424690246582
1153,260.5,3.1009247303009
1154,260.7,0.522890746593475
1155,261.0,1.65920770168304
1156,261.1,4.25881958007813
1157,261.3,19.757963180542
1158,261.4,13.5247173309326
1159,261.6,1.25196945667267
1160,261.9,0.721771895885468
1161,262.0,1.0326521396637
1162,262.2,8.45895671844482
1163,262.3,9.32458019256592
1164,262.4,9.3325719833374
1165,262.7,0.812992334365845
1166,262.9,0.722456872463226
1167,263.1,3.5217490196228
1168,263.2,5.04361248016357
1169,263.4,12.0611944198608
1170,263.5,3.80933904647827
1171,263.8,0.586139976978302
1172,264.0,1.38063704967499
1173,264.2,7.90466928482056
1174,264.4,12.6130838394165
1175,264.5,3.5434410572052
1176,264.6,1.64710581302643
1177,264.9,12.0470371246338
1178,265.0,24.2060737609863
1179,265.1,56.2444343566895
1180,265.3,5.9687180519104
1181,265.4,4.03710460662842
1182,265.7,0.935380756855011
1183,265.9,3.56342053413391
1184,266.1,14.1979675292969
1185,266.3,18.2163486480713
1186,266.4,9.88617420196533
1187,266.7,2.55143284797668
1188,266.9,24.1246719360352
1189,267.1,144.768005371094
1190,267.2,36.9659767150879
1191,267.4,6.56536149978638
1192,267.5,3.86071467399597
1193,267.8,3.04372644424438
1194,268.0,20.2411231994629
1195,268.1,23.9203109741211
1196,268.3,7.82086992263794
1197,268.5,1.29934918880463
1198,268.7,1.47927844524384
1199,268.8,1.45427560806274
1200,269.0,14.3088254928589
1201,269.1,11.8124217987061
1202,269.2,10.1037788391113
1203,269.4,2.92624735832214
1204,269.7,0.406553268432617
1205,269.9,1.18266928195953
1206,270.0,1.26521289348602
1207,270.2,5.38714456558228
1208,270.4,4.46809005737305
1209,270.5,1.25071358680725
1210,270.7,0.264185398817062
1211,270.9,1.05617082118988
1212,271.1,4.82566499710083
1213,271.3,7.86048650741577
1214,271.4,4.85820293426514
1215,271.7,0.627468883991241
1216,271.8,0.290215790271759
1217,272.0,1.62210297584534
1218,272.2,10.3412494659424
1219,272.3,18.665828704834
1220,272.5,2.67473459243774
1221,272.7,0.24991437792778
1222,272.8,0.646192491054535
1223,273.1,4.40187215805054
1224,273.3,17.2234268188477
1225,273.4,11.7940406799316
1226,273.6,1.36522436141968
1227,273.9,0.761274099349976
1228,274.0,0.704532504081726
1229,274.2,11.5701560974121
1230,274.3,15.3378238677979
1231,274.4,15.9486246109009
1232,274.6,0.765384197235107
1233,274.9,0.504395484924316
1234,275.1,2.75282573699951
1235,275.2,4.37686967849731
1236,275.3,14.389199256897
1237,275.5,2.7858202457428
1238,275.6,1.31384861469269
1239,275.8,0.110629066824913
1240,276.0,0.891540110111237
1241,276.2,6.77394676208496
1242,276.3,14.1000118255615
1243,276.5,4.63192129135132
1244,276.7,0.312136083841324
1245,276.9,0.49240779876709
1246,277.1,2.375727891922
1247,277.2,3.04475402832031
1248,277.4,7.98413038253784
1249,277.5,3.13860034942627
1250,277.7,0.438634544610977
1251,278.0,0.944057524204254
1252,278.2,6.81961393356323
1253,278.3,5.67302227020264
1254,278.4,9.77303314208984
1255,278.6,1.28062570095062
1256,278.8,0.695284843444824
1257,279.0,0.375956147909164
1258,279.2,2.77942681312561
1259,279.3,3.602694272995
1260,279.5,1.73570036888123
1261,279.8,0.483616858720779
1262,280.0,1.24078094959259
1263,280.2,5.59721422195435
1264,280.4,9.78410816192627
1265,280.5,3.95136427879333
1266,280.8,5.00548028945923
1267,281.0,89.5950469970703
1268,281.1,1249.80920410156
1269,281.3,21.9672336578369
1270,281.5,1.26635456085205
1271,281.7,1.55314528942108
1272,281.9,11.8802375793457
1273,282.1,255.783767700195
1274,282.2,116.507591247559
1275,282.4,4.87178897857666
1276,282.7,1.38063704967499
1277,282.9,10.720516204834
1278,283.0,47.0494346618652
1279,283.1,185.967468261719
1280,283.3,12.201621055603
1281,283.5,1.0885945558548
1282,283.8,1.55086195468903
1283,284.0,14.8539791107178
1284,284.1,29.1274108886719
1285,284.3,7.54777956008911
1286,284.5,0.871674835681915
1287,284.6,0.8128781914711
1288,284.9,6.61502456665039
1289,285.1,25.1461353302002
1290,285.2,15.9600410461426
1291,285.4,4.10994386672974
1292,285.6,0.408836632966995
1293,285.8,0.775773465633392
1294,286.0,3.21463632583618
1295,286.2,8.84906959533691
1296,286.4,12.3833770751953
1297,286.5,3.23438739776611
1298,286.8,0.824865877628326
1299,287.0,1.90558278560638
1300,287.1,3.01689696311951
1301,287.3,12.8692770004272
1302,287.4,8.54332733154297
1303,287.6,1.12490010261536
1304,287.8,0.4898961186409
1305,288.0,0.938234984874725
1306,288.2,9.74061012268066
1307,288.3,9.02397537231445
1308,288.4,13.2455759048462
1309,288.6,1.03482127189636
1310,288.9,0.614682018756866
1311,289.1,2.04189968109131
1312,289.2,2.89473676681519
1313,289.4,7.73707056045532
1314,289.5,3.07706356048584
1315,289.7,0.356090873479843
1316,290.0,1.10343647003174
1317,290.2,5.10286569595337
1318,290.4,10.7213153839111
1319,290.5,3.07649278640747
1320,290.6,1.07500851154327
1321,290.8,0.521406531333923
1322,291.1,1.45575976371765
1323,291.2,1.82600748538971
1324,291.4,4.51946592330933
1325,291.5,1.54446852207184
1326,291.6,1.00879096984863
1327,291.8,0.239068388938904
1328,292.0,1.08311450481415
1329,292.2,4.46900320053101
1330,292.3,4.39479398727417
1331,292.4,7.33268642425537
1332,292.6,1.68854892253876
1333,292.8,0.392168045043945
1334,293.0,0.884690046310425
1335,293.1,0.927388966083527
1336,293.3,1.84918367862701
1337,293.4,1.00970435142517
1338,293.5,0.912775456905365
1339,293.8,0.494577020406723
1340,293.9,0.309053540229797
1341,294.1,1.55234611034393
1342,294.2,1.63808655738831
1343,294.4,4.08425617218018
1344,294.5,2.23781251907349
1345,294.7,0.493321150541306
1346,294.9,1.62130379676819
1347,295.1,3.08231544494629
1348,295.3,4.49012422561646
1349,295.4,2.69905233383179
1350,295.6,0.333599716424942
1351,295.7,0.316017806529999
1352,296.0,0.909578740596771
1353,296.1,0.662861049175262
1354,296.2,2.48350262641907
1355,296.4,1.61730790138245
1356,296.6,0.745861411094666
1357,296.8,0.37686949968338
1358,296.9,1.1412261724472
1359,297.2,1.40164399147034
1360,297.3,1.42230844497681
1361,297.5,0.698938250541687
1362,297.7,0.239525064826012
1363,297.9,0.472542524337769
1364,298.0,0.477109253406525
1365,298.2,2.40324234962463
1366,298.3,2.3928530216217
1367,298.5,0.798264622688293
1368,298.6,0.706815838813782
1369,298.9,0.475282579660416
1370,299.1,1.48121929168701
1371,299.2,1.27571642398834
1372,299.4,2.29227089881897
1373,299.5,1.00536596775055
1374,299.8,0.341020673513412
1375,300.0,0.793812096118927
1376,300.2,3.28519248962402
1377,300.3,2.65818023681641
1378,300.4,4.84690046310425
1379,300.6,0.72839367389679
1380,300.9,0.565018832683563
1381,301.1,1.69208812713623
1382,301.3,3.44651222229004
1383,301.4,3.15789484977722
1384,301.6,0.434181988239288
1385,301.7,0.263614565134048
1386,301.9,0.226966544985771
1387,302.1,2.33439898490906
1388,302.2,3.19054675102234
1389,302.3,8.29660892486572
1390,302.5,3.95467519760132
1391,302.7,0.274803072214127
1392,302.9,0.445027977228165
1393,303.0,0.323210418224335
1394,303.2,1.83765268325806
1395,303.4,3.55531454086304
1396,303.5,1.61433959007263
1397,303.8,0.377440333366394
1398,304.0,0.515127301216125
1399,304.2,2.98584318161011
1400,304.3,3.07580780982971
1401,304.4,4.51775312423706
1402,304.6,1.16645741462708
1403,304.8,0.305057644844055
1404,305.0,0.2026486992836
1405,305.2,1.0605092048645
1406,305.4,1.95353353023529
1407,305.5,1.0807169675827
1408,305.8,0.570042252540588
1409,306.0,0.522091567516327
1410,306.2,2.4797351360321
1411,306.4,4.21269559860229
1412,306.5,2.08334279060364
1413,306.6,0.87190318107605
1414,306.8,0.38577464222908
1415,307.0,0.159378930926323
1416,307.1,0.824294984340668
1417,307.4,1.0030825138092
1418,307.5,0.542641878128052
1419,307.6,0.417285084724426
1420,307.9,0.412147492170334
1421,308.0,0.300605088472366
1422,308.2,1.14145445823669
1423,308.3,0.903413653373718
1424,308.4,1.96654868125916
1425,308.6,0.619705438613892
1426,308.9,0.528827488422394
1427,309.1,0.799520492553711
1428,309.3,1.05046236515045
1429,309.4,0.494691163301468
1430,309.6,0.719146013259888
1431,309.7,0.22628153860569
1432,309.8,0.247060164809227
1433,310.1,0.679187119007111
1434,310.2,0.330517172813416
1435,310.4,0.736956298351288
1436,310.6,0.680328786373138
1437,310.7,0.552117824554443
1438,311.0,0.809909820556641
1439,311.1,1.69825327396393
1440,311.3,0.765041649341583
1441,311.5,0.176618337631226
1442,311.6,0.499143749475479
1443,311.8,0.670167803764343
1444,312.0,0.290101617574692
1445,312.2,1.21440804004669
1446,312.4,1.63146471977234
1447,312.5,0.455873966217041
1448,312.7,0.464322417974472
1449,312.9,0.426989376544952
1450,313.0,0.54378354549408
1451,313.1,1.15424132347107
1452,313.3,0.514898955821991
1453,313.5,0.719831049442291
1454,313.6,0.301518440246582
1455,313.7,0.253225266933441
1456,314.0,0.555428683757782
1457,314.2,1.53955936431885
1458,314.4,2.86265563964844
1459,314.5,1.34798491001129
1460,314.7,0.189291015267372
1461,314.9,0.445256322622299
1462,315.1,2.1429386138916
1463,315.2,0.947482585906982
1464,315.3,1.22194314002991
1465,315.5,0.651330053806305
1466,315.8,0.317159503698349
1467,316.0,0.825665056705475
1468,316.1,0.657951831817627
1469,316.3,3.7267951965332
1470,316.4,2.11108565330505
1471,316.5,2.018723487854
1472,316.8,0.332686394453049
1473,316.9,0.140541151165962
1474,317.1,0.565932154655457
1475,317.3,0.972142934799194
1476,317.5,1.20242035388947
1477,317.7,0.457814812660217
1478,317.8,0.487955242395401
1479,318.1,1.09807050228119
1480,318.2,1.30071926116943
1481,318.3,2.34661483764648
1482,318.5,1.32366704940796
1483,318.7,0.155497208237648
1484,318.8,0.379723697900772
1485,319.1,0.602123558521271
1486,319.2,0.365224331617355
1487,319.4,0.611028671264648
1488,319.6,0.716291785240173
1489,319.7,0.316017806529999
1490,320.0,0.359630107879639
1491,320.1,0.356890052556992
1492,320.3,1.01381433010101
1493,320.5,1.49275028705597
1494,320.6,0.608516931533813
1495,320.9,0.234501659870148
1496,321.0,0.224569007754326
1497,321.2,0.244434297084808
1498,321.3,0.445712983608246
1499,321.5,0.144993722438812
1500,321.7,0.390455543994904
1501,321.9,0.286904901266098
1502,322.0,0.40130153298378
1503,322.2,0.626669704914093
1504,322.5,0.70247745513916
1505,322.7,0.584998309612274
1506,322.8,0.553944528102875
1507,323.0,1.11987674236298
1508,323.1,1.33748149871826
1509,323.2,1.46671998500824
1510,323.4,0.655668437480927
1511,323.7,0.3074551820755
1512,323.8,0.170110747218132
1513,324.0,0.594131767749786
1514,324.2,0.94348669052124
1515,324.4,0.595159292221069
1516,324.6,0.659664332866669
1517,324.7,0.650645077228546
1518,324.9,7.33154487609863
1519,325.0,8.87190341949463
1520,325.1,13.5939035415649
1521,325.3,2.36385440826416
1522,325.5,0.203105375170708
1523,325.7,0.615709543228149
1524,325.8,0.778741836547852
1525,326.0,2.80534315109253
1526,326.1,3.16691398620605
1527,326.3,1.42333602905273
1528,326.5,0.340107321739197
1529,326.7,1.44228792190552
1530,326.9,8.66628646850586
1531,327.1,21.3426189422607
1532,327.2,7.33805227279663
1533,327.4,0.328576326370239
1534,327.5,0.506907165050507
1535,327.8,1.28153896331787
1536,328.0,3.44342970848083
1537,328.1,5.13403367996216
1538,328.3,1.74723136425018
1539,328.5,0.711154222488403
1540,328.8,0.788331985473633
1541,329.0,2.28918814659119
1542,329.1,1.80956733226776
1543,329.2,1.44011878967285
1544,329.4,0.228222399950027
1545,329.5,0.446968823671341
1546,329.7,0.329946339130402
1547,330.0,0.717205166816711
1548,330.2,1.58362829685211
1549,330.4,1.5107889175415
1550,330.6,1.00251173973083
1551,330.7,0.552003681659698
1552,330.9,0.244320124387741
1553,331.1,8.27583026885986
1554,331.2,3.64916086196899
1555,331.4,0.668341159820557
1556,331.7,0.320584535598755
1557,331.9,0.382121235132217
1558,332.1,2.44582724571228
1559,332.2,2.27708649635315
1560,332.4,0.250028550624847
1561,332.6,0.517524838447571
1562,332.7,0.155154705047607
1563,332.8,0.259047836065292
1564,333.0,0.398104816675186
1565,333.1,1.86927735805511
1566,333.3,0.359515935182571
1567,333.6,0.320127874612808
1568,333.8,0.274118036031723
1569,334.0,0.486471056938171
1570,334.1,0.382349580526352
1571,334.2,0.565133035182953
1572,334.4,0.28199565410614
1573,334.5,0.659093499183655
1574,334.7,0.20299120247364
1575,334.9,0.301290094852448
1576,335.1,0.453362256288528
1577,335.3,0.360771775245667
1578,335.5,0.326292961835861
1579,335.6,0.302431792020798
1580,335.8,0.254138588905334
1581,336.1,0.295810014009476
1582,336.2,0.12330174446106
1583,336.4,0.513300597667694
1584,336.5,0.174449130892754
1585,336.6,0.309966892004013
1586,336.8,0.0858545526862144
1587,337.0,0.436465352773666
1588,337.2,0.42824524641037
1589,337.3,0.113939948379993
1590,337.4,0.19340106844902
1591,337.6,0.355177521705627
1592,337.8,0.103208132088184
1593,338.0,0.476081758737564
1594,338.2,0.367279380559921
1595,338.3,0.561822116374969
1596,338.6,0.243977621197701
1597,338.7,0.314076960086823
1598,338.9,1.2701221704483
1599,339.1,2.47882175445557
1600,339.2,1.87247407436371
1601,339.4,0.450508058071136
1602,339.6,0.359059244394302
1603,339.9,0.593104243278503
1604,340.1,0.752597332000732
1605,340.3,0.831487596035004
1606,340.4,0.240780904889107
1607,340.6,0.841420233249664
1608,340.8,5.03345108032227
1609,341.0,44.6074905395508
1610,341.1,68.2059631347656
1611,341.3,6.09544467926025
1612,341.5,0.25916200876236
1613,341.7,1.06313502788544
1614,341.9,6.89827585220337
1615,342.1,17.9303569793701
1616,342.2,8.2407808303833
1617,342.4,0.929215669631958
1618,342.7,1.07249689102173
1619,342.9,5.1912317276001
1620,343.1,12.3776683807373
1621,343.2,5.48076248168945
1622,343.4,0.890512645244598
1623,343.7,0.606233596801758
1624,343.9,1.20881378650665
1625,344.0,1.03447878360748
1626,344.2,1.6925448179245
1627,344.3,0.723598599433899
1628,344.5,0.456787317991257
1629,344.7,0.280625641345978
1630,344.9,0.620732963085175
1631,345.1,1.25824868679047
1632,345.2,0.982418060302734
1633,345.4,0.392282217741013
1634,345.7,0.426761031150818
1635,345.8,0.135289415717125
1636,345.9,0.488297760486603
1637,346.2,6.09007883071899
1638,346.4,0.45621645450592
1639,346.5,0.164516493678093
1640,346.7,0.483274340629578
1641,346.9,0.262701213359833
1642,347.0,0.306656002998352
1643,347.2,2.20207786560059
1644,347.3,0.325379610061646
1645,347.6,0.244320124387741
1646,347.7,0.126041784882545
1647,347.8,0.272519707679749
1648,348.1,0.810480654239655
1649,348.3,0.509533047676086
1650,348.5,0.201050341129303
1651,348.6,0.332115530967712
1652,348.8,0.30893936753273
1653,349.1,0.579289853572845
1654,349.2,0.392510563135147
1655,349.5,0.149674624204636
1656,349.7,0.453362256288528
1657,349.8,0.105833999812603
1658,349.9,0.277657270431519
1659,350.1,0.268752127885818
1660,350.4,0.248772695660591
1661,350.6,0.343874871730804
1662,350.7,0.242607608437538
1663,351.0,0.290329933166504
1664,351.2,0.30642768740654
1665,351.4,0.189062684774399
1666,351.6,0.27057883143425
1667,351.8,0.338623136281967
1668,351.9,0.0837995186448097
1669,352.1,0.290786623954773
1670,352.3,0.274346381425858
1671,352.5,0.428473562002182
1672,352.6,0.0388172157108784
1673,352.8,0.134033560752869
1674,353.0,0.313506096601486
1675,353.2,0.296723365783691
1676,353.4,0.554172873497009
1677,353.6,0.219545602798462
1678,353.8,0.0794611275196075
1679,354.0,0.312821090221405
1680,354.1,0.0603950209915638
1681,354.3,0.219659775495529
1682,354.4,0.324009597301483
1683,354.7,1.19203102588654
1684,354.9,12.8378810882568
1685,355.1,99.2330169677734
1686,355.2,74.9601516723633
1687,355.4,3.6926589012146
1688,355.7,0.483045995235443
1689,355.8,1.07489442825317
1690,356.0,15.3729877471924
1691,356.1,36.8580894470215
1692,356.3,8.60943031311035
1693,356.5,0.834455966949463
1694,356.7,0.451763898134232
1695,356.9,4.48407363891602
1696,357.0,6.92750310897827
1697,357.1,23.0481796264648
1698,357.3,5.28073978424072
1699,357.5,0.329375505447388
1700,357.7,0.53339421749115
1701,357.9,1.22297060489655
1702,358.1,3.38337707519531
1703,358.2,2.82223987579346
1704,358.4,0.570042252540588
1705,358.7,0.373786956071854
1706,358.9,1.58933663368225
1707,359.0,1.81344902515411
1708,359.2,3.30996680259705
1709,359.3,1.43703615665436
1710,359.5,0.161776453256607
1711,359.7,0.364425152540207
1712,359.9,0.640712380409241
1713,360.0,0.409293293952942
1714,360.2,0.986185610294342
1715,360.3,0.487955242395401
1716,360.5,0.118620850145817
1717,360.7,0.283594012260437
1718,360.8,0.110400728881359
1719,360.9,0.388628840446472
1720,361.1,0.277657270431519
1721,361.3,0.465806603431702
1722,361.4,0.181185066699982
1723,361.6,0.266126275062561
1724,361.7,0.182098418474197
1725,361.9,0.266240447759628
1726,362.0,0.146820411086082
1727,362.1,0.354378342628479
1728,362.4,0.359744250774384
1729,362.6,0.292499154806137
1730,362.8,0.309852719306946
1731,362.9,0.129352658987045
1732,363.0,0.219545602798462
1733,363.2,0.27423220872879
1734,363.4,0.158123075962067
1735,363.7,0.220230624079704
1736,363.8,0.214978873729706
1737,364.0,0.24215093255043
1738,364.1,0.0591391697525978
1739,364.3,0.264642089605331
1740,364.4,0.122502565383911
1741,364.6,0.219545602798462
1742,364.8,0.182669252157211
1743,365.0,0.108574040234089
1744,365.2,0.26909464597702
1745,365.3,0.0557141229510307
1746,365.5,0.35768923163414
1747,365.6,0.175248309969902
1748,365.8,0.197396963834763
1749,366.1,0.143509536981583
1750,366.2,0.0599383488297462
1751,366.4,0.292499154806137
1752,366.7,0.324580430984497
1753,366.8,0.181527569890022
1754,367.0,0.435209512710571
1755,367.2,0.335426419973373
1756,367.3,0.108459867537022
1757,367.5,0.178901702165604
1758,367.7,0.0207786280661821
1759,367.8,0.179586708545685
1760,368.1,0.233017474412918
1761,368.2,0.251056045293808
1762,368.4,0.325037091970444
1763,368.6,0.17387829720974
1764,368.8,0.273433029651642
1765,369.0,0.493663668632507
1766,369.1,0.371161103248596
1767,369.3,0.742778837680817
1768,369.5,0.627012193202972
1769,369.7,0.336796432733536
1770,369.8,0.286790728569031
1771,370.0,0.413289189338684
1772,370.2,0.415344208478928
1773,370.3,0.361913472414017
1774,370.6,0.200593680143356
1775,370.8,0.380180388689041
1776,370.9,0.117136657238007
1777,371.1,0.537960946559906
1778,371.3,0.41306084394455
1779,371.4,0.0835711807012558
1780,371.6,0.0780911073088646
1781,371.8,0.30266010761261
1782,372.0,0.359401762485504
1783,372.1,0.100353918969631
1784,372.2,0.220915630459785
1785,372.5,0.24032424390316
1786,372.6,0.163374811410904
1787,372.8,0.143052861094475
1788,372.9,0.263272076845169
1789,373.1,0.409749984741211
1790,373.3,0.143737867474556
1791,373.4,0.360086768865585
1792,373.6,0.242950111627579
1793,373.8,0.219773948192596
1794,374.1,0.251170217990875
1795,374.3,0.249457702040672
1796,374.5,0.389656364917755
1797,374.7,0.132435202598572
1798,374.9,0.355177521705627
1799,375.0,0.125927612185478
1800,375.2,0.340335667133331
1801,375.3,0.291357457637787
1802,375.5,0.0963580310344696
1803,375.7,0.334741413593292
1804,375.8,0.105377323925495
1805,375.9,0.282909005880356
1806,376.2,0.393309742212296
1807,376.4,0.27685809135437
1808,376.5,0.163488984107971
1809,376.6,0.221029803156853
1810,376.8,0.268067121505737
1811,377.1,0.303687632083893
1812,377.2,0.093503825366497
1813,377.4,0.18164174258709
1814,377.6,0.193515241146088
1815,377.8,0.225025683641434
1816,378.0,0.350610792636871
1817,378.1,0.168398216366768
1818,378.3,0.256878644227982
1819,378.5,0.193515241146088
1820,378.6,0.174677476286888
1821,378.8,0.103208132088184
1822,379.0,0.334170579910278
1823,379.2,0.188149333000183
1824,379.4,0.169882401823997
1825,379.6,0.225482359528542
1826,379.8,0.165201500058174
1827,380.0,0.0360771790146828
1828,380.2,0.255394458770752
1829,380.4,0.191916882991791
1830,380.6,0.363854318857193
1831,380.7,0.204018726944923
1832,380.9,0.27423220872879
1833,381.0,0.116679988801479
1834,381.2,0.282566517591476
1835,381.3,0.219203099608421
1836,381.5,0.200707837939262
1837,381.6,0.1960269510746
1838,381.9,0.220915630459785
1839,382.0,0.0690718144178391
1840,382.1,0.276743918657303
1841,382.4,0.317387819290161
1842,382.5,0.0713551789522171
1843,382.7,0.208357125520706
1844,382.9,0.496974527835846
1845,383.0,0.30266010761261
1846,383.1,0.65635347366333
1847,383.3,0.35768923163414
1848,383.5,0.17867337167263
1849,383.6,0.220458954572678
1850,383.9,0.417399257421494
1851,384.0,0.267039626836777
1852,384.2,0.117364995181561
1853,384.3,0.289074093103409
1854,384.6,0.42824524641037
1855,384.7,0.195113599300385
1856,384.9,0.819499969482422
1857,385.0,0.729192852973938
1858,385.2,0.52300488948822
1859,385.4,0.116337478160858
1860,385.6,0.123758420348167
1861,385.8,0.176504164934158
1862,386.0,0.10446397960186
1863,386.2,0.275602251291275
1864,386.4,0.262472897768021
1865,386.5,0.209955468773842
1866,386.7,0.137458607554436
1867,386.9,0.495262026786804
1868,387.1,0.644822478294373
1869,387.2,0.35106748342514
1870,387.4,0.299577564001083
1871,387.7,0.254595279693604
1872,387.8,0.0965863689780235
1873,388.0,0.452905595302582
1874,388.2,0.168854892253876
1875,388.3,0.200251176953316
1876,388.6,0.211782172322273
1877,388.8,0.220801457762718
1878,389.0,0.473341703414917
1879,389.2,0.724055230617523
1880,389.3,0.362598478794098
1881,389.5,0.20710127055645
1882,389.6,0.211667999625206
1883,389.9,0.24215093255043
1884,390.0,0.381664574146271
1885,390.2,0.180614218115807
1886,390.4,0.332800537347794
1887,390.5,0.210982993245125
1888,390.8,0.205502912402153
1889,391.0,0.28610572218895
1890,391.1,0.204589560627937
1891,391.3,0.188720166683197
1892,391.5,0.176389992237091
1893,391.7,0.0446397997438908
1894,391.8,0.209612965583801
1895,392.0,0.0476081743836403
1896,392.2,0.213152185082436
1897,392.4,0.23256079852581
1898,392.6,0.246831834316254
1899,392.7,0.0629067271947861
1900,392.9,0.249229356646538
1901,393.1,0.256764471530914
1902,393.3,0.219317272305489
1903,393.5,0.323324590921402
1904,393.7,0.223427325487137
1905,393.8,0.126612633466721
1906,393.9,0.253339409828186
1907,394.2,0.28313735127449
1908,394.3,0.297750890254974
1909,394.5,0.181527569890022
1910,394.7,0.231761619448662
1911,394.8,0.149788782000542
1912,395.0,0.161433950066566
1913,395.1,0.315561145544052
1914,395.4,0.179472535848618
1915,395.6,0.228793248534203
1916,395.8,0.223198994994164
1917,395.9,0.0957871899008751
1918,396.1,0.195227771997452
1919,396.2,0.416600078344345
1920,396.4,0.0932754874229431
1921,396.6,0.178445026278496
1922,396.7,0.0931613221764565
1923,396.9,0.332572221755981
1924,397.1,0.395250588655472
1925,397.4,0.445256322622299
1926,397.5,0.207329601049423
1927,397.7,0.287247389554977
1928,397.9,0.0401872359216213
1929,398.1,0.112912431359291
1930,398.3,0.446055471897125
1931,398.4,0.0505765490233898
1932,398.6,0.253567755222321
1933,398.8,0.762301623821259
1934,399.0,1.45690143108368
1935,399.1,0.924534738063812
1936,399.2,0.953419327735901
1937,399.4,0.251512736082077
1938,399.5,0.239068388938904
1939,399.7,0.118164174258709
1940,400.0,0.477109253406525
1941,400.2,0.432469457387924
1942,400.3,0.22810822725296
1943,400.5,0.318643689155579
1944,400.7,0.632263958454132
1945,400.9,3.40015983581543
1946,401.0,2.97545385360718
1947,401.1,4.6942572593689
1948,401.3,1.377326130867
1949,401.5,0.231304943561554
1950,401.7,0.416828393936157
1951,401.9,0.844274461269379
1952,402.0,1.08459866046906
1953,402.1,1.28165316581726
1954,402.4,0.543555200099945
1955,402.5,0.353579163551331
1956,402.8,0.510560572147369
1957,403.0,1.56501889228821
1958,403.1,1.49925792217255
1959,403.3,0.328005492687225
1960,403.4,0.266126275062561
1961,403.7,0.12512843310833
1962,403.8,0.418540924787521
1963,404.0,0.157438069581985
1964,404.1,0.445827156305313
1965,404.3,0.11371161043644
1966,404.5,0.165087342262268
1967,404.6,0.268409639596939
1968,404.8,0.0449823029339314
1969,405.0,0.622559666633606
1970,405.2,6.27583074569702
1971,405.3,0.0834570154547691
1972,405.4,0.268409639596939
1973,405.6,0.141911178827286
1974,405.8,0.311907738447189
1975,405.9,0.089850440621376
1976,406.1,1.7157210111618
1977,406.2,1.24660348892212
1978,406.4,0.215549722313881
1979,406.5,0.128553494811058
1980,406.7,0.306884348392487
1981,406.9,0.123644255101681
1982,407.1,0.916200459003448
1983,407.2,1.00570845603943
1984,407.4,0.319557040929794
1985,407.6,0.0406439080834389
1986,407.8,0.231989949941635
1987,408.0,0.269437164068222
1988,408.2,0.501883804798126
1989,408.4,0.259047836065292
1990,408.5,0.0597100108861923
1991,408.7,0.25505194067955
1992,408.9,0.22000227868557
1993,409.0,0.246032655239105
1994,409.2,0.0188377667218447
1995,409.4,0.151957988739014
1996,409.6,0.2717205286026
1997,409.8,0.279369801282883
1998,409.9,0.0401872359216213
1999,410.1,0.366708517074585
2000,410.3,0.237812533974648
2001,410.4,0.244548469781876
2002,410.7,0.232104122638702
2003,410.8,0.150930464267731
2004,411.0,0.116908319294453
2005,411.2,0.22034478187561
2006,411.4,0.0965863689780235
2007,411.5,0.257791996002197
2008,411.7,0.129010155797005
2009,411.9,0.149332121014595
2010,412.0,0.0694143176078796
2011,412.2,0.176275834441185
2012,412.4,0.250028550624847
2013,412.5,0.0899646058678627
2014,412.8,0.334284722805023
2015,413.0,0.470373332500458
2016,413.1,0.319785356521606
2017,413.3,0.217148080468178
2018,413.4,0.204932063817978
2019,413.6,0.247516840696335
2020,413.8,0.06793013215065
2021,413.9,0.326178789138794
2022,414.1,0.11553830653429
2023,414.2,0.206530421972275
2024,414.5,0.275488078594208
2025,414.6,0.200936183333397
2026,414.8,1.17992925643921
2027,414.9,2.17456340789795
2028,415.1,9.98812675476074
2029,415.2,6.05206060409546
2030,415.4,0.856718778610229
2031,415.7,0.386459648609161
2032,415.8,0.460669040679932
2033,416.0,2.23004913330078
2034,416.1,1.29683756828308
2035,416.2,2.59858441352844
2036,416.4,0.606233596801758
2037,416.7,0.377782851457596
2038,416.9,1.0186094045639
2039,417.0,0.863683044910431
2040,417.2,2.40609669685364
2041,417.3,0.712067604064941
2042,417.4,0.511930584907532
2043,417.7,0.281424820423126
2044,417.9,0.365909337997437
2045,418.0,0.592875897884369
2046,418.3,0.580317378044128
2047,418.5,0.285420715808868
2048,418.8,0.322411239147186
2049,419.0,0.322867900133133
2050,419.2,0.467290788888931
2051,419.3,0.305171817541122
2052,419.5,0.208471283316612
2053,419.7,0.0385888814926147
2054,419.9,0.334170579910278
2055,420.0,0.089850440621376
2056,420.2,0.349012434482574
2057,420.3,0.263157904148102
2058,420.5,0.225824862718582
2059,420.7,0.079118624329567
2060,420.8,0.199451997876167
2061,421.1,0.166685700416565
2062,421.3,0.227879896759987
2063,421.5,0.130266010761261
2064,421.7,0.230848267674446
2065,421.8,0.0756935700774193
2066,422.0,0.323210418224335
2067,422.1,0.15024545788765
2068,422.3,0.134946912527084
2069,422.6,0.158579751849174
2070,422.8,0.143167033791542
2071,422.9,0.147733762860298
2072,423.1,0.147162914276123
2073,423.2,0.0428131073713303
2074,423.4,0.209498807787895
2075,423.6,0.218746438622475
2076,423.7,0.0489781945943832
2077,423.8,0.199223652482033
2078,424.0,0.18677930533886
2079,424.1,0.246831834316254
2080,424.3,0.259504497051239
2081,424.6,0.085055373609066
2082,424.8,0.166799858212471
2083,424.9,0.307226866483688
2084,425.1,0.0369905233383179
2085,425.2,0.326178789138794
2086,425.4,0.111999087035656
2087,425.5,0.221943140029907
2088,425.7,0.226852387189865
2089,425.9,0.131864368915558
2090,426.0,0.155953869223595
2091,426.3,0.357575058937073
2092,426.4,0.0763785839080811
2093,426.5,0.263043731451035
2094,426.8,0.319214522838593
2095,427.0,0.198424473404884
2096,427.1,0.344331532716751
2097,427.3,0.0408722460269928
2098,427.5,0.155383035540581
2099,427.7,0.170224905014038
2100,427.9,0.203447878360748
2101,428.0,0.100011415779591
2102,428.1,0.190889373421669
2103,428.3,0.239410892128944
2104,428.6,0.508733868598938
2105,428.8,1.50702130794525
2106,429.0,9.34227657318115
2107,429.2,23.5136432647705
2108,429.3,8.10537719726563
2109,429.5,0.558054566383362
2110,429.7,0.565361320972443
2111,429.8,0.316131979227066
2112,430.0,3.3556342124939
2113,430.2,7.0292272567749
2114,430.3,2.81938576698303
2115,430.5,0.612627029418945
2116,430.8,0.587395846843719
2117,430.9,0.995661616325378
2118,431.1,3.78502106666565
2119,431.2,4.07946109771729
2120,431.4,0.992693245410919
2121,431.6,0.267267942428589
2122,431.9,0.475168406963348
2123,432.0,0.907866179943085
2124,432.2,0.906952857971191
2125,432.5,0.415686726570129
2126,432.6,0.290215790271759
2127,432.8,0.127297639846802
2128,433.0,0.381436228752136
2129,433.2,0.480077624320984
2130,433.3,0.369905233383179
2131,433.6,0.213380515575409
2132,433.7,0.167370706796646
2133,433.9,0.273775547742844
2134,434.1,0.23404498398304
2135,434.4,0.250371038913727
2136,434.5,0.14876127243042
2137,434.6,0.168055713176727
2138,434.8,0.160063937306404
2139,435.1,0.141568675637245
2140,435.2,0.285306543111801
2141,435.4,0.192373558878899
2142,435.6,0.102523118257523
2143,435.7,0.0492065288126469
2144,435.9,0.226966544985771
2145,436.1,0.208128780126572
2146,436.3,0.112455762922764
2147,436.5,0.224683180451393
2148,436.7,0.144537046551704
2149,437.0,0.113140769302845
2150,437.2,0.241123422980309
2151,437.3,0.0449823029339314
2152,437.4,0.318757861852646
2153,437.7,0.286448210477829
2154,437.8,0.126155957579613
2155,437.9,0.252426087856293
2156,438.2,0.160520613193512
2157,438.3,0.126612633466721
2158,438.5,0.264642089605331
2159,438.6,0.0746660605072975
2160,438.8,0.268295466899872
2161,439.0,0.11222742497921
2162,439.1,0.210297971963882
2163,439.4,0.235985845327377
2164,439.5,0.142710357904434
2165,439.7,0.359630107879639
2166,439.8,0.132777720689774
2167,440.0,0.240095898509026
2168,440.3,0.169197395443916
2169,440.5,0.162689805030823
2170,440.7,0.150131300091743
2171,440.8,0.217490583658218
2172,441.0,0.246489331126213
2173,441.3,0.342048168182373
2174,441.5,0.2148647159338
2175,441.6,0.135974422097206
2176,441.8,0.135517746210098
2177,441.9,0.118735015392303
2178,442.1,0.304486811161041
2179,442.3,0.0357346720993519
2180,442.4,0.14396621286869
2181,442.6,0.0840278565883636
2182,442.8,0.265669584274292
2183,442.9,0.28610572218895
2184,443.1,0.355291694402695
2185,443.4,0.237584203481674
2186,443.6,0.389199674129486
2187,443.8,0.250371038913727
2188,444.0,0.215321376919746
2189,444.2,0.255965292453766
2190,444.3,0.141226172447205
2191,444.6,0.326178789138794
2192,444.8,0.291699975728989
2193,445.0,0.264642089605331
2194,445.1,0.286676555871964
2195,445.4,0.194542750716209
2196,445.5,0.103322297334671
2197,445.8,0.278456449508667
2198,445.9,0.342619031667709
2199,446.2,0.258362829685211
2200,446.3,0.0793469548225403
2201,446.5,0.237470030784607
2202,446.6,0.142596185207367
2203,446.8,0.242036759853363
2204,447.0,0.148875445127487
2205,447.2,0.287704080343246
2206,447.4,0.120447538793087
2207,447.6,0.2783422768116
2208,447.7,0.0393880568444729
2209,447.8,0.238155037164688
2210,448.0,0.132321044802666
2211,448.2,0.17570498585701
2212,448.3,0.132321044802666
2213,448.5,0.131179362535477
2214,448.6,0.175933331251144
2215,448.8,0.176960840821266
2216,449.0,0.222057312726974
2217,449.1,0.0172394104301929
2218,449.2,0.46660578250885
2219,449.4,0.0982988923788071
2220,449.6,0.277086436748505
2221,449.7,0.191916882991791
2222,450.0,0.220116451382637
2223,450.1,0.144080370664597
2224,450.3,0.0632492303848267
2225,450.4,0.263157904148102
2226,450.7,0.386802136898041
2227,450.8,0.160634770989418
2228,451.0,0.14396621286869
2229,451.2,0.212467178702354
2230,451.3,0.113254934549332
2231,451.4,0.176846668124199
2232,451.7,0.265783756971359
2233,451.8,0.0236328355967999
2234,451.9,0.174334973096848
2235,452.1,0.0268295463174582
2236,452.3,0.282452344894409
2237,452.5,0.379837870597839
2238,452.6,0.0632492303848267
2239,452.7,0.121931724250317
2240,452.9,0.203790381550789
2241,453.2,0.158008903264999
2242,453.3,0.125813454389572
2243,453.5,0.205502912402153
2244,453.6,0.108459867537022
2245,453.7,0.130266010761261
2246,454.0,0.100810594856739
2247,454.1,0.0398447327315807
2248,454.3,0.142139509320259
2249,454.5,0.195912778377533
2250,454.7,0.280625641345978
2251,454.8,0.0337938107550144
2252,455.0,0.134832739830017
2253,455.1,0.241123422980309
2254,455.3,0.0922479704022408
2255,455.5,0.269779652357101
2256,455.6,0.0211211331188679
2257,455.8,0.109030708670616
2258,455.9,0.341363161802292
2259,456.2,0.19751113653183
2260,456.3,0.0647334158420563
2261,456.4,0.186208471655846
2262,456.7,0.159949764609337
2263,456.9,0.158922255039215
2264,457.0,0.0798036307096481
2265,457.2,0.383719593286514
2266,457.3,0.0710126757621765
2267,457.5,0.227651551365852
2268,457.6,0.237127527594566
2269,457.8,0.106404840946198
2270,458.0,0.211097151041031
2271,458.3,0.130951017141342
2272,458.4,0.208242952823639
2273,458.6,0.136202767491341
2274,458.9,0.366822689771652
2275,459.0,0.144879549741745
2276,459.1,0.207900449633598
2277,459.4,0.285192370414734
2278,459.5,0.188948512077332
2279,459.8,0.478821784257889
2280,459.9,0.142253682017326
2281,460.2,0.253225266933441
2282,460.3,0.252197742462158
2283,460.6,0.236214175820351
2284,460.7,0.145336225628853
2285,460.9,0.58465576171875
2286,461.1,0.599726021289825
2287,461.2,0.277999758720398
2288,461.4,0.531795859336853
2289,461.5,0.31670281291008
2290,461.7,0.120790041983128
2291,461.9,0.229934930801392
2292,462.1,0.434638649225235
2293,462.2,0.100239753723145
2294,462.4,0.30266010761261
2295,462.6,0.294782519340515
2296,462.7,0.0571983121335506
2297,462.9,0.394793927669525
2298,463.1,0.421395123004913
2299,463.2,0.0949880108237267
2300,463.3,0.182326748967171
2301,463.5,0.165772348642349
2302,463.7,0.219088941812515
2303,463.9,0.153328001499176
2304,464.1,0.121703393757343
2305,464.2,0.315675318241119
2306,464.5,0.223655670881271
2307,464.8,0.257106989622116
2308,464.9,0.0780911073088646
2309,465.1,0.401758193969727
2310,465.2,0.209384635090828
2311,465.4,0.237127527594566
2312,465.6,0.119420021772385
2313,465.8,0.0812878161668777
2314,465.9,0.210526317358017
2315,466.1,0.0263728741556406
2316,466.2,0.229135751724243
2317,466.4,0.118392512202263
2318,466.7,0.197168633341789
2319,466.8,0.157666400074959
2320,467.0,0.0429272763431072
2321,467.2,0.320013701915741
2322,467.5,0.255508631467819
2323,467.6,0.207900449633598
2324,467.8,0.265212923288345
2325,468.0,0.0605091899633408
2326,468.2,0.257563650608063
2327,468.3,0.0706701651215553
2328,468.5,0.23769836127758
2329,468.6,0.143281191587448
2330,468.8,0.175476655364037
2331,469.1,0.193172737956047
2332,469.3,0.295010834932327
2333,469.5,0.197967797517776
2334,469.6,0.176389992237091
2335,469.8,0.211325496435165
2336,470.0,0.231761619448662
2337,470.3,0.384290456771851
2338,470.4,0.0787761136889458
2339,470.5,0.204018726944923
2340,470.8,0.158579751849174
2341,470.9,0.128210976719856
2342,471.1,0.152072161436081
2343,471.2,0.231419116258621
2344,471.5,0.330288857221603
2345,471.6,0.208813786506653
2346,471.8,0.0955588519573212
2347,472.0,0.114967465400696
2348,472.1,0.246032655239105
2349,472.3,0.134261906147003
2350,472.5,0.308026015758514
2351,472.7,0.123872585594654
2352,472.8,0.065418429672718
2353,473.0,0.151158809661865
2354,473.2,0.297750890254974
2355,473.4,0.33999314904213
2356,473.5,0.171024084091187
2357,473.7,0.234501659870148
2358,473.9,0.199908658862114
2359,474.1,0.226852387189865
2360,474.2,0.0173535794019699
2361,474.3,0.146249577403069
2362,474.5,0.0953305140137672
2363,474.7,0.300947606563568
2364,474.9,0.521634876728058
2365,475.0,0.598013460636139
2366,475.2,0.976938009262085
2367,475.4,0.774175107479095
2368,475.6,0.471971690654755
2369,475.7,0.0925904810428619
2370,475.9,0.24546180665493
2371,476.0,0.0979563891887665
2372,476.1,0.690946459770203
2373,476.3,0.592305064201355
2374,476.5,0.119420021772385
2375,476.7,0.275145560503006
2376,476.9,0.213608860969543
2377,477.1,0.464893251657486
2378,477.2,0.30528599023819
2379,477.4,0.315789461135864
2380,477.7,0.417741745710373
2381,477.9,0.251741051673889
2382,478.0,0.144765377044678
2383,478.2,0.213152185082436
2384,478.3,0.262130379676819
2385,478.5,0.104692317545414
2386,478.7,0.211782172322273
2387,478.8,0.115880809724331
2388,479.0,0.253339409828186
2389,479.1,0.721429407596588
2390,479.3,0.440118730068207
2391,479.6,0.218860596418381
2392,479.8,0.206302091479301
2393,479.9,0.171937435865402
2394,480.1,0.293184161186218
2395,480.2,0.137230277061462
2396,480.5,0.141911178827286
2397,480.6,0.104349814355373
2398,480.8,0.164516493678093
2399,481.0,0.288046568632126
2400,481.2,0.362141788005829
2401,481.3,0.287818253040314
2402,481.5,0.0614225380122662
2403,481.6,0.064276747405529
2404,481.8,0.0573124773800373
2405,482.0,0.325950443744659
2406,482.1,0.180956736207008
2407,482.3,0.265212923288345
2408,482.5,0.0764927491545677
2409,482.6,0.239068388938904
2410,482.8,0.127069294452667
2411,483.1,0.151272982358932
2412,483.2,0.126726791262627
2413,483.5,0.144993722438812
2414,483.7,0.137915283441544
2415,483.9,0.22034478187561
2416,484.0,0.24511930346489
2417,484.3,0.18346843123436
2418,484.4,0.0486356876790524
2419,484.6,0.355291694402695
2420,484.7,0.0724968612194061
2421,484.9,0.208128780126572
2422,485.0,0.144537046551704
2423,485.3,0.186550974845886
2424,485.4,0.0416714251041412
2425,485.5,0.29090079665184
2426,485.8,0.181755915284157
2427,486.0,0.163260653614998
2428,486.1,0.195912778377533
2429,486.3,0.0554857850074768
2430,486.5,0.271948844194412
2431,486.7,0.108345702290535
2432,486.9,0.285534888505936
2433,487.1,0.151387140154839
2434,487.4,0.41785591840744
2435,487.6,0.320470362901688
2436,487.7,0.0455531440675259
2437,487.8,0.31932869553566
2438,488.0,0.0903071090579033
2439,488.2,0.110172390937805
2440,488.3,0.203219547867775
2441,488.6,0.264984577894211
2442,488.8,0.392624735832214
2443,489.0,1.31282114982605
2444,489.2,2.29603838920593
2445,489.3,1.10651898384094
2446,489.6,0.610571980476379
2447,489.8,0.388514667749405
2448,490.0,0.542185187339783
2449,490.2,1.14853298664093
2450,490.4,0.622331321239471
2451,490.5,0.140883669257164
2452,490.7,0.269665479660034
2453,490.9,0.340563982725143
2454,491.0,0.165658175945282
2455,491.2,0.594245910644531
2456,491.3,0.569928050041199
2457,491.5,0.219888120889664
2458,491.9,0.1424820125103
2459,492.0,0.155839711427689
2460,492.2,0.39719146490097
2461,492.4,0.257449477910995
2462,492.5,0.148418769240379
2463,492.7,0.206073746085167
2464,492.9,0.155839711427689
2465,493.1,0.123415917158127
2466,493.2,0.0179244205355644
2467,493.3,0.207900449633598
2468,493.5,0.155497208237648
2469,493.6,0.223655670881271
2470,493.8,0.183125928044319
2471,494.0,0.0743235498666763
2472,494.2,0.333942234516144
2473,494.4,0.222399815917015
2474,494.6,0.295467525720596
2475,494.7,0.138143628835678
2476,494.9,0.247745171189308
2477,495.1,0.105034820735455
2478,495.2,0.183240100741386
2479,495.4,0.178445026278496
2480,495.6,0.215435549616814
2481,495.9,0.179815053939819
2482,496.1,0.268637984991074
2483,496.2,0.106519006192684
2484,496.4,0.119876697659492
2485,496.5,0.0190661028027534
2486,496.7,0.204018726944923
2487,497.0,0.264185398817062
2488,497.2,0.233702480792999
2489,497.4,0.229820758104324
2490,497.5,0.1546980291605
2491,497.8,0.271834671497345
2492,498.0,0.186550974845886
2493,498.2,0.169539898633957
2494,498.4,0.133006051182747
2495,498.6,0.252996921539307
2496,498.7,0.0404155738651752
2497,498.9,0.0176960844546556
2498,499.0,0.196940287947655
2499,499.2,0.0422422662377357
2500,499.4,0.225254029035568
2501,499.5,0.168512389063835
2502,499.8,0.225939035415649
2503,500.0,0.169083222746849
2504,500.1,0.0171252433210611
2505,500.2,0.137801125645638
2506,500.5,0.183240100741386
2507,500.7,0.193286910653114
2508,500.8,0.292955815792084
2509,501.0,0.221828982234001
2510,501.2,0.081401988863945
2511,501.4,0.140769496560097
2512,501.5,0.0575408153235912
2513,501.7,0.102066442370415
2514,501.9,0.119077518582344
2515,502.1,0.228679075837135
2516,502.3,0.243292614817619
2517,502.4,0.116794154047966
2518,502.5,0.168626561760902
2519,502.7,0.0723826885223389
2520,502.9,0.48464435338974
2521,503.1,1.30677020549774
2522,503.2,0.811964809894562
2523,503.4,0.982189774513245
2524,503.6,0.27685809135437
2525,503.7,0.0180385895073414
2526,503.9,0.315903633832932
2527,504.0,0.139970317482948
2528,504.2,0.786391139030457
2529,504.3,0.117707498371601
2530,504.5,0.246717661619186
2531,504.6,0.0484073534607887
2532,504.8,0.25402444601059
2533,505.0,0.443315446376801
2534,505.1,0.480305969715118
2535,505.3,0.546409428119659
2536,505.5,0.0989838987588882
2537,505.6,0.248544350266457
2538,505.8,0.0246603488922119
2539,506.0,0.299577564001083
2540,506.1,0.174106627702713
2541,506.3,0.357232570648193
2542,506.4,0.129695177078247
2543,506.6,0.122045896947384
2544,506.8,0.11553830653429
2545,506.9,0.119305856525898
2546,507.1,0.156638890504837
2547,507.3,0.212467178702354
2548,507.5,0.149103775620461
2549,507.7,0.107089847326279
2550,507.8,0.237241700291634
2551,508.1,0.151501312851906
2552,508.2,0.0561707951128483
2553,508.4,0.197282791137695
2554,508.6,0.24215093255043
2555,508.7,0.110971570014954
2556,508.9,0.197282791137695
2557,509.0,0.0586824975907803
2558,509.2,0.11405411362648
2559,509.3,0.147505417466164
2560,509.5,0.266925454139709
2561,509.7,0.136431097984314
2562,509.9,0.115994974970818
2563,510.2,0.265327095985413
2564,510.4,0.252083569765091
2565,510.6,0.1358602643013
2566,510.7,0.0885945856571198
2567,510.9,0.26795294880867
2568,511.0,0.0221486464142799
2569,511.2,0.186550974845886
2570,511.4,0.203562051057816
2571,511.5,0.220116451382637
2572,511.7,0.231761619448662
2573,511.8,0.0775202661752701
2574,512.0,0.164973169565201
2575,512.1,0.274917215108871
2576,512.3,0.15983559191227
2577,512.5,0.279141455888748
2578,512.6,0.191346049308777
2579,512.8,0.104121476411819
2580,513.0,0.331088036298752
2581,513.1,0.330060511827469
2582,513.3,0.0432697795331478
2583,513.5,0.157666400074959
2584,513.7,0.0597100108861923
2585,513.9,0.352323323488235
2586,514.0,0.0738668814301491
2587,514.2,0.18826350569725
2588,514.3,0.0519465692341328
2589,514.4,0.201621189713478
2590,514.6,0.119191691279411
2591,514.9,0.145222052931786
2592,515.1,0.155611366033554
2593,515.3,0.152642995119095
2594,515.5,0.11256992816925
2595,515.7,0.117935836315155
2596,515.9,0.290444105863571
2597,516.0,0.179586708545685
2598,516.2,0.160634770989418
2599,516.3,0.223769843578339
2600,516.6,0.138714462518692
2601,516.7,0.101723939180374
2602,517.0,0.19305856525898
2603,517.2,0.196483612060547
2604,517.4,0.169425740838051
2605,517.6,0.151957988739014
2606,517.8,0.276173084974289
2607,517.9,0.146820411086082
2608,518.1,0.182440921664238
2609,518.4,0.228222399950027
2610,518.6,0.110629066824913
2611,518.8,0.352209150791168
2612,518.9,0.198081970214844
2613,519.1,0.0593675076961517
2614,519.3,0.304715156555176
2615,519.4,0.108688205480576
2616,519.5,0.219203099608421
2617,519.7,0.160634770989418
2618,520.0,0.0750085636973381
2619,520.1,0.193971917033195
2620,520.3,0.125356778502464
2621,520.5,0.197739467024803
2622,520.7,0.18015755712986
2623,520.8,0.100353918969631
2624,521.0,0.347299933433533
2625,521.3,0.353350847959518
2626,521.4,0.0786619484424591
2627,521.6,0.229249909520149
2628,521.7,0.0787761136889458
2629,521.9,0.189405187964439
2630,522.1,0.172622442245483
2631,522.3,0.330403000116348
2632,522.4,0.1424820125103
2633,522.6,0.107546523213387
2634,522.8,0.246146813035011
2635,523.0,0.238725885748863
2636,523.2,0.158123075962067
2637,523.4,0.0560566261410713
2638,523.6,0.399360656738281
2639,523.8,0.22628153860569
2640,523.9,0.0916771292686462
2641,524.1,0.209955468773842
2642,524.3,0.222742319107056
2643,524.4,0.312478601932526
2644,524.6,0.158008903264999
2645,524.9,0.242036759853363
2646,525.0,0.146592080593109
2647,525.2,0.244776800274849
2648,525.3,0.0774060934782028
2649,525.5,0.295125007629395
2650,525.7,0.252197742462158
2651,525.9,0.159378930926323
2652,526.0,0.144993722438812
2653,526.3,0.271378010511398
2654,526.5,0.161890625953674
2655,526.6,0.0723826885223389
2656,526.8,0.183240100741386
2657,527.0,0.171937435865402
2658,527.1,0.12330174446106
2659,527.4,0.17387829720974
2660,527.6,0.0351638309657574
2661,527.8,0.190090194344521
2662,528.0,0.211211323738098
2663,528.1,0.0770635902881622
2664,528.3,0.219431445002556
2665,528.5,0.179472535848618
2666,528.6,0.0387030467391014
2667,528.8,0.101267270743847
2668,529.0,0.197625294327736
2669,529.2,0.147619590163231
2670,529.3,0.226738214492798
2671,529.5,0.167028203606606
2672,529.7,0.117821671068668
2673,529.9,0.188149333000183
2674,530.1,0.276058912277222
2675,530.2,0.228450730443001
2676,530.4,0.0712410062551498
2677,530.6,0.282909005880356
2678,530.7,0.240666747093201
2679,530.9,0.189062684774399
2680,531.1,0.122959241271019
2681,531.3,0.152871325612068
2682,531.5,0.0530882515013218
2683,531.7,0.261902034282684
2684,531.9,0.252540230751038
2685,532.1,0.197054460644722
2686,532.2,0.115994974970818
2687,532.4,0.166343197226524
2688,532.5,0.0181527566164732
2689,532.6,0.126384288072586
2690,532.8,0.100353918969631
2691,533.0,0.18974769115448
2692,533.2,0.140084490180016
2693,533.4,0.294554173946381
2694,533.5,0.0208927951753139
2695,533.7,0.184838458895683
2696,533.8,0.220116451382637
2697,534.0,0.0931613221764565
2698,534.2,0.219317272305489
2699,534.3,0.0172394104301929
2700,534.5,0.212467178702354
2701,534.6,0.17422080039978
2702,534.9,0.453476428985596
2703,535.0,0.365681022405624
2704,535.2,0.365909337997437
2705,535.4,0.29866424202919
2706,535.6,0.0568558052182198
2707,535.8,0.226395711302757
2708,536.0,0.298892557621002
2709,536.1,0.382920414209366
2710,536.3,0.33999314904213
2711,536.6,0.214293867349625
2712,536.7,0.215663895010948
2713,536.9,0.151387140154839
2714,537.1,0.202877044677734
2715,537.3,0.217376410961151
2716,537.4,0.0591391697525978
2717,537.5,0.269208818674088
2718,537.8,0.200593680143356
2719,537.9,0.241123422980309
2720,538.2,0.377782851457596
2721,538.3,0.0364196822047234
2722,538.5,0.336682260036469
2723,538.6,0.0326521284878254
2724,538.7,0.161662295460701
2725,539.0,0.0610800310969353
2726,539.2,0.182098418474197
2727,539.3,0.288160741329193
2728,539.6,0.13289187848568
2729,539.8,0.11256992816925
2730,540.0,0.367279380559921
2731,540.1,0.119077518582344
2732,540.3,0.171252429485321
2733,540.6,0.141454502940178
2734,540.7,0.139741986989975
2735,540.9,0.175248309969902
2736,541.0,0.0181527566164732
2737,541.1,0.255394458770752
2738,541.3,0.0877954140305519
2739,541.5,0.259276181459427
2740,541.7,0.22479735314846
2741,541.9,0.117364995181561
2742,542.1,0.152642995119095
2743,542.2,0.167142361402512
2744,542.4,0.188035160303116
2745,542.7,0.14727708697319
2746,542.8,0.109944060444832
2747,543.0,0.287133246660233
2748,543.2,0.169768244028091
2749,543.4,0.229135751724243
2750,543.5,0.137458607554436
2751,543.7,0.221258133649826
2752,543.9,0.285306543111801
2753,544.0,0.0182669255882502
2754,544.2,0.227879896759987
2755,544.3,0.131293520331383
2756,544.6,0.135746091604233
2757,544.7,0.0638200715184212
2758,544.9,0.152642995119095
2759,545.0,0.1391711384058
2760,545.2,0.168055713176727
2761,545.5,0.120904214680195
2762,545.6,0.0969288721680641
2763,545.8,0.202306196093559
2764,546.0,0.172279939055443
2765,546.2,0.110857404768467
2766,546.4,0.196483612060547
2767,546.6,0.290215790271759
2768,546.9,0.172622442245483
2769,547.1,0.194086089730263
2770,547.2,0.0698709934949875
2771,547.4,0.213951364159584
2772,547.5,0.0228336565196514
2773,547.6,0.119534194469452
2774,547.8,0.0906496196985245
2775,548.1,0.134604409337044
2776,548.2,0.0843703597784042
2777,548.4,0.23256079852581
2778,548.5,0.172508284449577
2779,548.8,0.279027283191681
2780,549.0,0.443315446376801
2781,549.2,0.59504508972168
2782,549.3,0.649160861968994
2783,549.5,0.374471962451935
2784,549.8,0.245233476161957
2785,549.9,0.21520721912384
