#"+ Scan (rt: 4.980-38.001 min, 5725 scans) BROWNWAX_7.D "
#Point,X(Thompsons),Y(Counts)
0,45.1,3618.73193359375
1,45.3,0.823930144309998
2,45.7,1.6253274679184
3,45.9,42.5119667053223
4,46.1,287.516143798828
5,46.2,97.9645385742188
6,46.4,2.65467238426208
7,46.5,2.2197380065918
8,46.8,9.07580757141113
9,47.0,382.335205078125
10,47.1,449.408020019531
11,47.3,4.63982534408569
12,47.6,1.93414843082428
13,47.8,14.9117908477783
14,48.0,49.7706565856934
15,48.1,30.58323097229
16,48.2,27.1470737457275
17,48.4,3.91371178627014
18,48.7,5.16960716247559
19,48.9,51.5200004577637
20,49.1,168.631439208984
21,49.2,56.0497817993164
22,49.4,1.95877730846405
23,49.9,12.6029691696167
24,50.1,1881.28039550781
25,50.2,163.429870605469
26,50.8,0.126812234520912
27,51.0,237.293975830078
28,51.1,4833.67724609375
29,51.3,1.09432315826416
30,51.6,0.0974672511219978
31,51.8,0.773973822593689
32,52.0,264.405944824219
33,52.1,1791.56433105469
34,52.3,6.28349351882935
35,53.0,149.108825683594
36,53.1,7432.16064453125
37,53.3,0.988646268844604
38,53.6,0.0422707423567772
39,53.8,0.195458516478539
40,54.0,123.896591186523
41,54.1,5248.45556640625
42,54.3,11.3275108337402
43,55.0,5.84908294677734
44,55.1,49164.5859375
45,56.0,25.7068996429443
46,56.2,23172.26953125
47,56.3,3.35825324058533
48,57.0,17.8211345672607
49,57.2,124194.25
50,57.3,71.8892593383789
51,57.5,10.9806118011475
52,57.7,19.6953716278076
53,57.9,112.511268615723
54,58.1,2510.76391601563
55,58.2,3815.70825195313
56,58.4,1.54200875759125
57,58.6,1.6737117767334
58,58.8,7.84524011611938
59,59.0,287.156677246094
60,59.1,3157.39672851563
61,59.3,12.8307418823242
62,59.5,1.97606992721558
63,59.8,9.03493404388428
64,60.0,246.987426757813
65,60.1,659.270568847656
66,60.3,14.0875110626221
67,60.5,0.557205259799957
68,60.8,6.91598272323608
69,61.0,409.710571289063
70,61.1,895.397216796875
71,61.3,8.86847114562988
72,61.5,0.424803495407104
73,61.7,0.290655016899109
74,61.9,47.239128112793
75,62.1,943.910766601563
76,62.2,115.898864746094
77,62.4,0.650829672813416
78,62.5,0.452925771474838
79,62.7,0.185676857829094
80,62.9,20.6518783569336
81,63.1,3521.98193359375
82,63.2,163.817993164063
83,63.4,0.436506539583206
84,63.6,0.525589525699615
85,63.8,12.3201742172241
86,64.0,371.8330078125
87,64.1,1223.33203125
88,64.3,36.7205238342285
89,64.5,1.38829696178436
90,64.7,0.0988646298646927
91,64.9,8.52384281158447
92,65.1,5350.20947265625
93,65.2,314.655364990234
94,65.4,0.430393010377884
95,65.6,0.801572024822235
96,65.8,7.21938848495483
97,66.0,309.868988037109
98,66.1,1684.44958496094
99,66.3,17.4866371154785
100,67.0,69.3696060180664
101,67.1,13309.7841796875
102,67.3,0.287161558866501
103,67.7,0.0887336209416389
104,68.0,109.420433044434
105,68.1,7428.71875
106,68.3,7.69694328308105
107,68.5,0.136069864034653
108,68.9,0.222882091999054
109,69.1,29366.509765625
110,69.2,2848.33837890625
111,69.4,1.79807865619659
112,69.7,5.33205223083496
113,69.9,46.3987770080566
114,70.1,7059.943359375
115,70.2,11705.73046875
116,70.4,8.56192111968994
117,70.7,9.99528408050537
118,70.9,26.6745853424072
119,71.1,13087.193359375
120,71.2,70453.8046875
121,71.4,0.285589516162872
122,71.7,1.04454147815704
123,71.9,45.7701301574707
124,72.0,118.819038391113
125,72.2,4713.353515625
126,72.3,48.8779029846191
127,72.5,0.311266362667084
128,73.0,208.203140258789
129,73.1,24226.123046875
130,73.3,0.668646275997162
131,73.9,14.7451524734497
132,74.1,3406.46508789063
133,74.2,202.414840698242
134,74.7,0.253449767827988
135,74.9,13.4815721511841
136,75.1,4378.18359375
137,75.2,179.373794555664
138,75.4,0.300262004137039
139,75.5,0.268296957015991
140,75.8,3.66550207138062
141,76.0,450.172058105469
142,76.1,3099.94750976563
143,76.3,19.2574672698975
144,76.5,0.117903932929039
145,77.0,365.000335693359
146,77.1,12517.80859375
147,77.3,0.386200875043869
148,77.8,0.705152809619904
149,78.0,445.138854980469
150,78.1,4577.76123046875
151,78.3,1.06218338012695
152,79.0,296.918609619141
153,79.1,13414.2802734375
154,79.8,1.08227074146271
155,80.0,252.666549682617
156,80.1,2390.001953125
157,80.3,19.8534488677979
158,81.0,117.170303344727
159,81.1,12517.2685546875
160,81.3,8.47965049743652
161,82.0,127.142532348633
162,82.1,12226.8857421875
163,82.3,192.012573242188
164,82.4,33.1021842956543
165,82.6,2.46253275871277
166,82.8,36.4875106811523
167,83.0,537.277038574219
168,83.1,27113.560546875
169,83.3,2.7561571598053
170,83.7,0.487685590982437
171,83.9,34.9007873535156
172,84.1,3182.7001953125
173,84.2,8446.849609375
174,84.4,2.17519640922546
175,84.6,15.8667249679565
176,84.8,14.3921394348145
177,85.0,142.168563842773
178,85.2,58612.328125
179,85.3,15.1147594451904
180,85.6,2.50672483444214
181,85.8,10.6922273635864
182,86.0,339.558959960938
183,86.2,4382.7275390625
184,86.3,18.0623588562012
185,86.5,0.961746752262115
186,86.8,4.51912641525269
187,87.0,650.990539550781
188,87.1,1886.96716308594
189,87.3,5.04314422607422
190,87.5,1.66026198863983
191,87.7,5.88681221008301
192,87.9,141.429168701172
193,88.1,1523.96276855469
194,88.2,289.227935791016
195,88.4,2.17484712600708
196,88.6,0.0805240198969841
197,88.8,1.66427946090698
198,89.0,1057.74719238281
199,89.1,4859.115234375
200,89.3,1.75266373157501
201,89.5,0.270043671131134
202,89.7,9.94567680358887
203,89.9,320.739227294922
204,90.1,758.229675292969
205,90.2,267.834075927734
206,90.4,2.74148464202881
207,91.0,187.877029418945
208,91.1,19849.49609375
209,91.8,1.20558953285217
210,92.0,362.833190917969
211,92.1,3692.20751953125
212,92.3,5.46742343902588
213,92.8,0.131877735257149
214,93.0,145.399124145508
215,93.1,8398.109375
216,93.3,9.85589504241943
217,93.6,0.122445411980152
218,93.8,2.67528390884399
219,94.0,194.505676269531
220,94.2,2091.49926757813
221,94.3,451.420623779297
222,94.5,19.8372058868408
223,94.7,65.9563293457031
224,95.0,370.829681396484
225,95.1,9246.5849609375
226,95.3,13.8352842330933
227,96.0,552.293640136719
228,96.1,16036.8544921875
229,96.3,8.2125768661499
230,96.8,5.45187759399414
231,97.0,303.160186767578
232,97.2,24759.853515625
233,97.3,10.814323425293
234,97.6,0.320873349905014
235,97.8,4.80279493331909
236,98.0,303.047698974609
237,98.2,7926.30712890625
238,98.3,21.2251529693604
239,98.4,1.55021834373474
240,98.6,0.775545835494995
241,98.8,9.37484741210938
242,99.0,188.901840209961
243,99.2,17344.705078125
244,99.3,20.1517906188965
245,99.6,1.64366817474365
246,99.8,13.3678598403931
247,99.9,34.0759811401367
248,100.1,677.811706542969
249,100.2,1342.9208984375
250,100.4,6.33222723007202
251,100.6,3.79493451118469
252,100.8,14.2735366821289
253,101.0,393.189514160156
254,101.1,1628.16809082031
255,101.2,398.898529052734
256,101.4,5.73467254638672
257,101.7,3.66043663024902
258,101.9,123.723670959473
259,102.1,2379.0888671875
260,102.2,267.568908691406
261,102.4,0.805589497089386
262,102.8,0.136244535446167
263,103.0,1909.97961425781
264,103.1,3960.80737304688
265,103.3,2.45082974433899
266,103.7,0.684541463851929
267,103.9,119.368385314941
268,104.1,2320.7666015625
269,104.2,358.518432617188
270,104.4,0.417816579341888
271,105.0,342.843139648438
272,105.1,12897.12890625
273,105.8,2.8172926902771
274,106.0,289.526458740234
275,106.1,3216.84204101563
276,106.3,42.8946723937988
277,106.5,0.71807861328125
278,106.8,0.630218327045441
279,107.0,221.771530151367
280,107.1,7195.9267578125
281,107.3,16.3704795837402
282,107.6,4.55353689193726
283,107.8,14.0648031234741
284,108.0,331.895385742188
285,108.1,3243.37109375
286,108.3,19.3710041046143
287,108.5,0.925065517425537
288,108.8,0.27109169960022
289,109.0,99.9991302490234
290,109.1,7612.52587890625
291,109.3,35.3264617919922
292,109.6,0.490655034780502
293,109.9,15.7117900848389
294,110.1,2213.49487304688
295,110.2,1811.01245117188
296,110.5,10.7084712982178
297,110.6,27.6660270690918
298,110.9,13.7641925811768
299,111.1,3219.36499023438
300,111.2,8657.12109375
301,111.4,4.31755447387695
302,111.6,7.72943210601807
303,111.7,2.35004377365112
304,111.9,39.4883842468262
305,112.1,1194.30187988281
306,112.2,4676.1923828125
307,112.4,5.81362438201904
308,112.7,1.69152843952179
309,112.9,33.213451385498
310,113.1,1659.24658203125
311,113.2,9291.91796875
312,113.4,0.803668141365051
313,113.6,1.17973804473877
314,113.7,1.65851533412933
315,113.9,57.2476844787598
316,114.1,672.602416992188
317,114.2,980.029724121094
318,114.4,1.87283837795258
319,114.6,0.140262007713318
320,114.8,0.803493440151215
321,115.0,863.210510253906
322,115.1,14422.2685546875
323,115.3,1.33816599845886
324,115.5,0.0620087347924709
325,115.7,0.207161575555801
326,115.9,40.3311805725098
327,116.0,436.621124267578
328,116.1,3564.21313476563
329,116.3,9.91231441497803
330,116.4,0.345152825117111
331,116.6,0.24628821015358
332,116.9,13.0412225723267
333,117.0,477.311096191406
334,117.1,9320.6689453125
335,117.3,0.715283870697021
336,117.4,0.276681214570999
337,117.7,0.765414834022522
338,117.9,54.3297805786133
339,118.1,2588.94018554688
340,118.2,539.619567871094
341,118.4,0.618340611457825
342,118.6,0.103580787777901
343,118.8,0.64541482925415
344,119.0,847.699584960938
345,119.1,9318.8583984375
346,119.3,1.20192134380341
347,119.5,0.161746725440025
348,119.7,0.546550214290619
349,119.9,57.334846496582
350,120.1,2794.90502929688
351,120.2,833.010681152344
352,120.4,0.856943249702454
353,120.7,0.15074235200882
354,121.0,248.464981079102
355,121.1,7909.72021484375
356,121.3,2.18218350410461
357,121.4,0.247860267758369
358,121.7,0.158078595995903
359,121.9,18.759126663208
360,122.1,2074.87817382813
361,122.2,1005.72454833984
362,122.4,1.8885589838028
363,122.6,0.630567669868469
364,122.9,12.1942358016968
365,123.1,2270.86547851563
366,123.2,1854.34167480469
367,123.3,29.5009613037109
368,123.6,0.305676847696304
369,123.8,3.04227066040039
370,124.0,147.366638183594
371,124.2,1982.3583984375
372,124.3,61.1516151428223
373,124.5,1.85554587841034
374,124.8,4.21205234527588
375,125.0,156.521926879883
376,125.1,1331.18933105469
377,125.2,3977.81201171875
378,125.4,4.16681241989136
379,125.6,2.26689958572388
380,125.8,8.43807888031006
381,125.9,27.4239292144775
382,126.1,1806.83093261719
383,126.2,3539.05249023438
384,126.4,2.97816586494446
385,126.5,1.72628819942474
386,126.8,2.68558955192566
387,126.9,10.7690830230713
388,127.1,4991.13720703125
389,127.2,6326.13525390625
390,127.4,2.07720518112183
391,127.6,0.308296948671341
392,127.8,2.55196499824524
393,127.9,12.685938835144
394,128.1,13495.9423828125
395,128.2,758.476684570313
396,128.4,0.686986923217773
397,128.6,0.127860262989998
398,128.8,1.74620091915131
399,128.9,13.1643667221069
400,129.1,12010.6240234375
401,129.2,281.344818115234
402,129.4,0.30305677652359
403,129.6,0.175021827220917
404,129.8,6.27248907089233
405,129.9,23.0829696655273
406,130.1,2702.5126953125
407,130.2,462.175384521484
408,130.4,1.42620086669922
409,130.7,0.933275103569031
410,130.9,12.3053274154663
411,131.1,8326.3876953125
412,131.2,615.563842773438
413,131.4,0.522270739078522
414,131.5,0.398253262042999
415,131.8,6.23091697692871
416,132.0,333.172241210938
417,132.1,2866.16748046875
418,132.3,15.9552841186523
419,132.7,0.350393027067184
420,132.9,9.87371158599854
421,133.1,14245.8056640625
422,133.2,488.821655273438
423,133.4,0.161397382616997
424,133.6,0.179388642311096
425,133.8,1.75510919094086
426,134.0,649.2431640625
427,134.1,3029.14624023438
428,134.2,1001.61083984375
429,134.4,0.408034920692444
430,134.8,0.444366812705994
431,135.0,358.931884765625
432,135.1,7476.14111328125
433,135.3,4.44262027740479
434,135.5,0.262008726596832
435,135.8,1.20803499221802
436,136.0,266.564880371094
437,136.1,2194.974609375
438,136.3,24.9365940093994
439,136.5,0.0490829683840275
440,136.7,0.483318775892258
441,136.9,21.0403499603271
442,137.1,2491.45947265625
443,137.2,569.33642578125
444,137.4,1.29100441932678
445,137.7,1.00244545936584
446,137.9,30.014497756958
447,138.0,166.616424560547
448,138.2,1412.30712890625
449,138.3,59.3664627075195
450,138.4,4.98532772064209
451,138.7,0.78043669462204
452,138.9,17.3474235534668
453,139.1,4039.1201171875
454,139.2,1370.40209960938
455,139.3,8.80663776397705
456,139.5,0.206812232732773
457,139.7,1.69484710693359
458,139.9,18.7627944946289
459,140.1,749.533630371094
460,140.2,2853.87719726563
461,140.3,89.5317001342773
462,140.5,0.922620058059692
463,140.7,1.33397376537323
464,140.9,7.56471633911133
465,141.1,13031.2158203125
466,141.2,4786.404296875
467,141.4,2.27965068817139
468,141.6,0.319999992847443
469,141.8,3.58235812187195
470,142.0,179.815200805664
471,142.1,6404.70654296875
472,142.3,14.1154584884644
473,142.5,1.5800873041153
474,142.8,1.94707429409027
475,142.9,11.7374668121338
476,143.1,8586.068359375
477,143.2,612.101989746094
478,143.4,1.78235805034637
479,143.7,2.85048031806946
480,143.8,6.1823582649231
481,144.0,167.416244506836
482,144.1,3100.02490234375
483,144.3,27.3229694366455
484,144.4,7.28419208526611
485,144.6,0.15475982427597
486,144.8,2.64489078521729
487,145.0,199.358779907227
488,145.1,5804.044921875
489,145.2,1113.80834960938
490,145.4,0.832663774490356
491,145.6,0.758951961994171
492,145.7,0.989519655704498
493,145.9,35.5067253112793
494,146.0,181.604721069336
495,146.1,3089.43798828125
496,146.3,12.0027952194214
497,146.4,0.856593906879425
498,146.7,0.353013098239899
499,146.9,12.9507427215576
500,147.1,12511.3515625
501,147.2,780.562622070313
502,147.6,0.191615715622902
503,147.8,2.32419204711914
504,148.0,438.36279296875
505,148.1,3699.77001953125
506,148.3,14.6080350875854
507,148.6,0.615196526050568
508,148.8,2.84873366355896
509,149.0,566.612731933594
510,149.1,3793.087890625
511,149.3,15.4978170394897
512,149.5,0.300786018371582
513,149.7,0.394061148166656
514,149.9,37.2289962768555
515,150.0,306.7373046875
516,150.1,1952.63610839844
517,150.3,24.5021839141846
518,150.5,0.483144104480743
519,150.8,4.14917039871216
520,151.0,347.920166015625
521,151.1,3243.54663085938
522,151.3,18.0522270202637
523,151.5,0.457641929388046
524,151.7,1.15877723693848
525,151.9,21.0525760650635
526,152.1,9278.583984375
527,152.2,438.635986328125
528,152.4,2.47318768501282
529,152.7,1.44855892658234
530,152.9,12.4027948379517
531,153.1,9991.939453125
532,153.2,733.914611816406
533,153.4,2.01467251777649
534,153.7,1.16157209873199
535,153.9,14.79563331604
536,154.1,4718.1357421875
537,154.2,2589.73046875
538,154.3,34.1338005065918
539,154.5,2.56978154182434
540,154.8,2.97065496444702
541,155.0,80.4022674560547
542,155.1,13665.8740234375
543,155.3,16.8931007385254
544,155.6,1.38218343257904
545,155.7,1.80227077007294
546,155.9,23.5683841705322
547,156.1,3142.65844726563
548,156.2,1076.98876953125
549,156.3,35.4338874816895
550,156.5,3.99336242675781
551,156.7,2.0469868183136
552,156.9,19.2399997711182
553,157.1,6319.744140625
554,157.2,1114.62072753906
555,157.3,14.6829690933228
556,157.6,1.41100442409515
557,157.8,8.1100435256958
558,158.0,125.76383972168
559,158.1,3071.32446289063
560,158.3,22.7416591644287
561,158.5,2.52157211303711
562,158.8,3.82270741462708
563,159.0,150.513885498047
564,159.1,3988.29833984375
565,159.2,2185.3544921875
566,159.4,1.45624458789825
567,159.7,1.87790393829346
568,159.9,22.5608730316162
569,160.1,1442.87768554688
570,160.2,1032.30737304688
571,160.4,1.66427946090698
572,160.5,1.16069865226746
573,160.8,5.15179061889648
574,160.9,89.3972015380859
575,161.1,2895.45629882813
576,161.2,897.589721679688
577,161.3,12.3000869750977
578,161.6,0.817117929458618
579,161.8,15.5895195007324
580,161.9,57.0310935974121
581,162.1,1249.6044921875
582,162.2,568.393188476563
583,162.4,1.72768557071686
584,162.7,3.71912670135498
585,162.9,76.4899597167969
586,163.0,1556.85925292969
587,163.1,2910.70629882813
588,163.3,11.3696069717407
589,163.4,2.02218341827393
590,163.7,2.70829701423645
591,163.8,14.4165935516357
592,164.0,404.639465332031
593,164.1,1421.2861328125
594,164.2,515.560363769531
595,164.4,3.18393015861511
596,164.7,1.94655025005341
597,164.9,29.7942352294922
598,165.1,14951.06640625
599,165.2,91.4917068481445
600,165.4,1.58969438076019
601,165.6,1.34655022621155
602,165.8,6.24593877792358
603,166.0,224.147079467773
604,166.1,5165.5439453125
605,166.2,501.595275878906
606,166.4,2.99318766593933
607,166.5,1.53938865661621
608,166.8,3.74689960479736
609,167.0,130.584106445313
610,167.1,7818.38232421875
611,167.2,902.810485839844
612,167.4,2.53327512741089
613,167.7,1.57641923427582
614,167.9,12.7933626174927
615,168.1,2918.677734375
616,168.2,2533.6328125
617,168.4,4.88034915924072
618,168.5,1.91650652885437
619,168.8,1.97554588317871
620,169.0,50.9095191955566
621,169.1,10987.712890625
622,169.3,40.8571166992188
623,169.4,2.10375547409058
624,169.7,1.90445411205292
625,169.9,17.6052398681641
626,170.1,2199.306640625
627,170.2,1482.92102050781
628,170.4,6.01187753677368
629,170.7,2.05676865577698
630,170.8,2.56524014472961
631,171.0,90.7165069580078
632,171.1,5928.38916015625
633,171.3,23.6724891662598
634,171.6,1.52296948432922
635,171.8,4.70270729064941
636,172.0,94.2644577026367
637,172.1,1532.1044921875
638,172.2,1158.28283691406
639,172.4,6.06637573242188
640,172.6,0.778340637683868
641,172.8,3.56628823280334
642,173.0,78.8662033081055
643,173.1,1951.37121582031
644,173.2,2140.43212890625
645,173.4,2.7739737033844
646,173.5,2.36733627319336
647,173.7,1.38864624500275
648,173.9,18.1145858764648
649,174.1,1011.52191162109
650,174.2,837.852233886719
651,174.4,4.42270755767822
652,174.5,3.04384279251099
653,174.8,4.93502187728882
654,175.0,213.096420288086
655,175.1,2190.951171875
656,175.3,32.7870750427246
657,175.5,1.71231436729431
658,175.8,5.29816579818726
659,176.0,555.376403808594
660,176.1,2779.38671875
661,176.3,20.0967693328857
662,176.4,2.08663749694824
663,176.6,0.781484723091125
664,176.8,8.37467288970947
665,177.0,2584.94165039063
666,177.1,3040.09326171875
667,177.3,14.7337989807129
668,177.6,0.908296942710876
669,177.8,4.86742353439331
670,178.0,505.170989990234
671,178.1,8648.017578125
672,178.2,226.654846191406
673,178.4,2.86480355262756
674,178.7,3.22375535964966
675,178.9,33.4939727783203
676,179.1,9244.6142578125
677,179.2,269.182891845703
678,179.4,1.57414841651917
679,179.5,1.2890830039978
680,179.8,7.20506572723389
681,179.9,26.1928386688232
682,180.1,2768.11376953125
683,180.2,773.688903808594
684,180.3,21.3198261260986
685,180.5,2.73519659042358
686,180.8,4.73292589187622
687,181.0,113.926284790039
688,181.1,7547.7255859375
689,181.3,18.1000881195068
690,181.6,1.70724892616272
691,181.8,3.26986908912659
692,182.0,62.2319641113281
693,182.2,4790.75927734375
694,182.3,355.648223876953
695,182.5,1.22008728981018
696,182.7,1.80104804039001
697,182.9,7.82882118225098
698,183.1,4080.32861328125
699,183.2,5713.3681640625
700,183.4,3.09973788261414
701,183.7,1.56401741504669
702,183.8,2.32873368263245
703,184.0,70.667594909668
704,184.2,4133.09912109375
705,184.3,89.5250625610352
706,184.4,5.92611360549927
707,184.7,3.03371167182922
708,184.9,15.3194761276245
709,185.1,2572.88598632813
710,185.2,3520.77075195313
711,185.4,2.84052395820618
712,185.5,2.74340605735779
713,185.8,4.62305688858032
714,186.0,66.7159805297852
715,186.2,2853.72485351563
716,186.3,47.6115264892578
717,186.5,4.03318786621094
718,186.8,4.79301309585571
719,186.9,12.8220090866089
720,187.1,1635.00598144531
721,187.2,1675.30187988281
722,187.4,4.90043687820435
723,187.7,2.75930142402649
724,187.9,16.8924026489258
725,188.1,750.737487792969
726,188.2,863.356689453125
727,188.4,4.42253255844116
728,188.7,1.90567684173584
729,188.9,23.4600868225098
730,189.1,5315.03564453125
731,189.2,449.750213623047
732,189.4,2.84541487693787
733,189.7,1.86026203632355
734,189.9,26.7898693084717
735,190.1,2317.66577148438
736,190.2,628.1982421875
737,190.4,4.24174690246582
738,190.7,2.3813099861145
739,190.9,40.6986885070801
740,191.1,14192.638671875
741,191.2,146.947418212891
742,191.4,0.86637556552887
743,191.7,2.28052401542664
744,191.9,23.9051532745361
745,192.1,5225.5615234375
746,192.2,378.575714111328
747,192.3,23.2522277832031
748,192.5,1.42620086669922
749,192.7,2.04034924507141
750,192.9,50.7848052978516
751,193.1,14222.736328125
752,193.2,264.770477294922
753,193.3,3.63580775260925
754,193.5,0.294847160577774
755,193.7,2.17100429534912
756,193.9,24.3365936279297
757,194.0,609.030944824219
758,194.1,4197.18017578125
759,194.3,9.70794773101807
760,194.6,1.77100431919098
761,194.7,2.19528388977051
762,194.9,18.0454139709473
763,195.1,6922.02294921875
764,195.2,3189.60131835938
765,195.4,1.72419214248657
766,195.6,0.681048035621643
767,195.8,3.75720524787903
768,196.0,78.1526641845703
769,196.2,4624.75244140625
770,196.3,608.909362792969
771,196.5,1.35196506977081
772,196.7,1.88174676895142
773,196.8,2.20646286010742
774,197.0,33.7009620666504
775,197.1,2707.59887695313
776,197.2,10478.12890625
777,197.4,3.15860271453857
778,197.7,1.2810480594635
779,197.9,9.68716144561768
780,198.1,1327.59265136719
781,198.2,3123.44116210938
782,198.4,4.78864622116089
783,198.5,2.39074230194092
784,198.8,3.89414858818054
785,198.9,9.20139694213867
786,199.1,1433.24450683594
787,199.2,3427.48168945313
788,199.3,45.937816619873
789,199.6,3.38620090484619
790,199.8,7.54724884033203
791,199.9,20.3381652832031
792,200.1,1260.36108398438
793,200.2,1652.58544921875
794,200.4,7.94410467147827
795,200.6,9.0174674987793
796,200.8,14.7907419204712
797,201.0,86.7587738037109
798,201.2,2257.58715820313
799,201.3,59.1697807312012
800,201.5,3.82934498786926
801,201.7,1.5669869184494
802,201.9,22.4096069335938
803,202.1,3268.8076171875
804,202.2,647.769958496094
805,202.4,5.43545866012573
806,202.6,1.08419215679169
807,202.8,5.1612229347229
808,203.0,181.152496337891
809,203.1,2649.61206054688
810,203.2,632.89990234375
811,203.4,3.01484727859497
812,203.6,1.78637552261353
813,203.8,7.33641910552979
814,203.9,19.4275989532471
815,204.1,1397.55773925781
816,204.2,693.513366699219
817,204.4,7.61048030853271
818,204.7,2.19842791557312
819,204.9,23.466724395752
820,205.1,2998.18701171875
821,205.2,805.023071289063
822,205.4,4.0515284538269
823,205.6,2.68925762176514
824,205.7,1.59720528125763
825,205.9,11.0246286392212
826,206.1,643.2216796875
827,206.2,812.009582519531
828,206.4,0.609082996845245
829,206.9,4.21100425720215
830,207.1,97939.578125
831,207.2,40.6195640563965
832,207.7,0.234934493899345
833,207.9,32.5077743530273
834,208.1,22231.7421875
835,208.2,445.986022949219
836,208.5,0.628296971321106
837,208.7,1.29816591739655
838,208.9,36.7432327270508
839,209.1,15884.9052734375
840,209.2,982.801391601563
841,209.4,0.605938851833344
842,209.7,1.18917036056519
843,209.9,13.3993015289307
844,210.1,2888.43798828125
845,210.2,3032.59326171875
846,210.4,2.18829703330994
847,210.6,1.69921398162842
848,210.7,2.0710916519165
849,210.9,16.58323097229
850,211.1,2684.63696289063
851,211.2,4969.6298828125
852,211.4,2.78969430923462
853,211.6,0.737991273403168
854,211.8,4.75930118560791
855,212.0,79.9182510375977
856,212.2,3221.92553710938
857,212.3,173.293975830078
858,212.5,2.507248878479
859,212.8,3.56820964813232
860,213.0,85.8420944213867
861,213.2,4941.14990234375
862,213.3,45.1867256164551
863,213.5,1.15074241161346
864,213.7,2.93502187728882
865,213.9,15.7470741271973
866,214.1,564.678405761719
867,214.2,1514.12890625
868,214.4,6.12366819381714
869,214.6,3.52611351013184
870,214.7,1.09484720230103
871,214.9,18.8258514404297
872,215.1,1408.33435058594
873,215.2,1217.07348632813
874,215.4,5.79021835327148
875,215.7,2.47248911857605
876,215.9,17.5650653839111
877,216.1,656.505126953125
878,216.2,700.8134765625
879,216.4,5.7304801940918
880,216.6,2.76314401626587
881,216.8,4.40820980072021
882,217.0,92.5446319580078
883,217.1,841.450988769531
884,217.2,669.485778808594
885,217.4,8.37816619873047
886,217.6,1.5331004858017
887,217.8,5.73117923736572
888,218.0,85.78515625
889,218.2,1166.21960449219
890,218.3,51.2400016784668
891,218.4,10.434061050415
892,218.6,2.76174664497375
893,218.9,22.6387767791748
894,219.1,1652.19470214844
895,219.2,1571.01818847656
896,219.4,5.39510917663574
897,219.7,2.39947605133057
898,219.9,20.3112659454346
899,220.1,753.044372558594
900,220.2,1340.07250976563
901,220.3,43.470043182373
902,220.5,1.63371181488037
903,220.7,0.94847160577774
904,220.9,26.9538860321045
905,221.1,6075.46826171875
906,221.2,3225.31762695313
907,221.4,1.06689953804016
908,221.6,0.577117919921875
909,221.8,4.61135387420654
910,222.0,164.226898193359
911,222.1,1558.08666992188
912,222.2,2221.96655273438
913,222.4,4.21676874160767
914,222.6,1.30323147773743
915,222.8,7.24489068984985
916,223.0,176.137466430664
917,223.2,5637.34033203125
918,223.3,18.5963325500488
919,223.4,3.17414855957031
920,223.7,1.51039302349091
921,223.9,13.3701305389404
922,224.1,670.744079589844
923,224.2,3030.20678710938
924,224.4,8.28279495239258
925,224.5,2.79930138587952
926,224.7,2.00786018371582
927,224.9,12.5517902374268
928,225.1,687.272644042969
929,225.2,3917.220703125
930,225.3,1111.98217773438
931,225.6,1.64419209957123
932,225.8,4.90305662155151
933,226.0,57.8382530212402
934,226.2,2546.56396484375
935,226.3,226.071441650391
936,226.4,6.00104808807373
937,226.7,3.45921397209167
938,226.9,16.0160694122314
939,227.0,43.1884727478027
940,227.2,2618.28881835938
941,227.3,100.414672851563
942,227.5,0.98480349779129
943,227.7,2.71807861328125
944,227.9,14.2110042572021
945,228.0,44.4925765991211
946,228.2,1809.12048339844
947,228.3,112.563316345215
948,228.6,4.05694341659546
949,228.8,4.57624435424805
950,229.0,62.7552833557129
951,229.2,1482.23181152344
952,229.3,77.3187789916992
953,229.4,9.06480312347412
954,229.7,4.61205244064331
955,229.8,6.06026220321655
956,230.0,116.231269836426
957,230.2,906.886291503906
958,230.3,94.646110534668
959,230.5,8.89938831329346
960,230.8,13.9563322067261
961,231.0,90.5696105957031
962,231.1,407.432312011719
963,231.2,608.518798828125
964,231.4,14.0606117248535
965,231.7,4.88296937942505
966,231.8,5.35528373718262
967,232.0,112.061134338379
968,232.2,1410.58532714844
969,232.3,67.3795623779297
970,232.5,4.1629695892334
971,232.8,6.22707414627075
972,233.0,82.4611358642578
973,233.2,1404.04455566406
974,233.3,43.0337104797363
975,233.4,7.5105676651001
976,233.7,2.89868998527527
977,233.9,20.3177299499512
978,234.1,512.990234375
979,234.2,2332.82568359375
980,234.4,6.72454166412354
981,234.6,3.7933623790741
982,234.8,6.09467267990112
983,235.0,102.32593536377
984,235.2,3339.50952148438
985,235.3,43.6150207519531
986,235.5,1.31266379356384
987,235.7,2.72017478942871
988,235.9,14.8951969146729
989,236.1,504.291351318359
990,236.2,3829.6552734375
991,236.4,11.5517902374268
992,236.7,4.46096086502075
993,236.9,10.1858510971069
994,237.1,840.099731445313
995,237.2,8774.4111328125
996,237.4,3.84803485870361
997,237.7,2.83947587013245
998,237.9,16.0040168762207
999,238.1,359.237213134766
1000,238.2,5104.22265625
1001,238.4,13.142183303833
1002,238.7,2.37449789047241
1003,238.9,6.02759838104248
1004,239.0,15.6693449020386
1005,239.2,18978.0546875
1006,239.3,1220.91613769531
1007,239.5,0.826724886894226
1008,239.7,1.49310040473938
1009,239.8,1.42183411121368
1010,240.0,32.593189239502
1011,240.2,5331.5048828125
1012,240.3,415.560882568359
1013,240.5,2.47947597503662
1014,240.6,1.95598256587982
1015,240.9,9.39528369903564
1016,241.1,276.1123046875
1017,241.2,4208.380859375
1018,241.4,8.37519645690918
1019,241.7,2.09013104438782
1020,241.9,10.9393882751465
1021,242.0,30.4515285491943
1022,242.2,1551.80749511719
1023,242.3,232.052230834961
1024,242.5,2.74532747268677
1025,242.7,3.35423588752747
1026,242.9,14.7923145294189
1027,243.1,342.791625976563
1028,243.2,1116.37890625
1029,243.4,11.6214847564697
1030,243.7,3.10567688941956
1031,243.8,2.92139744758606
1032,244.0,41.2897834777832
1033,244.1,239.833358764648
1034,244.2,602.646667480469
1035,244.4,12.4581661224365
1036,244.7,3.90078592300415
1037,244.8,4.21327495574951
1038,245.0,49.2317886352539
1039,245.2,756.698486328125
1040,245.3,94.6838455200195
1041,245.5,2.9159824848175
1042,245.7,4.31528377532959
1043,245.9,15.3037557601929
1044,246.1,331.933441162109
1045,246.2,531.684020996094
1046,246.3,77.0047149658203
1047,246.5,4.65868997573853
1048,246.8,8.28401756286621
1049,247.0,76.6506576538086
1050,247.2,741.02880859375
1051,247.3,65.1018371582031
1052,247.6,4.72314405441284
1053,247.8,8.42462921142578
1054,248.0,52.3369445800781
1055,248.2,1120.54614257813
1056,248.3,71.3399124145508
1057,248.5,2.01537108421326
1058,248.7,6.87842798233032
1059,248.9,92.8061141967773
1060,249.0,619.072814941406
1061,249.1,1534.84924316406
1062,249.3,8.53991222381592
1063,249.4,2.97362446784973
1064,249.7,3.20908308029175
1065,249.9,38.289608001709
1066,250.1,645.63037109375
1067,250.2,1693.42248535156
1068,250.3,74.9765930175781
1069,250.6,4.31842803955078
1070,250.7,4.59720516204834
1071,250.9,42.7668113708496
1072,251.1,1915.58605957031
1073,251.2,1483.08508300781
1074,251.3,31.3376426696777
1075,251.6,1.86882090568542
1076,251.8,5.73711776733398
1077,252.0,98.8403472900391
1078,252.2,3517.83642578125
1079,252.3,724.804565429688
1080,252.6,3.40646290779114
1081,252.8,11.3582534790039
1082,252.9,19.6333618164063
1083,253.1,1376.39123535156
1084,253.2,4518.91259765625
1085,253.4,6.00262022018433
1086,253.6,0.793013095855713
1087,253.8,5.54742336273193
1088,254.0,75.3383407592773
1089,254.1,336.217803955078
1090,254.2,5576.98388671875
1091,254.4,13.6013975143433
1092,254.7,3.41449785232544
1093,254.9,21.0693454742432
1094,255.0,77.5430603027344
1095,255.2,3088.9296875
1096,255.3,331.513000488281
1097,255.4,8.18620109558105
1098,255.6,0.816244542598724
1099,255.8,5.45432329177856
1100,256.0,37.4183387756348
1101,256.2,1794.08276367188
1102,256.3,1090.88525390625
1103,256.5,2.67161583900452
1104,256.7,2.78305673599243
1105,256.9,10.8595628738403
1106,257.1,161.709518432617
1107,257.2,2094.93896484375
1108,257.4,16.6227073669434
1109,257.7,2.81257653236389
1110,257.9,9.72087383270264
1111,258.1,162.644195556641
1112,258.2,605.297973632813
1113,258.3,288.47265625
1114,258.5,6.20733642578125
1115,258.8,5.53676843643188
1116,259.0,41.2300453186035
1117,259.1,174.335372924805
1118,259.2,639.643493652344
1119,259.4,17.5896949768066
1120,259.7,4.7676854133606
1121,259.8,3.58847165107727
1122,260.0,40.1030578613281
1123,260.2,550.160339355469
1124,260.3,104.120872497559
1125,260.5,3.43650650978088
1126,260.7,4.98794746398926
1127,260.9,17.4749336242676
1128,261.0,37.7084732055664
1129,261.2,424.373809814453
1130,261.3,86.0848922729492
1131,261.5,5.75877714157104
1132,261.8,6.36663770675659
1133,261.9,10.8719654083252
1134,262.1,193.363494873047
1135,262.2,373.948303222656
1136,262.4,13.9360694885254
1137,262.7,5.64314413070679
1138,262.9,31.0078601837158
1139,263.1,284.062713623047
1140,263.2,275.825317382813
1141,263.3,71.7119674682617
1142,263.5,2.55877733230591
1143,263.7,4.30951976776123
1144,263.8,9.44820976257324
1145,264.0,110.3173828125
1146,264.2,640.717041015625
1147,264.3,97.9643630981445
1148,264.4,12.7075986862183
1149,264.6,1.93432319164276
1150,264.8,14.1896944046021
1151,264.9,29.5240173339844
1152,265.1,1866.75756835938
1153,265.2,392.594055175781
1154,265.4,3.16419219970703
1155,265.7,3.44506549835205
1156,265.9,65.0115280151367
1157,266.0,155.1240234375
1158,266.2,1420.68896484375
1159,266.3,498.690307617188
1160,266.4,75.6787796020508
1161,266.7,3.70008730888367
1162,266.9,67.121223449707
1163,267.1,4304.05322265625
1164,267.2,612.127014160156
1165,267.3,731.987426757813
1166,267.6,1.70165944099426
1167,267.8,11.9020090103149
1168,268.0,399.359313964844
1169,268.2,2368.44482421875
1170,268.3,262.812591552734
1171,268.5,0.766462862491608
1172,268.7,5.7444543838501
1173,268.9,42.8206100463867
1174,269.0,275.949157714844
1175,269.2,1858.35510253906
1176,269.3,76.8223571777344
1177,269.6,2.37694334983826
1178,269.7,2.26410484313965
1179,269.9,29.9062004089355
1180,270.1,332.819396972656
1181,270.2,1465.62548828125
1182,270.4,8.04628849029541
1183,270.7,4.4396505355835
1184,270.9,24.5741481781006
1185,271.1,304.519287109375
1186,271.2,822.101684570313
1187,271.4,12.1909170150757
1188,271.7,3.33921408653259
1189,271.9,13.485764503479
1190,272.1,174.270919799805
1191,272.2,671.023742675781
1192,272.4,17.7278594970703
1193,272.6,2.02008724212646
1194,272.8,5.01449775695801
1195,273.0,39.0747604370117
1196,273.2,550.016418457031
1197,273.3,154.96418762207
1198,273.4,20.7545852661133
1199,273.7,5.48646306991577
1200,273.8,4.14340591430664
1201,274.0,39.9818344116211
1202,274.2,459.280517578125
1203,274.3,150.558609008789
1204,274.5,5.24768543243408
1205,274.7,10.1729259490967
1206,274.9,17.9360694885254
1207,275.1,123.111618041992
1208,275.2,281.027770996094
1209,275.4,17.4646282196045
1210,275.7,6.0710916519165
1211,275.9,17.4621829986572
1212,276.1,145.897811889648
1213,276.2,292.269348144531
1214,276.4,17.1593017578125
1215,276.6,1.75598251819611
1216,276.8,8.82200908660889
1217,277.0,62.70166015625
1218,277.2,252.563674926758
1219,277.3,57.688907623291
1220,277.4,15.4581661224365
1221,277.6,2.37030577659607
1222,277.8,5.88454151153564
1223,277.9,11.9800872802734
1224,278.1,127.10969543457
1225,278.2,302.990386962891
1226,278.4,23.149169921875
1227,278.7,4.7643666267395
1228,278.9,31.5563316345215
1229,279.1,361.473724365234
1230,279.2,312.673004150391
1231,279.4,11.3968563079834
1232,279.6,1.94759821891785
1233,279.8,6.78917026519775
1234,279.9,13.1014842987061
1235,280.1,122.566291809082
1236,280.3,290.251525878906
1237,280.4,232.510040283203
1238,280.7,0.361746728420258
1239,280.9,35.9769439697266
1240,281.1,16795.255859375
1241,281.2,1150.62951660156
1242,281.5,0.182008728384972
1243,281.7,1.21065497398376
1244,281.8,6.90637540817261
1245,282.0,521.999633789063
1246,282.1,4973.5302734375
1247,282.3,98.1965103149414
1248,282.4,2.30410480499268
1249,282.6,0.693275094032288
1250,282.8,10.3142356872559
1251,283.0,368.695373535156
1252,283.1,4804.26611328125
1253,283.3,13.6365060806274
1254,283.4,2.13589525222778
1255,283.7,2.32733631134033
1256,283.9,24.2557201385498
1257,284.1,798.779418945313
1258,284.2,894.109375
1259,284.4,5.1968560218811
1260,284.6,1.00122272968292
1261,284.8,7.5444540977478
1262,285.0,97.0824432373047
1263,285.2,8746.2978515625
1264,285.3,89.5891723632813
1265,285.4,5.61659383773804
1266,285.7,2.3199999332428
1267,285.9,15.7331008911133
1268,286.0,44.2710914611816
1269,286.2,2079.35400390625
1270,286.3,268.052215576172
1271,286.5,4.81414842605591
1272,286.8,7.72820949554443
1273,287.0,53.0628814697266
1274,287.2,1343.30480957031
1275,287.3,466.645233154297
1276,287.5,4.51807880401611
1277,287.8,4.87283849716187
1278,288.0,31.9613971710205
1279,288.2,430.634246826172
1280,288.3,233.32209777832
1281,288.4,19.4941482543945
1282,288.7,5.27737998962402
1283,288.9,19.1007862091064
1284,289.1,116.509346008301
1285,289.2,223.094848632813
1286,289.4,16.325065612793
1287,289.7,4.82008743286133
1288,289.8,4.37414836883545
1289,290.0,35.7856750488281
1290,290.2,173.535552978516
1291,290.3,88.318603515625
1292,290.5,3.63703060150146
1293,290.7,5.19196510314941
1294,290.9,17.8492584228516
1295,291.0,36.1261138916016
1296,291.2,145.835815429688
1297,291.3,53.3062019348145
1298,291.4,16.6183414459229
1299,291.6,2.60017466545105
1300,291.8,6.88384294509888
1301,292.0,33.6585159301758
1302,292.2,165.498519897461
1303,292.3,69.9544067382813
1304,292.4,27.8889083862305
1305,292.6,3.48733615875244
1306,292.8,10.6270742416382
1307,292.9,22.1184272766113
1308,293.1,172.512313842773
1309,293.2,118.318428039551
1310,293.3,67.7517929077148
1311,293.5,2.73379921913147
1312,293.7,4.24768543243408
1313,293.9,13.6861133575439
1314,294.1,117.061660766602
1315,294.2,361.267944335938
1316,294.4,273.501129150391
1317,294.5,8.68523979187012
1318,294.8,9.35476016998291
1319,295.0,130.400177001953
1320,295.1,1063.58532714844
1321,295.4,715.866577148438
1322,295.5,2.51930141448975
1323,295.8,6.04978179931641
1324,295.9,17.0586891174316
1325,296.1,322.93798828125
1326,296.2,840.531860351563
1327,296.4,95.2429656982422
1328,296.5,3.67580795288086
1329,296.7,3.48349356651306
1330,296.9,26.7491703033447
1331,297.0,92.3294296264648
1332,297.2,498.419921875
1333,297.3,114.792839050293
1334,297.5,4.07493448257446
1335,297.8,7.84733629226685
1336,297.9,13.2242794036865
1337,298.1,188.845062255859
1338,298.2,2957.59130859375
1339,298.4,18.2672481536865
1340,298.7,5.22183418273926
1341,298.9,18.9741477966309
1342,299.1,174.383407592773
1343,299.2,480.503051757813
1344,299.3,398.785491943359
1345,299.5,4.88401746749878
1346,299.8,9.66270732879639
1347,300.0,52.1107406616211
1348,300.2,1215.29187011719
1349,300.3,1671.16857910156
1350,300.4,18.2174663543701
1351,300.7,4.08663749694824
1352,300.9,13.960000038147
1353,301.1,91.1158065795898
1354,301.3,696.158264160156
1355,301.4,19.4709167480469
1356,301.5,6.0550217628479
1357,301.7,2.56733632087708
1358,301.9,20.6840171813965
1359,302.0,25.7732753753662
1360,302.2,504.727172851563
1361,302.3,791.889099121094
1362,302.5,6.19580793380737
1363,302.7,2.81537127494812
1364,302.9,14.9468994140625
1365,303.1,81.4735336303711
1366,303.2,152.115463256836
1367,303.3,193.009262084961
1368,303.5,6.64157199859619
1369,303.7,3.52768564224243
1370,303.9,17.8655014038086
1371,304.0,23.5096950531006
1372,304.2,123.20401763916
1373,304.3,88.6955490112305
1374,304.5,8.41030597686768
1375,304.7,3.30375552177429
1376,304.9,18.1166820526123
1377,305.1,69.9739761352539
1378,305.2,57.5818328857422
1379,305.3,57.2986907958984
1380,305.5,4.88192129135132
1381,305.7,6.87930154800415
1382,305.8,3.88139748573303
1383,306.0,32.9799118041992
1384,306.2,116.112838745117
1385,306.3,75.5498657226563
1386,306.5,11.1896944046021
1387,306.8,10.715633392334
1388,307.0,47.8716163635254
1389,307.2,109.29362487793
1390,307.3,43.0281219482422
1391,307.4,24.020959854126
1392,307.7,5.0158953666687
1393,307.8,3.92978167533875
1394,308.0,30.587947845459
1395,308.2,157.725936889648
1396,308.4,351.258697509766
1397,308.5,20.5598258972168
1398,308.8,15.3372926712036
1399,309.0,51.0489082336426
1400,309.2,179.211700439453
1401,309.3,133.001922607422
1402,309.4,540.061340332031
1403,309.7,8.00751113891602
1404,309.8,5.44751071929932
1405,310.0,36.2698707580566
1406,310.2,225.912307739258
1407,310.3,112.354064941406
1408,310.4,174.90217590332
1409,310.6,6.179039478302
1410,310.8,18.2417469024658
1411,311.0,154.512481689453
1412,311.1,286.038787841797
1413,311.3,69.5093460083008
1414,311.5,3.1568558216095
1415,311.7,6.00681209564209
1416,311.9,25.5633182525635
1417,312.1,156.103057861328
1418,312.2,313.982879638672
1419,312.4,16.0110034942627
1420,312.7,6.51633167266846
1421,312.8,7.4733624458313
1422,313.0,177.537460327148
1423,313.1,362.824279785156
1424,313.3,39.2925758361816
1425,313.4,8.59982490539551
1426,313.7,3.76978158950806
1427,313.9,28.7093448638916
1428,314.0,43.8674240112305
1429,314.2,264.964019775391
1430,314.3,109.849082946777
1431,314.5,5.26497793197632
1432,314.8,11.215895652771
1433,315.0,59.7593002319336
1434,315.2,146.682098388672
1435,315.3,56.0244560241699
1436,315.5,5.50986909866333
1437,315.8,7.23720502853394
1438,316.0,32.5231437683105
1439,316.2,120.264106750488
1440,316.3,58.4026184082031
1441,316.4,22.1575546264648
1442,316.7,4.83930110931396
1443,316.9,14.3299560546875
1444,317.1,55.3631439208984
1445,317.3,86.7900466918945
1446,317.4,21.0223579406738
1447,317.7,5.48227071762085
1448,317.9,12.5336246490479
1449,318.0,19.156681060791
1450,318.2,77.9220962524414
1451,318.3,56.7018356323242
1452,318.5,6.86026191711426
1453,318.7,3.26759815216064
1454,318.9,12.1289081573486
1455,319.1,49.6314392089844
1456,319.3,69.3676834106445
1457,319.4,22.9657649993896
1458,319.7,5.52995634078979
1459,319.9,12.5758953094482
1460,320.1,53.4517021179199
1461,320.2,48.3636665344238
1462,320.3,70.7865524291992
1463,320.5,12.6137990951538
1464,320.8,8.2658519744873
1465,321.0,29.1275100708008
1466,321.1,35.6845397949219
1467,321.2,73.4892578125
1468,321.4,20.6424446105957
1469,321.7,5.77152824401855
1470,321.9,10.6450653076172
1471,322.1,53.1739730834961
1472,322.2,55.4162445068359
1473,322.4,278.172576904297
1474,322.5,35.681396484375
1475,322.7,15.4122266769409
1476,322.9,37.0497817993164
1477,323.1,134.554931640625
1478,323.3,216.514587402344
1479,323.4,468.830383300781
1480,323.7,10.2310914993286
1481,323.9,25.3357200622559
1482,324.1,77.0999145507813
1483,324.2,61.6375541687012
1484,324.4,223.704452514648
1485,324.5,36.8646278381348
1486,324.8,25.7991275787354
1487,325.0,479.2197265625
1488,325.1,554.276184082031
1489,325.4,36.4658508300781
1490,325.5,5.30602598190308
1491,325.7,5.7659387588501
1492,325.9,61.0047149658203
1493,326.0,119.382011413574
1494,326.1,288.170471191406
1495,326.3,30.9226207733154
1496,326.5,7.15877723693848
1497,326.7,6.57764196395874
1498,326.9,87.8179931640625
1499,327.1,2275.35815429688
1500,327.2,61.0068130493164
1501,327.3,9.30742359161377
1502,327.5,0.961572051048279
1503,327.7,6.20401763916016
1504,327.8,11.3428821563721
1505,328.0,358.38671875
1506,328.1,517.749694824219
1507,328.3,25.0450649261475
1508,328.5,2.49694323539734
1509,328.7,8.5600004196167
1510,328.9,81.7839279174805
1511,329.1,432.970306396484
1512,329.2,109.28157043457
1513,329.4,3.75161576271057
1514,329.6,4.03406095504761
1515,329.8,12.9523143768311
1516,330.0,74.7949371337891
1517,330.2,140.331695556641
1518,330.3,50.2064628601074
1519,330.5,7.11318778991699
1520,330.7,4.21187782287598
1521,330.9,23.8006992340088
1522,331.1,80.0786056518555
1523,331.2,43.7048034667969
1524,331.3,42.4953727722168
1525,331.5,7.68733644485474
1526,331.7,3.27371168136597
1527,331.9,13.2134494781494
1528,332.0,19.4840183258057
1529,332.2,67.4578170776367
1530,332.3,48.3631439208984
1531,332.5,6.11615705490112
1532,332.7,5.2342357635498
1533,332.8,3.76698684692383
1534,333.0,24.5692577362061
1535,333.1,22.1612224578857
1536,333.3,52.1855010986328
1537,333.4,15.3718776702881
1538,333.5,11.3958082199097
1539,333.7,3.52803492546082
1540,333.9,11.77414894104
1541,334.1,49.1130142211914
1542,334.3,73.0896072387695
1543,334.4,34.5404357910156
1544,334.7,10.5736246109009
1545,334.8,5.28244543075562
1546,335.0,23.4193878173828
1547,335.2,48.5261154174805
1548,335.3,40.7744979858398
1549,335.5,12.5647163391113
1550,335.7,3.4150218963623
1551,335.9,9.51196479797363
1552,336.0,11.7965068817139
1553,336.2,58.1580772399902
1554,336.3,64.3130111694336
1555,336.4,203.329086303711
1556,336.6,11.8120527267456
1557,336.9,13.1070737838745
1558,337.1,40.0866394042969
1559,337.3,119.950042724609
1560,337.4,451.81396484375
1561,337.6,10.9236679077148
1562,337.9,11.8511791229248
1563,338.0,12.7063751220703
1564,338.2,65.3346710205078
1565,338.3,42.8780784606934
1566,338.5,230.686111450195
1567,338.6,7.53449773788452
1568,338.8,18.6845417022705
1569,339.0,130.717727661133
1570,339.1,291.377471923828
1571,339.3,49.5103912353516
1572,339.4,45.2525749206543
1573,339.7,4.80331897735596
1574,339.9,29.0560703277588
1575,340.1,110.651527404785
1576,340.2,68.064453125
1577,340.5,5.30934476852417
1578,340.7,5.36401748657227
1579,340.9,59.2616577148438
1580,341.1,3438.4873046875
1581,341.2,206.377639770508
1582,341.4,4.22777271270752
1583,341.6,1.2148472070694
1584,341.8,12.7385149002075
1585,342.0,353.412231445313
1586,342.1,963.248901367188
1587,342.3,25.9622707366943
1588,342.5,1.96104800701141
1589,342.7,5.68716144561768
1590,342.9,47.745677947998
1591,343.1,864.462707519531
1592,343.2,254.834411621094
1593,343.3,44.1397361755371
1594,343.6,2.65659379959106
1595,343.8,12.0978164672852
1596,344.0,113.351089477539
1597,344.2,240.091705322266
1598,344.3,58.8827934265137
1599,344.6,5.60890817642212
1600,344.8,11.3907423019409
1601,345.0,83.6824417114258
1602,345.2,213.705154418945
1603,345.3,94.2557220458984
1604,345.5,5.60331869125366
1605,345.7,2.34340620040894
1606,345.9,17.496768951416
1607,346.1,67.3556365966797
1608,346.3,91.8693466186523
1609,346.4,24.4986896514893
1610,346.7,6.251877784729
1611,346.8,5.40838432312012
1612,347.0,28.1732749938965
1613,347.1,26.6841926574707
1614,347.3,54.3996505737305
1615,347.4,23.1772918701172
1616,347.6,3.52960705757141
1617,347.8,6.1986026763916
1618,348.0,20.0941486358643
1619,348.2,51.247859954834
1620,348.3,50.8565940856934
1621,348.5,10.2693452835083
1622,348.6,7.8192138671875
1623,348.8,4.23126649856567
1624,349.0,16.6613101959229
1625,349.2,36.0773811340332
1626,349.4,34.5661125183105
1627,349.5,12.244891166687
1628,349.8,5.93117904663086
1629,349.9,4.67615699768066
1630,350.1,25.8630561828613
1631,350.3,83.1498718261719
1632,350.4,177.0810546875
1633,350.6,12.835108757019
1634,350.8,4.41048049926758
1635,351.0,13.3916158676147
1636,351.2,45.8532752990723
1637,351.4,250.308120727539
1638,351.5,210.913879394531
1639,351.7,3.77502179145813
1640,351.9,10.7269868850708
1641,352.1,26.5460262298584
1642,352.2,26.7615718841553
1643,352.4,118.506553649902
1644,352.5,167.828125
1645,352.8,16.2248039245605
1646,353.0,52.178165435791
1647,353.2,97.5397415161133
1648,353.3,52.9172058105469
1649,353.5,45.8906555175781
1650,353.8,9.67930126190186
1651,354.0,36.1926651000977
1652,354.2,56.337818145752
1653,354.3,10.5764188766479
1654,354.5,4.55982542037964
1655,354.6,1.64558947086334
1656,354.8,10.2648038864136
1657,355.0,333.494506835938
1658,355.1,3622.33081054688
1659,355.3,27.3718776702881
1660,355.6,2.11999988555908
1661,355.8,6.84593868255615
1662,356.0,261.250305175781
1663,356.1,1294.84851074219
1664,356.3,42.1275100708008
1665,356.5,2.85711789131165
1666,356.8,9.15633201599121
1667,357.0,232.247512817383
1668,357.1,995.700805664063
1669,357.3,38.2096061706543
1670,357.5,1.41554582118988
1671,357.7,2.2906551361084
1672,357.9,30.9179039001465
1673,358.1,229.292404174805
1674,358.2,306.144287109375
1675,358.4,16.9189510345459
1676,358.7,5.21240186691284
1677,358.8,6.51283836364746
1678,359.0,76.2213134765625
1679,359.2,170.907424926758
1680,359.3,57.943229675293
1681,359.4,24.8195629119873
1682,359.6,1.92506551742554
1683,359.8,6.80419206619263
1684,360.0,28.361047744751
1685,360.2,100.474586486816
1686,360.3,64.5414810180664
1687,360.4,35.7294311523438
1688,360.6,5.69030570983887
1689,360.9,12.5921401977539
1690,361.1,40.2620086669922
1691,361.3,61.1021842956543
1692,361.4,30.6001739501953
1693,361.6,3.54008722305298
1694,361.8,6.3458514213562
1695,362.0,17.0749340057373
1696,362.2,39.731876373291
1697,362.3,28.8139743804932
1698,362.4,30.9544105529785
1699,362.6,10.0036678314209
1700,362.9,9.78951930999756
1701,363.0,8.92716121673584
1702,363.2,35.0069885253906
1703,363.3,31.696418762207
1704,363.5,11.937816619873
1705,363.7,2.57205247879028
1706,363.9,7.01292562484741
1707,364.1,21.4272480010986
1708,364.3,64.474235534668
1709,364.5,152.789352416992
1710,364.6,17.3468990325928
1711,364.8,3.91982531547546
1712,365.0,11.3020086288452
1713,365.2,36.1360702514648
1714,365.4,211.779907226563
1715,365.5,183.360870361328
1716,365.8,8.74462890625
1717,366.0,11.0293445587158
1718,366.2,34.0822715759277
1719,366.3,34.0248031616211
1720,366.5,226.328216552734
1721,366.6,9.57746696472168
1722,366.8,16.7613983154297
1723,367.0,35.3456764221191
1724,367.1,29.1958084106445
1725,367.2,56.9376411437988
1726,367.5,57.7718772888184
1727,367.7,8.55598258972168
1728,367.9,13.0641050338745
1729,368.1,34.4567680358887
1730,368.2,40.4305686950684
1731,368.4,11.9229698181152
1732,368.5,11.3556327819824
1733,368.7,4.48558950424194
1734,368.9,30.9385147094727
1735,369.1,232.581832885742
1736,369.2,166.921752929688
1737,369.4,10.6735372543335
1738,369.7,5.01152849197388
1739,369.8,5.18532752990723
1740,370.0,56.3856773376465
1741,370.2,116.04768371582
1742,370.3,45.7030563354492
1743,370.5,6.35947608947754
1744,370.7,8.66637516021729
1745,370.9,41.1965065002441
1746,371.1,170.106903076172
1747,371.2,90.5650634765625
1748,371.4,11.9041051864624
1749,371.7,7.5285587310791
1750,371.9,24.8950214385986
1751,372.1,64.5849761962891
1752,372.2,33.5418357849121
1753,372.3,37.8999137878418
1754,372.5,10.9989519119263
1755,372.8,14.1916160583496
1756,373.0,57.2890815734863
1757,373.1,40.0606117248535
1758,373.2,60.673713684082
1759,373.4,14.7619209289551
1760,373.7,6.44995641708374
1761,373.9,15.5011358261108
1762,374.1,39.9456787109375
1763,374.2,23.1517906188965
1764,374.3,31.8232307434082
1765,374.5,11.660961151123
1766,374.7,2.6833188533783
1767,374.9,12.5068998336792
1768,375.0,10.8562440872192
1769,375.2,34.0337104797363
1770,375.3,18.7339744567871
1771,375.4,21.6386032104492
1772,375.6,7.92524003982544
1773,375.8,3.47737979888916
1774,376.0,13.2305679321289
1775,376.2,33.3620948791504
1776,376.3,21.1151084899902
1777,376.4,30.1634941101074
1778,376.6,9.86008739471436
1779,376.9,8.15668106079102
1780,377.0,7.15144109725952
1781,377.2,24.7062015533447
1782,377.4,28.5180778503418
1783,377.5,7.86480331420898
1784,377.6,7.53397369384766
1785,377.9,7.4181661605835
1786,378.1,17.3966808319092
1787,378.3,55.236156463623
1788,378.5,135.74690246582
1789,378.6,17.4347591400146
1790,378.8,9.15895175933838
1791,378.9,4.24471616744995
1792,379.1,14.4931001663208
1793,379.3,52.4925765991211
1794,379.4,88.2524032592773
1795,379.5,214.626205444336
1796,379.7,10.6558952331543
1797,379.9,3.76838421821594
1798,380.1,15.2062883377075
1799,380.3,39.9224472045898
1800,380.5,212.925415039063
1801,380.6,18.8394756317139
1802,380.9,12.1278600692749
1803,381.0,10.8922271728516
1804,381.2,31.0813980102539
1805,381.4,35.7482986450195
1806,381.5,45.5109176635742
1807,381.7,4.10497808456421
1808,381.9,9.1772928237915
1809,382.1,21.0639305114746
1810,382.2,27.3444538116455
1811,382.4,17.887336730957
1812,382.7,17.1123142242432
1813,382.9,40.9304809570313
1814,383.0,39.9804382324219
1815,383.1,79.4910049438477
1816,383.3,21.9627952575684
1817,383.6,6.83039283752441
1818,383.8,12.5708293914795
1819,384.0,29.886812210083
1820,384.2,42.7124900817871
1821,384.3,16.7622699737549
1822,384.6,8.29938888549805
1823,384.7,6.9093451499939
1824,384.9,71.6363296508789
1825,385.1,258.772766113281
1826,385.2,67.3481216430664
1827,385.3,20.4412231445313
1828,385.6,4.98358058929443
1829,385.7,5.15790414810181
1830,385.9,39.6139755249023
1831,386.1,96.2041931152344
1832,386.2,56.2571182250977
1833,386.4,9.62113571166992
1834,386.7,7.40401744842529
1835,386.9,67.6148452758789
1836,387.1,432.397369384766
1837,387.2,128.119995117188
1838,387.4,5.66375541687012
1839,387.7,6.61799144744873
1840,387.9,44.7285575866699
1841,388.1,146.662185668945
1842,388.2,82.7972030639648
1843,388.4,13.6356334686279
1844,388.7,9.84925746917725
1845,388.9,36.3751983642578
1846,389.1,96.8176422119141
1847,389.2,43.7599983215332
1848,389.3,34.7308311462402
1849,389.5,5.57746744155884
1850,389.7,9.07668113708496
1851,389.9,16.4688205718994
1852,390.1,36.1283836364746
1853,390.3,47.3486480712891
1854,390.4,27.7652397155762
1855,390.6,10.7884712219238
1856,390.8,4.64436674118042
1857,391.0,15.7970304489136
1858,391.2,26.2195625305176
1859,391.3,14.6490831375122
1860,391.4,23.2062873840332
1861,391.6,4.53694343566895
1862,391.7,6.565589427948
1863,392.0,8.89484691619873
1864,392.2,23.6043663024902
1865,392.4,79.2864608764648
1866,392.5,76.3049774169922
1867,392.7,5.08331871032715
1868,392.9,6.96698713302612
1869,393.1,11.0139741897583
1870,393.3,39.5689086914063
1871,393.5,227.213104248047
1872,393.6,21.4047164916992
1873,393.7,8.95074272155762
1874,393.9,2.95930123329163
1875,394.1,11.6125764846802
1876,394.3,33.3844528198242
1877,394.5,168.754928588867
1878,394.6,21.20436668396
1879,394.9,7.09711790084839
1880,395.0,4.97344970703125
1881,395.2,17.8597373962402
1882,395.4,20.8010482788086
1883,395.5,44.0181655883789
1884,395.8,6.33764171600342
1885,395.9,4.11213970184326
1886,396.1,16.7785148620605
1887,396.3,22.4174671173096
1888,396.4,15.7320528030396
1889,396.6,12.8045415878296
1890,396.9,16.5163326263428
1891,397.1,31.2417469024658
1892,397.2,29.7503929138184
1893,397.4,7.43563318252563
1894,397.6,8.49973773956299
1895,397.8,7.9467248916626
1896,398.0,16.1325759887695
1897,398.1,12.1535367965698
1898,398.2,18.7952842712402
1899,398.4,8.85397338867188
1900,398.7,9.35039329528809
1901,398.9,65.5350189208984
1902,399.1,223.73991394043
1903,399.2,94.7226181030273
1904,399.4,5.94270753860474
1905,399.7,6.6721396446228
1906,399.9,37.881046295166
1907,400.1,83.7077713012695
1908,400.2,50.6111793518066
1909,400.4,3.14847159385681
1910,400.6,4.10899543762207
1911,400.8,19.0569438934326
1912,401.0,515.34375
1913,401.1,931.505310058594
1914,401.3,15.3846292495728
1915,401.5,1.68733620643616
1916,401.7,4.5958080291748
1917,401.9,72.1537094116211
1918,402.1,422.407684326172
1919,402.2,126.035461425781
1920,402.4,4.08157205581665
1921,402.6,5.39109182357788
1922,402.8,20.2922267913818
1923,403.0,176.286285400391
1924,403.1,260.562622070313
1925,403.3,25.9605236053467
1926,403.5,2.03685593605042
1927,403.7,6.43895196914673
1928,403.8,11.9664630889893
1929,404.0,57.6782531738281
1930,404.2,87.5863723754883
1931,404.3,42.1489944458008
1932,404.5,7.14200878143311
1933,404.7,12.8635807037354
1934,404.9,23.0752830505371
1935,405.1,38.9669876098633
1936,405.2,42.5390396118164
1937,405.4,20.6097812652588
1938,405.6,9.21921443939209
1939,405.9,9.02620124816895
1940,406.1,17.0990390777588
1941,406.3,43.0634078979492
1942,406.4,40.4345855712891
1943,406.5,71.2695159912109
1944,406.7,8.95493412017822
1945,406.9,3.11650657653809
1946,407.1,10.0834932327271
1947,407.2,10.4744100570679
1948,407.4,71.1870727539063
1949,407.5,129.149688720703
1950,407.6,39.6249771118164
1951,407.8,4.37537097930908
1952,408.0,6.8920521736145
1953,408.1,6.76628828048706
1954,408.3,29.3455028533936
1955,408.4,36.4487342834473
1956,408.6,135.624450683594
1957,408.7,9.96174716949463
1958,409.0,7.45449781417847
1959,409.1,5.94742345809937
1960,409.3,19.3451519012451
1961,409.5,37.7554588317871
1962,409.6,22.5075988769531
1963,409.9,5.69868993759155
1964,410.0,4.3811354637146
1965,410.2,13.5510921478271
1966,410.4,18.5423583984375
1967,410.5,7.44034957885742
1968,410.6,9.83615684509277
1969,410.8,3.83458518981934
1970,411.0,16.2129249572754
1971,411.2,30.2089080810547
1972,411.3,26.098165512085
1973,411.5,10.5030565261841
1974,411.8,5.28401756286621
1975,411.9,4.38165950775146
1976,412.1,14.9266376495361
1977,412.3,21.9462013244629
1978,412.4,12.4969434738159
1979,412.7,8.48873329162598
1980,412.9,19.5278606414795
1981,413.1,80.9154586791992
1982,413.2,72.0389556884766
1983,413.3,69.8286437988281
1984,413.5,5.47406101226807
1985,413.7,6.68157196044922
1986,413.8,4.80873346328735
1987,414.0,27.3018341064453
1988,414.2,47.2805252075195
1989,414.3,18.4950218200684
1990,414.5,2.76873373985291
1991,414.8,12.2150220870972
1992,415.0,154.565933227539
1993,415.1,1868.07470703125
1994,415.3,38.6731872558594
1995,415.5,1.54637551307678
1996,415.7,3.72436690330505
1997,415.9,22.2157211303711
1998,416.1,533.329956054688
1999,416.2,309.923492431641
2000,416.3,49.9601745605469
2001,416.5,3.85432314872742
2002,416.8,8.41729259490967
2003,417.0,142.390396118164
2004,417.1,503.322784423828
2005,417.3,56.1755447387695
2006,417.5,3.52681231498718
2007,417.8,9.31825351715088
2008,418.0,65.2291717529297
2009,418.2,141.870223999023
2010,418.3,63.8144989013672
2011,418.5,9.8899564743042
2012,418.7,4.66253280639648
2013,418.9,22.0368556976318
2014,419.0,25.6026191711426
2015,419.2,77.0246276855469
2016,419.3,26.3767681121826
2017,419.4,24.0511798858643
2018,419.6,4.0920524597168
2019,419.8,7.86375522613525
2020,420.0,12.554235458374
2021,420.2,25.9970302581787
2022,420.4,54.9317016601563
2023,420.5,60.2775535583496
2024,420.7,13.6826200485229
2025,420.9,5.16995620727539
2026,421.1,13.9180784225464
2027,421.3,32.2359809875488
2028,421.5,119.25309753418
2029,421.6,45.1772918701172
2030,421.9,6.2906551361084
2031,422.1,9.83860301971436
2032,422.3,21.4717903137207
2033,422.4,19.5510921478271
2034,422.6,100.40943145752
2035,422.7,6.78602600097656
2036,422.8,7.41292572021484
2037,423.1,9.25257682800293
2038,423.3,13.7587776184082
2039,423.5,19.0223579406738
2040,423.6,23.3928375244141
2041,423.9,5.5107421875
2042,424.1,8.91842842102051
2043,424.2,5.12349367141724
2044,424.4,13.6207857131958
2045,424.6,10.3652400970459
2046,424.7,3.53117895126343
2047,424.9,7.12716150283813
2048,425.0,4.56681203842163
2049,425.2,12.2174673080444
2050,425.3,6.07161569595337
2051,425.4,8.41152858734131
2052,425.7,5.41921377182007
2053,425.9,6.09554576873779
2054,426.1,10.8668994903564
2055,426.3,13.5000877380371
2056,426.4,5.86532735824585
2057,426.5,8.91703033447266
2058,426.8,10.84681224823
2059,427.0,20.0614852905273
2060,427.1,14.4897813796997
2061,427.3,31.5400867462158
2062,427.4,8.82410526275635
2063,427.5,7.91406106948853
2064,427.8,6.88558959960938
2065,428.0,17.2595634460449
2066,428.1,14.2237558364868
2067,428.2,28.4917030334473
2068,428.4,6.73082971572876
2069,428.7,3.520174741745
2070,428.9,20.9806118011475
2071,429.1,651.95263671875
2072,429.2,431.671966552734
2073,429.4,8.04471588134766
2074,429.6,1.46427953243256
2075,429.8,5.14689970016479
2076,429.9,16.6765060424805
2077,430.1,273.324890136719
2078,430.2,208.906372070313
2079,430.3,94.3105697631836
2080,430.6,5.12139749526978
2081,430.8,7.01310062408447
2082,431.0,89.0586929321289
2083,431.2,328.176055908203
2084,431.3,92.8639297485352
2085,431.6,3.43179035186768
2086,431.8,6.65816593170166
2087,432.0,43.544979095459
2088,432.2,123.825675964355
2089,432.3,57.0744094848633
2090,432.4,36.3785171508789
2091,432.6,11.7208738327026
2092,432.8,6.53711795806885
2093,433.0,29.8731880187988
2094,433.2,69.5264663696289
2095,433.3,54.9479484558105
2096,433.5,8.63685607910156
2097,433.6,8.86026191711426
2098,433.9,9.59807872772217
2099,434.0,7.44139719009399
2100,434.2,29.3086471557617
2101,434.4,55.1586036682129
2102,434.5,49.3213958740234
2103,434.7,11.5538864135742
2104,435.0,9.10742378234863
2105,435.1,6.70026206970215
2106,435.3,24.1601753234863
2107,435.4,28.2284717559814
2108,435.5,94.3245391845703
2109,435.7,14.193886756897
2110,436.0,6.5460262298584
2111,436.1,4.80401754379272
2112,436.3,17.9502182006836
2113,436.5,37.2590408325195
2114,436.6,65.9406127929688
2115,436.9,6.44995641708374
2116,437.1,8.15126609802246
2117,437.2,5.2873363494873
2118,437.4,15.8642797470093
2119,437.6,24.8981666564941
2120,437.7,6.4202618598938
2121,438.0,5.50951957702637
2122,438.2,7.93729257583618
2123,438.4,11.219388961792
2124,438.6,9.7799129486084
2125,438.7,3.5248908996582
2126,438.9,5.67755460739136
2127,439.0,3.91336250305176
2128,439.2,9.20157241821289
2129,439.4,9.44349384307861
2130,439.5,3.89030575752258
2131,439.6,5.12017488479614
2132,439.8,2.40524005889893
2133,440.0,6.13187789916992
2134,440.2,9.31493473052979
2135,440.4,9.61082935333252
2136,440.5,7.19965076446533
2137,440.7,3.25414848327637
2138,440.9,9.72925758361816
2139,441.0,6.74567699432373
2140,441.2,17.1687335968018
2141,441.3,14.4511795043945
2142,441.5,6.99301290512085
2143,441.7,2.31737995147705
2144,441.9,6.42777299880981
2145,442.1,11.8020963668823
2146,442.3,15.8965940475464
2147,442.4,7.86637544631958
2148,442.6,13.4111785888672
2149,442.8,13.5778169631958
2150,443.0,27.70166015625
2151,443.2,34.5048027038574
2152,443.3,21.4585151672363
2153,443.6,8.27580833435059
2154,443.8,7.98707437515259
2155,444.0,15.2426204681396
2156,444.1,9.93886470794678
2157,444.3,20.923318862915
2158,444.4,11.186375617981
2159,444.7,11.0855894088745
2160,444.8,10.5271615982056
2161,445.0,50.6614837646484
2162,445.2,75.4092559814453
2163,445.3,20.0639305114746
2164,445.4,15.2581663131714
2165,445.6,4.01275110244751
2166,445.8,12.652925491333
2167,446.0,27.1921405792236
2168,446.2,35.2988662719727
2169,446.3,25.5048027038574
2170,446.6,15.9151096343994
2171,446.8,21.79563331604
2172,447.0,52.318603515625
2173,447.2,76.0707397460938
2174,447.3,21.8604373931885
2175,447.4,15.9124889373779
2176,447.7,8.34497833251953
2177,447.9,16.2220096588135
2178,448.0,12.7526636123657
2179,448.2,35.2372055053711
2180,448.4,43.0398254394531
2181,448.5,17.175895690918
2182,448.6,23.3568553924561
2183,448.9,12.9746723175049
2184,449.1,19.7993011474609
2185,449.3,27.5448036193848
2186,449.5,49.0681228637695
2187,449.6,37.1930122375488
2188,449.8,9.47283840179443
2189,450.0,4.15406131744385
2190,450.2,13.7610483169556
2191,450.4,21.7923145294189
2192,450.6,47.0864639282227
2193,450.7,12.3493452072144
2194,451.0,7.3600001335144
2195,451.2,10.1617469787598
2196,451.3,5.84576416015625
2197,451.5,12.763144493103
2198,451.6,13.1393890380859
2199,451.9,5.799476146698
2200,452.1,7.15842771530151
2201,452.3,10.0167684555054
2202,452.5,10.916332244873
2203,452.7,7.11999988555908
2204,452.9,5.86061143875122
2205,453.1,7.83406114578247
2206,453.3,8.31109142303467
2207,453.4,7.37729263305664
2208,453.7,4.97554588317871
2209,453.9,4.68331861495972
2210,454.1,7.16052389144897
2211,454.3,8.36925792694092
2212,454.4,4.71790409088135
2213,454.5,6.30951976776123
2214,454.7,2.27074241638184
2215,454.9,5.46200895309448
2216,455.1,8.18759822845459
2217,455.3,10.3933620452881
2218,455.4,6.96087312698364
2219,455.7,5.46462869644165
2220,455.9,4.67965078353882
2221,456.1,7.50567674636841
2222,456.2,5.16925764083862
2223,456.4,13.1458511352539
2224,456.6,14.4370307922363
2225,456.7,5.44279479980469
2226,456.9,13.9818344116211
2227,457.1,18.4393005371094
2228,457.3,18.9579048156738
2229,457.4,6.28838443756104
2230,457.5,7.95598268508911
2231,457.7,3.79877734184265
2232,457.9,8.18986892700195
2233,458.1,12.653450012207
2234,458.2,7.46200895309448
2235,458.3,10.5563316345215
2236,458.6,7.13851547241211
2237,458.8,19.4106559753418
2238,459.0,62.9144096374512
2239,459.2,86.2892608642578
2240,459.3,23.4146728515625
2241,459.5,3.89834070205688
2242,459.7,9.33834075927734
2243,459.9,23.2482089996338
2244,460.1,38.3648910522461
2245,460.2,17.5496940612793
2246,460.3,15.3593015670776
2247,460.6,4.689781665802
2248,460.8,13.7862005233765
2249,460.9,33.7053260803223
2250,461.1,367.059722900391
2251,461.2,194.132919311523
2252,461.4,6.0352840423584
2253,461.6,4.38637542724609
2254,461.7,3.39179039001465
2255,461.9,37.1587791442871
2256,462.1,145.397384643555
2257,462.2,76.2698669433594
2258,462.3,46.5334510803223
2259,462.6,15.8803491592407
2260,462.8,25.5002613067627
2261,462.9,25.4499568939209
2262,463.1,87.8574676513672
2263,463.2,48.3832321166992
2264,463.3,47.0689964294434
2265,463.5,14.9103927612305
2266,463.7,20.694149017334
2267,463.9,21.794584274292
2268,464.1,30.7065505981445
2269,464.3,29.2868118286133
2270,464.4,10.3767681121826
2271,464.6,26.920524597168
2272,464.7,16.5935363769531
2273,465.0,12.6786022186279
2274,465.2,15.0454149246216
2275,465.3,12.5818338394165
2276,465.5,5.91580772399902
2277,465.6,10.616943359375
2278,465.9,6.33135366439819
2279,466.0,3.43633198738098
2280,466.2,9.18183422088623
2281,466.3,4.24279499053955
2282,466.5,8.01344966888428
2283,466.6,5.18043661117554
2284,466.9,4.55528402328491
2285,467.1,6.37432336807251
2286,467.3,6.74585151672363
2287,467.5,6.00995635986328
2288,467.6,3.77432322502136
2289,467.8,2.05048036575317
2290,468.0,4.71004343032837
2291,468.2,6.34113550186157
2292,468.4,7.52768564224243
2293,468.5,6.07126617431641
2294,468.7,2.32489085197449
2295,468.9,4.67807865142822
2296,469.1,5.75371170043945
2297,469.2,3.0840175151825
2298,469.4,6.84052419662476
2299,469.5,3.04593896865845
2300,469.7,4.94200849533081
2301,469.9,3.89240169525146
2302,470.1,6.39336252212524
2303,470.2,3.93641924858093
2304,470.4,10.616943359375
2305,470.6,11.656418800354
2306,470.8,8.50777339935303
2307,471.0,7.86689949035645
2308,471.2,9.9858512878418
2309,471.3,5.45816612243652
2310,471.5,9.06323146820068
2311,471.7,7.53152847290039
2312,471.9,6.07213973999023
2313,472.1,7.12454128265381
2314,472.3,9.25082969665527
2315,472.4,4.35528373718262
2316,472.6,6.5301308631897
2317,472.7,5.12733602523804
2318,472.9,20.1372928619385
2319,473.1,45.4677734375
2320,473.2,25.617467880249
2321,473.3,27.9486465454102
2322,473.5,4.56524038314819
2323,473.7,6.74567699432373
2324,473.8,5.61484718322754
2325,474.0,17.9360694885254
2326,474.2,27.2127513885498
2327,474.3,10.9217462539673
2328,474.5,1.25973796844482
2329,474.7,3.67720532417297
2330,474.9,19.9797382354736
2331,475.1,433.008544921875
2332,475.2,546.715270996094
2333,475.3,149.746032714844
2334,475.5,5.89484739303589
2335,475.8,5.91388654708862
2336,475.9,11.0845413208008
2337,476.1,217.964019775391
2338,476.2,325.02880859375
2339,476.4,18.2878608703613
2340,476.5,7.17397403717041
2341,476.8,8.09152793884277
2342,477.0,69.9739761352539
2343,477.2,233.2314453125
2344,477.3,86.0464630126953
2345,477.5,6.5638427734375
2346,477.7,7.52523994445801
2347,477.9,19.4668998718262
2348,478.0,23.8347606658936
2349,478.2,66.9301300048828
2350,478.3,44.9703063964844
2351,478.6,14.6908292770386
2352,478.8,11.9058513641357
2353,479.0,20.4459381103516
2354,479.1,14.5631437301636
2355,479.3,29.4441928863525
2356,479.4,13.890305519104
2357,479.7,7.46078586578369
2358,479.9,7.66759824752808
2359,480.0,4.80960702896118
2360,480.2,12.13170337677
2361,480.3,11.2911787033081
2362,480.6,6.06218338012695
2363,480.7,2.31528377532959
2364,480.9,5.36733627319336
2365,481.1,7.10375547409058
2366,481.3,7.83720541000366
2367,481.5,6.84611368179321
2368,481.6,2.28925752639771
2369,481.8,4.12157201766968
2370,482.0,5.00104808807373
2371,482.2,6.27633190155029
2372,482.3,3.45991277694702
2373,482.5,6.24174690246582
2374,482.7,4.92227077484131
2375,482.9,4.43755435943604
2376,483.1,5.07179021835327
2377,483.3,6.11196517944336
2378,483.4,6.23999977111816
2379,483.7,4.75371170043945
2380,483.9,3.95126628875732
2381,484.0,2.14358067512512
2382,484.2,6.07021856307983
2383,484.4,8.63703060150146
2384,484.6,8.61030578613281
2385,484.8,6.82864618301392
2386,485.0,5.91563320159912
2387,485.1,4.58358097076416
2388,485.3,9.9075984954834
2389,485.5,9.44716167449951
2390,485.7,5.86724901199341
2391,485.8,2.65152835845947
2392,486.0,5.26288223266602
2393,486.2,7.26934480667114
2394,486.4,7.19179058074951
2395,486.6,7.60384273529053
2396,486.8,7.68751096725464
2397,487.0,16.3654155731201
2398,487.2,29.5507431030273
2399,487.3,15.0957202911377
2400,487.4,16.7722263336182
2401,487.6,7.43144083023071
2402,487.9,9.03423595428467
2403,488.1,14.9289083480835
2404,488.2,17.3875980377197
2405,488.4,6.94724893569946
2406,488.7,3.95109176635742
2407,488.9,11.0176420211792
2408,489.1,321.130310058594
2409,489.2,694.001403808594
2410,489.4,11.6737117767334
2411,489.5,4.54672479629517
2412,489.7,1.51930129528046
2413,489.9,11.9255895614624
2414,490.1,182.858337402344
2415,490.2,226.746719360352
2416,490.3,129.484191894531
2417,490.5,5.46742343902588
2418,490.8,7.11947584152222
2419,491.0,53.6013984680176
2420,491.2,245.001403808594
2421,491.3,88.2766799926758
2422,491.4,23.6978168487549
2423,491.7,4.33991289138794
2424,491.8,3.43703055381775
2425,492.0,36.4770317077637
2426,492.2,79.3224487304688
2427,492.3,50.9276847839355
2428,492.5,10.018515586853
2429,492.8,8.44943237304688
2430,493.0,21.6461143493652
2431,493.2,39.207160949707
2432,493.3,17.1844539642334
2433,493.4,17.2925758361816
2434,493.7,5.67248916625977
2435,493.8,3.29100441932678
2436,494.0,9.37694358825684
2437,494.2,15.0714406967163
2438,494.3,14.4534502029419
2439,494.5,3.63109159469604
2440,494.7,5.00873374938965
2441,494.9,5.82008743286133
2442,495.1,9.71109199523926
2443,495.2,5.35650634765625
2444,495.3,9.26567649841309
2445,495.5,5.46096086502075
2446,495.8,4.45659399032593
2447,496.0,4.76925754547119
2448,496.2,6.50393009185791
2449,496.4,7.93467235565186
2450,496.6,5.68122291564941
2451,496.7,2.07196497917175
2452,496.9,3.80855894088745
2453,497.1,5.09606981277466
2454,497.2,3.20593881607056
2455,497.4,6.31947612762451
2456,497.5,2.91737985610962
2457,497.7,4.36978149414063
2458,497.9,3.6302182674408
2459,498.1,5.20786046981812
2460,498.3,6.15126657485962
2461,498.5,6.46026182174683
2462,498.6,6.38026189804077
2463,498.9,4.66061115264893
2464,499.1,5.18637561798096
2465,499.3,6.7126636505127
2466,499.5,6.52034950256348
2467,499.6,2.76506543159485
2468,499.8,4.91860246658325
2469,500.0,3.72925758361816
2470,500.2,5.41572046279907
2471,500.3,2.92017459869385
2472,500.4,6.91388654708862
2473,500.6,2.75563311576843
2474,500.8,6.84489059448242
2475,501.0,8.81816577911377
2476,501.2,12.7035808563232
2477,501.3,12.3512659072876
2478,501.5,3.7818341255188
2479,501.7,6.21921396255493
2480,501.9,6.09414863586426
2481,502.1,9.53816604614258
2482,502.2,6.02078580856323
2483,502.3,9.9648904800415
2484,502.6,5.69868993759155
2485,502.7,3.80034923553467
2486,502.9,20.0040168762207
2487,503.1,94.1841049194336
2488,503.2,116.604713439941
2489,503.4,22.2183399200439
2490,503.7,5.06008720397949
2491,503.8,3.68314409255981
2492,504.0,31.886812210083
2493,504.2,70.2324905395508
2494,504.3,35.3103942871094
2495,504.4,27.3392143249512
2496,504.7,8.76349353790283
2497,504.9,18.9252395629883
2498,505.1,51.5563316345215
2499,505.2,33.5060272216797
2500,505.3,40.3746719360352
2501,505.5,10.7378168106079
2502,505.8,8.92331886291504
2503,505.9,6.65641927719116
2504,506.1,24.4057636260986
2505,506.2,17.1547603607178
2506,506.3,26.0934505462646
2507,506.5,6.56663751602173
2508,506.7,7.70165920257568
2509,506.8,4.50777292251587
2510,507.0,17.8719654083252
2511,507.2,26.2662010192871
2512,507.3,19.6027946472168
2513,507.5,7.73659372329712
2514,507.8,5.89834070205688
2515,508.0,8.59406089782715
2516,508.2,13.1627950668335
2517,508.3,11.8522272109985
2518,508.6,6.62515306472778
2519,508.8,4.53554582595825
2520,509.0,6.2038426399231
2521,509.2,8.95318794250488
2522,509.3,9.34620094299316
2523,509.5,2.78131008148193
2524,509.7,3.72995638847351
2525,509.9,3.63161563873291
2526,510.1,4.90305662155151
2527,510.3,6.37240171432495
2528,510.4,3.32069873809814
2529,510.6,4.91912651062012
2530,510.8,4.10096073150635
2531,511.0,4.41414833068848
2532,511.2,5.50445413589478
2533,511.3,2.78165936470032
2534,511.5,5.08978176116943
2535,511.7,4.49310064315796
2536,511.9,3.33903932571411
2537,512.1,4.13030576705933
2538,512.2,2.9255895614624
2539,512.4,6.44489097595215
2540,512.6,5.91528367996216
2541,512.8,4.80436658859253
2542,512.9,2.19318771362305
2543,513.1,4.03353691101074
2544,513.2,2.67493438720703
2545,513.4,5.66445398330688
2546,513.6,5.49921417236328
2547,513.7,2.43807864189148
2548,513.9,4.08401727676392
2549,514.0,1.87650656700134
2550,514.2,3.97641921043396
2551,514.4,5.24820947647095
2552,514.5,2.63755464553833
2553,514.7,5.13606977462769
2554,514.8,2.51441049575806
2555,515.0,5.27248907089233
2556,515.2,8.16104793548584
2557,515.4,7.19021844863892
2558,515.5,3.22340607643127
2559,515.7,4.8370304107666
2560,515.9,5.04995632171631
2561,516.1,5.58358097076416
2562,516.2,7.22759819030762
2563,516.5,7.4520525932312
2564,516.7,6.86235809326172
2565,516.8,4.38759803771973
2566,517.0,10.3025331497192
2567,517.2,12.2894325256348
2568,517.4,9.63650608062744
2569,517.6,5.22742366790771
2570,517.8,5.84000015258789
2571,518.0,7.79563331604004
2572,518.1,4.50847148895264
2573,518.3,9.06916999816895
2574,518.5,7.82218360900879
2575,518.6,3.93187761306763
2576,518.8,12.4660263061523
2577,519.0,25.799825668335
2578,519.2,33.8110046386719
2579,519.3,19.5727519989014
2580,519.5,8.48698711395264
2581,519.7,4.70480346679688
2582,519.9,12.8263759613037
2583,520.1,17.5786895751953
2584,520.3,16.9441051483154
2585,520.4,5.13624477386475
2586,520.6,6.73868989944458
2587,520.8,12.284366607666
2588,521.0,42.0792999267578
2589,521.2,63.0469856262207
2590,521.3,19.6207866668701
2591,521.4,10.6794757843018
2592,521.6,3.02323150634766
2593,521.8,8.33572006225586
2594,522.0,20.9914417266846
2595,522.2,29.9470748901367
2596,522.3,18.0995635986328
2597,522.5,5.43004369735718
2598,522.7,3.11528372764587
2599,522.9,12.3016595840454
2600,523.0,8.7126636505127
2601,523.2,21.8375549316406
2602,523.3,12.8115282058716
2603,523.5,4.90323162078857
2604,523.8,5.18515300750732
2605,524.0,8.53467273712158
2606,524.2,10.5482969284058
2607,524.3,8.4717903137207
2608,524.5,4.50847148895264
2609,524.8,3.70305681228638
2610,525.0,5.67283821105957
2611,525.2,6.35441064834595
2612,525.3,2.88069868087769
2613,525.5,5.52506542205811
2614,525.7,3.67563319206238
2615,525.9,4.03039312362671
2616,526.1,4.67825317382813
2617,526.3,5.82235813140869
2618,526.4,3.24139738082886
2619,526.5,5.70078611373901
2620,526.7,2.49205231666565
2621,526.9,4.60628843307495
2622,527.1,4.52558946609497
2623,527.2,2.37467241287231
2624,527.4,5.93397378921509
2625,527.6,5.88401746749878
2626,527.7,2.20873355865479
2627,527.9,3.89379906654358
2628,528.1,4.33746719360352
2629,528.3,3.80576419830322
2630,528.4,2.62410473823547
2631,528.6,4.88139724731445
2632,528.8,3.98917031288147
2633,529.0,4.22497797012329
2634,529.1,1.81781661510468
2635,529.3,5.53641939163208
2636,529.4,2.47668123245239
2637,529.6,5.13606977462769
2638,529.8,4.4359827041626
2639,529.9,1.90253269672394
2640,530.1,4.25781679153442
2641,530.2,2.40506553649902
2642,530.4,5.63039302825928
2643,530.6,5.68628835678101
2644,530.8,6.02899551391602
2645,531.0,7.4522271156311
2646,531.2,7.69205236434937
2647,531.3,3.67598247528076
2648,531.4,6.00663757324219
2649,531.7,4.70497798919678
2650,531.9,5.22707414627075
2651,532.0,2.49851536750793
2652,532.2,5.98008728027344
2653,532.3,2.84052395820618
2654,532.5,5.3297815322876
2655,532.7,6.25729274749756
2656,532.9,15.3110914230347
2657,533.1,28.0190391540527
2658,533.2,14.4578161239624
2659,533.3,17.5991268157959
2660,533.5,3.96855902671814
2661,533.7,6.85222721099854
2662,533.8,3.99930119514465
2663,534.0,13.2134494781494
2664,534.1,8.88244533538818
2665,534.2,14.6983404159546
2666,534.4,6.66620063781738
2667,534.7,5.16384267807007
2668,534.8,5.50951957702637
2669,535.0,65.7423553466797
2670,535.1,109.241920471191
2671,535.2,188.294494628906
2672,535.4,15.2429695129395
2673,535.7,4.59807872772217
2674,535.9,19.9503936767578
2675,536.1,81.7289047241211
2676,536.2,60.3397369384766
2677,536.3,49.9063758850098
2678,536.5,7.31318759918213
2679,536.8,8.88209629058838
2680,537.0,38.2310905456543
2681,537.2,74.4597396850586
2682,537.3,36.872314453125
2683,537.5,5.38724899291992
2684,537.8,6.49414825439453
2685,537.9,7.55091714859009
2686,538.1,25.0071620941162
2687,538.2,12.752140045166
2688,538.3,18.5764198303223
2689,538.5,3.99266386032104
2690,538.7,4.94410467147827
2691,538.9,7.64960718154907
2692,539.1,11.3271617889404
2693,539.2,6.69694328308105
2694,539.3,10.7421836853027
2695,539.5,3.13537120819092
2696,539.7,3.79126644134521
2697,539.9,4.34969425201416
2698,540.1,6.12401723861694
2699,540.3,6.45065498352051
2700,540.5,6.54288196563721
2701,540.7,5.37816572189331
2702,540.9,4.01537132263184
2703,541.1,4.19930124282837
2704,541.3,4.76943254470825
2705,541.4,2.59091711044312
2706,541.6,5.24209594726563
2707,541.8,4.15231418609619
2708,542.0,4.01449775695801
2709,542.1,1.57641923427582
2710,542.3,4.30724906921387
2711,542.4,2.45152831077576
2712,542.6,5.16192150115967
2713,542.7,4.24786043167114
2714,543.0,3.65816593170166
2715,543.2,3.70986890792847
2716,543.4,4.63021850585938
2717,543.6,4.60489082336426
2718,543.8,4.61082983016968
2719,544.0,3.76873373985291
2720,544.2,4.23493432998657
2721,544.3,2.48209595680237
2722,544.5,5.46427965164185
2723,544.7,5.85973787307739
2724,544.9,4.75947618484497
2725,545.0,2.24314403533936
2726,545.2,4.55231428146362
2727,545.4,5.24820947647095
2728,545.6,5.16401767730713
2729,545.8,4.75912666320801
2730,545.9,2.14096069335938
2731,546.1,4.872314453125
2732,546.2,2.15860271453857
2733,546.4,4.83982515335083
2734,546.6,5.49659395217896
2735,546.7,3.224454164505
2736,546.9,9.19406127929688
2737,547.1,16.0345859527588
2738,547.3,16.8857650756836
2739,547.4,9.77938842773438
2740,547.7,5.61292552947998
2741,547.9,6.46323156356812
2742,548.0,5.34358072280884
2743,548.2,10.8286466598511
2744,548.3,7.76646280288696
2745,548.5,3.06427955627441
2746,548.8,4.09886455535889
2747,549.0,22.7758960723877
2748,549.1,98.547248840332
2749,549.3,556.092590332031
2750,549.4,47.4434928894043
2751,549.7,3.62445425987244
2752,549.9,7.82462882995605
