#"+ Scan (rt: 4.980-38.001 min, 5725 scans) MICROCRY221018_3.D "
#Point,X(Thompsons),Y(Counts)
0,45.0,0.0120524019002914
1,45.1,822.810852050781
2,45.3,6.56157207489014
3,45.5,2.65554594993591
4,45.7,3.3006112575531
5,45.9,24.4979915618896
6,46.1,66.1563339233398
7,46.2,29.221658706665
8,46.4,3.33641910552979
9,46.6,4.09275102615356
10,46.7,3.25816583633423
11,46.9,36.1055030822754
12,47.0,79.8377304077148
13,47.1,106.817115783691
14,47.3,7.59074258804321
15,47.6,3.85537123680115
16,47.8,10.3673362731934
17,48.0,20.3206977844238
18,48.1,20.6101303100586
19,48.3,4.87179040908813
20,48.4,5.23965072631836
21,48.6,2.47755455970764
22,48.8,11.9294319152832
23,49.0,38.8022689819336
24,49.1,22.0324897766113
25,49.2,24.5172061920166
26,49.4,4.24925756454468
27,49.7,3.85327506065369
28,49.9,37.470043182373
29,50.1,254.241226196289
30,50.2,78.9194793701172
31,50.4,2.23161578178406
32,50.5,1.43912661075592
33,50.8,5.7657642364502
34,51.0,155.770126342773
35,51.1,360.863586425781
36,51.3,14.6910047531128
37,51.5,2.26829695701599
38,51.8,7.81781673431396
39,52.0,106.978164672852
40,52.1,143.982711791992
41,52.2,101.667770385742
42,52.4,4.18724870681763
43,52.7,1.08174669742584
44,52.9,20.5606994628906
45,53.1,855.326965332031
46,53.2,223.872146606445
47,53.4,0.713013112545013
48,53.6,0.103406116366386
49,53.8,1.39510917663574
50,54.0,125.888732910156
51,54.1,1624.79284667969
52,54.3,24.8445415496826
53,55.0,18.9266376495361
54,55.1,12585.970703125
55,55.3,0.194410473108292
56,55.9,0.559650659561157
57,56.1,3076.01196289063
58,56.2,3570.6689453125
59,56.9,0.867423593997955
60,57.1,5855.1826171875
61,57.2,14338.107421875
62,57.4,0.277729243040085
63,57.7,0.10637554526329
64,57.9,18.5641918182373
65,58.1,567.900939941406
66,58.2,491.102874755859
67,58.4,4.20716142654419
68,58.7,2.51388645172119
69,58.9,17.9147605895996
70,59.1,666.500244140625
71,59.2,119.261833190918
72,59.4,2.72401738166809
73,59.7,3.6251528263092
74,59.9,28.956506729126
75,60.0,42.9524879455566
76,60.1,89.1100463867188
77,60.3,11.6925764083862
78,60.6,2.945152759552
79,60.8,10.4948472976685
80,60.9,25.6399993896484
81,61.1,175.364013671875
82,61.2,44.9802627563477
83,61.4,2.0291702747345
84,61.6,2.99877738952637
85,61.7,3.55999994277954
86,61.9,26.3896942138672
87,62.1,49.9963302612305
88,62.2,16.8962440490723
89,62.3,10.5343227386475
90,62.6,3.5329258441925
91,62.8,13.974497795105
92,63.0,96.4656753540039
93,63.1,109.809959411621
94,63.3,15.23388671875
95,63.5,2.38393020629883
96,63.7,6.48157215118408
97,63.8,10.6476860046387
98,64.0,41.291877746582
99,64.1,38.9530143737793
100,64.3,8.21938896179199
101,64.4,4.81170320510864
102,64.6,1.58620083332062
103,64.8,8.95179080963135
104,65.0,144.46794128418
105,65.1,288.970123291016
106,65.3,21.6578159332275
107,65.5,1.75301313400269
108,65.7,4.50812244415283
109,65.9,38.5579032897949
110,66.1,245.921401977539
111,66.2,111.769607543945
112,66.4,3.40593886375427
113,66.7,0.217991262674332
114,67.0,138.733093261719
115,67.1,3200.205078125
116,67.3,4.31545829772949
117,67.5,0.0927510932087898
118,67.7,0.131353706121445
119,67.9,9.63633155822754
120,68.1,1566.15759277344
121,68.2,661.834411621094
122,68.4,1.08768558502197
123,68.9,0.578165948390961
124,69.1,6310.62451171875
125,69.2,2425.43725585938
126,69.5,0.0653275102376938
127,69.8,0.435633182525635
128,70.0,70.8967666625977
129,70.2,5043.24169921875
130,70.3,17.3353710174561
131,70.9,5.74794769287109
132,71.1,3336.83520507813
133,71.2,8094.44677734375
134,71.4,0.890130996704102
135,71.6,0.247336238622665
136,71.8,3.30829691886902
137,72.0,53.4588661193848
138,72.2,538.483520507813
139,72.3,11.4564189910889
140,72.5,1.18113541603088
141,72.7,0.908646285533905
142,72.9,15.0929260253906
143,73.1,19233.51171875
144,73.2,128.703750610352
145,73.4,0.959475994110107
146,73.7,1.29152834415436
147,73.9,17.1868991851807
148,74.0,131.432312011719
149,74.1,1610.56091308594
150,74.3,9.7835807800293
151,74.6,2.22043657302856
152,74.8,8.08541488647461
153,74.9,18.7993011474609
154,75.1,1061.57153320313
155,75.2,101.352836608887
156,75.4,2.52873373031616
157,75.7,3.775545835495
158,75.9,37.0190391540527
159,76.0,47.4389533996582
160,76.1,92.7229690551758
161,76.3,14.7362442016602
162,76.5,1.77502179145813
163,76.8,5.13048028945923
164,77.0,261.234405517578
165,77.1,611.350036621094
166,77.3,11.0953712463379
167,77.5,0.766986906528473
168,77.8,3.27947592735291
169,77.9,24.1715278625488
170,78.1,759.387573242188
171,78.2,223.84245300293
172,78.4,1.23179042339325
173,78.7,0.177467241883278
174,78.9,21.0613098144531
175,79.1,1189.79174804688
176,79.2,220.165588378906
177,79.4,0.184803500771523
178,79.6,0.185152843594551
179,79.8,5.99580764770508
180,80.0,139.006988525391
181,80.1,371.698699951172
182,80.3,32.326286315918
183,80.5,0.336419224739075
184,80.7,0.0274235811084509
185,80.9,4.32838439941406
186,81.1,2510.88891601563
187,81.2,714.293640136719
188,81.4,0.0529257655143738
189,81.6,0.111615717411041
190,81.8,0.978515267372131
191,82.0,120.843841552734
192,82.1,3368.32861328125
193,82.3,15.7531881332397
194,82.6,0.396855890750885
195,82.8,0.471441060304642
196,83.0,57.1077728271484
197,83.1,7921.21923828125
198,83.3,13.077205657959
199,83.6,0.096069872379303
200,83.8,1.87318778038025
201,84.0,83.8125762939453
202,84.1,1043.86499023438
203,84.2,1678.97595214844
204,84.4,2.78934502601624
205,84.7,0.617467224597931
206,84.9,8.46986865997314
207,85.1,1585.43933105469
208,85.2,5757.47412109375
209,85.3,23.4006996154785
210,85.5,0.561572074890137
211,85.7,1.47388648986816
212,85.8,2.7011353969574
213,86.0,58.8489074707031
214,86.2,461.708984375
215,86.3,28.6485595703125
216,86.5,3.80262017250061
217,86.7,3.2340612411499
218,86.9,44.374324798584
219,87.1,223.676513671875
220,87.2,65.7110900878906
221,87.4,8.10358047485352
222,87.7,13.0702180862427
223,87.9,49.6840171813965
224,88.0,38.8679466247559
225,88.1,62.8415718078613
226,88.3,9.89117908477783
227,88.4,7.38497829437256
228,88.7,10.3533620834351
229,88.9,87.7072525024414
230,89.0,139.529251098633
231,89.1,172.795639038086
232,89.3,13.9881219863892
233,89.6,7.88908290863037
234,89.7,8.18497848510742
235,89.9,28.3191261291504
236,90.0,18.767162322998
237,90.1,32.0565948486328
238,90.3,8.60034942626953
239,90.5,1.24541485309601
240,90.8,3.38445425033569
241,91.0,270.679138183594
242,91.1,704.832336425781
243,91.3,11.2857637405396
244,91.4,0.844192147254944
245,91.7,2.68593883514404
246,91.9,40.2780799865723
247,92.1,185.867767333984
248,92.2,93.8840179443359
249,92.4,3.63633179664612
250,92.6,0.648558974266052
251,92.8,6.10340595245361
252,93.0,179.325942993164
253,93.1,424.896606445313
254,93.3,24.6557197570801
255,93.5,0.743930101394653
256,93.7,2.14742350578308
257,93.8,6.8368558883667
258,94.0,128.586547851563
259,94.1,299.755981445313
260,94.3,37.9856758117676
261,94.5,0.954061150550842
262,94.7,0.210655018687248
263,94.9,6.97327518463135
264,95.1,1455.541015625
265,95.2,799.602966308594
266,95.4,0.856768548488617
267,95.6,0.844716131687164
268,95.9,16.2260265350342
269,96.1,3169.68115234375
270,96.2,744.098693847656
271,96.4,1.54899561405182
272,96.5,1.12349343299866
273,96.7,0.855895221233368
274,96.9,8.05641937255859
275,97.0,76.7000885009766
276,97.2,7341.8408203125
277,97.3,23.963493347168
278,97.5,0.155633181333542
279,97.7,0.585327506065369
280,97.9,18.7116165161133
281,98.1,721.05029296875
282,98.2,1022.75531005859
283,98.4,4.29991245269775
284,98.6,0.559301316738129
285,98.8,4.24524021148682
286,99.0,58.8370323181152
287,99.2,1867.58239746094
288,99.3,32.4648017883301
289,99.5,1.17729258537292
290,99.7,2.99126648902893
291,99.8,4.21711778640747
292,100.0,28.5149345397949
293,100.2,137.125595092773
294,100.3,21.341833114624
295,100.6,5.10043668746948
296,100.8,12.868821144104
297,101.0,36.1016578674316
298,101.1,39.7282104492188
299,101.3,11.3383407592773
300,101.6,6.58427953720093
301,101.8,20.2639293670654
302,101.9,26.1987781524658
303,102.1,65.3600006103516
304,102.2,23.3292579650879
305,102.4,4.03213977813721
306,102.7,6.68681240081787
307,102.9,104.200172424316
308,103.0,414.622894287109
309,103.2,33.341136932373
310,103.5,3.40454149246216
311,103.7,9.65327548980713
312,103.9,62.2784271240234
313,104.0,79.2829666137695
314,104.1,109.362442016602
315,104.3,15.6744108200073
316,104.5,1.45082974433899
317,104.7,3.44139742851257
318,104.9,57.1304817199707
319,105.1,470.435821533203
320,105.2,120.462707519531
321,105.4,2.124192237854
322,105.6,2.00471615791321
323,105.8,13.7243671417236
324,106.0,77.1963348388672
325,106.1,67.940788269043
326,106.2,64.6646270751953
327,106.4,6.82393026351929
328,106.7,3.02934503555298
329,106.8,7.59196519851685
330,107.0,166.592834472656
331,107.1,307.663940429688
332,107.3,26.6415729522705
333,107.6,2.87720513343811
334,107.8,10.3016595840454
335,108.0,89.2866363525391
336,108.1,92.3276824951172
337,108.2,99.5855026245117
338,108.4,5.51458501815796
339,108.5,2.28209614753723
340,108.7,0.609956324100494
341,108.9,13.995982170105
342,109.1,710.483154296875
343,109.2,479.566101074219
344,109.4,2.58882093429565
345,109.7,1.54340612888336
346,109.9,17.5386905670166
347,110.1,530.530151367188
348,110.2,424.893798828125
349,110.4,5.04401731491089
350,110.5,1.63685584068298
351,110.8,3.22567677497864
352,111.0,62.4794769287109
353,111.1,1032.27331542969
354,111.2,2256.20385742188
355,111.4,2.65467238426208
356,111.5,1.42777287960052
357,111.8,4.43860244750977
358,112.0,69.0658493041992
359,112.2,954.92626953125
360,112.3,55.9968566894531
361,112.5,1.33135366439819
362,112.7,2.70689964294434
363,112.9,13.3711786270142
364,113.1,274.434234619141
365,113.2,828.03076171875
366,113.4,6.92611360549927
367,113.7,3.51074242591858
368,113.9,14.0199127197266
369,114.1,57.103931427002
370,114.2,60.4763336181641
371,114.4,5.46130990982056
372,114.7,4.84157228469849
373,114.9,73.2508316040039
374,115.1,385.180084228516
375,115.2,64.6242828369141
376,115.4,3.74393010139465
377,115.7,5.77100419998169
378,115.8,11.58323097229
379,116.0,64.8172912597656
380,116.1,38.3203506469727
381,116.2,34.8604354858398
382,116.4,4.93973779678345
383,116.7,4.33135366439819
384,116.8,10.6213102340698
385,117.0,229.887161254883
386,117.1,274.412231445313
387,117.3,10.9280347824097
388,117.4,3.02672481536865
389,117.7,5.63231420516968
390,117.9,41.6551971435547
391,118.1,105.655372619629
392,118.2,49.6073379516602
393,118.4,4.51458501815796
394,118.6,3.29275107383728
395,118.7,2.89362454414368
396,118.9,58.431266784668
397,119.1,720.913696289063
398,119.2,56.491527557373
399,119.3,11.9248905181885
400,119.5,0.929606974124908
401,119.7,4.29117918014526
402,119.9,45.0668983459473
403,120.1,130.950744628906
404,120.2,56.5229682922363
405,120.4,6.65659379959106
406,120.7,3.43737983703613
407,120.9,38.3156318664551
408,121.1,400.1123046875
409,121.2,124.560699462891
410,121.4,2.99231433868408
411,121.6,2.21065497398376
412,121.8,10.6132755279541
413,122.0,71.6232299804688
414,122.1,139.933792114258
415,122.3,33.8707427978516
416,122.5,3.60471606254578
417,122.8,4.82410478591919
418,122.9,15.1191263198853
419,123.1,353.576416015625
420,123.2,298.891876220703
421,123.4,5.89222717285156
422,123.6,1.09240174293518
423,123.8,5.80227088928223
424,123.9,16.4005241394043
425,124.1,252.245758056641
426,124.2,267.651184082031
427,124.4,8.46707439422607
428,124.5,3.32192134857178
429,124.8,5.61502170562744
430,125.0,73.5982513427734
431,125.1,352.096405029297
432,125.2,1019.21014404297
433,125.4,7.19056749343872
434,125.7,4.39423561096191
435,125.9,28.3453273773193
436,126.1,245.933624267578
437,126.2,471.617126464844
438,126.4,12.3163318634033
439,126.6,2.60838437080383
440,126.8,9.08820915222168
441,126.9,16.6838436126709
442,127.1,202.876327514648
443,127.2,505.291717529297
444,127.3,51.2480354309082
445,127.5,4.11510896682739
446,127.7,3.84803485870361
447,127.9,36.2665519714355
448,128.1,147.194061279297
449,128.2,99.8707427978516
450,128.4,7.60262012481689
451,128.6,2.42969441413879
452,128.8,13.7458515167236
453,128.9,30.4134502410889
454,129.1,138.380615234375
455,129.2,69.558952331543
456,129.4,2.53537106513977
457,129.6,3.6703929901123
458,129.8,12.2838430404663
459,130.0,35.270393371582
460,130.2,46.4896087646484
461,130.3,13.5790395736694
462,130.5,2.87650656700134
463,130.8,9.87738037109375
464,131.0,201.537460327148
465,131.1,306.536956787109
466,131.3,11.4034938812256
467,131.4,4.05746746063232
468,131.7,6.3633189201355
469,131.8,11.7035808563232
470,132.0,91.2310943603516
471,132.1,62.9196510314941
472,132.2,46.8794746398926
473,132.4,2.2019214630127
474,132.6,2.16262006759644
475,132.8,13.0394763946533
476,133.0,890.697814941406
477,133.1,1331.93432617188
478,133.3,7.91423559188843
479,133.5,0.912838399410248
480,133.7,3.87336254119873
481,133.9,59.8534507751465
482,134.1,420.765228271484
483,134.2,60.0944976806641
484,134.3,18.3456764221191
485,134.6,2.14812231063843
486,134.8,6.64943218231201
487,135.0,254.717208862305
488,135.1,1962.86376953125
489,135.3,15.2335367202759
490,135.4,3.07318782806396
491,135.6,0.604017496109009
492,135.8,7.52908277511597
493,136.0,133.798599243164
494,136.1,299.991088867188
495,136.3,23.7027072906494
496,136.6,2.82480359077454
497,136.8,8.15074253082275
498,136.9,19.3119659423828
499,137.1,468.455200195313
500,137.2,214.562271118164
501,137.4,4.4186897277832
502,137.6,2.41222715377808
503,137.7,1.77589523792267
504,137.9,20.8305683135986
505,138.0,43.3797378540039
506,138.2,260.273529052734
507,138.3,37.6890830993652
508,138.4,10.7650651931763
509,138.7,4.05170297622681
510,138.9,20.5921401977539
511,139.1,266.779052734375
512,139.2,339.086273193359
513,139.4,6.4041919708252
514,139.7,3.34620094299316
515,139.9,18.7327518463135
516,140.0,31.7427082061768
517,140.2,376.240875244141
518,140.3,59.3610496520996
519,140.5,5.60331869125366
520,140.8,8.93869018554688
521,141.0,71.299560546875
522,141.2,502.599639892578
523,141.3,48.0906562805176
524,141.5,1.93694317340851
525,141.7,5.26393032073975
526,141.9,23.2358074188232
527,142.1,67.1799163818359
528,142.2,44.3088226318359
529,142.3,27.163143157959
530,142.5,2.70358085632324
531,142.7,6.45327520370483
532,142.8,9.16593933105469
533,143.0,69.1673355102539
534,143.1,87.1030578613281
535,143.3,14.4221830368042
536,143.4,6.81624460220337
537,143.7,5.35528373718262
538,143.9,19.4592132568359
539,144.1,36.4454154968262
540,144.2,26.4248027801514
541,144.4,5.85065507888794
542,144.7,3.90812230110168
543,144.9,37.8789520263672
544,145.0,105.519996643066
545,145.1,269.813812255859
546,145.3,15.3806114196777
547,145.4,5.84524011611938
548,145.6,1.71248912811279
549,145.8,14.423056602478
550,146.0,56.2670745849609
551,146.1,51.2578163146973
552,146.3,7.73781681060791
553,146.5,1.4894323348999
554,146.7,4.22969436645508
555,146.8,6.92349338531494
556,147.0,226.037384033203
557,147.1,5920.4267578125
558,147.3,11.1455020904541
559,147.6,1.64192140102386
560,147.8,7.10288190841675
561,148.0,239.908996582031
562,148.1,917.773803710938
563,148.2,125.235809326172
564,148.4,2.95528388023376
565,148.6,2.90270733833313
566,148.8,8.2024450302124
567,149.0,251.529434204102
568,149.1,853.075439453125
569,149.3,15.4616594314575
570,149.4,4.80541467666626
571,149.7,3.65886473655701
572,149.9,31.9430561065674
573,150.1,135.880874633789
574,150.2,84.9828796386719
575,150.4,8.69973754882813
576,150.6,1.95423579216003
577,150.8,9.27999973297119
578,150.9,18.7414855957031
579,151.1,183.375717163086
580,151.2,94.4115295410156
581,151.3,40.6822700500488
582,151.6,4.18375539779663
583,151.8,8.54707431793213
584,152.0,77.299560546875
585,152.2,193.082626342773
586,152.3,33.8924026489258
587,152.4,10.6607856750488
588,152.7,4.54567670822144
589,152.9,24.5914402008057
590,153.1,157.220611572266
591,153.2,157.817642211914
592,153.3,44.7739753723145
593,153.5,1.72995638847351
594,153.7,5.34620094299316
595,153.9,22.5091705322266
596,154.0,38.0792999267578
597,154.2,307.6826171875
598,154.3,54.1575546264648
599,154.4,12.6588649749756
600,154.6,2.46078610420227
601,154.8,10.4316158294678
602,155.0,73.7956314086914
603,155.2,380.136932373047
604,155.3,44.5669860839844
605,155.4,10.2709169387817
606,155.7,7.80751085281372
607,155.8,7.95406103134155
608,156.0,40.4160690307617
609,156.1,32.5189514160156
610,156.2,60.965763092041
611,156.4,11.0794763565063
612,156.7,8.85292530059814
613,156.8,10.5559825897217
614,157.0,52.2675971984863
615,157.1,36.8130989074707
616,157.2,42.7765922546387
617,157.4,4.53240156173706
618,157.6,4.80331897735596
619,157.7,3.28419208526611
620,157.9,15.8490829467773
621,158.0,14.1582536697388
622,158.2,30.5484714508057
623,158.3,13.4511795043945
624,158.6,4.93764209747314
625,158.8,13.8420963287354
626,158.9,22.8319644927979
627,159.1,87.9730987548828
628,159.2,33.0024452209473
629,159.3,17.601921081543
630,159.6,4.30620098114014
631,159.8,9.38829708099365
632,160.0,25.0239295959473
633,160.1,27.8518772125244
634,160.3,11.4464626312256
635,160.6,5.33187770843506
636,160.8,23.5462017059326
637,161.0,179.567687988281
638,161.1,122.385848999023
639,161.3,8.97938823699951
640,161.4,5.47755479812622
641,161.7,8.25065517425537
642,161.8,12.8679475784302
643,162.0,65.6499557495117
644,162.1,58.7582550048828
645,162.3,14.2036685943604
646,162.5,1.90864634513855
647,162.7,6.11772918701172
648,162.9,93.1524887084961
649,163.1,529.613647460938
650,163.2,59.3910903930664
651,163.4,6.07144117355347
652,163.7,8.01729297637939
653,163.9,45.653450012207
654,164.1,103.621131896973
655,164.2,46.4644546508789
656,164.4,7.76786041259766
657,164.7,5.41624450683594
658,164.9,62.2094306945801
659,165.1,353.997039794922
660,165.2,96.9357223510742
661,165.4,6.10480356216431
662,165.7,5.16017484664917
663,165.9,28.142183303833
664,166.0,41.0464630126953
665,166.2,133.710922241211
666,166.3,36.9579048156738
667,166.6,5.32261991500854
668,166.8,9.85048007965088
669,166.9,20.157205581665
670,167.1,116.186027526855
671,167.2,100.884017944336
672,167.3,37.8244552612305
673,167.5,4.12262010574341
674,167.8,7.29414844512939
675,168.0,32.9243659973145
676,168.2,196.924362182617
677,168.3,73.7399139404297
678,168.5,5.27895212173462
679,168.8,8.82515239715576
680,169.0,40.0261993408203
681,169.2,231.592834472656
682,169.3,68.2520523071289
683,169.5,5.25117921829224
684,169.8,7.84855890274048
685,170.0,26.4027938842773
686,170.2,48.8253288269043
687,170.3,15.686637878418
688,170.4,10.9828824996948
689,170.7,7.0193886756897
690,170.9,20.9545860290527
691,171.1,46.2155456542969
692,171.2,34.5362434387207
693,171.4,4.77956342697144
694,171.6,4.74899578094482
695,171.7,2.96174669265747
696,171.9,13.3570308685303
697,172.1,22.2164192199707
698,172.2,19.2614841461182
699,172.4,6.87895202636719
700,172.7,6.28471612930298
701,172.8,7.31877708435059
702,173.0,31.2655029296875
703,173.2,43.8129272460938
704,173.3,19.1945858001709
705,173.5,3.04157209396362
706,173.7,6.2906551361084
707,173.9,12.6906547546387
708,174.1,22.0798244476318
709,174.2,17.7374668121338
710,174.4,3.60978174209595
711,174.6,4.76751089096069
712,174.8,13.2214851379395
713,175.0,120.559127807617
714,175.1,87.9963302612305
715,175.2,59.3407859802246
716,175.5,6.6558952331543
717,175.6,2.3811354637146
718,175.8,22.4441928863525
719,176.0,116.096420288086
720,176.1,92.7168579101563
721,176.3,11.6653270721436
722,176.6,3.79371190071106
723,176.8,15.3827075958252
724,177.0,603.872985839844
725,177.1,300.719818115234
726,177.2,35.7219200134277
727,177.4,3.87144112586975
728,177.7,5.99126625061035
729,177.9,65.1283874511719
730,178.1,226.918609619141
731,178.2,59.9301300048828
732,178.4,3.87039303779602
733,178.5,4.32489061355591
734,178.8,11.2539739608765
735,178.9,47.5262870788574
736,179.1,533.301513671875
737,179.2,66.548469543457
738,179.4,3.93641924858093
739,179.6,3.98794770240784
740,179.7,2.6817467212677
741,179.9,32.3470726013184
742,180.0,48.5645408630371
743,180.1,135.559295654297
744,180.3,22.9540615081787
745,180.4,10.6965942382813
746,180.7,6.14480352401733
747,180.9,30.5875988006592
748,181.0,42.0941467285156
749,181.2,131.766464233398
750,181.3,34.1912651062012
751,181.5,3.81065511703491
752,181.8,6.83563327789307
753,182.0,30.7444534301758
754,182.2,143.193893432617
755,182.3,72.8033218383789
756,182.5,3.49973797798157
757,182.7,5.28366804122925
758,182.8,5.54305696487427
759,183.0,34.1620979309082
760,183.2,157.342529296875
761,183.3,85.9931869506836
762,183.5,5.71458530426025
763,183.8,7.60768556594849
764,184.0,23.3668117523193
765,184.2,43.5682106018066
766,184.3,23.9959831237793
767,184.6,6.86480331420898
768,184.7,4.50567674636841
769,184.9,19.2272491455078
770,185.1,40.1306533813477
771,185.2,31.2298698425293
772,185.4,9.15510940551758
773,185.6,3.24227070808411
774,185.8,9.74532794952393
775,185.9,8.01816558837891
776,186.1,19.6071624755859
777,186.3,17.7830562591553
778,186.4,7.41048049926758
779,186.7,6.96751070022583
780,186.9,18.0466384887695
781,187.1,32.6454162597656
782,187.2,15.6560697555542
783,187.3,15.784628868103
784,187.5,2.4281222820282
785,187.7,4.50288200378418
786,187.9,11.6834936141968
787,188.1,17.6513538360596
788,188.2,14.9615716934204
789,188.4,5.54130983352661
790,188.7,5.87458515167236
791,188.8,11.0798254013062
792,189.0,145.897125244141
793,189.1,112.134674072266
794,189.2,56.5372924804688
795,189.4,5.83790397644043
796,189.7,6.63283824920654
797,189.9,31.4020957946777
798,190.1,66.9629669189453
799,190.2,26.1378173828125
800,190.4,2.09100437164307
801,190.6,2.79825329780579
802,190.8,14.7102184295654
803,191.0,1224.71350097656
804,191.1,1323.3203125
805,191.3,6.87877750396729
806,191.5,0.853973805904388
807,191.7,3.96663761138916
808,191.9,36.1558074951172
809,192.1,827.994567871094
810,192.2,105.74829864502
811,192.3,12.9718780517578
812,192.6,2.969083070755
813,192.7,3.4263756275177
814,192.9,41.0132751464844
815,193.1,5707.3662109375
816,193.2,50.5786895751953
817,193.4,1.57327508926392
818,193.6,1.8400000333786
819,193.7,2.58218336105347
820,193.9,27.4971179962158
821,194.1,1121.68981933594
822,194.2,95.0775527954102
823,194.4,4.30951976776123
824,194.7,3.39021825790405
825,194.9,36.2312660217285
826,195.0,242.553359985352
827,195.1,522.322998046875
828,195.3,14.2005243301392
829,195.6,2.4829695224762
830,195.8,7.84716176986694
831,196.0,60.218864440918
832,196.1,67.8894348144531
833,196.2,156.12419128418
834,196.4,7.13379907608032
835,196.5,4.94445419311523
836,196.7,3.11528372764587
837,196.9,21.369607925415
838,197.0,35.3886451721191
839,197.2,173.079818725586
840,197.3,75.9835815429688
841,197.5,2.90462875366211
842,197.7,4.48401737213135
843,197.9,12.372576713562
844,198.1,29.8607864379883
845,198.2,34.346549987793
846,198.4,7.13327503204346
847,198.5,5.80052423477173
848,198.8,8.26340579986572
849,199.0,20.0099563598633
850,199.2,27.1603488922119
851,199.3,14.1776418685913
852,199.6,5.92314434051514
853,199.8,16.6628818511963
854,200.0,51.1208724975586
855,200.1,36.4525756835938
856,200.2,53.0890846252441
857,200.4,19.9304809570313
858,200.6,10.1893453598022
859,200.8,24.254846572876
860,201.0,31.3009605407715
861,201.2,38.4759826660156
862,201.3,12.0192136764526
863,201.4,10.8560695648193
864,201.7,8.72017478942871
865,201.9,18.6733627319336
866,202.1,33.445240020752
867,202.2,25.127685546875
868,202.4,4.82620096206665
869,202.5,5.31912660598755
870,202.8,13.7159824371338
871,203.0,73.5441055297852
872,203.1,96.0628814697266
873,203.3,20.0716152191162
874,203.5,5.16087341308594
875,203.7,3.07388639450073
876,203.9,17.0637550354004
877,204.1,38.9814834594727
878,204.2,28.8627071380615
879,204.4,7.46148490905762
880,204.7,4.77781677246094
881,204.9,36.7729263305664
882,205.1,347.157379150391
883,205.2,95.7112655639648
884,205.4,3.89432311058044
885,205.6,4.44122266769409
886,205.8,11.2003498077393
887,206.0,66.5689086914063
888,206.1,53.2408752441406
889,206.3,2.32244539260864
890,206.6,0.163318783044815
891,206.7,0.0611353702843189
892,206.9,24.1376419067383
893,207.1,23586.353515625
894,207.2,50.8288192749023
895,207.6,0.0625327527523041
896,207.8,9.57641887664795
897,208.0,381.338165283203
898,208.1,4770.37841796875
899,208.3,7.77379894256592
900,208.5,0.652052402496338
901,208.7,3.52978157997131
902,208.9,38.1620979309082
903,209.0,434.261322021484
904,209.1,2678.06591796875
905,209.3,7.04052400588989
906,209.6,1.48174667358398
907,209.8,8.34131050109863
908,209.9,25.81711769104
909,210.1,424.707763671875
910,210.2,184.475982666016
911,210.4,4.57449769973755
912,210.6,4.59353733062744
913,210.8,11.3123140335083
914,211.0,128.976776123047
915,211.2,246.13362121582
916,211.3,59.8062896728516
917,211.6,3.65152835845947
918,211.8,8.87720489501953
919,211.9,12.2798252105713
920,212.1,44.5053291320801
921,212.2,38.6777305603027
922,212.4,7.80000019073486
923,212.7,6.74270725250244
924,212.9,24.2396507263184
925,213.1,55.9437561035156
926,213.2,36.5126647949219
927,213.4,6.6754584312439
928,213.7,5.37467241287231
929,213.9,11.7282094955444
930,214.1,18.0469875335693
931,214.2,15.456768989563
932,214.4,6.69572067260742
933,214.6,2.74951958656311
934,214.8,10.4558954238892
935,215.0,28.2684707641602
936,215.2,40.9781646728516
937,215.3,16.0688209533691
938,215.6,5.91091680526733
939,215.7,2.76279473304749
940,215.9,11.3928384780884
941,216.0,9.05013084411621
942,216.2,21.6160697937012
943,216.3,12.539737701416
944,216.6,5.54917049407959
945,216.8,9.43144130706787
946,216.9,14.2387771606445
947,217.1,45.7269859313965
948,217.2,22.6012229919434
949,217.3,23.4890823364258
950,217.6,5.64244556427002
951,217.8,7.31545829772949
952,218.0,18.0391273498535
953,218.2,28.4553718566895
954,218.3,16.4932746887207
955,218.5,6.6188645362854
956,218.8,9.74392986297607
957,219.0,56.9923133850098
958,219.2,102.009086608887
959,219.3,26.7474231719971
960,219.6,5.5458517074585
961,219.7,3.52122259140015
962,219.9,17.6333618164063
963,220.1,41.8957214355469
964,220.2,21.2132759094238
965,220.4,3.34026193618774
966,220.6,1.25117897987366
967,220.8,6.5993013381958
968,221.0,91.87353515625
969,221.1,3799.33447265625
970,221.3,16.0789527893066
971,221.5,1.40174674987793
972,221.7,2.18375539779663
973,221.9,14.4268999099731
974,222.1,766.201049804688
975,222.2,192.393356323242
976,222.4,6.06165933609009
977,222.6,1.43283843994141
978,222.8,6.2889084815979
979,223.0,165.690826416016
980,223.1,493.656951904297
981,223.3,12.4668998718262
982,223.4,4.80261993408203
983,223.6,1.49135375022888
984,223.8,9.13764190673828
985,224.0,48.1400871276855
986,224.1,52.6892585754395
987,224.2,124.185501098633
988,224.4,10.3378162384033
989,224.5,6.27039289474487
990,224.7,3.80296945571899
991,224.9,22.9530124664307
992,225.0,35.0141487121582
993,225.2,122.419563293457
994,225.3,71.9297790527344
995,225.5,2.75999999046326
996,225.7,5.27877712249756
997,225.9,12.7348470687866
998,226.0,12.9828824996948
999,226.2,33.9224472045898
1000,226.3,22.1896934509277
1001,226.5,5.7089958190918
1002,226.7,3.5444540977478
1003,226.9,13.7895193099976
1004,227.0,14.3060264587402
1005,227.2,27.9636688232422
1006,227.3,12.3893451690674
1007,227.5,4.66026210784912
1008,227.8,5.83213996887207
1009,228.0,13.5198249816895
1010,228.2,18.3369426727295
1011,228.3,10.3544101715088
1012,228.6,5.21606969833374
1013,228.7,3.39965057373047
1014,228.9,14.2403497695923
1015,229.1,28.8302192687988
1016,229.2,24.0185146331787
1017,229.4,8.88384246826172
1018,229.6,3.21519660949707
1019,229.8,13.5537118911743
1020,230.0,31.0855903625488
1021,230.2,47.3872489929199
1022,230.3,16.1455020904541
1023,230.4,17.0089092254639
1024,230.7,16.2908306121826
1025,230.9,23.2546730041504
1026,231.1,34.9690818786621
1027,231.2,35.1905670166016
1028,231.4,7.55772924423218
1029,231.5,7.38043689727783
1030,231.8,8.51982498168945
1031,232.0,17.262882232666
1032,232.2,25.4193878173828
1033,232.3,9.60331916809082
1034,232.4,8.83213996887207
1035,232.7,5.59685611724854
1036,232.8,6.61921405792236
1037,233.0,32.9168548583984
1038,233.2,53.1049766540527
1039,233.3,21.8099555969238
1040,233.5,6.73921394348145
1041,233.8,8.69799137115479
1042,233.9,9.5103931427002
1043,234.1,30.9603500366211
1044,234.2,27.012228012085
1045,234.4,9.75650691986084
1046,234.6,2.95772933959961
1047,234.8,14.79563331604
1048,235.0,71.8943252563477
1049,235.1,54.6501312255859
1050,235.2,58.1365928649902
1051,235.4,5.86672496795654
1052,235.6,5.71563339233398
1053,235.8,9.20995616912842
1054,236.0,30.5203495025635
1055,236.2,57.4171180725098
1056,236.3,20.1400871276855
1057,236.4,14.9449777603149
1058,236.7,8.00192165374756
1059,236.9,39.005241394043
1060,237.1,189.413101196289
1061,237.2,81.7006149291992
1062,237.3,36.5563316345215
1063,237.5,6.76978158950806
1064,237.7,15.478253364563
1065,237.8,11.525239944458
1066,238.0,39.8118782043457
1067,238.1,31.5158081054688
1068,238.3,98.146728515625
1069,238.4,16.0695190429688
1070,238.5,11.5289087295532
1071,238.8,13.3449783325195
1072,239.0,52.0810470581055
1073,239.2,114.735198974609
1074,239.3,68.9016571044922
1075,239.4,17.1378173828125
1076,239.7,5.72733640670776
1077,239.9,12.8859386444092
1078,240.0,12.5247163772583
1079,240.2,31.1945858001709
1080,240.3,13.7549343109131
1081,240.4,11.2641048431396
1082,240.7,6.55213975906372
1083,240.8,6.87685585021973
1084,241.0,25.5416603088379
1085,241.2,31.565938949585
1086,241.3,14.9994764328003
1087,241.6,4.84157228469849
1088,241.8,6.52087354660034
1089,242.0,11.3135366439819
1090,242.2,15.4055891036987
1091,242.3,9.46445369720459
1092,242.6,4.76978158950806
1093,242.8,7.3617467880249
1094,243.0,15.4398250579834
1095,243.2,24.894847869873
1096,243.3,13.6214847564697
1097,243.5,2.95982527732849
1098,243.7,4.86620092391968
1099,243.9,8.39755439758301
1100,244.1,13.2499561309814
1101,244.3,14.4826202392578
1102,244.4,4.16454172134399
1103,244.6,5.33327531814575
1104,244.8,6.86724901199341
1105,245.0,16.3727512359619
1106,245.2,26.1313533782959
1107,245.3,16.4192142486572
1108,245.5,5.73694324493408
1109,245.8,6.49362468719482
1110,246.0,12.7641925811768
1111,246.2,18.0469875335693
1112,246.3,12.8971176147461
1113,246.5,3.65275120735168
1114,246.7,7.27580785751343
1115,246.9,22.1710052490234
1116,247.0,22.9524898529053
1117,247.1,49.560173034668
1118,247.3,13.7519655227661
1119,247.4,9.67231464385986
1120,247.7,6.17799139022827
1121,247.8,4.67842817306519
1122,248.0,19.9062004089355
1123,248.1,12.9842796325684
1124,248.2,17.0971183776855
1125,248.4,3.20716166496277
1126,248.6,4.98847150802612
1127,248.8,17.7765941619873
1128,249.0,350.427612304688
1129,249.1,197.494323730469
1130,249.3,9.39982509613037
1131,249.5,2.07004356384277
1132,249.7,8.28244495391846
1133,249.9,49.5680351257324
1134,250.0,54.7233200073242
1135,250.1,88.8534469604492
1136,250.3,18.8478603363037
1137,250.6,6.01362466812134
1138,250.8,13.1442794799805
1139,250.9,58.630916595459
1140,251.1,682.145141601563
1141,251.2,36.8363304138184
1142,251.3,7.86165952682495
1143,251.6,3.16873359680176
1144,251.7,3.20576429367065
1145,251.9,44.5940628051758
1146,252.1,159.264801025391
1147,252.2,59.7088203430176
1148,252.3,47.7269859313965
1149,252.5,3.33292579650879
1150,252.7,5.58777284622192
1151,252.9,54.9126625061035
1152,253.0,341.854675292969
1153,253.1,511.8974609375
1154,253.3,18.5769424438477
1155,253.4,5.66113519668579
1156,253.6,1.66253280639648
1157,253.8,13.9357204437256
1158,254.0,111.256942749023
1159,254.1,95.601921081543
1160,254.2,62.3898696899414
1161,254.4,5.29886484146118
1162,254.6,4.82131004333496
1163,254.8,16.3577289581299
1164,255.0,93.021484375
1165,255.1,65.8882064819336
1166,255.2,41.8410491943359
1167,255.4,2.84209609031677
1168,255.6,4.12541484832764
1169,255.8,10.0672492980957
1170,256.0,26.0333633422852
1171,256.1,18.4476852416992
1172,256.2,29.7077732086182
1173,256.4,9.32104778289795
1174,256.7,5.1065502166748
1175,256.9,11.1921396255493
1176,257.0,11.8660259246826
1177,257.2,47.3708305358887
1178,257.3,37.6141471862793
1179,257.4,13.2141485214233
1180,257.6,2.68855905532837
1181,257.8,5.21344995498657
1182,257.9,4.13240194320679
1183,258.1,14.1682100296021
1184,258.2,11.5198249816895
1185,258.3,16.6782531738281
1186,258.5,6.51126623153687
1187,258.8,6.91772937774658
1188,258.9,6.24244546890259
1189,259.1,19.4408740997314
1190,259.2,21.5240173339844
1191,259.4,7.70585155487061
1192,259.5,7.25082969665527
1193,259.8,6.90882110595703
1194,260.0,12.1489953994751
1195,260.1,8.52314376831055
1196,260.3,15.4786024093628
1197,260.4,5.31930112838745
1198,260.6,6.7979040145874
1199,260.8,7.85310029983521
1200,261.0,17.2917022705078
1201,261.2,24.7996501922607
1202,261.3,10.6810483932495
1203,261.4,11.4242792129517
1204,261.6,5.820960521698
1205,261.9,7.15161561965942
1206,262.1,12.1041049957275
1207,262.3,15.2440176010132
1208,262.4,8.86358070373535
1209,262.6,3.86288213729858
1210,262.8,11.9425325393677
1211,263.0,48.1917915344238
1212,263.1,64.7603530883789
1213,263.3,15.0871620178223
1214,263.4,10.5215721130371
1215,263.7,6.22445392608643
1216,263.9,12.2873363494873
1217,264.0,12.8293447494507
1218,264.2,33.0069885253906
1219,264.3,18.5348472595215
1220,264.6,5.21729278564453
1221,264.8,10.215371131897
1222,265.0,311.876342773438
1223,265.1,468.226379394531
1224,265.3,5.38410472869873
1225,265.4,3.20820951461792
1226,265.7,5.32576417922974
1227,265.8,10.4096069335938
1228,266.0,99.4983444213867
1229,266.1,96.6782531738281
1230,266.2,96.3683853149414
1231,266.4,15.2104806900024
1232,266.6,2.14602613449097
1233,266.8,15.5816593170166
1234,267.0,638.15771484375
1235,267.1,1342.61535644531
1236,267.2,103.181831359863
1237,267.4,3.33152842521667
1238,267.6,1.25292575359344
1239,267.8,14.4183406829834
1240,268.0,274.730651855469
1241,268.1,320.573791503906
1242,268.3,12.8426198959351
1243,268.5,2.22497820854187
1244,268.7,5.86270761489868
1245,268.9,52.0422706604004
1246,269.1,426.599304199219
1247,269.2,76.3851547241211
1248,269.3,11.2841920852661
1249,269.5,1.07231438159943
1250,269.7,5.25903940200806
1251,269.8,9.18847179412842
1252,270.0,58.8503074645996
1253,270.1,43.807861328125
1254,270.2,39.2637557983398
1255,270.4,6.14742374420166
1256,270.7,6.75842809677124
1257,270.9,25.630916595459
1258,271.1,57.3327522277832
1259,271.2,38.5633201599121
1260,271.4,5.95965051651001
1261,271.6,5.12331867218018
1262,271.7,3.13414835929871
1263,271.9,10.6249780654907
1264,272.1,18.8869876861572
1265,272.3,16.2653274536133
1266,272.4,4.79301309585571
1267,272.6,5.7126636505127
1268,272.8,7.19371175765991
1269,273.0,13.7580785751343
1270,273.2,20.5432319641113
1271,273.3,14.587423324585
1272,273.5,3.5007860660553
1273,273.7,6.31860256195068
1274,273.9,11.9327507019043
1275,274.0,9.80279445648193
1276,274.2,25.5673370361328
1277,274.3,18.3998260498047
1278,274.5,6.4572925567627
1279,274.7,11.1444540023804
1280,274.8,5.61082983016968
1281,275.0,14.9751968383789
1282,275.2,23.298864364624
1283,275.3,17.3893451690674
1284,275.6,8.1416597366333
1285,275.8,6.69938850402832
1286,276.0,10.0279474258423
1287,276.2,14.7619209289551
1288,276.3,6.03161573410034
1289,276.4,9.75388622283936
1290,276.7,7.40995645523071
1291,276.9,13.7219209671021
1292,277.0,10.9184284210205
1293,277.2,27.7084712982178
1294,277.3,20.984977722168
1295,277.5,8.22550201416016
1296,277.8,6.97956323623657
1297,278.0,13.4197378158569
1298,278.2,25.0854148864746
1299,278.3,20.4925765991211
1300,278.5,8.76331901550293
1301,278.8,13.1554584503174
1302,279.0,90.1889953613281
1303,279.1,159.622009277344
1304,279.3,21.6955451965332
1305,279.6,4.8013973236084
1306,279.8,9.54532718658447
1307,280.0,51.8791275024414
1308,280.1,77.6412200927734
1309,280.3,8.8862886428833
1310,280.5,1.68838429450989
1311,280.7,3.25659394264221
1312,280.9,44.4330139160156
1313,281.0,560.54638671875
1314,281.1,6045.5576171875
1315,281.3,7.43912649154663
1316,281.4,1.59877729415894
1317,281.7,3.32087326049805
1318,281.9,31.5524883270264
1319,282.1,1741.78442382813
1320,282.2,121.62287902832
1321,282.4,3.47318768501282
1322,282.6,1.45135366916656
1323,282.8,10.8263759613037
1324,283.0,328.398773193359
1325,283.1,1312.40197753906
1326,283.3,7.75720500946045
1327,283.4,3.10882091522217
1328,283.6,0.999301314353943
1329,283.8,8.44995594024658
1330,284.0,131.009262084961
1331,284.1,182.4033203125
1332,284.2,93.0742340087891
1333,284.4,4.29746723175049
1334,284.7,5.79598236083984
1335,284.8,7.55336236953735
1336,285.0,88.3717041015625
1337,285.1,140.481216430664
1338,285.3,16.1439304351807
1339,285.5,2.01694321632385
1340,285.7,5.28017473220825
1341,285.9,18.8006992340088
1342,286.1,33.1243667602539
1343,286.2,26.7399120330811
1344,286.4,4.9060263633728
1345,286.6,6.12803506851196
1346,286.8,9.44262027740479
1347,287.0,24.3086471557617
1348,287.2,32.4691696166992
1349,287.3,10.781135559082
1350,287.4,8.9079475402832
1351,287.7,4.83423566818237
1352,287.8,3.4006986618042
1353,288.0,10.0957202911377
1354,288.2,14.8824453353882
1355,288.3,11.1984281539917
1356,288.5,3.83912658691406
1357,288.7,5.6010479927063
1358,288.8,4.06899547576904
1359,289.0,11.641921043396
1360,289.1,8.96978187561035
1361,289.3,18.3222713470459
1362,289.4,11.1301307678223
1363,289.7,5.48646306991577
1364,289.8,2.87493443489075
1365,290.0,8.28558921813965
1366,290.2,12.5172052383423
1367,290.3,11.4642791748047
1368,290.5,7.09292554855347
1369,290.7,3.4248034954071
1370,290.9,10.0730133056641
1371,291.1,19.80908203125
1372,291.2,11.1886463165283
1373,291.3,19.0827941894531
1374,291.5,8.94794750213623
1375,291.8,5.72663736343384
1376,292.0,9.76401710510254
1377,292.2,20.3811359405518
1378,292.3,12.109694480896
1379,292.4,15.3114414215088
1380,292.6,3.95266366004944
1381,292.8,11.8099565505981
1382,292.9,13.6951961517334
1383,293.1,41.6199111938477
1384,293.2,31.3072490692139
1385,293.4,9.12978172302246
1386,293.7,5.57484722137451
1387,293.8,4.65537118911743
1388,294.0,15.8062877655029
1389,294.2,27.7264633178711
1390,294.3,31.0487327575684
1391,294.5,8.1807861328125
1392,294.8,6.61100435256958
1393,295.0,121.954063415527
1394,295.1,610.4677734375
1395,295.3,38.5407867431641
1396,295.4,6.55318784713745
1397,295.6,1.4604367017746
1398,295.8,6.9060263633728
1399,296.0,87.9551086425781
1400,296.1,199.345855712891
1401,296.3,28.1006107330322
1402,296.5,3.5993013381958
1403,296.7,5.37607002258301
1404,296.9,29.0759830474854
1405,297.1,154.542526245117
1406,297.2,61.3891716003418
1407,297.3,20.1587772369385
1408,297.5,4.21065521240234
1409,297.8,9.29572010040283
1410,298.0,34.7219200134277
1411,298.2,41.0391273498535
1412,298.3,16.7598247528076
1413,298.5,6.55947589874268
1414,298.7,4.33729267120361
1415,298.9,22.703929901123
1416,299.1,46.2204360961914
1417,299.2,20.3758945465088
1418,299.3,14.6892576217651
1419,299.5,2.81659388542175
1420,299.7,5.12541484832764
1421,299.9,10.7662878036499
1422,300.0,8.22794723510742
1423,300.2,17.9544105529785
1424,300.3,10.9802618026733
1425,300.5,5.77100419998169
1426,300.8,7.05694341659546
1427,301.0,13.2216596603394
1428,301.1,9.81869029998779
1429,301.3,15.6693449020386
1430,301.4,8.29921436309814
1431,301.7,4.76104784011841
1432,301.9,6.47371196746826
1433,302.0,4.44279479980469
1434,302.2,11.2094326019287
1435,302.3,5.94393014907837
1436,302.4,8.35772895812988
1437,302.6,2.48663759231567
1438,302.8,6.93432331085205
1439,303.0,11.8592138290405
1440,303.2,17.1746730804443
1441,303.3,13.0096073150635
1442,303.5,4.83388662338257
1443,303.6,5.69537115097046
1444,303.8,2.96611356735229
1445,304.0,10.3640174865723
1446,304.1,6.32279491424561
1447,304.2,15.2419214248657
1448,304.4,10.7734498977661
1449,304.7,7.3972053527832
1450,304.9,10.7082967758179
1451,305.1,17.1551094055176
1452,305.3,18.9944095611572
1453,305.4,13.6838426589966
1454,305.7,6.33414840698242
1455,305.9,7.54096078872681
1456,306.1,15.7930135726929
1457,306.2,10.13170337677
1458,306.4,19.2808742523193
1459,306.6,11.1954584121704
1460,306.7,4.17449760437012
1461,306.9,14.2775545120239
1462,307.0,10.8511791229248
1463,307.2,24.8296947479248
1464,307.3,8.94497776031494
1465,307.4,9.7586030960083
1466,307.6,2.74393010139465
1467,307.8,7.32593870162964
1468,308.0,11.7874231338501
1469,308.2,21.4172916412354
1470,308.4,31.4536247253418
1471,308.5,8.43091678619385
1472,308.7,9.8188648223877
1473,308.9,27.0763320922852
1474,309.0,25.7400875091553
1475,309.2,59.0548477172852
1476,309.3,50.6939735412598
1477,309.5,11.5117902755737
1478,309.8,9.40209579467773
1479,310.0,16.7462005615234
1480,310.1,12.5510921478271
1481,310.2,19.9783401489258
1482,310.4,10.8413972854614
1483,310.6,3.32873368263245
1484,310.8,21.5114402770996
1485,311.0,131.356155395508
1486,311.1,123.366287231445
1487,311.3,9.95318794250488
1488,311.5,2.14480352401733
1489,311.7,7.74882078170776
1490,311.9,29.9909172058105
1491,312.1,49.665153503418
1492,312.2,26.8426208496094
1493,312.4,3.11999988555908
1494,312.6,4.64978170394897
1495,312.8,14.1301307678223
1496,313.0,160.526992797852
1497,313.1,166.271789550781
1498,313.3,9.43004322052002
1499,313.5,1.60960698127747
1500,313.7,6.54934501647949
1501,313.8,9.89886474609375
1502,314.0,50.3619232177734
1503,314.1,38.8730125427246
1504,314.2,31.2045421600342
1505,314.4,6.3086462020874
1506,314.6,2.93187761306763
1507,314.8,12.3958082199097
1508,315.0,32.4960708618164
1509,315.1,38.1799125671387
1510,315.3,8.97746753692627
1511,315.4,8.39842796325684
1512,315.7,5.71650648117065
1513,315.9,9.29764175415039
1514,316.1,13.8083839416504
1515,316.2,7.64436674118042
1516,316.4,10.2248039245605
1517,316.6,6.55668115615845
1518,316.8,6.22061157226563
1519,316.9,4.47737979888916
1520,317.1,12.3537120819092
1521,317.2,6.91406106948853
1522,317.4,12.0529260635376
1523,317.5,4.92838430404663
1524,317.7,5.48069858551025
1525,317.8,2.84244537353516
1526,318.0,6.43283843994141
1527,318.1,4.17397403717041
1528,318.3,11.1804370880127
1529,318.4,8.98043632507324
1530,318.7,5.77013111114502
1531,318.9,6.84209585189819
1532,319.1,11.477728843689
1533,319.3,15.8665504455566
1534,319.4,12.9407863616943
1535,319.6,5.93065500259399
1536,319.9,6.97275114059448
1537,320.1,11.7193012237549
1538,320.3,16.8248043060303
1539,320.4,8.75685596466064
1540,320.5,10.5944108963013
1541,320.8,8.70148468017578
1542,321.0,13.175196647644
1543,321.2,17.6270732879639
1544,321.3,6.48157215118408
1545,321.4,9.59737968444824
1546,321.6,2.86288213729858
1547,321.8,6.36820983886719
1548,322.0,8.25397396087646
1549,322.1,8.21082973480225
1550,322.3,21.0443668365479
1551,322.4,22.2260265350342
1552,322.7,12.8531007766724
1553,322.9,36.3322257995605
1554,323.0,38.9591255187988
1555,323.1,72.717903137207
1556,323.3,42.7142372131348
1557,323.5,7.56593894958496
1558,323.7,9.12366771697998
1559,323.9,18.0829696655273
1560,324.0,14.383581161499
1561,324.1,27.2595634460449
1562,324.3,11.3357200622559
1563,324.6,5.87633180618286
1564,324.7,4.1065502166748
1565,324.9,86.3041076660156
1566,325.1,493.457305908203
1567,325.2,40.8924026489258
1568,325.4,3.99266386032104
1569,325.7,5.9453272819519
1570,325.9,56.8083839416504
1571,326.1,144.924011230469
1572,326.2,38.4239311218262
1573,326.5,2.6153712272644
1574,326.7,7.01187753677368
1575,326.8,9.87563323974609
1576,327.0,846.41552734375
1577,327.1,973.073181152344
1578,327.3,3.85729265213013
1579,327.4,2.97764182090759
1580,327.7,3.82829689979553
1581,327.8,6.90235805511475
1582,328.0,290.895721435547
1583,328.1,302.070922851563
1584,328.3,8.32908344268799
1585,328.5,1.82969427108765
1586,328.7,6.55947589874268
1587,328.9,75.5612258911133
1588,329.0,135.743057250977
1589,329.1,184.728912353516
1590,329.3,8.45152854919434
1591,329.5,2.4024453163147
1592,329.7,6.19371175765991
1593,329.8,10.9353713989258
1594,330.0,46.8803482055664
1595,330.1,49.9098701477051
1596,330.3,14.2253274917603
1597,330.6,6.49362468719482
1598,330.8,11.262882232666
1599,331.0,21.2944984436035
1600,331.2,27.4557209014893
1601,331.3,13.2265501022339
1602,331.5,4.27790403366089
1603,331.7,6.34515285491943
1604,331.9,7.37851524353027
1605,332.1,9.65013122558594
1606,332.2,6.34096050262451
1607,332.4,10.1666374206543
1608,332.5,7.19807863235474
1609,332.8,5.58620071411133
1610,333.0,8.41799163818359
1611,333.2,14.7772922515869
1612,333.4,13.861834526062
1613,333.5,5.98759841918945
1614,333.6,6.5283842086792
1615,333.8,3.67144107818604
1616,334.0,9.15336227416992
1617,334.2,17.3037548065186
1618,334.3,10.1516160964966
1619,334.5,17.1579036712646
1620,334.7,10.1758947372437
1621,334.9,9.04017448425293
1622,335.0,4.7783408164978
1623,335.2,11.5711793899536
1624,335.3,6.02689933776855
1625,335.4,10.4838428497314
1626,335.7,6.33222723007202
1627,335.9,6.18986892700195
1628,336.1,10.7568559646606
1629,336.3,20.6620082855225
1630,336.5,23.7799129486084
1631,336.7,9.58270740509033
1632,336.8,4.41013097763062
1633,337.0,13.5189523696899
1634,337.2,22.6005249023438
1635,337.4,39.8384284973145
1636,337.5,13.9203491210938
1637,337.6,8.50759792327881
1638,337.8,4.12803506851196
1639,338.0,8.43039321899414
1640,338.2,12.5680351257324
1641,338.3,6.4326639175415
1642,338.4,11.8761568069458
1643,338.7,8.65502166748047
1644,338.9,50.1935386657715
1645,339.1,142.991088867188
1646,339.2,54.6272506713867
1647,339.4,3.76873373985291
1648,339.6,4.94061136245728
1649,339.8,12.5933628082275
1650,339.9,17.5074234008789
1651,340.1,59.303581237793
1652,340.2,22.0204372406006
1653,340.4,1.34864628314972
1654,340.6,3.41170310974121
1655,340.8,12.3996505737305
1656,341.0,507.23876953125
1657,341.1,1916.28369140625
1658,341.2,111.673889160156
1659,341.4,3.39318776130676
1660,341.7,4.13344955444336
1661,341.9,35.6438446044922
1662,342.0,238.636688232422
1663,342.1,638.926452636719
1664,342.3,11.262357711792
1665,342.6,3.5993013381958
1666,342.7,3.11510920524597
1667,342.9,46.8730125427246
1668,343.0,194.047866821289
1669,343.1,411.639312744141
1670,343.3,9.64419174194336
1671,343.6,2.64943242073059
1672,343.8,13.8293447494507
1673,343.9,28.4089088439941
1674,344.1,114.823753356934
1675,344.2,50.4377288818359
1676,344.4,7.9432315826416
1677,344.7,7.24646282196045
1678,344.9,26.0924015045166
1679,345.1,62.1650657653809
1680,345.2,41.7138862609863
1681,345.4,7.14497804641724
1682,345.5,6.15353727340698
1683,345.8,8.37676811218262
1684,346.0,14.3647165298462
1685,346.2,19.6934490203857
1686,346.3,13.6822710037231
1687,346.6,6.25100421905518
1688,346.7,2.76960706710815
1689,346.9,8.51668167114258
1690,347.1,15.2108297348022
1691,347.3,17.9250659942627
1692,347.4,12.6300439834595
1693,347.6,4.1842794418335
1694,347.8,5.23475980758667
1695,348.0,7.91353702545166
1696,348.2,12.580436706543
1697,348.3,8.71441078186035
1698,348.4,15.4471616744995
1699,348.6,8.83109188079834
1700,348.9,6.12087345123291
1701,349.1,9.48104763031006
1702,349.3,10.7882966995239
1703,349.5,9.23388671875
1704,349.7,6.0193886756897
1705,349.9,5.48489093780518
1706,350.1,8.50270748138428
1707,350.3,15.4616594314575
1708,350.5,21.4017467498779
1709,350.6,9.54759788513184
1710,350.8,2.71842789649963
1711,351.0,8.60157203674316
1712,351.1,5.57030582427979
1713,351.3,23.211877822876
1714,351.4,32.5631446838379
1715,351.6,9.08052444458008
1716,351.8,2.84838438034058
1717,352.0,6.3315281867981
1718,352.1,4.51895189285278
1719,352.3,12.207859992981
1720,352.4,7.75266361236572
1721,352.5,11.8370304107666
1722,352.7,4.76349353790283
1723,352.9,21.7549343109131
1724,353.1,48.2447166442871
1725,353.2,33.5390396118164
1726,353.4,8.42794799804688
1727,353.7,6.15213966369629
1728,353.8,6.33921384811401
1729,354.0,27.2158946990967
1730,354.1,23.3694324493408
1731,354.3,4.51510906219482
1732,354.6,2.337641954422
1733,354.8,9.7126636505127
1734,355.0,242.053970336914
1735,355.1,2351.51538085938
1736,355.3,14.8894319534302
1737,355.6,2.63685584068298
1738,355.8,6.54026222229004
1739,355.9,18.7252407073975
1740,356.1,768.785522460938
1741,356.2,162.886642456055
1742,356.4,4.07790374755859
1743,356.7,4.04995632171631
1744,356.9,31.3179035186768
1745,357.1,578.531555175781
1746,357.2,172.802276611328
1747,357.4,4.44419193267822
1748,357.7,2.87528395652771
1749,357.8,6.56698703765869
1750,358.0,82.0050659179688
1751,358.1,140.104629516602
1752,358.3,15.3503932952881
1753,358.4,8.08995628356934
1754,358.6,2.44960689544678
1755,358.8,10.8466377258301
1756,359.0,48.0889091491699
1757,359.1,66.1145858764648
1758,359.3,16.2810478210449
1759,359.4,9.87947559356689
1760,359.7,6.01205253601074
1761,359.8,4.73729276657104
1762,360.0,14.2379035949707
1763,360.2,20.5795631408691
1764,360.3,12.9145851135254
1765,360.5,7.0904803276062
1766,360.8,6.68820953369141
1767,361.0,11.1350221633911
1768,361.2,15.7620964050293
1769,361.4,14.5046291351318
1770,361.5,8.98393058776855
1771,361.8,5.75074243545532
1772,362.0,6.74847173690796
1773,362.2,11.4925765991211
1774,362.4,13.6260261535645
1775,362.5,12.7475986480713
1776,362.7,3.34358072280884
1777,362.9,6.2731876373291
1778,363.1,7.6702184677124
1779,363.3,10.6179914474487
1780,363.5,8.17257595062256
1781,363.7,5.83388662338257
1782,363.9,5.22323131561279
1783,364.0,3.34183406829834
1784,364.2,11.5533628463745
1785,364.4,20.3351974487305
1786,364.5,9.62934494018555
1787,364.6,9.51021862030029
1788,364.9,7.21938848495483
1789,365.0,4.79598236083984
1790,365.2,14.1484718322754
1791,365.4,28.4408740997314
1792,365.5,20.1788654327393
1793,365.7,6.06096076965332
1794,365.9,2.77240180969238
1795,366.1,7.42777299880981
1796,366.3,12.0279474258423
1797,366.5,14.8441925048828
1798,366.7,10.2239303588867
1799,366.8,7.13013076782227
1800,367.0,22.3699569702148
1801,367.1,14.237380027771
1802,367.2,20.6925773620605
1803,367.4,8.36925792694092
1804,367.6,3.08943223953247
1805,367.8,7.37868976593018
1806,367.9,6.08943223953247
1807,368.1,14.5336246490479
1808,368.2,11.0501308441162
1809,368.4,5.43877744674683
1810,368.6,2.05938863754272
1811,368.8,10.2890825271606
1812,368.9,23.391092300415
1813,369.1,203.292221069336
1814,369.2,92.1336212158203
1815,369.4,5.46794748306274
1816,369.7,5.04384279251099
1817,369.9,24.5058517456055
1818,370.1,70.5888214111328
1819,370.2,36.8616600036621
1820,370.3,21.8829689025879
1821,370.5,8.49886417388916
1822,370.8,15.6782531738281
1823,371.0,93.2078628540039
1824,371.1,67.1337966918945
1825,371.2,52.2447166442871
1826,371.4,7.07021856307983
1827,371.7,8.78096103668213
1828,371.8,9.16541481018066
1829,372.0,36.8831443786621
1830,372.2,39.0988655090332
1831,372.3,14.5158081054688
1832,372.6,7.95720529556274
1833,372.7,5.64820957183838
1834,372.9,27.1734504699707
1835,373.1,52.8602638244629
1836,373.2,21.6845417022705
1837,373.3,15.6854152679443
1838,373.6,6.2569432258606
1839,373.8,9.85746765136719
1840,373.9,7.78951978683472
1841,374.1,20.8698692321777
1842,374.2,16.2139739990234
1843,374.5,8.49362468719482
1844,374.7,7.03388643264771
1845,374.9,9.69799137115479
1846,375.1,13.933798789978
1847,375.3,15.7680349349976
1848,375.5,11.4976415634155
1849,375.6,7.88960695266724
1850,375.9,5.6172924041748
1851,376.1,8.92296981811523
1852,376.3,14.3996505737305
1853,376.5,12.9282093048096
1854,376.6,4.44925785064697
1855,376.8,6.03668117523193
1856,377.0,6.0352840423584
1857,377.2,9.34724903106689
1858,377.3,5.06934499740601
1859,377.5,7.9273362159729
1860,377.6,5.85327529907227
1861,377.8,2.93327522277832
1862,378.0,6.68157196044922
1863,378.2,10.8721399307251
1864,378.3,10.2990388870239
1865,378.5,20.7594757080078
1866,378.6,10.5311794281006
1867,378.8,3.87283849716187
1868,379.0,8.24471569061279
1869,379.2,12.4558954238892
1870,379.4,27.2464637756348
1871,379.5,14.59144115448
1872,379.6,12.4971179962158
1873,379.9,5.96943235397339
1874,380.1,7.80296945571899
1875,380.3,11.9549341201782
1876,380.5,13.1004362106323
1877,380.7,8.7444543838501
1878,380.9,10.9252405166626
1879,381.0,7.63965082168579
1880,381.2,15.6433191299438
1881,381.4,10.8480348587036
1882,381.5,3.99790382385254
1883,381.7,5.40122270584106
1884,381.9,7.67650651931763
1885,382.1,9.55179023742676
1886,382.3,10.2719650268555
1887,382.5,6.07336235046387
1888,382.7,10.8368558883667
1889,382.8,11.4609603881836
1890,383.0,50.2834930419922
1891,383.1,49.6181640625
1892,383.3,12.0618343353271
1893,383.5,2.34794759750366
1894,383.7,8.17187786102295
1895,383.9,18.5834064483643
1896,384.1,25.3290824890137
1897,384.2,14.7014846801758
1898,384.5,4.79685592651367
1899,384.6,2.14026212692261
1900,384.8,21.0424461364746
1901,385.0,161.179565429688
1902,385.1,158.073883056641
1903,385.3,9.09082984924316
1904,385.4,4.32366800308228
1905,385.7,7.76454162597656
1906,385.8,12.9598255157471
1907,386.0,60.204891204834
1908,386.1,63.7760696411133
1909,386.3,11.4448909759521
1910,386.6,3.95842790603638
1911,386.8,16.262882232666
1912,387.0,265.383941650391
1913,387.1,210.85188293457
1914,387.2,78.6183395385742
1915,387.4,3.56349349021912
1916,387.7,6.29938840866089
1917,387.9,47.7751960754395
1918,388.0,58.4948463439941
1919,388.1,107.769256591797
1920,388.3,11.8057641983032
1921,388.5,6.71807861328125
1922,388.7,8.7089958190918
1923,388.8,12.9947595596313
1924,389.0,59.7907409667969
1925,389.1,67.5035781860352
1926,389.3,17.5324020385742
1927,389.5,4.2199125289917
1928,389.7,8.90882110595703
1929,389.9,15.1858510971069
1930,390.1,21.5428829193115
1931,390.2,11.6188650131226
1932,390.4,17.2434940338135
1933,390.5,6.0352840423584
1934,390.7,9.83580780029297
1935,390.8,4.01275110244751
1936,391.0,9.81414890289307
1937,391.2,13.0943231582642
1938,391.4,8.87563323974609
1939,391.5,4.32244539260864
1940,391.7,6.22864627838135
1941,391.9,5.67895174026489
1942,392.0,3.31371188163757
1943,392.2,10.4427947998047
1944,392.3,8.22689914703369
1945,392.5,16.3676853179932
1946,392.6,6.40593910217285
1947,392.7,6.86113548278809
1948,393.0,5.72960710525513
1949,393.2,9.55004405975342
1950,393.4,20.4316158294678
1951,393.5,15.0632314682007
1952,393.6,11.7056770324707
1953,393.8,2.15283846855164
1954,394.0,4.64227056503296
1955,394.2,7.43318796157837
1956,394.3,6.01467227935791
1957,394.5,14.9327507019043
1958,394.6,4.86061143875122
1959,394.8,5.99388647079468
1960,395.0,5.86375522613525
1961,395.2,8.06358051300049
1962,395.4,7.72366809844971
1963,395.5,7.12908315658569
1964,395.7,5.50148487091064
1965,396.0,5.35458517074585
1966,396.2,7.29048013687134
1967,396.3,4.06864643096924
1968,396.5,6.82724905014038
1969,396.7,7.44157218933105
1970,396.9,14.5149345397949
1971,397.0,10.046986579895
1972,397.2,20.6551971435547
1973,397.3,6.80838441848755
1974,397.5,6.9467248916626
1975,397.6,3.09694314002991
1976,397.8,7.09746742248535
1977,398.0,9.90934467315674
1978,398.2,12.0153713226318
1979,398.3,7.4522271156311
1980,398.6,5.72419214248657
1981,398.8,18.944278717041
1982,399.0,124.117202758789
1983,399.1,139.537811279297
1984,399.3,9.87126636505127
1985,399.4,5.85344982147217
1986,399.7,8.49729251861572
1987,399.8,12.507248878479
1988,400.0,54.9565048217773
1989,400.1,55.683666229248
1990,400.3,7.0319652557373
1991,400.4,3.33310031890869
1992,400.6,1.9353711605072
1993,400.8,11.2882099151611
1994,400.9,39.1486473083496
1995,401.1,1052.3720703125
1996,401.2,84.6585159301758
1997,401.4,1.73519647121429
1998,401.6,3.00786018371582
1999,401.8,15.0277729034424
2000,402.0,226.184448242188
2001,402.1,266.522277832031
2002,402.3,9.72733592987061
2003,402.5,3.72489094734192
2004,402.7,7.09240198135376
2005,402.9,61.5133628845215
2006,403.0,106.569953918457
2007,403.1,178.896423339844
2008,403.3,15.3809604644775
2009,403.6,4.84576416015625
2010,403.7,4.98096084594727
2011,403.9,30.9474239349365
2012,404.1,55.6073379516602
2013,404.2,37.7324028015137
2014,404.4,12.1814851760864
2015,404.7,10.7772922515869
2016,404.8,7.58061122894287
2017,405.0,22.5271606445313
2018,405.1,11.4282970428467
2019,405.2,19.2931003570557
2020,405.4,8.29903888702393
2021,405.7,6.65362453460693
2022,405.9,7.66969442367554
2023,406.1,10.6026201248169
2024,406.3,15.9734497070313
2025,406.4,8.63877773284912
2026,406.5,14.4866371154785
2027,406.7,7.50934505462646
2028,407.0,6.02550220489502
2029,407.2,10.1009607315063
2030,407.3,7.33868980407715
2031,407.5,27.0424461364746
2032,407.6,12.2634057998657
2033,407.8,5.72279453277588
2034,408.0,2.86497807502747
2035,408.2,7.8742356300354
2036,408.4,10.051703453064
2037,408.5,15.2649784088135
2038,408.7,6.88908290863037
2039,408.9,2.45694327354431
2040,409.1,6.4717903137207
2041,409.2,3.90637564659119
2042,409.4,7.60786008834839
2043,409.6,6.365065574646
2044,409.8,5.19004344940186
2045,410.0,5.90113544464111
2046,410.2,5.89519643783569
2047,410.4,6.01886463165283
2048,410.6,6.28751087188721
2049,410.8,5.68436670303345
2050,411.0,6.96663761138916
2051,411.1,4.21257638931274
2052,411.3,8.36209583282471
2053,411.5,6.38777303695679
2054,411.6,3.42130994796753
2055,411.8,5.6917028427124
2056,412.0,6.09799146652222
2057,412.2,7.87039279937744
2058,412.4,8.06061172485352
2059,412.5,2.50235795974731
2060,412.7,8.61641883850098
2061,412.9,20.5353717803955
2062,413.0,18.0693454742432
2063,413.2,41.9572067260742
2064,413.3,18.8597373962402
2065,413.5,3.41711783409119
2066,413.7,6.45676851272583
2067,413.8,6.39633178710938
2068,414.0,20.5046291351318
2069,414.2,17.2600879669189
2070,414.3,2.52960705757141
2071,414.5,2.406986951828
2072,414.7,4.14672470092773
2073,414.9,19.2663764953613
2074,415.1,1450.41540527344
2075,415.2,452.940795898438
2076,415.4,4.53397369384766
2077,415.7,3.15790390968323
2078,415.8,3.32943224906921
2079,416.0,156.922439575195
2080,416.1,639.740600585938
2081,416.3,24.6272487640381
2082,416.4,4.64698696136475
2083,416.6,1.31144106388092
2084,416.8,7.27685594558716
2085,417.0,155.378692626953
2086,417.1,409.480529785156
2087,417.3,23.289083480835
2088,417.6,3.47353720664978
2089,417.7,2.52628827095032
2090,417.9,30.4223575592041
2091,418.1,94.4087371826172
2092,418.2,55.006462097168
2093,418.3,35.5259399414063
2094,418.6,6.8883843421936
2095,418.8,12.9830570220947
2096,419.0,31.5540618896484
2097,419.1,22.1425323486328
2098,419.2,34.2476844787598
2099,419.4,10.4403495788574
2100,419.7,6.29344987869263
2101,419.8,3.9563319683075
2102,420.0,11.7020092010498
2103,420.2,15.8986902236938
2104,420.4,18.6836681365967
2105,420.5,7.77152824401855
2106,420.6,11.831615447998
2107,420.8,3.64331889152527
2108,421.0,7.84611368179321
2109,421.2,11.9079475402832
2110,421.4,19.9675102233887
2111,421.5,18.8637561798096
2112,421.7,7.15685606002808
2113,422.0,5.84558963775635
2114,422.2,7.67336225509644
2115,422.4,12.08069896698
2116,422.5,6.87283849716187
2117,422.6,9.06078624725342
2118,422.9,5.58689975738525
2119,423.1,5.6399998664856
2120,423.3,7.22043657302856
2121,423.5,6.60855913162231
2122,423.6,5.89991283416748
2123,423.9,4.57065486907959
2124,424.0,2.12331867218018
2125,424.2,6.40314388275146
2126,424.3,3.01117897033691
2127,424.5,5.99336242675781
2128,424.7,5.64314413070679
2129,424.9,6.1116156578064
2130,425.1,6.96995639801025
2131,425.3,6.49764204025269
2132,425.5,5.7449779510498
2133,425.7,5.5283842086792
2134,425.8,2.59213972091675
2135,426.0,5.16925764083862
2136,426.2,6.32384300231934
2137,426.4,7.43510913848877
2138,426.6,6.7444543838501
2139,426.8,9.79021835327148
2140,427.0,16.2925758361816
2141,427.2,20.3594760894775
2142,427.3,7.52768564224243
2143,427.4,7.7287335395813
2144,427.6,3.15231442451477
2145,427.8,7.80506563186646
2146,428.0,10.7720527648926
2147,428.1,5.86969423294067
2148,428.2,8.69659423828125
2149,428.4,3.24261999130249
2150,428.7,3.46794748306274
2151,428.8,3.9449782371521
2152,429.0,159.187072753906
2153,429.1,576.444519042969
2154,429.3,21.6139736175537
2155,429.6,2.58270740509033
2156,429.8,7.35493469238281
2157,430.0,114.454322814941
2158,430.1,224.184097290039
2159,430.3,30.185676574707
2160,430.6,3.79283833503723
2161,430.7,2.39004373550415
2162,430.9,29.5381660461426
2163,431.0,69.6387786865234
2164,431.1,198.981658935547
2165,431.3,26.1467247009277
2166,431.4,7.62165927886963
2167,431.6,2.2440173625946
2168,431.8,10.2186899185181
2169,432.0,41.8953704833984
2170,432.2,62.6950225830078
2171,432.3,19.8064632415771
2172,432.4,14.0452404022217
2173,432.7,9.5460262298584
2174,432.9,17.7364196777344
2175,433.0,14.3816595077515
2176,433.2,34.170654296875
2177,433.3,18.511266708374
2178,433.6,7.56489086151123
2179,433.8,6.93048048019409
2180,433.9,4.06777286529541
2181,434.1,11.5219211578369
2182,434.3,15.6241044998169
2183,434.5,15.6930999755859
2184,434.7,10.4099559783936
2185,434.8,2.92925763130188
2186,435.0,6.52279472351074
2187,435.2,10.4333620071411
2188,435.4,17.8274230957031
2189,435.5,11.471266746521
2190,435.6,14.7124891281128
2191,435.8,5.08244562149048
2192,436.1,5.28000020980835
2193,436.3,8.35912704467773
2194,436.5,12.2162446975708
2195,436.6,9.92751121520996
2196,436.9,5.13781642913818
2197,437.1,5.51510906219482
2198,437.3,6.27807855606079
2199,437.5,7.31545829772949
2200,437.6,2.6817467212677
2201,437.8,4.2038426399231
2202,438.0,4.63703060150146
2203,438.2,5.51179027557373
2204,438.4,5.87668132781982
2205,438.6,5.92646265029907
2206,438.8,5.4326639175415
2207,439.0,5.72558975219727
2208,439.2,7.00087356567383
2209,439.3,4.09624433517456
2210,439.5,5.84366798400879
2211,439.7,5.61467266082764
2212,439.9,4.79021835327148
2213,440.1,5.52384281158447
2214,440.2,3.49851536750793
2215,440.4,6.77484703063965
2216,440.6,5.86462879180908
2217,440.8,7.15685606002808
2218,441.0,10.4616594314575
2219,441.2,11.4992141723633
2220,441.3,4.93240165710449
2221,441.5,6.53991270065308
2222,441.7,5.98375558853149
2223,441.8,2.65537118911743
2224,442.0,8.33868980407715
2225,442.2,8.68873405456543
2226,442.3,8.10777282714844
2227,442.6,7.86113548278809
2228,442.8,12.9879474639893
2229,443.0,24.8366813659668
2230,443.2,27.6803493499756
2231,443.3,13.6195631027222
2232,443.5,3.50707411766052
2233,443.7,6.71895217895508
2234,443.9,11.2310914993286
2235,444.1,14.3739738464355
2236,444.3,12.1025323867798
2237,444.5,6.51126623153687
2238,444.6,3.99930119514465
2239,444.8,20.5020084381104
2240,445.0,53.8965950012207
2241,445.2,57.6724891662598
2242,445.3,18.7701301574707
2243,445.6,7.64349365234375
2244,445.8,13.5863752365112
2245,445.9,12.5867252349854
2246,446.1,27.0892581939697
2247,446.2,26.1863746643066
2248,446.5,10.4648036956787
2249,446.7,12.9014844894409
2250,446.9,36.6228828430176
2251,447.1,65.0843658447266
2252,447.2,38.5886459350586
2253,447.4,4.86567687988281
2254,447.6,7.20890808105469
2255,447.7,5.43493461608887
2256,447.9,18.0862884521484
2257,448.1,27.1261138916016
2258,448.2,28.1229686737061
2259,448.5,14.0476856231689
2260,448.7,12.3739738464355
2261,448.9,13.2939739227295
2262,449.0,7.64820957183838
2263,449.2,19.2593879699707
2264,449.3,8.82096099853516
2265,449.5,19.4890823364258
2266,449.6,14.1009607315063
2267,449.8,8.45205211639404
2268,450.1,7.75406122207642
2269,450.2,4.5832314491272
2270,450.4,10.467248916626
2271,450.6,10.7105674743652
2272,450.7,7.47458505630493
2273,451.0,5.84611368179321
2274,451.2,6.27406120300293
2275,451.4,6.46951961517334
2276,451.6,6.26742362976074
2277,451.7,5.52419233322144
2278,452.0,5.48541498184204
2279,452.2,5.74200868606567
2280,452.4,6.86864614486694
2281,452.6,6.57554578781128
2282,452.8,6.39633178710938
2283,453.0,5.17711782455444
2284,453.1,3.22986888885498
2285,453.3,6.868821144104
2286,453.4,3.55493450164795
2287,453.6,5.38497829437256
2288,453.8,4.77379894256592
2289,453.9,4.42323160171509
2290,454.2,5.84489059448242
2291,454.3,3.19161581993103
2292,454.5,5.7462010383606
2293,454.7,5.79580783843994
2294,454.9,6.41606998443604
2295,455.1,6.11650657653809
2296,455.3,6.49362468719482
2297,455.4,2.89799118041992
2298,455.6,5.25799131393433
2299,455.7,2.4894323348999
2300,455.9,5.1278600692749
2301,456.1,5.75930118560791
2302,456.3,7.41886472702026
2303,456.5,6.94375562667847
2304,456.7,7.84663772583008
2305,456.8,4.61257648468018
2306,457.0,15.2784280776978
2307,457.1,7.33135366439819
2308,457.2,12.3222703933716
2309,457.5,6.72296953201294
2310,457.7,7.23510932922363
2311,457.9,8.12209606170654
2312,458.0,4.40331888198853
2313,458.1,9.89537143707275
2314,458.3,7.84209585189819
2315,458.6,7.53589534759521
2316,458.8,21.1521396636963
2317,458.9,23.2005233764648
2318,459.1,72.2985153198242
2319,459.2,39.7137107849121
2320,459.4,9.31650638580322
2321,459.7,9.52925777435303
2322,459.9,24.6579914093018
2323,460.1,32.3072471618652
2324,460.2,12.9842796325684
2325,460.3,11.6206111907959
2326,460.5,2.2634060382843
2327,460.7,4.84593868255615
2328,460.8,7.37676858901978
2329,461.0,189.991439819336
2330,461.1,338.780609130859
2331,461.3,23.2660255432129
2332,461.6,3.9530131816864
2333,461.8,13.839301109314
2334,462.0,100.191444396973
2335,462.1,137.975021362305
2336,462.3,25.7952842712402
2337,462.6,8.73537158966064
2338,462.8,19.8693447113037
2339,463.0,67.6808700561523
2340,463.1,84.8742370605469
2341,463.3,32.2810478210449
2342,463.5,7.38777303695679
2343,463.7,12.6340608596802
2344,463.8,8.73100471496582
2345,464.0,23.2641048431396
2346,464.1,12.3984279632568
2347,464.2,22.6403484344482
2348,464.5,12.3407859802246
2349,464.6,10.6478605270386
2350,464.9,10.9418344497681
2351,465.1,12.2901306152344
2352,465.3,10.8365068435669
2353,465.4,6.7676854133606
2354,465.6,2.81991267204285
2355,465.8,5.63930130004883
2356,465.9,3.28192138671875
2357,466.1,6.23336267471313
2358,466.2,3.60034942626953
2359,466.4,6.31737995147705
2360,466.5,5.14061117172241
2361,466.7,2.99860262870789
2362,466.9,5.37816572189331
2363,467.1,5.37903928756714
2364,467.2,2.52995634078979
2365,467.4,5.79912662506104
2366,467.6,4.31825304031372
2367,467.7,2.18917036056519
2368,467.9,4.43668127059937
2369,468.1,4.88506555557251
2370,468.3,5.69938850402832
2371,468.4,2.70375537872314
2372,468.6,6.25449800491333
2373,468.7,2.8012228012085
2374,468.9,4.76524019241333
2375,469.1,5.53589534759521
2376,469.2,2.73065495491028
2377,469.4,5.56628799438477
2378,469.6,5.48087358474731
2379,469.8,5.41152858734131
2380,469.9,2.0452401638031
2381,470.1,5.04262018203735
2382,470.3,6.6330132484436
2383,470.5,6.56786012649536
2384,470.7,6.6206111907959
2385,470.9,6.6719651222229
2386,471.1,6.59458494186401
2387,471.3,7.0567684173584
2388,471.4,3.38777303695679
2389,471.6,6.04576396942139
2390,471.7,2.53310036659241
2391,471.9,5.9839301109314
2392,472.1,6.39266395568848
2393,472.2,3.37362456321716
2394,472.4,6.95109176635742
2395,472.5,5.59353733062744
2396,472.8,13.7215719223022
2397,473.0,35.4328384399414
2398,473.1,21.522970199585
2399,473.2,33.1629676818848
2400,473.4,11.6990394592285
2401,473.6,2.83580780029297
2402,473.8,9.79109191894531
2403,473.9,8.15021800994873
2404,474.1,23.5893440246582
2405,474.2,14.4314413070679
2406,474.4,3.93397378921509
2407,474.6,1.31703054904938
2408,474.8,5.22462892532349
2409,475.0,97.4111785888672
2410,475.1,934.206787109375
2411,475.3,51.2150230407715
2412,475.5,1.64331877231598
2413,475.7,3.15248918533325
2414,475.9,19.6976413726807
2415,476.1,265.234405517578
2416,476.2,195.392669677734
2417,476.3,76.1292572021484
2418,476.6,4.77816581726074
2419,476.8,7.32855892181396
2420,477.0,80.3965072631836
2421,477.2,209.465850830078
2422,477.3,62.9881210327148
2423,477.6,8.10689926147461
2424,477.8,12.3079471588135
2425,478.0,41.1081237792969
2426,478.1,29.9137115478516
2427,478.2,54.8160705566406
2428,478.4,11.5612230300903
2429,478.6,9.3297815322876
2430,478.7,3.72314405441284
2431,478.9,14.4164190292358
2432,479.1,23.1865501403809
2433,479.2,12.1379909515381
2434,479.3,17.2377300262451
2435,479.5,3.21117901802063
2436,479.7,5.7268123626709
2437,479.9,6.70882081985474
2438,480.1,9.75161552429199
2439,480.2,4.98707437515259
2440,480.3,9.33222675323486
2441,480.5,5.12960720062256
2442,480.7,2.93013095855713
2443,480.9,5.3082971572876
2444,481.1,5.37414836883545
2445,481.2,3.06445407867432
2446,481.4,6.02497816085815
2447,481.6,4.85397386550903
2448,481.8,4.84349346160889
2449,481.9,2.21432304382324
2450,482.1,4.26602602005005
2451,482.2,2.9645414352417
2452,482.4,6.62008714675903
2453,482.6,5.52541494369507
2454,482.8,5.83475971221924
2455,482.9,2.53170299530029
2456,483.1,4.78253269195557
2457,483.3,6.39807844161987
2458,483.4,3.1292576789856
2459,483.6,4.79109191894531
2460,483.8,5.01973819732666
2461,484.0,4.62742376327515
2462,484.2,4.52034950256348
2463,484.4,5.50759840011597
2464,484.5,2.91266369819641
2465,484.7,5.73606967926025
2466,484.9,5.24960708618164
2467,485.1,5.21432304382324
2468,485.3,5.93572044372559
2469,485.5,6.07021856307983
2470,485.7,4.67947578430176
2471,485.9,5.29956340789795
2472,486.0,2.26794767379761
2473,486.2,5.64838409423828
2474,486.4,6.83807849884033
2475,486.5,3.26951956748962
2476,486.7,6.92279481887817
2477,486.9,11.7774667739868
2478,487.1,14.5264625549316
2479,487.2,7.76698684692383
2480,487.3,13.8670740127563
2481,487.6,7.02777290344238
2482,487.7,3.41519641876221
2483,487.9,8.32785987854004
2484,488.0,5.14392995834351
2485,488.2,11.9196510314941
2486,488.3,4.71248912811279
2487,488.4,3.29484724998474
2488,488.7,3.38672494888306
2489,488.9,10.7984275817871
2490,489.0,52.6151962280273
2491,489.2,909.401245117188
2492,489.3,76.7344970703125
2493,489.4,6.81135368347168
2494,489.7,2.98253273963928
2495,489.9,13.0822706222534
2496,490.0,61.8696937561035
2497,490.2,408.6396484375
2498,490.3,59.4038429260254
2499,490.4,8.14794731140137
2500,490.7,3.62305665016174
2501,490.9,19.4365062713623
2502,491.0,61.5640182495117
2503,491.2,253.08821105957
2504,491.3,70.5041046142578
2505,491.5,3.14288210868835
2506,491.7,5.9484715461731
2507,491.9,18.6712665557861
2508,492.1,64.3484725952148
2509,492.2,60.6501312255859
2510,492.4,11.802619934082
2511,492.6,8.14270782470703
2512,492.8,8.71930122375488
2513,493.0,23.7718772888184
2514,493.2,30.6841926574707
2515,493.3,17.8607864379883
2516,493.5,7.03755474090576
2517,493.8,5.3119649887085
2518,494.0,9.13414859771729
2519,494.2,10.715633392334
2520,494.3,5.10043668746948
2521,494.4,7.2178168296814
2522,494.6,2.43528389930725
2523,494.8,5.60803508758545
2524,495.0,5.87930154800415
2525,495.2,7.17868995666504
2526,495.3,3.09344983100891
2527,495.4,5.62323141098022
2528,495.6,2.0565938949585
2529,495.8,4.79668140411377
2530,496.0,4.64768552780151
2531,496.1,2.79091691970825
2532,496.3,6.1451530456543
2533,496.4,3.20646286010742
2534,496.6,5.64628839492798
2535,496.7,2.57956337928772
2536,496.8,4.11545848846436
2537,497.0,2.51545858383179
2538,497.2,5.22078609466553
2539,497.4,5.30288219451904
2540,497.5,2.30165934562683
2541,497.6,4.31650638580322
2542,497.8,2.13257646560669
2543,498.0,4.12349367141724
2544,498.2,4.72541475296021
2545,498.3,2.7109169960022
2546,498.5,5.29851531982422
2547,498.7,5.98288202285767
2548,498.8,5.83650636672974
2549,499.0,2.6027946472168
2550,499.2,5.71982526779175
2551,499.4,5.57956314086914
2552,499.5,2.71301317214966
2553,499.7,5.01292562484741
2554,499.8,2.54113531112671
2555,500.0,4.38323163986206
2556,500.2,4.2536244392395
2557,500.3,3.06480360031128
2558,500.5,6.02393007278442
2559,500.6,2.84454154968262
2560,500.8,7.12104797363281
2561,500.9,3.90812230110168
2562,501.1,9.13379955291748
2563,501.3,10.0027952194214
2564,501.5,6.33868980407715
2565,501.6,2.96000003814697
2566,501.8,6.14410495758057
2567,502.0,6.13449764251709
2568,502.1,3.21624445915222
2569,502.3,8.17694282531738
2570,502.5,6.62113523483276
2571,502.7,5.90323162078857
2572,502.9,24.1004371643066
2573,503.1,85.8551940917969
2574,503.2,69.4071578979492
2575,503.4,10.8186902999878
2576,503.7,5.63144111633301
2577,503.8,5.634934425354
2578,504.0,26.8057632446289
2579,504.2,49.8805236816406
2580,504.3,24.0393009185791
2581,504.6,9.23126602172852
2582,504.7,3.81013107299805
2583,504.9,19.8249778747559
2584,505.1,38.8246269226074
2585,505.2,21.0319652557373
2586,505.3,23.1451530456543
2587,505.5,4.12174654006958
2588,505.6,7.9680347442627
2589,505.9,13.5165061950684
2590,506.0,8.84978199005127
2591,506.2,17.792839050293
2592,506.3,13.6295194625854
2593,506.5,4.0337119102478
2594,506.7,8.16751098632813
2595,506.8,5.80000019073486
2596,507.0,14.6632318496704
2597,507.2,17.4151973724365
2598,507.3,11.2775545120239
2599,507.6,4.96174669265747
2600,507.8,5.76646280288696
2601,508.0,7.73711776733398
2602,508.1,4.3848032951355
2603,508.3,8.83493423461914
2604,508.4,3.25100445747375
2605,508.6,4.97502183914185
2606,508.8,5.86183404922485
2607,509.0,6.31895208358765
2608,509.1,3.81764197349548
2609,509.3,6.85310029983521
2610,509.4,2.65030574798584
2611,509.6,4.28925752639771
2612,509.8,4.48873376846313
2613,510.0,4.40646266937256
2614,510.2,5.15772914886475
2615,510.4,4.93030548095703
2616,510.5,4.44733619689941
2617,510.7,2.45065498352051
2618,510.9,4.54043674468994
2619,511.1,4.39109182357788
2620,511.3,4.62724876403809
2621,511.5,4.42864608764648
2622,511.6,2.52314400672913
2623,511.8,4.46148490905762
2624,512.0,3.96052408218384
2625,512.2,4.58759832382202
2626,512.3,5.29135370254517
2627,512.6,4.92069864273071
2628,512.8,4.92978143692017
2629,513.0,4.52366828918457
2630,513.1,2.29903936386108
2631,513.3,5.04698705673218
2632,513.5,5.13222694396973
2633,513.7,4.84244537353516
2634,513.9,4.5654149055481
2635,514.1,4.79720544815063
2636,514.2,4.83965063095093
2637,514.5,4.79231452941895
2638,514.7,5.07039308547974
2639,514.9,5.47930145263672
2640,515.1,6.2199125289917
2641,515.2,2.92925763130188
2642,515.4,5.37537097930908
2643,515.6,4.64279460906982
2644,515.7,2.5444540977478
2645,515.9,4.83126640319824
2646,516.1,5.66864633560181
2647,516.3,6.46777296066284
2648,516.4,3.21572041511536
2649,516.6,6.30235815048218
2650,516.7,3.83633184432983
2651,516.9,8.88227081298828
2652,517.1,11.0108299255371
2653,517.2,5.24209594726563
2654,517.3,7.04576396942139
2655,517.5,3.04034924507141
2656,517.7,5.24331855773926
2657,517.9,6.46689939498901
2658,518.1,7.43860244750977
2659,518.3,7.21432304382324
2660,518.5,5.9308295249939
2661,518.6,3.57886457443237
2662,518.8,13.9282093048096
2663,519.0,23.6359825134277
2664,519.2,29.1807861328125
2665,519.3,13.6295194625854
2666,519.6,6.51633167266846
2667,519.8,8.93746757507324
2668,519.9,7.42305660247803
2669,520.1,15.8721399307251
2670,520.3,10.9692573547363
2671,520.4,4.10305690765381
2672,520.6,6.67318773269653
2673,520.8,15.8579912185669
2674,520.9,19.1172046661377
2675,521.1,59.4854164123535
2676,521.2,37.7147598266602
2677,521.4,7.85903930664063
2678,521.7,6.57397365570068
2679,521.8,5.89589500427246
2680,522.0,23.2330131530762
2681,522.2,28.8054141998291
2682,522.3,13.963493347168
2683,522.6,5.37991285324097
2684,522.7,3.59895205497742
2685,522.9,13.2766809463501
2686,523.1,18.9626197814941
2687,523.2,16.2880344390869
2688,523.5,5.3987774848938
2689,523.6,2.43196511268616
2690,523.8,6.33257627487183
2691,524.0,9.10462856292725
2692,524.1,4.64663743972778
2693,524.3,7.58917045593262
2694,524.4,2.71947598457336
2695,524.6,4.81711769104004
2696,524.8,5.21117925643921
2697,525.0,5.54864645004272
2698,525.1,3.02288198471069
2699,525.3,5.67161560058594
2700,525.4,1.98829698562622
2701,525.6,4.19703054428101
2702,525.7,2.09659385681152
2703,525.9,4.21030569076538
2704,526.1,4.69467258453369
2705,526.2,2.52698683738708
2706,526.3,4.9257640838623
2707,526.5,2.46410489082336
2708,526.7,4.66235828399658
2709,526.8,2.29222702980042
2710,527.0,4.72052383422852
2711,527.2,4.70532751083374
2712,527.4,4.51895189285278
2713,527.6,4.56873369216919
2714,527.7,1.99947595596313
2715,527.9,4.19423580169678
2716,528.1,3.87947607040405
2717,528.3,4.7056770324707
2718,528.5,4.84331893920898
2719,528.7,4.91039323806763
2720,528.9,4.96663761138916
2721,529.1,4.66061115264893
2722,529.2,2.50340604782104
2723,529.4,4.79039287567139
2724,529.6,4.72646284103394
2725,529.7,4.75091695785522
2726,530.0,4.44192123413086
2727,530.1,2.06567692756653
2728,530.3,4.6578164100647
2729,530.5,4.86427927017212
2730,530.7,5.68628835678101
2731,530.8,3.61746716499329
2732,531.0,7.09729242324829
2733,531.2,6.38724899291992
2734,531.4,5.81991243362427
2735,531.6,4.28524017333984
2736,531.8,4.91580772399902
2737,532.0,6.10724878311157
2738,532.2,5.32995653152466
2739,532.4,5.61449766159058
2740,532.5,2.27318787574768
2741,532.7,7.51091718673706
2742,532.9,15.2380790710449
2743,533.1,26.851354598999
2744,533.2,21.3566818237305
2745,533.4,4.21659374237061
2746,533.6,4.96576404571533
2747,533.8,7.90148448944092
2748,534.0,13.2737121582031
2749,534.2,15.3629693984985
2750,534.3,7.35563325881958
2751,534.6,4.82497835159302
2752,534.7,2.57956337928772
2753,534.9,22.4730129241943
2754,535.1,186.220779418945
2755,535.2,106.782707214355
2756,535.3,39.1884727478027
2757,535.6,4.92244529724121
2758,535.8,10.9037551879883
2759,536.0,62.0625343322754
2760,536.2,104.944107055664
2761,536.3,35.8440170288086
2762,536.5,5.67336225509644
2763,536.8,10.5184278488159
2764,537.0,40.6424446105957
2765,537.1,37.3147583007813
2766,537.2,53.2866363525391
2767,537.4,8.58026218414307
2768,537.6,5.62323141098022
2769,537.7,2.90655016899109
2770,537.9,12.4192142486572
2771,538.1,24.6639308929443
2772,538.2,20.5048027038574
2773,538.4,4.6719651222229
2774,538.5,5.15126657485962
2775,538.8,6.96663761138916
2776,538.9,4.9095196723938
2777,539.1,12.1655893325806
2778,539.2,6.26689958572388
2779,539.3,8.81379890441895
2780,539.5,2.64576411247253
2781,539.7,4.39930152893066
2782,539.9,5.26672506332397
2783,540.0,3.4167685508728
2784,540.2,6.0211353302002
2785,540.3,5.875807762146
2786,540.5,4.19423580169678
2787,540.8,4.22131013870239
2788,540.9,2.29676866531372
2789,541.1,4.24943208694458
2790,541.2,2.565589427948
2791,541.4,4.32698678970337
2792,541.6,4.09746742248535
2793,541.7,2.00331878662109
2794,541.9,4.06165933609009
2795,542.0,1.95039296150208
2796,542.2,4.30951976776123
2797,542.4,4.85048055648804
2798,542.6,4.43318796157837
2799,542.8,4.45257663726807
2800,543.0,4.15580797195435
2801,543.2,3.90829706192017
2802,543.4,4.13467264175415
2803,543.6,4.65170288085938
2804,543.8,4.03336238861084
2805,544.0,4.09606981277466
2806,544.2,3.96541476249695
2807,544.4,4.10078620910645
2808,544.6,4.32733631134033
2809,544.8,5.40978145599365
2810,544.9,2.2730131149292
2811,545.1,4.88925743103027
2812,545.3,4.7074236869812
2813,545.5,4.18165922164917
2814,545.7,4.44157218933105
2815,545.8,2.15021824836731
2816,546.0,4.40611362457275
2817,546.2,4.43371200561523
2818,546.4,4.85414838790894
2819,546.6,4.53519630432129
2820,546.8,7.24454164505005
2821,547.0,12.5336246490479
2822,547.2,15.8854150772095
2823,547.3,7.40978145599365
2824,547.4,7.41694307327271
2825,547.6,2.25100445747375
2826,547.8,5.36628818511963
2827,547.9,4.50742340087891
2828,548.1,10.2695198059082
2829,548.2,4.93432331085205
2830,548.3,7.01344966888428
2831,548.5,1.23790395259857
2832,548.7,2.8562445640564
2833,548.9,8.40628814697266
2834,549.1,215.394760131836
2835,549.2,496.095031738281
2836,549.4,19.4366817474365
2837,549.7,3.09816598892212
2838,549.9,8.31318759918213
