#"+ Scan (rt: 4.977-40.000 min, 11478 scans) MURCHISON_031225.D "
#Point,X(Thompsons),Y(Counts)
0,45.1,917.2568359375
1,45.3,4.45138502120972
2,45.5,0.14418888092041
3,45.7,1.91296398639679
4,45.9,29.1218852996826
5,46.1,159.267822265625
6,46.2,41.3093757629395
7,46.4,2.53336811065674
8,46.7,2.79944252967834
9,46.9,29.333158493042
10,47.1,88.9583587646484
11,47.2,30.1030673980713
12,47.4,0.735668241977692
13,47.7,0.120230004191399
14,47.9,13.607684135437
15,48.1,4196.21484375
16,48.2,32.1450614929199
17,48.4,0.0290991459041834
18,48.6,0.120055757462978
19,48.8,4.46732902526855
20,49.0,47.5995826721191
21,49.1,106.962623596191
22,49.3,9.6082067489624
23,49.5,0.708224415779114
24,49.7,2.0853807926178
25,49.9,25.7301788330078
26,50.1,712.544677734375
27,50.2,241.33821105957
28,50.4,1.62319219112396
29,50.6,0.347447276115417
30,50.8,5.31390476226807
31,51.0,78.1853103637695
32,51.2,1158.7119140625
33,51.3,10.6039381027222
34,51.6,1.2853285074234
35,51.8,5.43134689331055
36,52.0,71.7514343261719
37,52.1,420.725646972656
38,52.3,16.1784286499023
39,52.6,1.75518381595612
40,52.8,4.14331769943237
41,53.0,69.3784637451172
42,53.1,583.298645019531
43,53.3,14.7592782974243
44,53.6,0.969681143760681
45,53.8,4.79534769058228
46,54.0,60.8833427429199
47,54.2,256.1162109375
48,54.3,28.0427780151367
49,54.5,1.22242546081543
50,54.7,1.28384733200073
51,54.8,2.51925420761108
52,55.0,45.5925254821777
53,55.2,1641.34582519531
54,55.3,15.8181743621826
55,55.6,0.710838139057159
56,55.8,3.26642274856567
57,56.0,47.6908874511719
58,56.2,597.933288574219
59,56.3,33.5936584472656
60,56.5,1.05776262283325
61,56.8,3.03964114189148
62,57.0,30.8641757965088
63,57.2,1324.37939453125
64,57.3,54.9719467163086
65,57.6,12.7741765975952
66,57.7,3.85694360733032
67,57.9,34.3407402038574
68,58.1,330.650970458984
69,58.2,91.2037811279297
70,58.4,5.08058881759644
71,58.7,5.62014293670654
72,58.9,35.8589477539063
73,59.0,82.3960647583008
74,59.1,198.09147644043
75,59.3,14.912615776062
76,59.5,0.889440655708313
77,59.7,2.68513679504395
78,59.9,38.2504806518555
79,60.1,286.869140625
80,60.2,67.7052612304688
81,60.4,2.44162750244141
82,60.7,2.5780622959137
83,60.9,32.336555480957
84,61.1,169.608734130859
85,61.2,61.1408767700195
86,61.4,3.16849637031555
87,61.7,2.80649948120117
88,61.9,22.7321834564209
89,62.1,258.939544677734
90,62.2,94.3284530639648
91,62.3,10.0525350570679
92,62.6,1.57344484329224
93,62.8,5.29926824569702
94,63.0,31.6089038848877
95,63.2,591.068054199219
96,63.3,9.07684230804443
97,63.5,0.0270081888884306
98,63.7,0.0263112038373947
99,63.9,15.2736539840698
100,64.1,11846.533203125
101,64.2,6.80693483352661
102,64.6,0.0565429516136646
103,64.8,4.7101411819458
104,65.0,145.142013549805
105,65.1,911.691772460938
106,65.3,8.72538757324219
107,65.4,2.88125109672546
108,65.7,2.30946159362793
109,65.9,39.2016906738281
110,66.1,1186.36181640625
111,66.2,105.407913208008
112,66.4,0.634431064128876
113,66.6,0.878898739814758
114,66.8,4.24403190612793
115,67.0,70.0290145874023
116,67.1,933.982849121094
117,67.3,16.1208400726318
118,67.6,1.56481969356537
119,67.8,6.56534242630005
120,68.0,77.3348999023438
121,68.1,365.333770751953
122,68.3,26.4619274139404
123,68.5,1.79099142551422
124,68.8,4.51925420761108
125,69.0,45.0677833557129
126,69.2,1562.76977539063
127,69.3,20.1469764709473
128,69.5,2.592524766922
129,69.7,3.40529704093933
130,69.8,4.22399377822876
131,70.0,55.811637878418
132,70.2,697.264587402344
133,70.3,37.8673973083496
134,70.6,3.68443989753723
135,70.7,1.24159264564514
136,70.9,11.7979612350464
137,71.1,461.997222900391
138,71.2,477.487030029297
139,71.4,2.56420969963074
140,71.7,2.4255096912384
141,71.9,22.6976833343506
142,72.1,101.203956604004
143,72.2,42.4661979675293
144,72.4,4.38856935501099
145,72.6,0.724952101707458
146,72.8,4.79421520233154
147,73.0,101.641227722168
148,73.1,810.757995605469
149,73.2,393.484832763672
150,73.4,1.83594703674316
151,73.6,1.38421332836151
152,73.8,7.62737417221069
153,74.0,137.496170043945
154,74.1,432.013763427734
155,74.3,13.7539644241333
156,74.6,1.55018293857574
157,74.8,8.18513679504395
158,75.0,153.875762939453
159,75.1,487.364166259766
160,75.3,15.1886215209961
161,75.5,0.556281566619873
162,75.7,2.33577275276184
163,75.9,79.9051208496094
164,76.1,867.1435546875
165,76.2,141.799270629883
166,76.4,1.65159440040588
167,76.6,0.521955072879791
168,76.8,6.52753114700317
169,77.0,147.617263793945
170,77.1,1776.10571289063
171,77.3,9.03998947143555
172,77.5,0.409566134214401
173,77.7,1.67686009407043
174,77.9,34.4755172729492
175,78.1,729.022827148438
176,78.2,304.67919921875
177,78.4,1.58503222465515
178,78.5,0.645669996738434
179,78.8,4.80379867553711
180,79.0,163.016906738281
181,79.1,964.224060058594
182,79.3,8.62179851531982
183,79.6,0.771040260791779
184,79.8,10.088342666626
185,80.0,110.760498046875
186,80.1,220.807891845703
187,80.3,16.6403560638428
188,80.5,1.8463146686554
189,80.8,7.91017580032349
190,81.0,128.947906494141
191,81.1,884.097839355469
192,81.3,18.179386138916
193,81.4,3.46593475341797
194,81.6,1.4077365398407
195,81.8,13.2284374237061
196,82.0,116.8505859375
197,82.1,475.172943115234
198,82.3,32.770866394043
199,82.6,5.03171300888062
200,82.8,8.07614612579346
201,83.0,61.620491027832
202,83.2,912.159790039063
203,83.3,23.0879077911377
204,83.5,3.12388920783997
205,83.8,6.19114828109741
206,84.0,68.1304244995117
207,84.1,473.709625244141
208,84.3,20.8714923858643
209,84.4,4.09923315048218
210,84.6,0.664837062358856
211,84.8,5.51777315139771
212,85.0,65.3732376098633
213,85.2,559.644287109375
214,85.3,29.965934753418
215,85.5,0.889702022075653
216,85.7,2.95591568946838
217,85.9,27.0855541229248
218,86.1,165.977523803711
219,86.2,45.2005577087402
220,86.4,4.08276700973511
221,86.6,1.0758843421936
222,86.8,15.1664056777954
223,87.0,105.268249511719
224,87.1,193.086517333984
225,87.3,15.7909917831421
226,87.6,6.03955411911011
227,87.8,18.2835865020752
228,88.0,73.7068328857422
229,88.1,149.724945068359
230,88.3,9.12406349182129
231,88.4,5.29630613327026
232,88.7,6.40172481536865
233,88.9,54.5474815368652
234,89.1,596.097595214844
235,89.2,116.263198852539
236,89.4,2.91488075256348
237,89.6,5.21554279327393
238,89.8,13.0538425445557
239,90.0,50.8267974853516
240,90.1,247.082504272461
241,90.3,9.38491058349609
242,90.5,1.56316435337067
243,90.8,6.18984127044678
244,90.9,17.9756927490234
245,91.1,2791.18359375
246,91.2,481.912445068359
247,91.4,1.34579193592072
248,91.6,1.09705519676208
249,91.8,6.87192869186401
250,92.0,85.8731460571289
251,92.1,602.861938476563
252,92.3,14.2900333404541
253,92.6,1.57292211055756
254,92.8,6.62144994735718
255,93.0,111.744033813477
256,93.1,540.225219726563
257,93.3,16.904426574707
258,93.5,1.01725041866302
259,93.7,3.31425333023071
260,93.9,28.9252490997314
261,94.1,718.949401855469
262,94.2,110.856941223145
263,94.4,7.01655340194702
264,94.6,1.78715801239014
265,94.8,6.57780122756958
266,95.0,76.5469589233398
267,95.1,1225.21435546875
268,95.3,19.3677463531494
269,95.5,1.01071619987488
270,95.8,4.28445720672607
271,95.9,51.3562469482422
272,96.1,1681.46337890625
273,96.2,243.335601806641
274,96.4,3.51515936851501
275,96.6,5.87262582778931
276,96.8,35.7385444641113
277,97.0,113.648544311523
278,97.1,1486.98278808594
279,97.3,23.6367835998535
280,97.6,5.30824184417725
281,97.8,11.7949123382568
282,98.0,124.014114379883
283,98.1,394.776702880859
284,98.3,16.034761428833
285,98.6,2.0272696018219
286,98.7,1.56760764122009
287,98.9,22.7978744506836
288,99.1,264.636077880859
289,99.2,80.7411575317383
290,99.4,4.51481103897095
291,99.7,3.50566291809082
292,99.9,24.3925762176514
293,100.1,97.137565612793
294,100.2,40.7188529968262
295,100.4,4.61613512039185
296,100.6,1.76607418060303
297,100.8,11.5834636688232
298,101.0,64.6875762939453
299,101.1,138.515426635742
300,101.2,42.4066925048828
301,101.4,3.04225468635559
302,101.6,3.16797351837158
303,101.8,13.1892318725586
304,102.0,90.8511047363281
305,102.1,410.7431640625
306,102.3,9.50958347320557
307,102.6,2.67912530899048
308,102.8,16.4007663726807
309,103.0,194.142532348633
310,103.1,1609.80932617188
311,103.3,9.76389598846436
312,103.5,1.58250570297241
313,103.7,6.58085012435913
314,103.9,40.7646789550781
315,104.1,867.096618652344
316,104.2,116.430038452148
317,104.4,3.44241166114807
318,104.6,1.37872457504272
319,104.8,12.31312084198
320,105.0,130.410705566406
321,105.1,1839.94360351563
322,105.2,719.815124511719
323,105.4,1.28593826293945
324,105.6,1.45913922786713
325,105.8,7.503746509552
326,106.0,99.7435989379883
327,106.2,1361.40124511719
328,106.3,14.15185546875
329,106.6,2.80327582359314
330,106.8,9.33612155914307
331,107.0,106.982666015625
332,107.1,311.992767333984
333,107.2,145.659255981445
334,107.4,4.08947563171387
335,107.6,1.22050881385803
336,107.8,9.15725708007813
337,108.0,100.01350402832
338,108.1,209.546691894531
339,108.2,82.9187164306641
340,108.4,4.95216941833496
341,108.6,1.48841261863708
342,108.8,5.33786392211914
343,109.0,113.369400024414
344,109.1,1046.05236816406
345,109.3,18.0617694854736
346,109.5,0.486583024263382
347,109.7,3.12057852745056
348,109.9,24.6830463409424
349,110.1,518.352783203125
350,110.2,125.280883789063
351,110.4,4.90006971359253
352,110.6,1.39336121082306
353,110.8,8.0366792678833
354,111.0,139.361389160156
355,111.1,1251.27404785156
356,111.3,19.3755874633789
357,111.6,2.87576222419739
358,111.8,8.09235095977783
359,111.9,19.6552543640137
360,112.1,706.084838867188
361,112.2,67.5055770874023
362,112.4,3.09095668792725
363,112.6,2.99607944488525
364,112.8,8.37767887115479
365,113.0,89.1277236938477
366,113.1,143.205871582031
367,113.2,58.9103507995605
368,113.4,3.9767382144928
369,113.7,4.0182089805603
370,113.9,20.8628673553467
371,114.1,84.7278289794922
372,114.2,17.0966205596924
373,114.3,6.13878726959229
374,114.6,1.45443451404572
375,114.7,2.65873837471008
376,114.9,50.7269554138184
377,115.0,137.940231323242
378,115.1,1063.24084472656
379,115.3,6.77731323242188
380,115.6,1.56987285614014
381,115.8,9.82070064544678
382,116.0,86.3302841186523
383,116.1,468.954437255859
384,116.3,9.54574012756348
385,116.4,2.68792462348938
386,116.7,3.99886751174927
387,116.9,39.7266082763672
388,117.0,88.6757278442383
389,117.1,1256.75024414063
390,117.3,9.83185195922852
391,117.4,2.53075456619263
392,117.7,4.10019159317017
393,117.8,10.0149850845337
394,118.0,91.71484375
395,118.1,660.247192382813
396,118.3,15.380467414856
397,118.6,1.61831331253052
398,118.8,11.0759716033936
399,118.9,51.6309471130371
400,119.1,909.519348144531
401,119.2,526.153137207031
402,119.5,1.75849449634552
403,119.7,3.40947890281677
404,119.9,32.8029289245605
405,120.1,428.731842041016
406,120.2,404.000793457031
407,120.4,3.11648368835449
408,120.6,1.02805364131927
409,120.8,11.7097930908203
410,121.0,123.51350402832
411,121.1,197.222686767578
412,121.2,96.3199996948242
413,121.4,2.61090779304504
414,121.6,1.07309639453888
415,121.8,9.96541213989258
416,122.0,126.68627166748
417,122.1,209.334289550781
418,122.2,53.1267623901367
419,122.4,2.87070918083191
420,122.7,2.55994081497192
421,122.9,18.514461517334
422,123.1,382.7802734375
423,123.2,110.447113037109
424,123.4,2.875239610672
425,123.7,2.35136795043945
426,123.9,20.9981708526611
427,124.1,255.860076904297
428,124.2,78.8032760620117
429,124.4,3.06769466400146
430,124.6,2.9257709980011
431,124.8,15.2142362594604
432,125.0,140.886047363281
433,125.1,387.875671386719
434,125.3,25.3952770233154
435,125.6,7.71615266799927
436,125.8,14.3649587631226
437,126.0,149.638870239258
438,126.1,576.320373535156
439,126.3,18.0946159362793
440,126.5,1.97037816047668
441,126.7,5.17921257019043
442,126.9,25.482400894165
443,127.1,250.723205566406
444,127.2,346.342041015625
445,127.4,2.14427590370178
446,127.6,1.73915314674377
447,127.8,13.3496255874634
448,128.0,452.363311767578
449,128.1,2753.0869140625
450,128.2,79.7902069091797
451,128.4,2.47203350067139
452,128.6,0.99250739812851
453,128.8,9.94458961486816
454,129.0,96.7701721191406
455,129.1,513.578430175781
456,129.2,87.0135879516602
457,129.4,3.06595230102539
458,129.6,1.35267472267151
459,129.8,16.6534233093262
460,130.0,122.166664123535
461,130.1,182.502792358398
462,130.3,8.64279460906982
463,130.6,1.89980828762054
464,130.8,11.3515424728394
465,131.0,89.767204284668
466,131.1,528.792114257813
467,131.3,9.40947914123535
468,131.4,3.35180354118347
469,131.7,5.50940942764282
470,131.9,35.1647491455078
471,132.1,297.414001464844
472,132.2,103.463233947754
473,132.3,10.1766862869263
474,132.5,0.451036751270294
475,132.7,1.65908694267273
476,132.9,46.854679107666
477,133.1,1077.04638671875
478,133.2,254.75927734375
479,133.4,1.25518381595612
480,133.6,1.56307721138
481,133.8,23.8298492431641
482,134.0,161.651596069336
483,134.1,1185.5869140625
484,134.3,12.452953338623
485,134.5,0.746907114982605
486,134.7,3.61404418945313
487,134.9,52.7156295776367
488,135.1,431.258850097656
489,135.2,81.5608978271484
490,135.4,2.79543471336365
491,135.7,3.66527271270752
492,135.9,32.6648368835449
493,136.1,159.675201416016
494,136.2,29.4434566497803
495,136.3,12.7433347702026
496,136.6,2.16074228286743
497,136.8,13.2642450332642
498,137.0,122.275741577148
499,137.1,210.194366455078
500,137.3,17.3973693847656
501,137.6,1.67851543426514
502,137.8,7.86382627487183
503,138.0,64.746208190918
504,138.1,127.320266723633
505,138.3,15.5280532836914
506,138.6,2.43021440505981
507,138.8,10.4827499389648
508,139.0,103.241241455078
509,139.1,289.929962158203
510,139.3,13.489893913269
511,139.5,0.895539283752441
512,139.7,2.45582842826843
513,139.9,22.110559463501
514,140.0,520.037292480469
515,140.2,64.0664749145508
516,140.3,15.0048789978027
517,140.5,0.933786392211914
518,140.7,2.82209444046021
519,140.9,22.5083637237549
520,141.0,80.8802947998047
521,141.1,842.178283691406
522,141.3,12.0433874130249
523,141.5,1.11508977413177
524,141.7,3.70857286453247
525,141.9,22.7561416625977
526,142.0,72.3708801269531
527,142.1,653.807006835938
528,142.3,8.39571380615234
529,142.5,0.963408231735229
530,142.7,3.9309983253479
531,142.8,5.78193044662476
532,143.0,65.8573760986328
533,143.1,187.821746826172
534,143.3,9.0582857131958
535,143.5,1.04173195362091
536,143.7,3.27252125740051
537,143.9,21.6905384063721
538,144.1,107.949295043945
539,144.2,38.8103332519531
540,144.4,3.22582340240479
541,144.7,4.12545728683472
542,144.8,7.67929935455322
543,145.0,84.2929916381836
544,145.1,265.560821533203
545,145.3,10.2080497741699
546,145.6,2.67973518371582
547,145.8,11.4083461761475
548,145.9,18.7768783569336
549,146.1,157.813552856445
550,146.2,66.9964294433594
551,146.4,1.18304586410522
552,146.6,1.38996338844299
553,146.8,11.0770168304443
554,147.0,306.816253662109
555,147.1,629.989990234375
556,147.2,105.456001281738
557,147.4,1.20334553718567
558,147.6,0.642010807991028
559,147.8,15.1790380477905
560,147.9,33.849536895752
561,148.1,393.957061767578
562,148.2,122.92098236084
563,148.4,2.25274443626404
564,148.6,2.67076134681702
565,148.8,18.72190284729
566,149.0,131.870712280273
567,149.1,175.470123291016
568,149.3,10.5131559371948
569,149.4,3.74664568901062
570,149.6,1.33246207237244
571,149.8,11.4007663726807
572,150.0,82.7052612304688
573,150.1,150.118743896484
574,150.3,10.045129776001
575,150.6,2.3024046421051
576,150.8,12.6439275741577
577,151.0,94.5374603271484
578,151.1,265.287506103516
579,151.3,11.8468370437622
580,151.4,3.33664393424988
581,151.7,3.39841437339783
582,151.9,26.0640354156494
583,152.1,503.562377929688
584,152.2,63.5373764038086
585,152.4,3.05488753318787
586,152.7,3.75649070739746
587,152.9,27.0557594299316
588,153.1,467.440246582031
589,153.2,70.5373764038086
590,153.4,2.46375679969788
591,153.7,4.23706197738647
592,153.9,28.922025680542
593,154.0,92.5629043579102
594,154.1,454.064483642578
595,154.3,14.77809715271
596,154.6,3.97281765937805
597,154.7,3.8657431602478
598,154.9,25.718505859375
599,155.1,255.167449951172
600,155.2,80.6921920776367
601,155.4,2.73296737670898
602,155.6,3.39074754714966
603,155.8,8.81660556793213
604,155.9,13.1366958618164
605,156.1,229.875671386719
606,156.2,60.9503402709961
607,156.4,3.5830283164978
608,156.6,1.69297790527344
609,156.8,8.77130126953125
610,157.0,51.5062713623047
611,157.1,97.4844055175781
612,157.3,6.07692956924438
613,157.4,3.01986408233643
614,157.7,3.72137999534607
615,157.9,22.5448684692383
616,158.0,37.3793334960938
617,158.1,66.5656051635742
618,158.3,6.38952779769897
619,158.4,2.91592621803284
620,158.7,4.57388067245483
621,158.9,24.1750297546387
622,159.1,162.243240356445
623,159.2,47.4382286071777
624,159.4,1.500697016716
625,159.6,2.4350061416626
626,159.8,49.5329322814941
627,159.9,315.29638671875
628,160.1,184.771301269531
629,160.3,7.07422876358032
630,160.5,1.08285415172577
631,160.7,9.0362434387207
632,160.9,72.4796981811523
633,161.0,94.227653503418
634,161.1,200.72233581543
635,161.3,7.41348648071289
636,161.4,3.64688968658447
637,161.6,2.98048448562622
638,161.8,35.1508979797363
639,162.0,125.157691955566
640,162.1,191.691757202148
641,162.3,7.99015522003174
642,162.4,3.06159615516663
643,162.7,7.47778367996216
644,162.9,105.560897827148
645,163.0,199.058975219727
646,163.2,35.6707611083984
647,163.3,10.2315731048584
648,163.6,3.89841437339783
649,163.7,5.85825061798096
650,163.9,40.0267486572266
651,164.1,72.6384353637695
652,164.2,19.4629726409912
653,164.3,9.87637233734131
654,164.6,2.70029616355896
655,164.8,24.3342037200928
656,165.0,154.384216308594
657,165.1,181.933181762695
658,165.2,61.1129989624023
659,165.4,2.72050881385803
660,165.7,4.77295684814453
661,165.9,30.7058715820313
662,166.1,180.403121948242
663,166.2,38.178165435791
664,166.4,3.70595932006836
665,166.7,4.32523107528687
666,166.9,24.9918975830078
667,167.1,195.363220214844
668,167.2,44.9839706420898
669,167.4,4.04173183441162
670,167.7,3.96349549293518
671,167.8,5.10576772689819
672,168.0,56.5728340148926
673,168.1,190.578765869141
674,168.2,50.5479164123535
675,168.4,5.78916168212891
676,168.7,5.35345888137817
677,168.9,16.6725044250488
678,169.1,104.954696655273
679,169.2,40.4330902099609
680,169.4,2.84866690635681
681,169.6,3.4796130657196
682,169.7,3.29020738601685
683,169.9,17.780797958374
684,170.0,25.2212924957275
685,170.1,94.9303894042969
686,170.3,8.5725736618042
687,170.6,3.27844572067261
688,170.8,9.68348121643066
689,171.0,53.0681304931641
690,171.1,58.1075973510742
691,171.3,5.13390827178955
692,171.4,2.59182786941528
693,171.7,3.28515410423279
694,171.8,5.53537178039551
695,172.0,38.6599578857422
696,172.1,38.7518730163574
697,172.3,7.5182957649231
698,172.5,1.04277753829956
699,172.7,3.96994256973267
700,172.9,19.3130340576172
701,173.0,38.7085723876953
702,173.1,87.9836196899414
703,173.3,6.80963563919067
704,173.4,3.04878902435303
705,173.6,1.4803102016449
706,173.8,8.53781127929688
707,174.0,62.1422729492188
708,174.1,97.2928237915039
709,174.2,28.5068836212158
710,174.4,2.24769115447998
711,174.6,2.78585124015808
712,174.8,13.4782190322876
713,175.0,68.120231628418
714,175.1,107.91609954834
715,175.3,11.7995290756226
716,175.6,4.26607418060303
717,175.8,23.2032585144043
718,176.0,101.060287475586
719,176.1,273.581298828125
720,176.3,10.6249341964722
721,176.6,2.33228778839111
722,176.8,21.056282043457
723,177.0,315.787841796875
724,177.2,208.94206237793
725,177.3,10.4891967773438
726,177.6,2.39980840682983
727,177.8,22.1635303497314
728,178.0,110.744033813477
729,178.1,989.660400390625
730,178.3,7.34762144088745
731,178.4,3.02151942253113
732,178.7,7.12458610534668
733,178.9,70.8557205200195
734,179.1,311.195770263672
735,179.2,48.089038848877
736,179.4,3.52430748939514
737,179.7,5.04016399383545
738,179.9,28.9365749359131
739,180.1,189.350936889648
740,180.2,34.760498046875
741,180.4,5.25013065338135
742,180.7,6.8226170539856
743,180.9,25.4414539337158
744,181.1,110.761978149414
745,181.2,35.3982391357422
746,181.4,6.06586503982544
747,181.7,5.90503549575806
748,181.8,5.69855356216431
749,182.0,41.7974395751953
750,182.1,103.784980773926
751,182.3,11.4478130340576
752,182.6,4.67990922927856
753,182.8,7.9132251739502
754,183.0,30.1271991729736
755,183.1,30.5787601470947
756,183.2,26.7233829498291
757,183.4,5.47621536254883
758,183.6,1.83185219764709
759,183.8,7.93213081359863
760,184.0,56.2246894836426
761,184.1,247.797439575195
762,184.2,22.0278797149658
763,184.4,3.67424631118774
764,184.7,5.27487373352051
765,184.9,20.1508979797363
766,185.1,80.0893020629883
767,185.2,13.1059417724609
768,185.3,6.89641046524048
769,185.6,3.00575017929077
770,185.7,2.75492238998413
771,185.9,20.0823307037354
772,186.1,64.8127746582031
773,186.2,14.804669380188
774,186.4,2.00627279281616
775,186.6,2.54521703720093
776,186.8,9.91034984588623
777,187.0,43.1227569580078
778,187.1,43.1944580078125
779,187.3,8.54216766357422
780,187.5,1.3069349527359
781,187.7,4.34631490707397
782,187.9,16.6447124481201
783,188.1,54.1741600036621
784,188.2,15.1976823806763
785,188.3,8.35729217529297
786,188.5,1.58581638336182
787,188.7,7.48849964141846
788,188.9,43.1955909729004
789,189.1,96.9831848144531
790,189.2,32.2283515930176
791,189.4,2.82174587249756
792,189.6,4.05175113677979
793,189.8,12.4744729995728
794,190.0,104.97900390625
795,190.1,61.4065170288086
796,190.3,7.43613862991333
797,190.4,2.16570830345154
798,190.7,3.29404067993164
799,190.9,98.1109085083008
800,191.0,960.023986816406
801,191.2,27.5303192138672
802,191.4,1.82505667209625
803,191.6,0.949555695056915
804,191.8,261.848327636719
805,191.9,751.352844238281
806,192.1,107.552536010742
807,192.3,5.14819669723511
808,192.5,0.799442410469055
809,192.7,8.1305980682373
810,192.9,106.289947509766
811,193.0,688.841857910156
812,193.2,32.3991966247559
813,193.4,3.55967926979065
814,193.7,13.5974035263062
815,193.9,265.215972900391
816,194.0,135.085983276367
817,194.2,15.8755006790161
818,194.3,7.55924367904663
819,194.6,3.58686184883118
820,194.8,21.8475341796875
821,195.0,87.5241317749023
822,195.1,62.9196739196777
823,195.3,7.62493467330933
824,195.4,4.590172290802
825,195.6,2.41470646858215
826,195.8,18.276180267334
827,195.9,26.2875061035156
828,196.0,73.711799621582
829,196.2,20.2495212554932
830,196.4,2.14157509803772
831,196.6,3.21284198760986
832,196.8,9.15717029571533
833,197.0,50.1626586914063
834,197.1,53.2978744506836
835,197.3,7.9748215675354
836,197.6,2.69689846038818
837,197.8,7.5797176361084
838,197.9,11.1837425231934
839,198.1,92.7897720336914
840,198.2,12.1264162063599
841,198.3,6.68966722488403
842,198.6,2.48754143714905
843,198.8,6.70665597915649
844,198.9,9.01576900482178
845,199.1,47.7908172607422
846,199.2,13.5602025985718
847,199.4,1.59435439109802
848,199.6,2.20778870582581
849,199.8,9.11430549621582
850,200.0,37.7546615600586
851,200.1,106.510368347168
852,200.3,6.59383153915405
853,200.5,1.52517855167389
854,200.7,5.04939889907837
855,200.9,16.6128253936768
856,201.0,17.361909866333
857,201.1,91.9549560546875
858,201.3,4.73436117172241
859,201.4,3.19707274436951
860,201.7,4.00914812088013
861,201.9,19.0338916778564
862,202.1,495.305877685547
863,202.2,25.1935882568359
864,202.4,2.15150713920593
865,202.6,2.70456528663635
866,202.8,15.3208751678467
867,202.9,21.2763538360596
868,203.1,150.857727050781
869,203.2,26.7197246551514
870,203.4,2.2898588180542
871,203.6,2.7445547580719
872,203.8,8.57091808319092
873,203.9,11.5472211837769
874,204.1,75.6124725341797
875,204.2,26.6728515625
876,204.4,4.24742984771729
877,204.7,6.70752763748169
878,204.9,41.8241844177246
879,205.0,42.6449737548828
880,205.1,55.7084846496582
881,205.3,7.4851016998291
882,205.4,4.18757629394531
883,205.7,4.21432304382324
884,205.8,3.75866866111755
885,206.0,18.9649772644043
886,206.1,20.5354595184326
887,206.3,4.71284198760986
888,206.5,0.672591030597687
889,206.7,2.51934123039246
890,206.9,36.6741600036621
891,207.1,9255.03515625
892,207.2,24.5683040618896
893,207.4,1.51367831230164
894,207.7,2.14959049224854
895,207.9,47.3806419372559
896,208.1,1992.1796875
897,208.2,25.5731830596924
898,208.4,2.56908869743347
899,208.7,3.62240815162659
900,208.9,51.17529296875
901,209.1,1205.083984375
902,209.2,17.3751525878906
903,209.3,5.17058706283569
904,209.5,0.600888669490814
905,209.7,3.16440153121948
906,209.9,63.5071449279785
907,210.0,164.611694335938
908,210.2,29.5827674865723
909,210.4,2.11726784706116
910,210.6,2.63190460205078
911,210.8,18.6711978912354
912,211.0,82.2006454467773
913,211.1,36.5774536132813
914,211.2,22.4061679840088
915,211.4,2.65926122665405
916,211.6,1.19228088855743
917,211.8,8.42777442932129
918,212.0,29.8248825073242
919,212.1,23.858512878418
920,212.2,13.0245685577393
921,212.4,2.7718243598938
922,212.7,3.99634075164795
923,212.9,15.9343090057373
924,213.0,14.7903814315796
925,213.1,22.275484085083
926,213.3,6.08825588226318
927,213.6,2.35215187072754
928,213.8,5.94702911376953
929,214.0,14.2165012359619
930,214.1,8.33211326599121
931,214.2,8.4424991607666
932,214.4,2.44580936431885
933,214.7,3.39588785171509
934,214.9,12.8593835830688
935,215.1,28.2202472686768
936,215.2,12.8634777069092
937,215.4,2.66353034973145
938,215.7,3.56847882270813
939,215.9,14.3348140716553
940,216.1,30.3185214996338
941,216.2,13.0602893829346
942,216.4,1.92977869510651
943,216.6,2.67668581008911
944,216.8,7.94624519348145
945,217.0,22.5841617584229
946,217.1,22.1066379547119
947,217.3,6.7104024887085
948,217.6,2.73897886276245
949,217.8,7.159348487854
950,218.0,23.3238372802734
951,218.1,26.4990425109863
952,218.3,6.16753768920898
953,218.4,3.74838829040527
954,218.6,1.81416618824005
955,218.8,11.8323745727539
956,219.0,26.9913749694824
957,219.1,26.6680603027344
958,219.3,8.77382850646973
959,219.6,2.97307896614075
960,219.7,3.15699601173401
961,219.9,14.1335601806641
962,220.0,10.9627113342285
963,220.1,16.4543476104736
964,220.3,4.42751359939575
965,220.4,2.9096531867981
966,220.7,3.64767384529114
967,220.8,9.70230007171631
968,221.0,137.000350952148
969,221.1,129.039199829102
970,221.3,11.4573965072632
971,221.6,2.18034505844116
972,221.8,11.3029270172119
973,222.0,45.7289581298828
974,222.1,40.6709365844727
975,222.3,9.47473430633545
976,222.6,3.3802056312561
977,222.8,14.2498693466187
978,223.0,44.6968116760254
979,223.1,28.789945602417
980,223.3,6.50226497650146
981,223.6,7.37785339355469
982,223.8,73.8144302368164
983,223.9,44.1313819885254
984,224.1,14.4600973129272
985,224.3,4.49747323989868
986,224.5,1.41827845573425
987,224.7,6.93866539001465
988,224.9,24.6429691314697
989,225.0,17.0921764373779
990,225.1,24.1591739654541
991,225.3,6.24917221069336
992,225.6,6.18862152099609
993,225.8,24.0561065673828
994,226.0,27.5049667358398
995,226.1,14.898850440979
996,226.3,4.21362590789795
997,226.5,1.07492589950562
998,226.7,4.07631969451904
999,226.9,11.8009233474731
1000,227.1,16.4925079345703
1001,227.2,5.43692302703857
1002,227.3,4.36356496810913
1003,227.6,2.76337337493896
1004,227.7,2.64723825454712
1005,227.9,11.0714406967163
1006,228.1,18.0160312652588
1007,228.2,8.73296737670898
1008,228.4,1.56804323196411
1009,228.6,1.96218848228455
1010,228.8,5.78506708145142
1011,229.0,14.4031190872192
1012,229.1,16.3993721008301
1013,229.3,3.43953657150269
1014,229.4,2.94885873794556
1015,229.6,1.33403027057648
1016,229.8,6.17145824432373
1017,230.0,17.7970027923584
1018,230.1,29.0166397094727
1019,230.3,7.24394512176514
1020,230.5,1.31843531131744
1021,230.7,3.45251774787903
1022,230.9,9.50984477996826
1023,231.1,17.0079288482666
1024,231.2,11.9199333190918
1025,231.4,2.47124934196472
1026,231.5,2.21258068084717
1027,231.8,4.43761968612671
1028,231.9,4.80275297164917
1029,232.1,15.6761627197266
1030,232.2,12.2960443496704
1031,232.4,3.36678862571716
1032,232.7,3.64767384529114
1033,232.8,3.76807808876038
1034,233.0,15.0575885772705
1035,233.1,8.3484058380127
1036,233.2,11.4735145568848
1037,233.4,2.24045991897583
1038,233.6,2.73836898803711
1039,233.7,2.06246733665466
1040,233.9,10.1387004852295
1041,234.1,13.2786197662354
1042,234.2,9.46837425231934
1043,234.4,3.75152468681335
1044,234.7,8.80597686767578
1045,234.9,26.4622764587402
1046,235.1,28.851978302002
1047,235.2,7.66492414474487
1048,235.3,6.76973342895508
1049,235.5,1.42097926139832
1050,235.7,4.66562128067017
1051,235.9,13.2990064620972
1052,236.1,17.6340827941895
1053,236.2,6.47970008850098
1054,236.3,6.64863204956055
1055,236.6,3.07196378707886
1056,236.7,4.11291170120239
1057,236.9,18.1717205047607
1058,237.1,20.6902770996094
1059,237.2,6.22913408279419
1060,237.3,6.43169546127319
1061,237.5,1.62972640991211
1062,237.7,4.9418888092041
1063,237.8,4.53049325942993
1064,238.0,13.28733253479
1065,238.1,12.0411224365234
1066,238.3,3.02552700042725
1067,238.4,3.37959575653076
1068,238.7,3.89388394355774
1069,238.9,8.37393283843994
1070,239.1,12.2929077148438
1071,239.2,4.01629209518433
1072,239.3,4.21563005447388
1073,239.6,2.30710935592651
1074,239.8,5.67842817306519
1075,240.0,9.39954662322998
1076,240.1,8.19289112091064
1077,240.3,3.35920882225037
1078,240.5,0.926990747451782
1079,240.7,2.55375504493713
1080,240.9,6.27147579193115
1081,241.1,7.50949621200562
1082,241.2,5.30327606201172
1083,241.4,1.11500263214111
1084,241.6,1.93186962604523
1085,241.8,3.81042003631592
1086,242.0,7.29238557815552
1087,242.1,7.50287485122681
1088,242.3,3.6700644493103
1089,242.5,0.927513480186462
1090,242.7,2.15673470497131
1091,242.9,4.93605136871338
1092,243.1,8.04199314117432
1093,243.2,3.27478647232056
1094,243.3,3.30728340148926
1095,243.5,0.95286637544632
1096,243.7,2.08320260047913
1097,243.8,2.52483010292053
1098,244.0,8.41549015045166
1099,244.1,4.97238206863403
1100,244.2,7.21502017974854
1101,244.4,1.66309463977814
1102,244.6,1.74220252037048
1103,244.7,1.31695413589478
1104,244.9,5.4672417640686
1105,245.1,9.38456153869629
1106,245.2,4.12833261489868
1107,245.3,4.59330892562866
1108,245.5,1.09862339496613
1109,245.7,2.9779577255249
1110,245.9,6.64558267593384
1111,246.1,11.1693677902222
1112,246.2,8.32496929168701
1113,246.4,3.3351628780365
1114,246.7,3.23645234107971
1115,246.9,8.5500955581665
1116,247.1,12.8401288986206
1117,247.2,9.68644332885742
1118,247.4,2.0216064453125
1119,247.6,2.52997040748596
1120,247.8,5.83908367156982
1121,248.0,9.87881183624268
1122,248.2,9.57762718200684
1123,248.3,4.11970710754395
1124,248.6,3.05758833885193
1125,248.8,38.4839706420898
1126,249.0,186.117446899414
1127,249.1,38.3225288391113
1128,249.3,5.01559495925903
1129,249.5,1.31233668327332
1130,249.7,10.1643142700195
1131,249.9,40.4765625
1132,250.0,35.5060119628906
1133,250.2,10.3695764541626
1134,250.4,3.79499912261963
1135,250.7,10.6862697601318
1136,250.9,78.6316452026367
1137,251.0,78.8656539916992
1138,251.2,10.158390045166
1139,251.5,2.75335431098938
1140,251.7,7.86391353607178
1141,251.9,27.5239582061768
1142,252.0,15.8215713500977
1143,252.1,16.9309978485107
1144,252.3,4.91993379592896
1145,252.5,1.31251084804535
1146,252.7,9.40878200531006
1147,252.8,13.8290643692017
1148,253.0,43.3946685791016
1149,253.1,22.856595993042
1150,253.3,4.65760564804077
1151,253.6,2.35276174545288
1152,253.8,7.68905735015869
1153,253.9,6.51768589019775
1154,254.1,13.5917406082153
1155,254.2,4.38334226608276
1156,254.3,3.94293427467346
1157,254.6,2.12022995948792
1158,254.7,2.25344133377075
1159,254.9,8.92106628417969
1160,255.0,5.59165382385254
1161,255.1,6.95356321334839
1162,255.3,3.15551495552063
1163,255.6,9.62153720855713
1164,255.8,172.431167602539
1165,255.9,14.2176342010498
1166,256.1,5.77243423461914
1167,256.3,3.63634777069092
1168,256.6,3.32627630233765
1169,256.7,2.80545401573181
1170,256.8,12.1219720840454
1171,257.1,6.07823657989502
1172,257.2,4.6773829460144
1173,257.4,1.88874363899231
1174,257.6,7.99346590042114
1175,257.7,16.8727130889893
1176,257.8,49.7192001342773
1177,258.1,7.62554454803467
1178,258.2,2.47551846504211
1179,258.3,3.92150211334229
1180,258.5,0.896584749221802
1181,258.7,3.96628332138062
1182,258.9,6.10794544219971
1183,259.0,3.77879428863525
1184,259.2,6.87968301773071
1185,259.3,2.56368708610535
1186,259.5,3.68748903274536
1187,259.6,2.19986057281494
1188,259.8,10.9062557220459
1189,260.0,7.90015697479248
1190,260.2,7.50540161132813
1191,260.3,4.325927734375
1192,260.5,1.36042869091034
1193,260.7,2.13573789596558
1194,260.9,4.85720491409302
1195,261.0,3.20221281051636
1196,261.2,7.47699928283691
1197,261.3,4.85180330276489
1198,261.6,2.15220427513123
1199,261.8,3.50409483909607
1200,261.9,2.58442234992981
1201,262.1,5.96053314208984
1202,262.3,5.65786743164063
1203,262.4,2.84256839752197
1204,262.6,1.31207525730133
1205,262.8,4.51463651657104
1206,263.0,8.68783760070801
1207,263.1,4.72007322311401
1208,263.2,6.60576772689819
1209,263.4,3.12981367111206
1210,263.6,1.25840735435486
1211,263.8,3.5400767326355
1212,264.0,7.35668230056763
1213,264.1,6.46227550506592
1214,264.3,3.5600278377533
1215,264.5,1.33472728729248
1216,264.7,6.06935024261475
1217,264.9,101.951995849609
1218,265.0,170.947906494141
1219,265.2,11.8792476654053
1220,265.5,1.82976126670837
1221,265.7,7.15063619613647
1222,265.8,13.4128770828247
1223,266.0,45.8195686340332
1224,266.1,22.4970378875732
1225,266.3,2.97551846504211
1226,266.5,2.66823482513428
1227,266.6,2.56621360778809
1228,266.8,33.1441879272461
1229,267.0,334.484069824219
1230,267.1,69.7103118896484
1231,267.3,2.14645409584045
1232,267.5,1.95068824291229
1233,267.7,9.41148281097412
1234,267.9,57.4886741638184
1235,268.0,57.8237495422363
1236,268.2,7.79247236251831
1237,268.3,4.29944229125977
1238,268.6,3.94972991943359
1239,268.8,25.5854682922363
1240,268.9,28.329761505127
1241,269.0,44.5968818664551
1242,269.2,11.0971422195435
1243,269.5,2.06542944908142
1244,269.7,4.66666650772095
1245,269.9,12.0797176361084
1246,270.1,12.2853288650513
1247,270.2,3.69689846038818
1248,270.3,3.52230358123779
1249,270.6,2.25744915008545
1250,270.8,7.4018120765686
1251,271.0,11.8274965286255
1252,271.1,9.10062694549561
1253,271.3,3.49268174171448
1254,271.6,1.81939363479614
1255,271.8,3.82122325897217
1256,271.9,2.48797702789307
1257,272.1,6.80658674240112
1258,272.2,3.07989192008972
1259,272.3,3.36095142364502
1260,272.6,1.6572573184967
1261,272.7,1.04399716854095
1262,272.9,3.52448153495789
1263,273.1,5.51324272155762
1264,273.2,2.8930127620697
1265,273.3,3.37611079216003
1266,273.6,1.86931526660919
1267,273.7,1.31677997112274
1268,273.9,4.06394863128662
1269,274.0,3.01847004890442
1270,274.2,6.43944931030273
1271,274.3,3.50078415870667
1272,274.5,1.18653070926666
1273,274.7,2.30737066268921
1274,274.8,1.63538944721222
1275,275.0,4.96759033203125
1276,275.2,6.08250570297241
1277,275.3,3.55183839797974
1278,275.5,1.76825225353241
1279,275.7,0.981442749500275
1280,275.9,3.08346390724182
1281,276.1,5.05523633956909
1282,276.2,2.34474658966064
1283,276.3,3.47238183021545
1284,276.5,1.05915665626526
1285,276.7,2.18897008895874
1286,276.9,4.13660907745361
1287,277.1,6.01611757278442
1288,277.3,4.67633724212646
1289,277.4,2.47220778465271
1290,277.7,2.15133309364319
1291,277.9,3.66048097610474
1292,278.0,2.19785666465759
1293,278.2,4.85040950775146
1294,278.4,3.80824184417725
1295,278.6,2.5633385181427
1296,278.8,5.9202823638916
1297,279.0,10.9680261611938
1298,279.1,8.80667400360107
1299,279.3,3.13024926185608
1300,279.6,1.81904518604279
1301,279.8,2.80440855026245
1302,280.0,3.52509140968323
1303,280.1,2.85093212127686
1304,280.4,1.42585813999176
1305,280.5,0.858511924743652
1306,280.7,5.2611083984375
1307,280.9,52.0364189147949
1308,281.0,3571.4462890625
1309,281.2,14.3179998397827
1310,281.4,0.629726409912109
1311,281.6,1.56682348251343
1312,281.8,10.9627113342285
1313,281.9,57.167537689209
1314,282.0,967.78271484375
1315,282.2,18.9666309356689
1316,282.4,1.2117965221405
1317,282.6,1.74647152423859
1318,282.8,11.9153165817261
1319,283.0,472.278869628906
1320,283.1,240.418273925781
1321,283.3,2.41505479812622
1322,283.4,1.24115705490112
1323,283.7,3.80737066268921
1324,283.9,56.5061874389648
1325,284.0,56.7387161254883
1326,284.1,52.4924201965332
1327,284.3,4.88116407394409
1328,284.6,2.71920204162598
1329,284.8,17.3205261230469
1330,285.0,46.7277412414551
1331,285.1,26.9249000549316
1332,285.3,3.23296737670898
1333,285.4,2.05262231826782
1334,285.7,3.82052612304688
1335,285.9,9.49163627624512
1336,286.1,10.4109601974487
1337,286.2,5.70169019699097
1338,286.4,1.26511585712433
1339,286.6,2.42533540725708
1340,286.8,5.62171125411987
1341,287.0,9.13992023468018
1342,287.2,7.82035207748413
1343,287.3,1.90024399757385
1344,287.4,2.35467863082886
1345,287.6,0.998780250549316
1346,287.8,2.59496426582336
1347,288.0,4.12179803848267
1348,288.1,5.10210847854614
1349,288.3,3.18252301216125
1350,288.5,0.923854351043701
1351,288.7,2.14000701904297
1352,288.9,3.93927502632141
1353,289.0,2.5600278377533
1354,289.1,4.84282970428467
1355,289.3,2.02822780609131
1356,289.5,2.2734797000885
1357,289.7,1.77487361431122
1358,289.9,3.06752038002014
1359,290.0,2.33969330787659
1360,290.2,4.29334402084351
1361,290.3,1.72591042518616
1362,290.4,2.0092351436615
1363,290.7,1.62615442276001
1364,290.9,3.35415577888489
1365,291.0,1.98684442043304
1366,291.2,4.27234697341919
1367,291.3,2.49512100219727
1368,291.6,1.87166750431061
1369,291.7,0.970813751220703
1370,291.9,2.88917922973633
1371,292.0,2.01664042472839
1372,292.2,4.01690196990967
1373,292.3,1.68618226051331
1374,292.4,2.31399202346802
1375,292.7,3.34160995483398
1376,292.9,7.25936555862427
1377,293.1,8.59147930145264
1378,293.2,2.61247611045837
1379,293.3,2.79351806640625
1380,293.5,1.15263986587524
1381,293.7,2.27478647232056
1382,293.9,4.64148807525635
1383,294.0,2.44502520561218
1384,294.1,4.59095668792725
1385,294.3,1.38761103153229
1386,294.5,2.04730796813965
1387,294.7,5.10524463653564
1388,294.8,7.64549589157104
1389,295.0,29.899808883667
1390,295.1,22.0757102966309
1391,295.3,5.1302490234375
1392,295.5,1.12232100963593
1393,295.7,3.12563157081604
1394,295.9,8.83542442321777
1395,296.0,5.45539283752441
1396,296.1,9.87428092956543
1397,296.3,3.67720866203308
1398,296.5,1.22852408885956
1399,296.7,3.389004945755
1400,296.9,9.21859169006348
1401,297.1,11.3939714431763
1402,297.2,5.71833086013794
1403,297.4,2.15150713920593
1404,297.7,2.43674850463867
1405,297.8,2.09139227867126
1406,298.0,5.02927350997925
1407,298.1,2.59557414054871
1408,298.3,3.52970910072327
1409,298.4,1.16353023052216
1410,298.6,2.15359807014465
1411,298.8,7.20351982116699
1412,299.0,12.6266775131226
1413,299.1,10.1093397140503
1414,299.3,2.28863906860352
1415,299.5,2.42812347412109
1416,299.7,2.44607067108154
1417,299.9,5.00670862197876
1418,300.1,6.44624519348145
1419,300.2,4.4205436706543
1420,300.4,1.76886212825775
1421,300.7,2.19951200485229
1422,300.9,4.40346765518188
1423,301.1,5.16579532623291
1424,301.2,2.02509140968323
1425,301.3,2.33376884460449
1426,301.5,0.849973857402802
1427,301.7,2.10777139663696
1428,301.8,1.4093918800354
1429,302.0,3.70918273925781
1430,302.2,3.89248991012573
1431,302.3,1.40198636054993
1432,302.4,1.91287684440613
1433,302.6,0.687314867973328
1434,302.8,2.5272696018219
1435,303.0,3.469158411026
1436,303.1,3.75919151306152
1437,303.4,2.65028738975525
1438,303.6,1.60228264331818
1439,303.8,2.16535973548889
1440,304.0,2.96506357192993
1441,304.1,1.67581462860107
1442,304.2,3.22120571136475
1443,304.5,1.72608470916748
1444,304.6,0.809025943279266
1445,304.8,2.46088171005249
1446,305.0,3.28576397895813
1447,305.2,3.42507410049438
1448,305.3,2.4767382144928
1449,305.5,0.831416606903076
1450,305.7,1.60777139663696
1451,305.9,2.86687564849854
1452,306.1,3.98187828063965
1453,306.2,3.19437193870544
1454,306.4,1.16971600055695
1455,306.6,2.15263986587524
1456,306.7,1.59984314441681
1457,306.9,3.8496253490448
1458,307.1,4.33115530014038
1459,307.2,1.67982232570648
1460,307.3,2.45077538490295
1461,307.6,1.41583895683289
1462,307.8,2.40329337120056
1463,308.0,3.54739499092102
1464,308.2,3.21754670143127
1465,308.3,2.12946510314941
1466,308.5,0.843701004981995
1467,308.7,3.08311557769775
1468,308.9,5.37933444976807
1469,309.1,5.44005918502808
1470,309.2,3.09121799468994
1471,309.4,1.62162399291992
1472,309.7,1.84831857681274
1473,309.8,1.6487193107605
1474,310.0,3.79029440879822
1475,310.1,1.75866878032684
1476,310.2,2.686443567276
1477,310.4,1.12615442276001
1478,310.6,2.93387341499329
1479,310.8,7.30440855026245
1480,311.0,10.3178253173828
1481,311.1,6.73000526428223
1482,311.4,2.33908343315125
1483,311.6,1.91697156429291
1484,311.7,1.40233492851257
1485,311.9,4.38830804824829
1486,312.1,4.62423753738403
1487,312.2,1.7435964345932
1488,312.4,2.00818967819214
1489,312.5,0.974908530712128
1490,312.7,4.40660381317139
1491,312.9,9.90590667724609
1492,313.1,9.70526218414307
1493,313.2,4.79918098449707
1494,313.4,0.956699788570404
1495,313.6,1.74446773529053
1496,313.8,3.44397974014282
1497,314.0,4.78724527359009
1498,314.1,4.2502179145813
1499,314.3,2.34744739532471
1500,314.6,1.97577977180481
1501,314.8,2.63338565826416
1502,314.9,2.15778017044067
1503,315.1,4.5218677520752
1504,315.2,2.6831328868866
1505,315.4,1.82636344432831
1506,315.7,2.00566291809082
1507,315.9,2.90407729148865
1508,316.0,1.50435614585876
1509,316.2,3.15595054626465
1510,316.3,1.0600278377533
1511,316.4,1.65673458576202
1512,316.6,0.638525903224945
1513,316.8,1.86443626880646
1514,317.0,2.95887780189514
1515,317.2,2.82645058631897
1516,317.4,1.98423075675964
1517,317.6,1.66379165649414
1518,317.8,1.68208742141724
1519,318.0,2.3643491268158
1520,318.2,2.68147754669189
1521,318.3,1.02378463745117
1522,318.5,1.96802580356598
1523,318.7,1.76781666278839
1524,318.9,2.18783760070801
1525,319.1,2.84779572486877
1526,319.3,2.47395014762878
1527,319.5,1.36051571369171
1528,319.7,1.5744903087616
1529,319.9,2.14549565315247
1530,320.0,1.21310329437256
1531,320.2,2.71327757835388
1532,320.3,1.20195150375366
1533,320.5,1.50496602058411
1534,320.7,1.67616307735443
1535,320.8,1.06185746192932
1536,321.0,3.07762670516968
1537,321.2,2.8861300945282
1538,321.4,2.22103142738342
1539,321.5,0.721205770969391
1540,321.7,1.64288198947906
1541,321.8,1.33803796768188
1542,322.0,2.81442761421204
1543,322.1,2.70125460624695
1544,322.3,2.15664744377136
1545,322.6,2.95870351791382
1546,322.8,8.9855375289917
1547,323.0,13.0721378326416
1548,323.1,7.6847882270813
1549,323.3,2.52300047874451
1550,323.5,1.03545916080475
1551,323.7,2.98492765426636
1552,323.8,2.85119366645813
1553,324.0,5.95234346389771
1554,324.1,2.657954454422
1555,324.2,3.15464377403259
1556,324.5,2.96210145950317
1557,324.7,12.3204393386841
1558,324.9,40.0744018554688
1559,325.0,18.7621536254883
1560,325.1,16.4573974609375
1561,325.3,2.10942673683167
1562,325.5,2.23714923858643
1563,325.7,6.08180856704712
1564,325.9,13.4066038131714
1565,326.1,11.346227645874
1566,326.2,3.09208917617798
1567,326.3,2.87942147254944
1568,326.6,5.59653234481812
1569,326.7,10.4993028640747
1570,326.9,69.4284744262695
1571,327.0,62.5749244689941
1572,327.2,7.34997367858887
1573,327.3,3.99773478507996
1574,327.6,3.70787596702576
1575,327.8,14.7400245666504
1576,328.0,24.4830989837646
1577,328.1,7.79935550689697
1578,328.2,6.46602201461792
1579,328.5,2.53258419036865
1580,328.7,6.38639116287231
1581,328.8,6.68139028549194
1582,329.0,16.143404006958
1583,329.1,9.33080673217773
1584,329.3,1.71650111675262
1585,329.5,2.06995987892151
1586,329.7,2.86365222930908
1587,329.9,4.99817037582397
1588,330.1,4.80353736877441
1589,330.2,2.00409483909607
1590,330.3,2.01716327667236
1591,330.6,1.7557065486908
1592,330.7,1.31695413589478
1593,330.9,3.57867217063904
1594,331.1,4.32601499557495
1595,331.2,2.48640871047974
1596,331.5,1.52848923206329
1597,331.6,0.807283520698547
1598,331.8,2.124760389328
1599,332.0,2.54931163787842
1600,332.1,2.99172329902649
1601,332.4,1.68208742141724
1602,332.6,1.41610038280487
1603,332.7,0.855114102363586
1604,332.9,2.20508790016174
1605,333.0,1.10742294788361
1606,333.1,2.52787947654724
1607,333.3,1.15673458576202
1608,333.5,1.4862345457077
1609,333.6,0.752831518650055
1610,333.8,1.90311896800995
1611,334.0,2.3280189037323
1612,334.2,2.546959400177
1613,334.4,2.15359807014465
1614,334.5,0.682958722114563
1615,334.7,1.61421847343445
1616,334.9,2.39423251152039
1617,335.0,1.1975953578949
1618,335.2,2.53798580169678
1619,335.4,1.30284023284912
1620,335.6,1.10454785823822
1621,335.7,0.778271496295929
1622,335.9,1.96933269500732
1623,336.0,1.10367655754089
1624,336.1,2.68217468261719
1625,336.4,1.87767899036407
1626,336.6,1.40390312671661
1627,336.7,1.10759711265564
1628,336.9,3.48039722442627
1629,337.1,3.93631291389465
1630,337.2,1.26572573184967
1631,337.3,2.06072497367859
1632,337.6,1.33821225166321
1633,337.7,0.74176687002182
1634,337.9,2.52970910072327
1635,338.1,2.66901898384094
1636,338.3,2.15664744377136
1637,338.5,2.0324969291687
1638,338.7,6.56264162063599
1639,338.8,6.84692478179932
1640,339.0,19.6495914459229
1641,339.1,6.8256664276123
1642,339.2,6.61700630187988
1643,339.4,1.00557589530945
1644,339.6,1.86844396591187
1645,339.8,5.45086240768433
1646,339.9,4.05567169189453
1647,340.0,7.00409460067749
1648,340.2,2.43361210823059
1649,340.4,2.18748903274536
1650,340.5,1.0317999124527
1651,340.7,10.201602935791
1652,340.9,112.680435180664
1653,341.0,147.199157714844
1654,341.2,14.1525526046753
1655,341.5,2.15246558189392
1656,341.7,9.05366802215576
1657,341.9,41.7422027587891
1658,342.0,42.9478149414063
1659,342.2,8.50357246398926
1660,342.3,4.60524463653564
1661,342.5,1.2367137670517
1662,342.7,10.0588083267212
1663,342.8,13.1169195175171
1664,343.0,40.4863204956055
1665,343.1,20.1663188934326
1666,343.3,3.80754494667053
1667,343.6,2.47403717041016
1668,343.8,6.96941995620728
1669,344.0,11.512806892395
1670,344.1,7.52395868301392
1671,344.3,2.36469769477844
1672,344.6,2.06028914451599
1673,344.8,6.03667879104614
1674,345.0,9.15115833282471
1675,345.1,6.86548185348511
1676,345.3,1.75100195407867
1677,345.4,1.85955739021301
1678,345.7,2.45922636985779
1679,345.9,3.7843701839447
1680,346.1,4.39641046524048
1681,346.2,2.9366614818573
1682,346.4,0.861909747123718
1683,346.6,1.7777487039566
1684,346.7,1.18487536907196
1685,346.9,2.99146199226379
1686,347.0,1.63477957248688
1687,347.2,3.04512977600098
1688,347.3,1.56621360778809
1689,347.6,1.36365222930908
1690,347.7,1.12850666046143
1691,347.9,2.58294129371643
1692,348.0,3.48396944999695
1693,348.2,2.70866012573242
1694,348.5,1.60132431983948
1695,348.7,1.64253354072571
1696,348.9,2.50993204116821
1697,349.0,2.67860245704651
1698,349.3,1.91636168956757
1699,349.5,1.25457394123077
1700,349.7,2.40277051925659
1701,349.8,2.49163627624512
1702,350.0,6.55697870254517
1703,350.2,5.77861976623535
1704,350.3,2.85859894752502
1705,350.5,0.738543272018433
1706,350.7,1.83768951892853
1707,350.9,3.71223211288452
1708,351.0,2.28114652633667
1709,351.2,3.50993204116821
1710,351.3,1.9179300069809
1711,351.6,1.37401986122131
1712,351.7,1.14636695384979
1713,351.9,3.52387166023254
1714,352.0,1.62946510314941
1715,352.2,3.18304586410522
1716,352.3,1.74969506263733
1717,352.5,0.856682360172272
1718,352.7,2.37942147254944
1719,352.8,2.05445194244385
1720,353.0,5.14715099334717
1721,353.1,4.38186073303223
1722,353.3,2.33429169654846
1723,353.6,1.33786368370056
1724,353.8,2.40512275695801
1725,353.9,3.62598013877869
1726,354.1,2.43770694732666
1727,354.4,1.18295872211456
1728,354.5,0.853545904159546
1729,354.7,5.8256664276123
1730,354.9,105.673721313477
1731,355.0,372.218078613281
1732,355.2,25.8680076599121
1733,355.4,1.94999134540558
1734,355.6,1.57666838169098
1735,355.8,20.441801071167
1736,356.0,107.486755371094
1737,356.1,60.0561065673828
1738,356.3,5.62101411819458
1739,356.6,2.83220076560974
1740,356.8,21.4463329315186
1741,357.0,75.3766326904297
1742,357.1,43.0954856872559
1743,357.3,4.38978910446167
1744,357.4,2.17616319656372
1745,357.7,4.72564888000488
1746,357.9,16.3461399078369
1747,358.0,18.0322360992432
1748,358.2,5.44084358215332
1749,358.3,3.99773478507996
1750,358.6,2.44293427467346
1751,358.8,7.21075105667114
1752,359.0,11.9018125534058
1753,359.1,10.0769300460815
1754,359.3,3.24438047409058
1755,359.6,1.59330892562866
1756,359.8,2.60951375961304
1757,359.9,2.10202121734619
1758,360.1,4.54347467422485
1759,360.2,3.24533891677856
1760,360.5,1.68984138965607
1761,360.7,2.05471324920654
1762,360.8,1.85694372653961
1763,361.0,4.2718243598938
1764,361.2,3.91235399246216
1765,361.3,1.3036242723465
1766,361.4,1.5042690038681
1767,361.7,1.90521001815796
1768,361.9,2.51690196990967
1769,362.1,2.99006795883179
1770,362.2,1.1914097070694
1771,362.3,1.80371141433716
1772,362.6,1.66692805290222
1773,362.8,3.21815657615662
1774,363.0,5.68513679504395
1775,363.1,4.80719614028931
1776,363.3,1.49242031574249
1777,363.4,1.77722597122192
1778,363.6,0.689318716526031
1779,363.8,3.25945281982422
1780,364.0,6.04155778884888
1781,364.2,5.3408260345459
1782,364.3,1.58442234992981
1783,364.4,1.96994245052338
1784,364.7,1.88369059562683
1785,364.8,2.10385084152222
1786,365.0,5.04286479949951
1787,365.1,4.54547834396362
1788,365.3,1.67964804172516
1789,365.4,1.93186962604523
1790,365.6,0.840477406978607
1791,365.8,4.19864082336426
1792,366.0,8.10341548919678
1793,366.1,6.73026657104492
1794,366.3,3.5673463344574
1795,366.6,1.83141660690308
1796,366.8,4.23348999023438
1797,367.0,7.19332647323608
1798,367.2,5.91244125366211
1799,367.3,3.30580234527588
1800,367.5,0.625544548034668
1801,367.7,2.06516814231873
1802,367.8,1.63181734085083
1803,368.0,4.55384206771851
1804,368.2,4.35912179946899
1805,368.3,2.70517516136169
1806,368.6,2.21615266799927
1807,368.8,7.31442737579346
1808,369.0,12.0633382797241
1809,369.1,10.071005821228
1810,369.3,2.21902775764465
1811,369.4,1.98667013645172
1812,369.7,2.18208742141724
1813,369.9,5.42498683929443
1814,370.0,6.34971237182617
1815,370.2,2.07562303543091
1816,370.3,2.50304937362671
1817,370.5,0.997124910354614
1818,370.7,3.71345186233521
1819,370.9,8.23880481719971
1820,371.1,7.71981191635132
1821,371.2,3.19916367530823
1822,371.3,2.34509491920471
1823,371.6,1.83385610580444
1824,371.8,3.61360859870911
1825,371.9,2.35990595817566
1826,372.0,4.8985013961792
1827,372.2,2.51507234573364
1828,372.5,1.62676429748535
1829,372.6,1.21728527545929
1830,372.8,4.62415075302124
1831,372.9,3.10646462440491
1832,373.1,6.64366626739502
1833,373.2,3.60742282867432
1834,373.4,1.86217105388641
1835,373.7,1.81015861034393
1836,373.8,1.63565075397491
1837,374.0,4.34004163742065
1838,374.1,1.97935175895691
1839,374.2,2.83359479904175
1840,374.4,0.810071468353271
1841,374.6,1.48928380012512
1842,374.7,1.13608646392822
1843,374.9,2.6954174041748
1844,375.1,3.42524838447571
1845,375.2,0.887785315513611
1846,375.3,1.50575017929077
1847,375.5,0.539815306663513
1848,375.7,1.63216590881348
1849,375.8,1.23401284217834
1850,376.0,2.99921584129333
1851,376.1,3.26729393005371
1852,376.3,1.76825225353241
1853,376.5,1.34640181064606
1854,376.7,0.756142199039459
1855,376.9,2.66997742652893
1856,377.0,1.26197946071625
1857,377.2,2.43204402923584
1858,377.3,1.47090089321136
1859,377.6,1.46793866157532
1860,377.7,1.13373410701752
1861,377.9,3.39188003540039
1862,378.1,4.29883241653442
1863,378.2,3.19062542915344
1864,378.5,1.74202823638916
1865,378.7,1.7137131690979
1866,378.9,3.44032073020935
1867,379.1,4.45696115493774
1868,379.2,3.09400582313538
1869,379.4,1.56699776649475
1870,379.7,2.47682523727417
1871,379.8,2.49799609184265
1872,380.0,7.92873334884644
1873,380.2,7.62327909469604
1874,380.3,3.39553928375244
1875,380.6,1.64070391654968
1876,380.8,3.33429169654846
1877,381.0,5.94345712661743
1878,381.1,2.81625723838806
1879,381.2,3.96645760536194
1880,381.5,2.01951551437378
1881,381.6,0.946419239044189
1882,381.8,3.60925245285034
1883,382.0,6.54173183441162
1884,382.2,6.48013591766357
1885,382.3,3.53685307502747
1886,382.6,2.12824535369873
1887,382.7,2.21458435058594
1888,382.9,6.29151439666748
1889,383.1,6.98309803009033
1890,383.2,2.31207537651062
1891,383.3,2.66614389419556
1892,383.6,1.64105248451233
1893,383.8,3.23113775253296
1894,383.9,2.30336284637451
1895,384.1,4.1919322013855
1896,384.2,2.89353537559509
1897,384.5,2.12955212593079
1898,384.7,6.29255962371826
1899,384.8,4.98536348342896
1900,385.0,12.0812854766846
1901,385.1,4.54870176315308
1902,385.2,4.88290643692017
1903,385.5,1.73174774646759
1904,385.6,1.31346929073334
1905,385.8,5.07745265960693
1906,386.0,8.0866003036499
1907,386.1,5.7822790145874
1908,386.3,1.59714233875275
1909,386.5,2.67424631118774
1910,386.6,2.37706923484802
1911,386.8,11.6238021850586
1912,386.9,9.1226692199707
1913,387.0,15.6966371536255
1914,387.2,4.36251974105835
1915,387.3,3.61404418945313
1916,387.6,2.31921935081482
1917,387.8,5.0765814781189
1918,388.0,7.74821376800537
1919,388.1,5.05253505706787
1920,388.3,1.88630425930023
1921,388.5,1.05340647697449
1922,388.7,2.99790906906128
1923,388.9,5.32862854003906
1924,389.1,5.07431602478027
1925,389.2,3.15717029571533
1926,389.4,1.56621360778809
1927,389.6,0.879595756530762
1928,389.8,2.82148456573486
1929,390.0,3.20160317420959
1930,390.2,2.83908343315125
1931,390.3,0.921676278114319
1932,390.4,1.54356157779694
1933,390.6,0.731747686862946
1934,390.8,1.84126150608063
1935,390.9,1.16945457458496
1936,391.1,2.37715625762939
1937,391.2,1.17903816699982
1938,391.3,1.78872621059418
1939,391.6,1.67224252223969
1940,391.7,1.2573618888855
1941,391.9,3.27731323242188
1942,392.1,4.04713344573975
1943,392.2,3.2084858417511
1944,392.4,1.64906775951385
1945,392.7,1.2146714925766
1946,392.8,1.12955224514008
1947,393.0,2.63904857635498
1948,393.2,2.71301627159119
1949,393.3,1.84230697154999
1950,393.6,1.6677120923996
1951,393.8,2.37637209892273
1952,394.0,3.85711789131165
1953,394.1,4.08442258834839
1954,394.3,1.70970547199249
1955,394.4,1.58111166954041
1956,394.7,1.60158562660217
1957,394.9,2.91244125366211
1958,395.0,1.7412440776825
1959,395.2,3.27278280258179
1960,395.3,1.94554805755615
1961,395.5,0.697072684764862
1962,395.7,1.7571005821228
1963,395.8,1.7127548456192
1964,396.0,4.76886224746704
1965,396.1,4.85903453826904
1966,396.3,3.14671540260315
1967,396.6,1.76746821403503
1968,396.8,2.89057326316833
1969,397.0,4.18844747543335
1970,397.1,2.21972465515137
1971,397.2,3.55854678153992
1972,397.5,1.96558630466461
1973,397.6,0.918278455734253
1974,397.8,2.50017428398132
1975,397.9,1.91322529315948
1976,398.1,4.38316774368286
1977,398.2,3.43526744842529
1978,398.5,2.2718243598938
1979,398.7,6.01001930236816
1980,398.9,11.5828542709351
1981,399.1,11.4587907791138
1982,399.2,5.20787572860718
1983,399.4,1.84657609462738
1984,399.7,3.62136268615723
1985,399.9,5.66353034973145
1986,400.1,6.33446598052979
1987,400.2,3.03023171424866
1988,400.4,1.14915490150452
1989,400.6,5.43195676803589
1990,400.8,25.9899806976318
1991,401.0,48.6502876281738
1992,401.1,23.2221641540527
1993,401.3,3.52021265029907
1994,401.5,2.79587030410767
1995,401.7,7.66727638244629
1996,401.8,7.15839004516602
1997,402.0,18.8972816467285
1998,402.1,7.36548185348511
1999,402.2,6.97978734970093
2000,402.4,1.19079983234406
2001,402.6,4.11561250686646
2002,402.8,9.83054542541504
2003,403.0,13.8492765426636
2004,403.1,8.59966850280762
2005,403.3,2.79778718948364
2006,403.5,0.796915829181671
2007,403.7,3.23880457878113
2008,403.8,2.62066555023193
2009,404.0,5.11273717880249
2010,404.1,2.17320084571838
2011,404.2,2.82793164253235
2012,404.4,0.90189927816391
2013,404.6,1.78358602523804
2014,404.8,2.8496253490448
2015,405.0,3.49921584129333
2016,405.1,1.76868796348572
2017,405.2,2.27121448516846
2018,405.5,1.38639140129089
2019,405.7,2.07126688957214
2020,405.8,1.50409483909607
2021,406.0,2.75614213943481
2022,406.1,1.66457569599152
2023,406.2,2.79665446281433
2024,406.4,1.4708137512207
2025,406.7,1.29996514320374
2026,406.9,2.29221129417419
2027,407.1,2.57841086387634
2028,407.2,1.17895102500916
2029,407.4,1.54059946537018
2030,407.5,0.559156656265259
2031,407.7,1.41775572299957
2032,407.9,2.71667528152466
2033,408.1,3.09627103805542
2034,408.2,2.82645058631897
2035,408.4,1.45774519443512
2036,408.6,0.617703437805176
2037,408.8,1.59783935546875
2038,409.0,2.39257717132568
2039,409.1,1.14148807525635
2040,409.2,1.96698033809662
2041,409.4,0.796218872070313
2042,409.6,1.2442934513092
2043,409.8,1.71510720252991
2044,409.9,1.51751172542572
2045,410.1,2.87253880500793
2046,410.3,2.83124232292175
2047,410.4,1.68226170539856
2048,410.7,1.40904343128204
2049,410.8,0.83908349275589
2050,411.0,2.38229656219482
2051,411.2,2.67128419876099
2052,411.4,1.66161346435547
2053,411.5,0.753789842128754
2054,411.7,1.41191840171814
2055,411.9,2.21162223815918
2056,412.1,2.91157007217407
2057,412.2,1.2274786233902
2058,412.3,1.61256313323975
2059,412.6,1.64985191822052
2060,412.8,3.26197934150696
2061,412.9,1.91357374191284
2062,413.0,4.71441030502319
2063,413.2,3.0690016746521
2064,413.5,1.38308072090149
2065,413.7,1.75448679924011
2066,413.9,3.24298667907715
2067,414.0,1.3804669380188
2068,414.2,2.57997918128967
2069,414.4,1.47778356075287
2070,414.5,1.02997040748596
2071,414.7,7.20578479766846
2072,414.9,53.2210311889648
2073,415.0,90.8755035400391
2074,415.2,21.5855541229248
2075,415.4,1.96924555301666
2076,415.6,3.09888482093811
2077,415.7,4.42960453033447
2078,415.9,24.9075622558594
2079,416.0,33.4478988647461
2080,416.2,9.52239036560059
2081,416.3,5.65194272994995
2082,416.5,1.36861824989319
2083,416.7,6.09261178970337
2084,416.9,18.8797702789307
2085,417.0,13.4322185516357
2086,417.1,16.8716678619385
2087,417.3,3.43988490104675
2088,417.5,2.28890061378479
2089,417.7,3.40460014343262
2090,417.8,3.32915139198303
2091,418.0,8.58189582824707
2092,418.2,6.59653234481812
2093,418.3,1.78524136543274
2094,418.5,1.65708315372467
2095,418.6,0.804756939411163
2096,418.8,3.73488402366638
2097,419.0,5.2934308052063
2098,419.2,4.15002632141113
2099,419.3,1.22399377822876
2100,419.4,1.43535459041595
2101,419.7,1.74586164951324
2102,419.9,2.60193419456482
2103,420.0,1.53998959064484
2104,420.2,2.54678511619568
2105,420.4,1.65150725841522
2106,420.6,1.11230182647705
2107,420.8,1.85825061798096
2108,420.9,1.17755711078644
2109,421.1,2.50644707679749
2110,421.2,1.05723989009857
2111,421.4,1.59993028640747
2112,421.6,1.32880294322968
2113,421.8,1.80536675453186
2114,421.9,1.02909910678864
2115,422.1,2.53354239463806
2116,422.3,2.05889534950256
2117,422.5,1.35406863689423
2118,422.7,1.18313300609589
2119,422.9,1.71458446979523
2120,423.1,1.81224954128265
2121,423.2,1.37053489685059
2122,423.5,1.04634952545166
2123,423.6,0.49895453453064
2124,423.8,1.50322353839874
2125,423.9,0.694284737110138
2126,424.1,2.0564558506012
2127,424.3,1.94127893447876
2128,424.4,1.56603932380676
2129,424.7,1.40477430820465
2130,424.9,1.72198987007141
2131,425.0,0.699250757694244
2132,425.2,1.84396231174469
2133,425.4,1.41723299026489
2134,425.5,0.507579743862152
2135,425.7,1.51786029338837
2136,425.9,1.83812510967255
2137,426.0,1.20020914077759
2138,426.1,1.97978746891022
2139,426.4,1.68252313137054
2140,426.6,1.47612822055817
2141,426.8,1.77957832813263
2142,427.0,2.42150211334229
2143,427.2,2.52657246589661
2144,427.4,1.49259448051453
2145,427.6,1.52117097377777
2146,427.7,0.59113085269928
2147,427.9,1.98937094211578
2148,428.1,1.85067081451416
2149,428.2,0.809897184371948
2150,428.4,1.35171627998352
2151,428.5,0.880902588367462
2152,428.7,8.99477291107178
2153,428.9,40.3354225158691
2154,429.0,33.0284881591797
2155,429.1,38.1377410888672
2156,429.3,5.28079795837402
2157,429.4,2.75344133377075
2158,429.6,1.7741767168045
2159,429.8,11.6570835113525
2160,429.9,11.9698553085327
2161,430.0,22.1165714263916
2162,430.2,6.76711988449097
2163,430.3,4.79726409912109
2164,430.6,3.13870000839233
2165,430.8,10.9154901504517
2166,431.0,19.8254051208496
2167,431.1,13.6718940734863
2168,431.3,4.69576597213745
2169,431.6,1.85624670982361
2170,431.8,4.53772449493408
2171,432.0,7.32192039489746
2172,432.1,5.92951726913452
2173,432.3,2.70892143249512
2174,432.6,1.40155076980591
2175,432.8,3.46114301681519
2176,433.0,5.52692127227783
2177,433.1,2.83376884460449
2178,433.2,3.11134338378906
2179,433.4,1.57963061332703
2180,433.7,1.65020036697388
2181,433.9,2.50609850883484
2182,434.1,2.91470646858215
2183,434.2,1.9862345457077
2184,434.5,1.54242897033691
2185,434.7,1.4546959400177
2186,434.9,2.04286456108093
2187,435.0,1.20996689796448
2188,435.1,1.70822441577911
2189,435.4,1.53145146369934
2190,435.6,1.5735319852829
2191,435.7,1.67825400829315
2192,436.0,1.92638087272644
2193,436.2,1.95478308200836
2194,436.4,1.44946849346161
2195,436.6,1.1224080324173
2196,436.8,1.42036938667297
2197,437.0,1.84134864807129
2198,437.2,1.7727826833725
2199,437.3,1.4350061416626
2200,437.6,1.40399026870728
2201,437.8,1.39013767242432
2202,438.0,1.84361386299133
2203,438.1,0.959836184978485
2204,438.3,1.58546781539917
2205,438.4,0.639658451080322
2206,438.6,1.18574666976929
2207,438.8,1.33220076560974
2208,438.9,0.6825230717659
2209,439.1,1.61805188655853
2210,439.3,1.32331418991089
2211,439.4,1.34901547431946
2212,439.7,1.52073526382446
2213,439.9,1.46698033809662
2214,440.1,1.44842302799225
2215,440.2,0.738543272018433
2216,440.4,1.27957832813263
2217,440.6,1.12702560424805
2218,440.7,0.868879616260529
2219,440.9,1.96454083919525
2220,441.0,1.03920543193817
2221,441.2,1.85746645927429
2222,441.3,1.52761805057526
2223,441.5,1.22965669631958
2224,441.8,1.60219550132751
2225,442.0,1.76729393005371
2226,442.2,1.80928730964661
2227,442.3,0.726607441902161
2228,442.5,1.29290819168091
2229,442.7,1.68897020816803
2230,442.9,2.26964616775513
2231,443.1,2.60994935035706
2232,443.2,1.88456177711487
2233,443.5,1.41575181484222
2234,443.7,1.30649936199188
2235,443.8,0.899982571601868
2236,444.0,1.74560022354126
2237,444.1,0.926380932331085
2238,444.3,1.56821751594543
2239,444.5,1.41305100917816
2240,444.7,2.77417659759521
2241,444.8,1.66928040981293
2242,444.9,4.25649070739746
2243,445.1,3.57353186607361
2244,445.3,1.04181909561157
2245,445.5,1.53789854049683
2246,445.7,1.8325492143631
2247,445.9,2.51211023330688
2248,446.0,1.00217807292938
2249,446.2,2.13190460205078
2250,446.3,1.5804146528244
2251,446.6,1.4520822763443
2252,446.8,2.82366275787354
2253,447.0,3.8949294090271
2254,447.1,3.20909571647644
2255,447.3,1.43282806873322
2256,447.6,1.32775747776031
2257,447.8,1.90651679039001
2258,448.0,2.36495900154114
2259,448.1,1.87349712848663
2260,448.3,1.54887616634369
2261,448.5,0.631991624832153
2262,448.7,1.33141660690308
2263,448.9,1.82976126670837
2264,449.1,1.95530581474304
2265,449.3,1.64052975177765
2266,449.5,1.01367831230164
2267,449.7,1.2829761505127
2268,449.9,1.5151594877243
2269,450.1,1.66135215759277
2270,450.2,0.755270957946777
2271,450.4,1.15194284915924
2272,450.5,0.399982571601868
2273,450.7,1.35406863689423
2274,450.8,0.634256839752197
2275,451.0,1.21406173706055
2276,451.1,1.29900681972504
2277,451.3,1.34065163135529
2278,451.5,1.28924894332886
2279,451.7,0.59139221906662
2280,451.9,1.61517691612244
2281,452.1,1.45033979415894
2282,452.3,1.48144280910492
2283,452.5,1.1805192232132
2284,452.6,1.03476214408875
2285,452.8,0.51568216085434
2286,453.0,1.46192717552185
2287,453.1,0.694110453128815
2288,453.3,1.40181219577789
2289,453.4,0.520909547805786
2290,453.6,1.14113962650299
2291,453.8,1.28907477855682
2292,454.0,1.54042518138885
2293,454.2,1.37462973594666
2294,454.4,1.08843004703522
2295,454.5,0.947638988494873
2296,454.7,0.575013041496277
2297,454.9,1.27295696735382
2298,455.0,0.718243598937988
2299,455.2,1.37541389465332
2300,455.4,1.20839869976044
2301,455.5,1.02291345596313
2302,455.8,1.13748037815094
2303,456.0,1.22852408885956
2304,456.2,1.19175815582275
2305,456.4,1.17895102500916
2306,456.5,0.552970886230469
2307,456.7,1.36295521259308
2308,456.8,0.909566104412079
2309,457.0,1.89431953430176
2310,457.1,0.844572246074677
2311,457.3,1.48048436641693
2312,457.5,1.22991812229156
2313,457.6,0.684788286685944
2314,457.8,1.42786204814911
2315,458.0,1.43910086154938
2316,458.2,1.50775396823883
2317,458.3,0.600801527500153
2318,458.5,1.62763547897339
2319,458.7,3.04303884506226
2320,458.9,4.51010608673096
2321,459.0,2.11857461929321
2322,459.1,2.83420467376709
2323,459.3,1.03876984119415
2324,459.5,1.4881511926651
2325,459.7,1.93474471569061
2326,459.8,1.38734972476959
2327,460.0,2.94458961486816
2328,460.1,1.09688103199005
2329,460.2,1.81181395053864
2330,460.5,2.53127717971802
2331,460.7,7.15133285522461
2332,460.9,15.9184522628784
2333,461.0,14.5094089508057
2334,461.2,7.45103693008423
2335,461.4,1.16431438922882
2336,461.6,2.31791257858276
2337,461.7,2.58747172355652
2338,461.9,6.87375831604004
2339,462.0,3.77853274345398
2340,462.1,5.49555683135986
2341,462.3,2.64340472221375
2342,462.6,2.15934824943542
2343,462.8,4.2170238494873
2344,463.0,5.38900518417358
2345,463.1,4.03702735900879
2346,463.3,2.07858514785767
2347,463.6,1.42873322963715
2348,463.8,2.03119015693665
2349,463.9,1.16422724723816
2350,464.1,2.48414349555969
2351,464.2,1.60393798351288
2352,464.5,1.23714935779572
2353,464.7,1.3171284198761
2354,464.9,1.91139566898346
2355,465.0,0.813556373119354
2356,465.1,1.6119532585144
2357,465.3,1.58085036277771
2358,465.6,1.38255798816681
2359,465.8,1.4418888092041
2360,466.0,1.79560899734497
2361,466.1,1.53929257392883
2362,466.3,0.468722760677338
2363,466.5,1.15089738368988
2364,466.7,0.921066403388977
2365,466.9,1.19681131839752
2366,467.0,0.606377422809601
2367,467.2,1.31407916545868
2368,467.3,0.640616834163666
2369,467.5,1.37332284450531
2370,467.7,1.59296047687531
2371,467.8,0.843265354633331
2372,468.0,1.68992853164673
2373,468.2,1.16849625110626
2374,468.4,1.15351104736328
2375,468.5,0.572922110557556
2376,468.7,1.03920543193817
2377,468.8,0.457919508218765
2378,468.9,1.08450949192047
2379,469.2,1.10167276859283
2380,469.3,1.35311031341553
2381,469.5,0.563251435756683
2382,469.7,1.42368006706238
2383,469.8,0.595574140548706
2384,469.9,1.63321137428284
2385,470.2,1.11491549015045
2386,470.4,0.849538266658783
2387,470.5,0.495382457971573
2388,470.7,1.04852759838104
2389,470.9,1.32078754901886
2390,471.0,0.650461733341217
2391,471.2,1.39832723140717
2392,471.3,1.29194986820221
2393,471.6,1.12902939319611
2394,471.7,0.381773829460144
2395,471.9,1.17738282680511
2396,472.1,0.959923326969147
2397,472.3,0.945286631584167
2398,472.4,1.34692454338074
2399,472.7,1.79168844223022
2400,472.8,1.4710750579834
2401,473.0,3.19681119918823
2402,473.1,2.907475233078
2403,473.3,1.54905033111572
2404,473.6,1.32200729846954
2405,473.8,1.83437883853912
2406,473.9,1.03267121315002
2407,474.1,2.30754494667053
2408,474.2,1.53519773483276
2409,474.5,1.67799270153046
2410,474.7,6.9888482093811
2411,474.9,27.7410697937012
2412,475.1,42.8188705444336
2413,475.2,11.2050876617432
2414,475.3,9.16135215759277
2415,475.5,1.32157170772552
2416,475.7,4.67259120941162
2417,475.8,5.84335231781006
2418,476.0,18.4513854980469
2419,476.1,15.0164661407471
2420,476.3,3.29979085922241
2421,476.4,3.38308072090149
2422,476.7,4.18365573883057
2423,476.8,4.155601978302
2424,477.0,11.5463495254517
2425,477.1,9.83829975128174
2426,477.3,2.87062215805054
2427,477.4,2.17590165138245
2428,477.7,2.18626928329468
2429,477.8,1.92063081264496
2430,478.0,4.14000701904297
2431,478.1,2.09801363945007
2432,478.2,3.01289415359497
2433,478.4,0.690886914730072
2434,478.6,1.38787245750427
2435,478.7,0.799616634845734
2436,478.9,2.6989893913269
2437,479.1,2.68914437294006
2438,479.2,1.21519422531128
2439,479.4,1.58642625808716
2440,479.5,1.14619266986847
2441,479.7,0.520561099052429
2442,479.9,1.46288549900055
2443,480.1,1.75657784938812
2444,480.3,1.60960102081299
2445,480.5,1.27077889442444
2446,480.6,0.556542932987213
2447,480.8,1.33559858798981
2448,481.0,1.70961844921112
2449,481.1,1.51332986354828
2450,481.4,1.25422549247742
2451,481.5,1.12963926792145
2452,481.8,1.12685132026672
2453,481.9,0.41723296046257
2454,482.0,1.44336998462677
2455,482.2,0.528750658035278
2456,482.4,1.10829412937164
2457,482.6,1.01942849159241
2458,482.7,0.530231773853302
2459,482.9,1.37210309505463
2460,483.0,0.518557250499725
2461,483.2,1.22007322311401
2462,483.4,1.17259109020233
2463,483.6,1.49433696269989
2464,483.7,0.767293930053711
2465,483.9,1.7255619764328
2466,484.1,1.39527797698975
2467,484.3,1.03737580776215
2468,484.5,1.00339782238007
2469,484.6,0.547046542167664
2470,484.7,1.14645409584045
2471,485.0,1.18600797653198
2472,485.1,0.706394851207733
2473,485.3,1.2419410943985
2474,485.4,0.566213607788086
2475,485.6,1.41191840171814
2476,485.7,0.789510369300842
2477,485.9,1.50357210636139
2478,486.0,0.807196378707886
2479,486.2,1.23636519908905
2480,486.4,1.14087820053101
2481,486.6,1.06316435337067
2482,486.8,1.66788637638092
2483,487.0,1.82131028175354
2484,487.1,1.17781841754913
2485,487.3,1.73270606994629
2486,487.4,0.656821727752686
2487,487.6,1.11387002468109
2488,487.8,1.42193758487701
2489,488.0,1.77957832813263
2490,488.2,1.28576409816742
2491,488.4,1.08538067340851
2492,488.6,2.73505830764771
2493,488.8,15.7572746276855
2494,489.0,40.5075798034668
2495,489.1,34.9265556335449
2496,489.3,9.00601196289063
2497,489.6,3.26102113723755
2498,489.8,9.47429847717285
2499,489.9,9.40721416473389
2500,490.1,20.9874534606934
2501,490.2,6.7755708694458
2502,490.3,6.38055419921875
2503,490.5,1.5649938583374
2504,490.7,4.41496753692627
2505,490.9,11.2108383178711
2506,491.1,13.8991985321045
2507,491.2,8.65020084381104
2508,491.4,2.42359304428101
2509,491.7,2.23488402366638
2510,491.9,5.23470973968506
2511,492.0,5.64183664321899
2512,492.2,2.11831331253052
2513,492.3,2.82540512084961
2514,492.5,0.661526381969452
2515,492.7,1.8522390127182
2516,492.9,2.62101411819458
2517,493.0,1.71266770362854
2518,493.1,2.876633644104
2519,493.4,1.78750658035278
2520,493.6,1.15089738368988
2521,493.7,0.618748903274536
2522,493.8,1.54905033111572
2523,494.1,1.70874714851379
2524,494.3,1.66222333908081
2525,494.4,0.785067081451416
2526,494.5,1.1677120923996
2527,494.7,0.532932579517365
2528,494.9,1.5265725851059
2529,495.0,0.677905559539795
2530,495.2,1.48998081684113
2531,495.4,1.16762506961823
2532,495.6,1.15647327899933
2533,495.8,1.18295872211456
2534,496.0,1.20273566246033
2535,496.2,1.38734972476959
2536,496.3,0.629465043544769
2537,496.4,0.810942649841309
2538,496.7,0.897455990314484
2539,496.8,1.1050705909729
2540,497.0,0.583289742469788
2541,497.2,1.13530230522156
2542,497.3,0.583115518093109
2543,497.5,1.75004351139069
2544,497.7,1.78942322731018
2545,497.9,1.75230872631073
2546,498.0,0.872364521026611
2547,498.1,1.25013065338135
2548,498.4,1.10376369953156
2549,498.5,0.451211005449295
2550,498.6,0.87175464630127
2551,498.8,0.54504269361496
2552,499.0,1.04277753829956
2553,499.2,1.11744201183319
2554,499.3,0.746123015880585
2555,499.5,2.65882563591003
2556,499.7,3.34465932846069
2557,499.9,3.4767382144928
2558,500.0,2.09121799468994
2559,500.2,0.583289742469788
2560,500.4,0.996863543987274
2561,500.5,0.655863404273987
2562,500.7,1.14418888092041
2563,500.9,1.45190799236298
2564,501.1,1.57492589950562
2565,501.2,0.655427753925323
2566,501.4,1.82078754901886
2567,501.6,3.12179827690125
2568,501.8,3.33272337913513
2569,502.0,2.74420619010925
2570,502.1,0.966457545757294
2571,502.2,1.20491373538971
2572,502.5,1.15420806407928
2573,502.7,4.05549764633179
2574,502.9,7.48736715316772
2575,503.1,9.23087692260742
2576,503.2,5.73601675033569
2577,503.4,2.11125636100769
2578,503.7,2.14235925674438
2579,503.8,2.13512802124023
2580,504.0,5.53328084945679
2581,504.1,4.56333875656128
2582,504.3,2.29604458808899
2583,504.6,1.58599054813385
2584,504.8,2.9566125869751
2585,505.0,4.12632846832275
2586,505.2,3.99154901504517
2587,505.3,1.39222860336304
2588,505.5,1.17947375774384
2589,505.7,1.57919502258301
2590,505.9,2.02448153495789
2591,506.0,0.808590352535248
2592,506.1,2.24917221069336
2593,506.3,0.746035873889923
2594,506.5,1.38987624645233
2595,506.6,0.647238194942474
2596,506.8,1.89684617519379
2597,507.0,2.7139744758606
2598,507.1,1.41906249523163
2599,507.3,2.07117962837219
2600,507.4,0.619271636009216
2601,507.5,1.10472202301025
2602,507.7,0.581024587154388
2603,507.9,1.48466634750366
2604,508.1,1.67912530899048
2605,508.2,1.40277051925659
2606,508.4,1.23418712615967
2607,508.6,0.533629536628723
2608,508.8,1.25649070739746
2609,508.9,0.609775245189667
2610,509.1,1.22878551483154
2611,509.2,1.2530928850174
2612,509.4,0.389702051877975
2613,509.6,0.874019861221313
2614,509.8,0.970291018486023
2615,510.0,1.11221468448639
2616,510.2,1.30702209472656
2617,510.4,1.10620319843292
2618,510.6,0.91784280538559
2619,510.8,1.2727826833725
2620,510.9,0.602108359336853
2621,511.0,1.27260851860046
2622,511.3,0.875588059425354
2623,511.4,0.55924379825592
2624,511.6,0.846401810646057
2625,511.8,1.10646450519562
2626,511.9,0.980223059654236
2627,512.1,0.46924552321434
2628,512.3,1.09278619289398
2629,512.5,0.954086065292358
2630,512.7,1.0170761346817
2631,512.9,1.0331939458847
2632,513.0,0.652988314628601
2633,513.2,1.25239586830139
2634,513.4,1.19289076328278
2635,513.5,0.634431064128876
2636,513.6,1.17076146602631
2637,513.8,1.48902249336243
2638,514.1,1.15821576118469
2639,514.3,1.11909735202789
2640,514.5,1.09844923019409
2641,514.6,0.407562285661697
2642,514.8,1.14566993713379
2643,515.0,1.05784976482391
2644,515.1,0.700557589530945
2645,515.3,1.2222512960434
2646,515.5,1.97717368602753
2647,515.7,2.50975775718689
2648,515.8,1.25352847576141
2649,515.9,1.87358427047729
2650,516.1,0.825405120849609
2651,516.3,1.17738282680511
2652,516.5,1.07274782657623
2653,516.6,0.59296041727066
2654,516.8,1.14323055744171
2655,516.9,0.684875428676605
2656,517.1,1.41078579425812
2657,517.2,0.717720866203308
2658,517.4,1.69201946258545
2659,517.6,2.30571532249451
2660,517.7,1.40852069854736
2661,517.9,2.45617699623108
2662,518.1,1.80920016765594
2663,518.2,0.588604271411896
2664,518.4,1.17398500442505
2665,518.6,1.72861123085022
2666,518.8,2.12589311599731
2667,519.0,2.19994783401489
2668,519.1,1.97124934196472
2669,519.3,1.27722597122192
2670,519.6,1.39031195640564
2671,519.8,1.78576409816742
2672,520.0,1.85075795650482
2673,520.1,1.29926812648773
2674,520.3,0.560289263725281
2675,520.5,1.05915665626526
2676,520.7,2.37811470031738
2677,520.8,1.61308586597443
2678,521.0,3.4418888092041
2679,521.2,2.64793515205383
2680,521.4,1.61909735202789
2681,521.5,0.543997228145599
2682,521.7,1.66065514087677
2683,521.9,1.94458961486816
2684,522.1,1.98536324501038
2685,522.3,1.65656042098999
2686,522.5,1.19776964187622
2687,522.7,1.42002093791962
2688,522.9,1.54504263401031
2689,523.1,1.79752564430237
2690,523.2,0.749520838260651
2691,523.4,0.970203876495361
2692,523.6,0.982488214969635
2693,523.8,1.21519422531128
2694,524.0,1.35938322544098
2695,524.2,1.39388394355774
2696,524.4,0.848667025566101
2697,524.6,0.960446059703827
2698,524.7,0.579282104969025
2699,524.9,1.03101587295532
2700,525.0,0.55950516462326
2701,525.2,1.04504263401031
2702,525.4,1.02195501327515
2703,525.6,1.02230358123779
2704,525.8,0.90111517906189
2705,525.9,1.08337688446045
2706,526.1,0.589214146137238
2707,526.3,1.03755009174347
2708,526.4,0.556020200252533
2709,526.6,1.12833249568939
2710,526.8,0.934657633304596
2711,526.9,0.613347291946411
2712,527.1,0.871493279933929
2713,527.2,0.809374451637268
2714,527.4,0.482139736413956
2715,527.6,0.981442749500275
2716,527.8,1.04295170307159
2717,528.0,1.17328798770905
2718,528.2,0.972207725048065
2719,528.4,0.924986958503723
2720,528.6,0.895539283752441
2721,528.8,0.945722222328186
2722,528.9,0.537811458110809
2723,529.1,0.925683915615082
2724,529.3,0.89240288734436
2725,529.5,1.26136958599091
2726,529.7,1.13948428630829
2727,529.9,1.13843870162964
2728,530.1,1.05767560005188
2729,530.3,0.970552384853363
2730,530.5,1.05305802822113
2731,530.6,1.12275660037994
2732,530.9,1.0725736618042
2733,531.0,0.534675002098083
2734,531.2,1.09749090671539
2735,531.4,1.36190974712372
2736,531.6,2.03066730499268
2737,531.8,2.20918273925781
2738,532.0,1.68208742141724
2739,532.2,1.09670674800873
2740,532.3,0.444415390491486
2741,532.5,1.16213631629944
2742,532.7,1.42855894565582
2743,532.9,2.29038166999817
2744,533.1,2.38464879989624
2745,533.3,1.79639315605164
2746,533.5,2.17625021934509
2747,533.7,2.62615442276001
2748,533.8,2.44197607040405
2749,534.0,1.12702560424805
2750,534.1,1.49660217761993
2751,534.3,0.793256640434265
2752,534.5,2.03563332557678
2753,534.7,4.70805025100708
2754,534.9,8.59113121032715
2755,535.0,5.33856058120728
2756,535.1,8.43552875518799
2757,535.3,3.52021265029907
2758,535.5,1.10236978530884
2759,535.7,3.26102113723755
2760,535.9,4.91087293624878
2761,536.1,5.84823131561279
2762,536.2,2.09208917617798
2763,536.3,2.28541564941406
2764,536.6,1.84291684627533
2765,536.8,2.95234370231628
2766,537.0,4.13547658920288
2767,537.1,3.58058905601501
2768,537.3,2.02517867088318
2769,537.5,0.550967037677765
2770,537.7,1.57135391235352
2771,537.9,1.72381949424744
2772,538.0,1.85912179946899
2773,538.2,1.53397798538208
2774,538.5,1.08407390117645
2775,538.6,1.10263109207153
2776,538.9,1.43247950077057
2777,539.1,1.50374627113342
2778,539.2,1.28550267219543
2779,539.4,1.02483010292053
2780,539.7,1.24490332603455
2781,539.8,0.449555665254593
2782,539.9,1.06752049922943
2783,540.2,1.18888306617737
2784,540.4,0.987367153167725
2785,540.6,1.1041122674942
2786,540.7,0.51568216085434
2787,540.9,0.997734785079956
2788,541.0,0.532322704792023
2789,541.2,0.895365059375763
2790,541.3,0.453824698925018
2791,541.5,0.803711473941803
2792,541.7,0.769733428955078
2793,541.8,0.943369925022125
2794,542.0,0.439797878265381
2795,542.2,0.935877323150635
2796,542.4,0.958877861499786
2797,542.5,0.854417145252228
2798,542.7,0.279665440320969
2799,542.9,0.991374790668488
2800,543.0,0.560986220836639
2801,543.2,0.875500977039337
2802,543.4,0.916187465190887
2803,543.6,0.789336144924164
2804,543.8,1.02082240581512
2805,543.9,0.56743335723877
2806,544.1,0.84884124994278
2807,544.2,0.565168142318726
2808,544.4,0.926468014717102
2809,544.6,0.910263121128082
2810,544.7,0.468025773763657
2811,544.8,1.19123542308807
2812,545.1,1.28829061985016
2813,545.2,0.474124401807785
2814,545.4,0.924377083778381
2815,545.5,0.505662977695465
2816,545.7,1.14793515205383
2817,545.8,1.0436487197876
2818,546.0,0.641139566898346
2819,546.1,1.09208917617798
2820,546.3,0.458006620407104
2821,546.5,0.882645070552826
2822,546.7,1.49364006519318
2823,546.8,0.691583871841431
2824,547.0,1.37820172309875
2825,547.2,1.53824710845947
2826,547.4,1.44894576072693
2827,547.5,0.8328977227211
2828,547.7,1.43291509151459
2829,547.9,1.8050183057785
2830,548.1,1.49468553066254
2831,548.3,1.17494332790375
2832,548.5,1.56124758720398
2833,548.7,4.61360883712769
2834,548.9,17.1481094360352
2835,549.1,25.3798580169678
2836,549.2,10.2358427047729
2837,549.3,10.1338214874268
2838,549.6,3.55575895309448
2839,549.7,1.87384557723999
2840,549.9,10.7334032058716
