#"+ Scan (rt: 4.980-55.035 min, 8759 scans) NWA350_650_240222_4.D "
#Point,X(Thompsons),Y(Counts)
0,50.1,532.611022949219
1,50.3,10.1683979034424
2,50.6,0.623472988605499
3,50.8,2.6490466594696
4,51.0,46.0081062316895
5,51.2,674.616271972656
6,51.3,14.6046352386475
7,51.5,1.18027174472809
8,51.8,2.18586587905884
9,52.0,26.4856719970703
10,52.1,217.370025634766
11,52.3,13.530083656311
12,52.5,1.08197283744812
13,52.8,2.04121470451355
14,53.0,34.684326171875
15,53.2,192.826690673828
16,53.3,18.1131401062012
17,53.5,0.895650207996368
18,53.7,0.383947938680649
19,53.9,6.93286895751953
20,54.1,55.1076622009277
21,54.2,49.295581817627
22,54.4,3.8974769115448
23,54.7,1.75739240646362
24,54.8,0.803744733333588
25,55.0,29.9735126495361
26,55.2,602.269409179688
27,55.3,31.452220916748
28,55.5,0.531339168548584
29,55.8,1.14704871177673
30,56.0,28.9441719055176
31,56.2,253.22331237793
32,56.3,34.6512145996094
33,56.5,1.23290324211121
34,56.8,0.927388966083527
35,57.0,21.4025573730469
36,57.2,560.565612792969
37,57.3,55.1459083557129
38,57.6,15.2657833099365
39,57.7,16.4892120361328
40,58.0,34.2017364501953
41,58.1,115.766525268555
42,58.3,14.9199676513672
43,58.6,2.19853854179382
44,58.8,3.30654191970825
45,59.0,24.4244785308838
46,59.1,90.4827041625977
47,59.3,10.3380527496338
48,59.5,0.814933240413666
49,59.7,1.81972825527191
50,59.9,16.4331550598145
51,60.1,147.569351196289
52,60.2,57.0601654052734
53,60.4,1.23061990737915
54,60.6,0.701678276062012
55,60.8,2.34752821922302
56,61.0,19.032995223999
57,61.1,106.309852600098
58,61.3,7.0605092048645
59,61.5,0.43075692653656
60,61.7,0.785820305347443
61,61.9,6.13049411773682
62,62.1,157.849533081055
63,62.2,71.2202301025391
64,62.4,1.52368986606598
65,62.7,0.904326975345612
66,62.9,9.34809875488281
67,63.0,27.5081634521484
68,63.1,537.872253417969
69,63.3,6.3459300994873
70,63.5,0.0384747125208378
71,63.9,5.78821802139282
72,64.1,5233.1689453125
73,64.2,38.924991607666
74,64.7,0.264642089605331
75,64.9,14.553373336792
76,65.1,274.017822265625
77,65.2,318.248443603516
78,65.4,2.56284952163696
79,65.6,0.555542886257172
80,65.8,6.05251741409302
81,66.0,153.637283325195
82,66.2,635.401672363281
83,66.3,5.89839029312134
84,66.6,0.881150841712952
85,66.8,2.32012796401978
86,67.0,41.3077964782715
87,67.2,295.473449707031
88,67.3,27.2937545776367
89,67.5,1.15561139583588
90,67.8,2.72120094299316
91,68.0,33.177303314209
92,68.2,108.046920776367
93,68.3,17.7536239624023
94,68.5,0.976138830184937
95,68.8,1.39159727096558
96,69.0,38.0345916748047
97,69.1,450.836639404297
98,69.3,42.5621643066406
99,69.6,10.5156984329224
100,69.8,14.6733646392822
101,70.0,42.1235313415527
102,70.2,231.850326538086
103,70.3,44.5206069946289
104,70.6,5.09749984741211
105,70.8,3.32069873809814
106,71.0,30.6243858337402
107,71.2,390.163146972656
108,71.3,42.9702033996582
109,71.6,0.864824771881104
110,71.8,1.59344673156738
111,72.0,12.7134380340576
112,72.2,27.6620616912842
113,72.3,8.16234683990479
114,72.5,0.810480654239655
115,72.7,1.24432015419006
116,72.9,12.8034019470215
117,73.1,293.000915527344
118,73.2,175.292617797852
119,73.4,2.37664127349854
120,73.7,1.33645391464233
121,73.9,11.9107208251953
122,74.1,278.669586181641
123,74.2,66.1357498168945
124,74.4,1.52117824554443
125,74.5,0.871104001998901
126,74.8,3.83902263641357
127,75.0,57.2633857727051
128,75.1,294.157562255859
129,75.2,106.678047180176
130,75.4,4.01484203338623
131,75.7,1.9720287322998
132,75.9,29.106861114502
133,76.1,549.096008300781
134,76.2,146.552230834961
135,76.4,4.38257789611816
136,76.6,0.898504376411438
137,76.8,4.92704629898071
138,77.0,74.8739547729492
139,77.1,794.775207519531
140,77.3,19.8522663116455
141,77.6,0.716862678527832
142,77.8,3.67188024520874
143,77.9,13.3266353607178
144,78.1,312.940185546875
145,78.2,267.699859619141
146,78.4,2.92658972740173
147,78.6,0.483502686023712
148,78.8,2.73341703414917
149,79.0,58.7279357910156
150,79.1,356.694366455078
151,79.3,22.7965526580811
152,79.5,1.27879893779755
153,79.8,3.69345808029175
154,80.0,27.482931137085
155,80.1,55.6053199768066
156,80.3,11.1181640625
157,80.5,1.16223311424255
158,80.8,3.63762974739075
159,81.0,56.6451644897461
160,81.1,244.432235717773
161,81.3,29.473913192749
162,81.4,7.12067604064941
163,81.6,1.55862545967102
164,81.8,5.2903299331665
165,82.0,42.4041557312012
166,82.1,141.673477172852
167,82.3,30.4597549438477
168,82.6,5.27263402938843
169,82.8,5.06964254379272
170,83.0,39.9260177612305
171,83.2,200.800430297852
172,83.3,40.2861061096191
173,83.5,1.90969288349152
174,83.8,2.81767320632935
175,84.0,30.7185745239258
176,84.1,158.982192993164
177,84.3,28.2974090576172
178,84.5,1.19328689575195
179,84.8,1.59139168262482
180,85.0,29.5424137115479
181,85.2,246.850326538086
182,85.3,39.3989028930664
183,85.6,1.38623130321503
184,85.8,1.61159944534302
185,86.0,20.3083686828613
186,86.1,84.9673461914063
187,86.3,6.76995086669922
188,86.5,0.636716544628143
189,86.7,1.04874980449677
190,86.9,10.2621307373047
191,87.1,109.167602539063
192,87.2,58.8688201904297
193,87.4,2.03870296478271
194,87.5,2.02374696731567
195,87.8,3.93754982948303
196,88.0,19.0953311920166
197,88.2,118.539901733398
198,88.3,6.5932183265686
199,88.6,1.60634779930115
200,88.8,5.52186346054077
201,88.9,12.139627456665
202,89.1,273.510681152344
203,89.2,137.186431884766
204,89.4,2.16063475608826
205,89.5,1.74711728096008
206,89.7,0.893823504447937
207,89.9,4.91996812820435
208,90.1,92.6753082275391
209,90.2,54.5373916625977
210,90.4,1.16189062595367
211,90.5,0.783651113510132
212,90.8,2.51113152503967
213,91.0,54.3902282714844
214,91.2,1412.81091308594
215,91.3,24.2630443572998
216,91.5,0.721657752990723
217,91.8,2.07569360733032
218,92.0,27.0792331695557
219,92.2,265.570037841797
220,92.3,13.7785139083862
221,92.5,0.454618096351624
222,92.7,1.0263729095459
223,92.9,11.7334175109863
224,93.1,121.550407409668
225,93.2,321.364654541016
226,93.4,4.21098279953003
227,93.7,1.60794615745544
228,93.9,10.0126724243164
229,94.0,24.6177654266357
230,94.1,986.401672363281
231,94.3,16.2243404388428
232,94.6,3.94200253486633
233,94.7,2.14659214019775
234,94.9,10.534764289856
235,95.1,172.27799987793
236,95.2,142.574264526367
237,95.4,5.80260324478149
238,95.7,2.42447757720947
239,95.9,28.4749393463135
240,96.0,132.503143310547
241,96.1,343.160400390625
242,96.3,34.8072853088379
243,96.5,3.20356202125549
244,96.7,7.25665044784546
245,96.9,25.2271957397461
246,97.1,256.837768554688
247,97.2,129.481796264648
248,97.4,6.24340677261353
249,97.6,0.742550492286682
250,97.8,3.08494114875793
251,98.0,34.0470390319824
252,98.1,137.841415405273
253,98.3,13.7248544692993
254,98.4,4.09441709518433
255,98.7,0.848156154155731
256,98.9,5.88320589065552
257,99.0,16.203332901001
258,99.1,109.392395019531
259,99.3,16.3475284576416
260,99.5,1.46443653106689
261,99.8,1.72531116008759
262,100.0,8.42915821075439
263,100.1,51.9632377624512
264,100.3,4.90855121612549
265,100.5,0.471172511577606
266,100.7,1.03025460243225
267,100.9,4.35723257064819
268,101.0,8.91094875335693
269,101.1,122.388061523438
270,101.3,4.30174684524536
271,101.4,1.58408498764038
272,101.6,0.482360988855362
273,101.8,3.14670634269714
274,102.0,22.0285415649414
275,102.1,308.295227050781
276,102.3,6.01997947692871
277,102.4,1.64310991764069
278,102.6,0.441374599933624
279,102.8,4.48864030838013
280,103.0,53.1967124938965
281,103.1,1116.30969238281
282,103.3,11.3177299499512
283,103.4,3.07877612113953
284,103.6,0.448110520839691
285,103.8,3.79369783401489
286,103.9,8.50804901123047
287,104.1,153.662857055664
288,104.2,267.914703369141
289,104.4,2.59401750564575
290,104.6,0.510674715042114
291,104.8,4.15001726150513
292,105.0,53.0774078369141
293,105.2,1101.15466308594
294,105.3,20.2309627532959
295,105.5,0.555885374546051
296,105.7,0.809681475162506
297,105.8,1.30094754695892
298,106.0,22.6769046783447
299,106.2,602.446838378906
300,106.3,13.4261903762817
301,106.5,0.675533711910248
302,106.7,1.46169650554657
303,106.9,9.41146278381348
304,107.1,69.8061447143555
305,107.2,77.266242980957
306,107.4,2.87818241119385
307,107.5,1.46466493606567
308,107.7,0.481790155172348
309,107.9,6.53967332839966
310,108.1,75.2968368530273
311,108.2,26.2597332000732
312,108.4,1.89610683917999
313,108.5,1.082315325737
314,108.8,2.41842675209045
315,109.0,36.6971130371094
316,109.1,288.117248535156
317,109.3,24.3090534210205
318,109.5,1.29455411434174
319,109.8,2.31955695152283
320,110.0,27.0917911529541
321,110.1,190.807052612305
322,110.3,15.3018608093262
323,110.5,1.2188606262207
324,110.7,0.699509084224701
325,110.9,8.57951831817627
326,111.1,213.585678100586
327,111.2,51.4721984863281
328,111.3,23.9418888092041
329,111.5,0.876584112644196
330,111.8,1.45473229885101
331,111.9,4.02523136138916
332,112.1,132.993270874023
333,112.2,47.279369354248
334,112.4,3.69185972213745
335,112.7,1.03858888149261
336,112.9,5.02454614639282
337,113.1,61.854663848877
338,113.2,46.3665962219238
339,113.4,3.45164966583252
340,113.6,0.43189862370491
341,113.8,1.66822695732117
342,114.0,9.15230083465576
343,114.1,40.1551551818848
344,114.3,2.73958206176758
345,114.6,0.824523329734802
346,114.8,3.89759111404419
347,115.0,59.0337944030762
348,115.1,550.039184570313
349,115.3,14.6053199768066
350,115.6,0.703961610794067
351,115.7,0.46032652258873
352,115.9,6.33611154556274
353,116.0,15.6308937072754
354,116.2,164.909805297852
355,116.3,10.2003650665283
356,116.5,0.321612060070038
357,116.7,0.707500874996185
358,116.9,10.1734218597412
359,117.1,177.228561401367
360,117.2,288.239868164063
361,117.4,2.07466602325439
362,117.7,0.650074183940887
363,117.9,6.2314190864563
364,118.0,13.3995885848999
365,118.2,253.464660644531
366,118.3,11.2512845993042
367,118.6,0.874871551990509
368,118.7,0.714122593402863
369,118.9,16.8574047088623
370,119.0,40.5311126708984
371,119.2,435.202301025391
372,119.3,17.5007419586182
373,119.5,0.436237007379532
374,119.7,0.77440345287323
375,119.9,5.74346399307251
376,120.1,53.409294128418
377,120.2,245.78239440918
378,120.4,2.06598925590515
379,120.5,0.946683406829834
380,120.8,2.11530995368958
381,121.0,24.1435089111328
382,121.2,78.8450698852539
383,121.3,13.5599956512451
384,121.5,0.968032896518707
385,121.8,2.08802366256714
386,122.0,23.6851234436035
387,122.1,88.9269332885742
388,122.3,8.23198986053467
389,122.5,0.568101406097412
390,122.7,0.4499371945858
391,122.9,6.06747341156006
392,123.1,56.3051719665527
393,123.2,38.4139747619629
394,123.4,3.88868594169617
395,123.6,0.53853178024292
396,123.8,0.695855677127838
397,124.0,12.8091106414795
398,124.1,40.9990882873535
399,124.3,6.12604188919067
400,124.4,2.95182108879089
401,124.6,0.588880002498627
402,124.8,2.88457584381104
403,125.0,20.848726272583
404,125.1,80.3359985351563
405,125.3,14.6361455917358
406,125.5,2.36362600326538
407,125.8,3.42927265167236
408,125.9,5.61205625534058
409,126.1,248.264190673828
410,126.2,87.9997711181641
411,126.4,3.24135184288025
412,126.5,1.41226172447205
413,126.7,0.803173899650574
414,126.9,7.70396184921265
415,127.1,75.6047515869141
416,127.2,353.698028564453
417,127.3,13.1591501235962
418,127.6,1.24078094959259
419,127.8,3.39353799819946
420,128.0,127.905128479004
421,128.2,2847.66015625
422,128.3,10.4882974624634
423,128.4,1.85569131374359
424,128.7,0.624158024787903
425,128.9,7.37013339996338
426,129.1,92.3512954711914
427,129.2,341.482360839844
428,129.4,1.38725876808167
429,129.6,0.812307357788086
430,129.7,0.497088700532913
431,129.9,6.50371026992798
432,130.1,48.8391380310059
433,130.2,42.7436904907227
434,130.4,1.53191006183624
435,130.7,0.960954427719116
436,130.9,6.17981481552124
437,131.1,85.7690353393555
438,131.2,80.4207077026367
439,131.4,1.4300719499588
440,131.6,0.669825315475464
441,131.8,2.5186665058136
442,132.0,16.7661838531494
443,132.2,103.58031463623
444,132.3,7.5716404914856
445,132.4,2.06416249275208
446,132.7,1.33805227279663
447,132.9,24.3672790527344
448,133.1,343.785949707031
449,133.2,140.350494384766
450,133.3,21.8757858276367
451,133.5,1.08779537677765
452,133.7,2.14784789085388
453,133.9,15.9634656906128
454,134.1,857.796569824219
455,134.2,109.687294006348
456,134.4,2.4255051612854
457,134.6,0.69505649805069
458,134.8,4.30688428878784
459,135.0,38.1993370056152
460,135.1,161.976135253906
461,135.3,14.6537275314331
462,135.5,0.592875897884369
463,135.8,1.39878976345062
464,136.0,8.69003295898438
465,136.1,103.388511657715
466,136.3,4.53442192077637
467,136.5,0.384747117757797
468,136.7,1.24089503288269
469,136.9,7.21086883544922
470,137.1,45.625072479248
471,137.2,27.4059829711914
472,137.4,3.31453371047974
473,137.6,0.729306995868683
474,137.9,3.43098521232605
475,138.1,28.2959251403809
476,138.2,16.0224914550781
477,138.4,2.07889032363892
478,138.7,0.753510653972626
479,138.9,5.56558990478516
480,139.0,12.5355634689331
481,139.1,249.775665283203
482,139.3,8.68695068359375
483,139.5,0.542070984840393
484,139.7,0.619591295719147
485,139.9,4.08163022994995
486,140.1,159.751113891602
487,140.2,25.5587387084961
488,140.3,9.45735836029053
489,140.5,1.20253455638885
490,140.8,1.72097265720367
491,141.0,20.570613861084
492,141.2,775.203918457031
493,141.3,13.5972146987915
494,141.5,0.803288042545319
495,141.8,1.06998515129089
496,142.0,14.9077520370483
497,142.2,697.435546875
498,142.3,6.84393215179443
499,142.6,0.565818011760712
500,142.8,1.37675535678864
501,143.0,12.443886756897
502,143.1,21.1285533905029
503,143.2,92.0130157470703
504,143.4,1.79072952270508
505,143.7,0.516725659370422
506,143.8,0.453133910894394
507,144.0,7.07889032363892
508,144.2,28.4499378204346
509,144.3,5.02603054046631
510,144.5,0.741066336631775
511,144.8,1.29444003105164
512,145.0,14.7246265411377
513,145.1,31.113597869873
514,145.2,38.2198867797852
515,145.4,2.04304146766663
516,145.7,0.774060964584351
517,145.9,3.54309844970703
518,146.1,25.84450340271
519,146.2,27.3314304351807
520,146.4,1.82577919960022
521,146.7,1.74163722991943
522,146.9,21.7355861663818
523,147.1,172.005477905273
524,147.2,55.5663871765137
525,147.4,3.07706356048584
526,147.6,0.281767338514328
527,147.8,2.02751445770264
528,148.0,12.9421167373657
529,148.1,113.833770751953
530,148.3,9.92932987213135
531,148.5,0.991894066333771
532,148.8,3.10925912857056
533,149.0,26.6884346008301
534,149.1,72.9332122802734
535,149.3,11.4584999084473
536,149.5,0.868592321872711
537,149.7,0.975796341896057
538,149.9,4.56410551071167
539,150.1,92.9426879882813
540,150.2,33.8031730651855
541,150.4,1.77520263195038
542,150.7,0.663317739963531
543,150.9,6.79929208755493
544,151.1,150.826232910156
545,151.2,74.1478500366211
546,151.3,10.1489896774292
547,151.5,0.996004104614258
548,151.8,1.54013013839722
549,152.0,19.8856029510498
550,152.1,230.658752441406
551,152.2,167.469467163086
552,152.4,2.27936983108521
553,152.6,0.277086436748505
554,152.8,2.02271938323975
555,153.0,18.7980365753174
556,153.2,357.460083007813
557,153.3,8.43543815612793
558,153.4,1.87030482292175
559,153.7,0.691631436347961
560,153.9,4.04075813293457
561,154.1,53.4243621826172
562,154.2,376.703857421875
563,154.4,2.44628381729126
564,154.6,1.33359968662262
565,154.8,3.11588072776794
566,155.0,24.1674842834473
567,155.2,198.313842773438
568,155.3,12.8135633468628
569,155.6,1.25870537757874
570,155.8,1.38623130321503
571,156.0,9.47756576538086
572,156.2,213.420486450195
573,156.3,6.9561595916748
574,156.5,0.824294984340668
575,156.8,1.10766065120697
576,157.0,7.67267942428589
577,157.1,10.2869052886963
578,157.2,32.5219764709473
579,157.4,0.882064163684845
580,157.6,0.616737067699432
581,157.8,1.03116798400879
582,158.0,6.8092246055603
583,158.1,24.0245456695557
584,158.3,4.08505535125732
585,158.5,0.549948632717133
586,158.7,0.711839258670807
587,158.9,3.70772910118103
588,159.1,55.2243423461914
589,159.2,22.3878288269043
590,159.4,1.96175360679626
591,159.6,1.08174443244934
592,159.8,4.84690046310425
593,159.9,105.456901550293
594,160.1,71.8740692138672
595,160.3,7.00068521499634
596,160.5,0.399589002132416
597,160.7,1.52814245223999
598,160.9,13.8492975234985
599,161.1,42.8551216125488
600,161.2,18.7640132904053
601,161.4,1.90135860443115
602,161.7,1.09727132320404
603,161.9,19.2821102142334
604,162.1,33.5533752441406
605,162.2,26.3466148376465
606,162.4,2.44753956794739
607,162.6,0.672565340995789
608,162.8,6.65658187866211
609,163.0,40.7328453063965
610,163.1,38.6995086669922
611,163.2,37.6363754272461
612,163.4,2.23393082618713
613,163.6,1.48875439167023
614,163.8,2.24922943115234
615,164.0,10.3346271514893
616,164.1,17.7387828826904
617,164.3,2.90718126296997
618,164.4,1.92122387886047
619,164.7,1.09647214412689
620,164.9,11.2748031616211
621,165.1,77.9704284667969
622,165.2,51.5894508361816
623,165.3,10.8735017776489
624,165.6,0.973741292953491
625,165.8,1.23290324211121
626,166.0,13.3935384750366
627,166.1,58.6014366149902
628,166.3,6.74517631530762
629,166.6,0.676332890987396
630,166.8,1.38280630111694
631,167.0,11.4010734558105
632,167.2,92.352783203125
633,167.3,7.22970676422119
634,167.5,0.47322753071785
635,167.7,0.69985157251358
636,167.9,3.16360306739807
637,168.1,133.001373291016
638,168.2,88.7414093017578
639,168.4,2.12980937957764
640,168.5,0.783308625221252
641,168.8,1.16953992843628
642,169.0,8.72873592376709
643,169.2,52.9918937683105
644,169.3,9.40541172027588
645,169.5,1.05206072330475
646,169.8,1.02511703968048
647,170.0,4.90535449981689
648,170.1,15.3090534210205
649,170.2,41.2041320800781
650,170.4,1.25219774246216
651,170.7,1.50633633136749
652,170.8,2.51752471923828
653,171.0,24.0982990264893
654,171.1,18.6689128875732
655,171.2,17.2772006988525
656,171.4,1.48087680339813
657,171.6,0.363625973463058
658,171.8,1.10332226753235
659,172.0,4.3926248550415
660,172.1,5.98538637161255
661,172.3,2.17570495605469
662,172.5,0.342619031667709
663,172.7,0.893024325370789
664,172.9,4.74688911437988
665,173.1,18.3654518127441
666,173.2,12.0963582992554
667,173.4,1.49583280086517
668,173.7,0.42824524641037
669,173.9,2.82886171340942
670,174.1,34.4001579284668
671,174.2,11.3786964416504
672,174.3,4.60200929641724
673,174.5,0.270807176828384
674,174.7,0.592990040779114
675,174.9,2.96129703521729
676,175.1,23.6766757965088
677,175.2,18.5556564331055
678,175.3,4.50313949584961
679,175.5,0.37835368514061
680,175.7,1.19716858863831
681,175.9,7.16737079620361
682,176.1,52.554515838623
683,176.2,169.133239746094
684,176.3,7.32732057571411
685,176.5,0.705559968948364
686,176.7,0.747117221355438
687,176.9,20.08083152771
688,177.1,104.780456542969
689,177.2,117.83080291748
690,177.3,9.25516605377197
691,177.5,0.873387396335602
692,177.8,3.01461362838745
693,178.0,20.1357460021973
694,178.2,1058.04724121094
695,178.3,7.83788108825684
696,178.5,0.371389418840408
697,178.7,1.11291241645813
698,178.9,10.8156185150146
699,179.1,44.5875091552734
700,179.2,172.37287902832
701,179.4,2.55063366889954
702,179.7,0.750884830951691
703,179.8,0.640255749225616
704,180.0,8.30300235748291
705,180.1,147.674850463867
706,180.2,60.2536811828613
707,180.4,1.41580092906952
708,180.7,0.448338866233826
709,180.9,2.72964954376221
710,181.1,37.8697357177734
711,181.2,24.9368648529053
712,181.4,1.59550178050995
713,181.6,0.143395364284515
714,181.8,0.858202993869781
715,182.0,4.65269994735718
716,182.2,67.6258697509766
717,182.3,5.91425943374634
718,182.4,1.87258815765381
719,182.6,0.21669140458107
720,182.8,0.910035371780396
721,183.0,3.97670960426331
722,183.1,29.5768928527832
723,183.2,16.8790950775146
724,183.4,1.74631810188293
725,183.7,0.744148850440979
726,183.9,2.84404611587524
727,184.1,581.217590332031
728,184.2,18.038703918457
729,184.4,1.1940860748291
730,184.7,0.503710448741913
731,184.9,2.32823371887207
732,185.0,4.74974298477173
733,185.1,91.8744125366211
734,185.3,2.21806144714355
735,185.4,0.966548681259155
736,185.6,0.335083901882172
737,185.8,0.586824953556061
738,186.0,5.55109024047852
739,186.1,38.1205635070801
740,186.3,1.94965183734894
741,186.6,0.837881028652191
742,186.7,0.460212349891663
743,186.9,4.35609102249146
744,187.1,14.5015411376953
745,187.2,6.59253358840942
746,187.4,0.727822840213776
747,187.6,0.376755326986313
748,187.8,1.10297977924347
749,188.0,3.65818023681641
750,188.1,2.19762539863586
751,188.2,4.57426643371582
752,188.4,1.05731248855591
753,188.7,0.900901913642883
754,188.9,5.80728387832642
755,189.1,24.9120903015137
756,189.2,18.3052864074707
757,189.4,1.83422768115997
758,189.6,0.170339077711105
759,189.8,1.61148536205292
760,190.0,13.4976596832275
761,190.1,62.1344909667969
762,190.3,4.01347208023071
763,190.6,1.18598008155823
764,190.8,5.00993251800537
765,191.0,128.913467407227
766,191.1,265.209045410156
767,191.3,11.4169425964355
768,191.5,1.14807629585266
769,191.7,4.11336898803711
770,191.9,99.7290802001953
771,192.1,79.5666198730469
772,192.2,51.6965408325195
773,192.4,1.81949996948242
774,192.6,0.399132311344147
775,192.8,6.56387710571289
776,193.0,94.4686584472656
777,193.1,129.620162963867
778,193.3,6.61342620849609
779,193.4,2.66548681259155
780,193.7,3.10594820976257
781,193.9,26.6299800872803
782,194.1,31.6069183349609
783,194.2,13.0344791412354
784,194.3,4.45827150344849
785,194.5,0.499942928552628
786,194.7,0.852266252040863
787,194.9,5.38018035888672
788,195.1,15.4243631362915
789,195.2,9.76127433776855
790,195.4,1.13894283771515
791,195.5,0.760474920272827
792,195.8,1.77839934825897
793,196.0,9.19614124298096
794,196.1,18.6087455749512
795,196.3,3.78798937797546
796,196.6,0.606233596801758
797,196.8,0.952163517475128
798,197.0,5.01997947692871
799,197.1,6.31236457824707
800,197.2,7.17033910751343
801,197.5,1.5094188451767
802,197.6,0.129238501191139
803,197.8,0.718803524971008
804,198.0,4.50188398361206
805,198.1,14.940746307373
806,198.3,2.49286437034607
807,198.5,0.173535794019699
808,198.7,0.380751222372055
809,198.9,0.883091688156128
810,199.1,6.28804636001587
811,199.2,5.10206651687622
812,199.4,0.721543550491333
813,199.7,0.331658869981766
814,199.9,1.30665600299835
815,200.1,27.7446060180664
816,200.2,19.7686958312988
817,200.4,0.578719019889832
818,200.5,0.469231635332108
819,200.7,0.254709452390671
820,200.9,1.20173537731171
821,201.0,1.28918826580048
822,201.2,34.736156463623
823,201.3,1.78924536705017
824,201.5,0.3920539021492
825,201.7,0.434181988239288
826,201.9,1.69836735725403
827,202.1,20.5283699035645
828,202.2,199.823959350586
829,202.4,0.817216575145721
830,202.5,0.704874992370605
831,202.8,1.53636264801025
832,203.0,7.93115663528442
833,203.2,70.0931625366211
834,203.3,5.40084505081177
835,203.5,0.990866541862488
836,203.8,0.582258224487305
837,204.0,3.62849640846252
838,204.2,53.9941787719727
839,204.3,2.44160294532776
840,204.5,1.30574262142181
841,204.7,0.655896782875061
842,204.9,3.94428586959839
843,205.0,4.39399480819702
844,205.2,20.8256645202637
845,205.3,4.06930017471313
846,205.4,1.9797922372818
847,205.6,0.372759461402893
848,205.8,1.0373330116272
849,206.0,4.29581022262573
850,206.1,6.92898750305176
851,206.2,6.97248554229736
852,206.4,0.55371618270874
853,206.6,0.343532353639603
854,206.8,1.85466372966766
855,207.0,139.261566162109
856,207.1,3160.52001953125
857,207.3,8.6734790802002
858,207.5,0.159721434116364
859,207.7,0.55109030008316
860,207.9,18.6158237457275
861,208.1,643.2626953125
862,208.2,105.018035888672
863,208.3,11.0240898132324
864,208.5,0.464664906263351
865,208.7,1.43600869178772
866,208.9,15.7117252349854
867,209.1,347.410095214844
868,209.2,85.8375396728516
869,209.4,1.69048976898193
870,209.7,0.41899761557579
871,209.9,8.12992382049561
872,210.1,46.1193046569824
873,210.2,23.9245338439941
874,210.4,1.70236325263977
875,210.7,0.5256307721138
876,210.9,4.93697929382324
877,211.1,14.9116334915161
878,211.2,8.49708843231201
879,211.4,1.31944286823273
880,211.7,0.315903633832932
881,211.8,0.387601315975189
882,212.0,2.42950105667114
883,212.2,4.45929908752441
884,212.3,1.17159497737885
885,212.6,0.63854318857193
886,212.8,1.07866191864014
887,213.0,5.96300935745239
888,213.1,6.09236192703247
889,213.3,1.42128098011017
890,213.5,0.192830234766006
891,213.7,0.464664906263351
892,213.9,1.14567875862122
893,214.1,2.21486473083496
894,214.2,1.75236904621124
895,214.4,0.772462606430054
896,214.7,0.420253455638885
897,214.8,0.383262932300568
898,215.0,2.62084722518921
899,215.2,5.15104484558105
900,215.3,2.16337490081787
901,215.6,0.609544456005096
902,215.7,0.143167033791542
903,215.9,1.01324355602264
904,216.0,1.93526661396027
905,216.2,4.63740158081055
906,216.3,2.00148415565491
907,216.6,0.481561809778214
908,216.8,0.867336452007294
909,217.0,2.33691072463989
910,217.2,5.59116315841675
911,217.3,2.08482694625854
912,217.4,1.82281076908112
913,217.6,0.182783424854279
914,217.8,0.915857970714569
915,218.0,3.6847813129425
916,218.2,11.3139629364014
917,218.3,1.70259165763855
918,218.4,1.13026607036591
919,218.7,0.906153678894043
920,218.9,2.86459636688232
921,219.1,6.46089744567871
922,219.2,3.36362600326538
923,219.3,3.55759787559509
924,219.5,0.582029938697815
925,219.6,0.92316472530365
926,219.9,2.12033343315125
927,220.1,5.53259515762329
928,220.2,3.55303120613098
929,220.4,0.720173537731171
930,220.6,0.682726323604584
931,220.8,1.40860831737518
932,221.0,10.3962783813477
933,221.2,19.4564456939697
934,221.3,7.18655109405518
935,221.5,0.321041226387024
936,221.7,0.63854318857193
937,221.9,1.64299583435059
938,222.1,3.76321506500244
939,222.2,3.77269101142883
940,222.4,0.815161526203156
941,222.6,0.400959014892578
942,222.7,0.344902396202087
943,222.9,2.70053648948669
944,223.1,5.58534097671509
945,223.2,3.49937200546265
946,223.4,1.05034816265106
947,223.7,1.54949200153351
948,223.8,3.51364302635193
949,223.9,12.5412721633911
950,224.1,2.32526540756226
951,224.2,2.06541848182678
952,224.4,0.774860143661499
953,224.6,0.303459286689758
954,224.8,0.765269994735718
955,224.9,0.934695720672607
956,225.1,2.26475620269775
957,225.2,2.01609778404236
958,225.4,0.938234984874725
959,225.7,1.03836059570313
960,225.9,3.86882066726685
961,226.1,3.72142934799194
962,226.2,1.74666059017181
963,226.3,1.67290782928467
964,226.6,0.469231635332108
965,226.7,0.230619937181473
966,226.9,0.784221947193146
967,227.1,2.11439657211304
968,227.2,2.12021923065186
969,227.4,0.573238968849182
970,227.7,0.435666173696518
971,227.9,0.781025230884552
972,228.1,3.89850449562073
973,228.2,6.64002752304077
974,228.4,0.284393191337585
975,228.5,0.383947938680649
976,228.8,0.689690589904785
977,229.0,1.33611142635345
978,229.1,3.10332226753235
979,229.3,1.37504279613495
980,229.5,0.395935595035553
981,229.7,0.408722460269928
982,229.9,0.614567875862122
983,230.1,4.22239971160889
984,230.2,5.64744853973389
985,230.4,0.523575723171234
986,230.5,0.535791754722595
987,230.8,0.550519466400146
988,230.9,0.508505523204803
989,231.1,2.28336572647095
990,231.2,2.80637049674988
991,231.4,1.37036192417145
992,231.7,0.430300265550613
993,231.8,0.279255628585815
994,232.0,1.12627017498016
995,232.2,1.89074099063873
996,232.3,1.9720287322998
997,232.5,0.349126607179642
998,232.7,0.648247539997101
999,232.9,0.921794712543488
1000,233.1,2.229820728302
1001,233.3,2.33302879333496
1002,233.4,0.873044848442078
1003,233.6,0.605206072330475
1004,233.9,0.787190318107605
1005,234.1,6.81516170501709
1006,234.2,4.34341812133789
1007,234.4,0.647334158420563
1008,234.6,0.245005130767822
1009,234.8,1.56513297557831
1010,234.9,1.77725768089294
1011,235.1,5.61194181442261
1012,235.2,2.82737755775452
1013,235.4,0.575408160686493
1014,235.7,0.441717088222504
1015,235.9,1.29763674736023
1016,236.0,1.13106524944305
1017,236.2,2.3417055606842
1018,236.3,0.423678487539291
1019,236.5,0.916200459003448
1020,236.7,0.740267157554626
1021,236.9,1.33359968662262
1022,237.0,1.01940858364105
1023,237.1,2.30540013313293
1024,237.3,0.720972716808319
1025,237.5,0.58693915605545
1026,237.6,0.184153437614441
1027,237.8,0.630437254905701
1028,237.9,0.580659866333008
1029,238.1,0.862998068332672
1030,238.2,0.497773706912994
1031,238.3,0.658408522605896
1032,238.5,0.402671545743942
1033,238.8,0.581687390804291
1034,239.0,1.69574153423309
1035,239.2,0.802945554256439
1036,239.4,0.757164061069489
1037,239.6,0.516383171081543
1038,239.7,0.215892225503922
1039,239.9,1.09807050228119
1040,240.0,2.13551783561707
1041,240.1,6.71823263168335
1042,240.3,0.918826341629028
1043,240.5,0.323438733816147
1044,240.7,0.254937767982483
1045,240.9,0.732617855072021
1046,241.1,1.72930705547333
1047,241.2,1.21486473083496
1048,241.4,0.343304038047791
1049,241.6,0.360200941562653
1050,241.7,0.185865968465805
1051,241.9,0.660691857337952
1052,242.0,0.976367175579071
1053,242.2,1.00730681419373
1054,242.4,0.500513732433319
1055,242.7,0.272063016891479
1056,242.9,0.500285446643829
1057,243.1,0.940289974212646
1058,243.2,1.20264875888824
1059,243.4,0.635917365550995
1060,243.6,0.214978873729706
1061,243.8,0.339422315359116
1062,244.0,0.682269692420959
1063,244.2,1.06667423248291
1064,244.3,1.06005251407623
1065,244.6,0.556684553623199
1066,244.8,0.587966680526733
1067,245.0,0.766069173812866
1068,245.2,1.2112113237381
1069,245.3,0.931499004364014
1070,245.6,0.59504508972168
1071,245.7,0.556456208229065
1072,245.9,0.343075692653656
1073,246.1,1.19009017944336
1074,246.3,1.30711269378662
1075,246.4,0.539102613925934
1076,246.5,0.42824524641037
1077,246.8,0.455303102731705
1078,246.9,0.156753048300743
1079,247.1,1.17307913303375
1080,247.3,1.27069294452667
1081,247.5,0.699737429618835
1082,247.7,0.761045753955841
1083,247.9,0.932184040546417
1084,248.1,1.61091446876526
1085,248.3,1.50519466400146
1086,248.4,0.24215093255043
1087,248.5,0.676789581775665
1088,248.7,0.770750105381012
1089,248.9,12.453932762146
1090,249.1,38.059024810791
1091,249.2,7.42071008682251
1092,249.3,2.16702818870544
1093,249.5,0.623358845710754
1094,249.8,2.16040635108948
1095,250.0,8.45153522491455
1096,250.1,7.77680110931396
1097,250.3,1.2577919960022
1098,250.6,0.858088850975037
1099,250.8,4.02020788192749
1100,251.0,16.1064052581787
1101,251.1,16.2890739440918
1102,251.3,1.91631460189819
1103,251.6,0.492179483175278
1104,251.8,1.90569698810577
1105,252.0,6.13574600219727
1106,252.2,5.75784921646118
1107,252.3,1.52905583381653
1108,252.5,0.486356884241104
1109,252.8,1.04463982582092
1110,253.0,3.55759787559509
1111,253.1,16.806713104248
1112,253.3,1.51467061042786
1113,253.6,0.527685821056366
1114,253.7,0.557027041912079
1115,254.0,1.49537622928619
1116,254.1,3.26167368888855
1117,254.3,1.39719140529633
1118,254.4,0.375727832317352
1119,254.6,0.0525174103677273
1120,254.8,0.273547202348709
1121,255.0,1.64858996868134
1122,255.1,1.81904327869415
1123,255.4,0.549606144428253
1124,255.6,0.903870284557343
1125,255.8,14.5485782623291
1126,255.9,99.9232788085938
1127,256.1,0.483731031417847
1128,256.2,0.750085651874542
1129,256.4,0.498344570398331
1130,256.7,0.607375264167786
1131,256.9,7.16725635528564
1132,257.0,1.22822237014771
1133,257.2,0.544582724571228
1134,257.4,0.154355525970459
1135,257.6,0.567302227020264
1136,257.8,15.8822927474976
1137,257.9,24.2117824554443
1138,258.0,1.31773030757904
1139,258.3,0.939376652240753
1140,258.5,0.49240779876709
1141,258.7,0.519808173179626
1142,258.9,2.43794941902161
1143,259.1,0.800091326236725
1144,259.2,0.406210750341415
1145,259.4,0.643338263034821
1146,259.5,0.616622924804688
1147,259.8,3.97979211807251
1148,259.9,3.2545952796936
1149,260.1,0.627811372280121
1150,260.3,0.816531538963318
1151,260.4,0.281538993120193
1152,260.6,0.406553268432617
1153,260.8,0.34113484621048
1154,260.9,0.647105813026428
1155,261.2,0.422650992870331
1156,261.4,0.723941087722778
1157,261.5,0.182212576270103
1158,261.7,0.635803163051605
1159,261.9,0.69733989238739
1160,262.0,0.517753183841705
1161,262.2,0.305171817541122
1162,262.3,0.508733868598938
1163,262.6,0.413631707429886
1164,262.8,0.559424579143524
1165,263.0,0.575522303581238
1166,263.2,0.491037786006927
1167,263.3,0.536933422088623
1168,263.5,0.440118730068207
1169,263.7,0.188720166683197
1170,263.8,0.436693698167801
1171,264.0,0.203676223754883
1172,264.2,0.564333856105804
1173,264.4,0.446968823671341
1174,264.5,0.223198994994164
1175,264.7,0.926018953323364
1176,264.8,2.47676682472229
1177,265.0,24.5778064727783
1178,265.1,37.5741539001465
1179,265.3,2.89496517181396
1180,265.4,0.745062232017517
1181,265.7,0.632035613059998
1182,265.9,2.89245343208313
1183,266.1,7.54309844970703
1184,266.2,4.2005934715271
1185,266.4,0.40643909573555
1186,266.6,0.568329691886902
1187,266.8,6.79917812347412
1188,267.0,63.0098190307617
1189,267.1,59.5598831176758
1190,267.2,23.1255855560303
1191,267.4,0.70510333776474
1192,267.6,0.300719261169434
1193,267.8,2.5838565826416
1194,268.0,14.946569442749
1195,268.1,9.70464706420898
1196,268.2,6.54150009155273
1197,268.4,0.991779863834381
1198,268.7,1.02123534679413
1199,268.9,4.15880823135376
1200,269.0,6.08642530441284
1201,269.1,11.8091106414795
1202,269.3,1.64071238040924
1203,269.5,0.192944407463074
1204,269.7,0.426304370164871
1205,269.9,0.976024687290192
1206,270.0,0.905468642711639
1207,270.2,2.01312923431396
1208,270.3,0.561936318874359
1209,270.5,0.313163608312607
1210,270.8,0.64607834815979
1211,271.0,1.07466602325439
1212,271.1,0.67450624704361
1213,271.2,1.19305860996246
1214,271.4,0.383947938680649
1215,271.7,0.35883092880249
1216,271.9,0.329147160053253
1217,272.0,0.776001811027527
1218,272.3,0.507249712944031
1219,272.4,0.108003199100494
1220,272.6,0.384975463151932
1221,272.8,0.32560795545578
1222,272.9,0.246603488922119
1223,273.1,0.300034254789352
1224,273.3,0.506107985973358
1225,273.4,0.317159503698349
1226,273.7,0.328690499067307
1227,273.9,0.279712289571762
1228,274.0,0.333143055438995
1229,274.2,0.125813454389572
1230,274.4,0.48316016793251
1231,274.5,0.189633518457413
1232,274.6,0.333143055438995
1233,274.9,0.356890052556992
1234,275.1,0.43075692653656
1235,275.3,0.432126969099045
1236,275.5,0.259732842445374
1237,275.6,0.289987444877625
1238,275.8,0.0576549842953682
1239,276.0,0.24546180665493
1240,276.2,0.523689925670624
1241,276.4,0.484758526086807
1242,276.5,0.375271141529083
1243,276.7,0.176389992237091
1244,276.9,0.218403920531273
1245,277.0,0.221828982234001
1246,277.2,0.608174443244934
1247,277.4,0.308596879243851
1248,277.5,0.542070984840393
1249,277.8,0.401415675878525
1250,277.9,0.204247057437897
1251,278.1,0.341705679893494
1252,278.2,0.465806603431702
1253,278.4,0.204018726944923
1254,278.7,0.310537725687027
1255,278.9,0.718689322471619
1256,279.0,0.252083569765091
1257,279.1,0.683868050575256
1258,279.4,0.536134243011475
1259,279.6,0.217604756355286
1260,279.8,0.500399589538574
1261,280.0,0.212581351399422
1262,280.2,0.489096939563751
1263,280.4,0.256307810544968
1264,280.5,0.231989949941635
1265,280.7,1.27754306793213
1266,280.8,4.12090444564819
1267,281.0,119.180389404297
1268,281.1,939.881164550781
1269,281.3,20.4144306182861
1270,281.5,0.665601074695587
1271,281.8,3.45952725410461
1272,282.0,63.8076248168945
1273,282.1,137.657501220703
1274,282.2,92.6927719116211
1275,282.4,1.92213726043701
1276,282.7,1.33531224727631
1277,282.8,2.85043954849243
1278,283.0,48.9131164550781
1279,283.1,79.6211929321289
1280,283.2,59.8547782897949
1281,283.4,2.09715723991394
1282,283.7,0.617079555988312
1283,283.9,4.82920408248901
1284,284.1,17.5112457275391
1285,284.2,10.3389654159546
1286,284.4,1.03082549571991
1287,284.6,0.69996577501297
1288,284.8,2.22068738937378
1289,285.0,11.059139251709
1290,285.1,15.9462270736694
1291,285.3,2.82246828079224
1292,285.4,0.55120450258255
1293,285.7,0.374586135149002
1294,285.9,1.10206639766693
1295,286.1,2.40312814712524
1296,286.2,1.15583968162537
1297,286.3,0.682497978210449
1298,286.6,0.379837870597839
1299,286.7,0.591049194335938
1300,286.9,0.549948632717133
1301,287.1,1.65966439247131
1302,287.2,1.11542415618896
1303,287.5,0.29718005657196
1304,287.7,0.293298333883286
1305,287.9,0.472085863351822
1306,288.1,0.563762962818146
1307,288.2,0.256421953439713
1308,288.3,0.391368865966797
1309,288.6,0.355405867099762
1310,288.8,0.292042464017868
1311,289.0,0.616166234016418
1312,289.2,0.378924548625946
1313,289.4,0.297979235649109
1314,289.6,0.482018500566483
1315,289.7,0.323096245527267
1316,289.9,0.289074093103409
1317,290.2,0.33439889550209
1318,290.4,0.308596879243851
1319,290.5,0.146021232008934
1320,290.8,0.216006398200989
1321,290.9,0.160977274179459
1322,291.1,0.386002957820892
1323,291.2,0.139399468898773
1324,291.4,0.516497313976288
1325,291.5,0.110400728881359
1326,291.7,0.475739240646362
1327,291.9,0.325722128152847
1328,292.0,0.371389418840408
1329,292.3,0.238155037164688
1330,292.5,0.431441932916641
1331,292.6,0.197168633341789
1332,292.8,0.282109826803207
1333,293.0,0.501655459403992
1334,293.1,0.702134966850281
1335,293.4,0.459527343511581
1336,293.6,0.288046568632126
1337,293.8,0.310309410095215
1338,294.0,0.321155369281769
1339,294.2,0.438862890005112
1340,294.4,0.223884001374245
1341,294.5,0.308368533849716
1342,294.8,0.552688658237457
1343,295.0,2.2003653049469
1344,295.1,1.02580201625824
1345,295.3,1.59744262695313
1346,295.5,0.490352779626846
1347,295.7,0.256421953439713
1348,295.8,0.277314752340317
1349,295.9,0.584884107112885
1350,296.2,0.508163034915924
1351,296.3,0.560109615325928
1352,296.5,0.130836859345436
1353,296.6,0.448224693536758
1354,296.9,0.712295949459076
1355,297.0,0.274917215108871
1356,297.2,0.813563168048859
1357,297.3,0.617193758487701
1358,297.5,0.166571527719498
1359,297.6,0.287818253040314
1360,297.8,0.150816306471825
1361,298.0,0.281424820423126
1362,298.2,0.361799299716949
1363,298.3,0.336568087339401
1364,298.6,0.43852037191391
1365,298.7,0.535563409328461
1366,298.9,0.27720057964325
1367,299.1,0.708642542362213
1368,299.2,0.415344208478928
1369,299.3,0.467176616191864
1370,299.6,0.360200941562653
1371,299.8,0.184267610311508
1372,300.0,0.366366028785706
1373,300.1,0.156296387314796
1374,300.3,0.392853051424026
1375,300.5,0.337709784507751
1376,300.6,0.274574726819992
1377,300.8,0.271492183208466
1378,300.9,0.396734774112701
1379,301.2,0.444000452756882
1380,301.4,0.412490010261536
1381,301.5,0.21851809322834
1382,301.7,0.271035492420197
1383,301.9,0.329717993736267
1384,302.1,0.381322056055069
1385,302.3,0.480876803398132
1386,302.4,0.142596185207367
1387,302.6,0.309053540229797
1388,302.8,0.334741413593292
1389,303.0,0.277657270431519
1390,303.2,0.289873272180557
1391,303.3,0.242493435740471
1392,303.4,0.331544697284698
1393,303.7,0.372873604297638
1394,303.8,0.326178789138794
1395,304.0,0.16131979227066
1396,304.2,0.178787529468536
1397,304.4,0.264642089605331
1398,304.5,0.146820411086082
1399,304.7,0.239525064826012
1400,304.8,0.209156289696693
1401,305.0,0.383719593286514
1402,305.2,0.35620504617691
1403,305.3,0.096015527844429
1404,305.5,0.362255960702896
1405,305.7,0.11405411362648
1406,305.8,0.159150585532188
1407,305.9,0.142824530601501
1408,306.1,0.451307237148285
1409,306.3,0.19785363972187
1410,306.5,0.369791060686111
1411,306.8,0.457243978977203
1412,307.0,0.342847347259521
1413,307.2,0.380408734083176
1414,307.3,0.0675876215100288
1415,307.5,0.28462153673172
1416,307.7,0.239068388938904
1417,307.9,0.339193969964981
1418,308.0,0.140198647975922
1419,308.2,0.269665479660034
1420,308.4,0.404384076595306
1421,308.5,0.346614897251129
1422,308.8,0.312136083841324
1423,309.0,0.499600410461426
1424,309.2,0.493092805147171
1425,309.3,0.284507364034653
1426,309.5,0.327891319990158
1427,309.7,0.233474135398865
1428,309.9,0.158123075962067
1429,310.0,0.261902034282684
1430,310.2,0.12809681892395
1431,310.3,0.45621645450592
1432,310.5,0.256764471530914
1433,310.7,0.276173084974289
1434,310.9,0.755223214626312
1435,311.1,0.704189956188202
1436,311.2,0.184267610311508
1437,311.3,0.32709214091301
1438,311.5,0.125356778502464
1439,311.7,0.268980473279953
1440,311.8,0.203676223754883
1441,311.9,0.350724965333939
1442,312.2,0.641854107379913
1443,312.3,0.472542524337769
1444,312.5,0.155154705047607
1445,312.7,0.298778384923935
1446,312.9,0.593675076961517
1447,313.0,0.30266010761261
1448,313.1,0.828176736831665
1449,313.3,0.160863116383553
1450,313.5,0.164516493678093
1451,313.7,0.354264199733734
1452,313.8,0.0605091899633408
1453,314.0,0.376070320606232
1454,314.1,0.152757167816162
1455,314.3,0.172051608562469
1456,314.4,0.195341929793358
1457,314.6,0.437264531850815
1458,314.8,0.198652818799019
1459,315.0,0.705445826053619
1460,315.1,0.913117945194244
1461,315.3,0.117479167878628
1462,315.5,0.271149665117264
1463,315.7,0.118278339505196
1464,315.9,0.429158568382263
1465,316.1,0.568329691886902
1466,316.3,0.249115198850632
1467,316.5,0.200251176953316
1468,316.7,0.222057312726974
1469,316.8,0.0868820622563362
1470,316.9,0.276287257671356
1471,317.2,0.316816985607147
1472,317.3,0.0376755334436893
1473,317.4,0.489781945943832
1474,317.6,0.0963580310344696
1475,317.7,0.147505417466164
1476,318.0,0.316360324621201
1477,318.2,0.362712651491165
1478,318.3,0.116794154047966
1479,318.5,0.351980805397034
1480,318.7,0.15058796107769
1481,318.8,0.296951711177826
1482,319.1,0.309167712926865
1483,319.3,0.391825556755066
1484,319.5,0.284849882125854
1485,319.7,0.351295799016953
1486,319.9,0.179586708545685
1487,320.1,0.401758193969727
1488,320.3,0.335083901882172
1489,320.4,0.111656583845615
1490,320.7,0.305742651224136
1491,320.8,0.285192370414734
1492,321.0,0.202534541487694
1493,321.2,0.258591175079346
1494,321.3,0.0816303268074989
1495,321.5,0.115766637027264
1496,321.6,0.311793595552444
1497,321.8,0.325722128152847
1498,322.1,0.247174337506294
1499,322.3,0.519579887390137
1500,322.4,0.478365123271942
1501,322.6,0.495490342378616
1502,322.8,0.426076024770737
1503,323.0,1.17650413513184
1504,323.1,1.18769264221191
1505,323.3,0.324808776378632
1506,323.5,0.391254723072052
1507,323.6,0.273661375045776
1508,323.8,0.0945313423871994
1509,324.0,0.467519134283066
1510,324.1,0.498801231384277
1511,324.3,0.129010155797005
1512,324.6,0.404612392187119
1513,324.8,1.61765038967133
1514,325.0,7.42048168182373
1515,325.1,7.23119068145752
1516,325.3,0.767439186573029
1517,325.4,0.466034948825836
1518,325.6,0.210297971963882
1519,325.8,0.865738093852997
1520,326.0,1.8324009180069
1521,326.1,1.15230047702789
1522,326.3,0.780454397201538
1523,326.4,0.567644715309143
1524,326.6,0.3451307117939
1525,326.8,3.20401883125305
1526,326.9,4.70464658737183
1527,327.1,13.4588422775269
1528,327.2,4.31567525863647
1529,327.5,0.458499819040298
1530,327.7,0.749058127403259
1531,327.8,0.899646103382111
1532,328.0,2.48966765403748
1533,328.1,2.15161538124084
1534,328.3,0.456330627202988
1535,328.4,0.387030482292175
1536,328.7,0.615024566650391
1537,328.9,0.868706464767456
1538,329.1,1.96574950218201
1539,329.2,0.577691495418549
1540,329.3,0.644594132900238
1541,329.6,0.476538419723511
1542,329.7,0.130266010761261
1543,329.9,0.361114293336868
1544,330.0,0.197168633341789
1545,330.1,0.556456208229065
1546,330.3,0.184039279818535
1547,330.5,0.281082302331924
1548,330.7,0.214408040046692
1549,330.9,0.509418904781342
1550,331.1,3.76926589012146
1551,331.2,1.75134146213531
1552,331.4,0.223998174071312
1553,331.6,0.388743013143539
1554,331.8,0.171594932675362
1555,332.0,0.406781584024429
1556,332.1,1.78216695785522
1557,332.4,0.163831487298012
1558,332.6,0.422080159187317
1559,332.7,0.0557141229510307
1560,332.9,0.509076356887817
1561,333.1,0.798264622688293
1562,333.2,0.126955136656761
1563,333.4,0.388743013143539
1564,333.6,0.255280286073685
1565,333.7,0.190661028027534
1566,334.0,0.381207913160324
1567,334.1,0.320698708295822
1568,334.3,0.164173990488052
1569,334.5,0.373672783374786
1570,334.6,0.21041214466095
1571,334.9,0.277314752340317
1572,335.0,0.209727138280869
1573,335.2,0.199680328369141
1574,335.4,0.272177189588547
1575,335.5,0.274460554122925
1576,335.7,0.236100018024445
1577,335.9,0.17753167450428
1578,336.1,0.118278339505196
1579,336.2,0.0944171696901321
1580,336.4,0.198995321989059
1581,336.6,0.368991881608963
1582,336.8,0.198424473404884
1583,336.9,0.219431445002556
1584,337.1,0.18529511988163
1585,337.4,0.341248989105225
1586,337.6,0.197739467024803
1587,337.7,0.139627814292908
1588,337.9,0.278798937797546
1589,338.1,0.347870767116547
1590,338.2,0.347528249025345
1591,338.4,0.126041784882545
1592,338.6,0.309852719306946
1593,338.8,0.515926480293274
1594,339.0,1.38645958900452
1595,339.1,0.777942717075348
1596,339.2,1.4379495382309
1597,339.5,0.636373996734619
1598,339.6,0.0970430448651314
1599,339.7,0.263043731451035
1600,340.0,0.435209512710571
1601,340.2,0.823610007762909
1602,340.3,0.266582936048508
1603,340.5,0.403128206729889
1604,340.7,1.16588652133942
1605,340.9,12.1945428848267
1606,341.1,47.0091323852539
1607,341.2,11.6439094543457
1608,341.3,5.09464550018311
1609,341.6,0.688777267932892
1610,341.7,0.490352779626846
1611,341.9,3.79757952690125
1612,342.1,9.67656135559082
1613,342.2,5.09384632110596
1614,342.4,0.318301171064377
1615,342.6,0.707158327102661
1616,342.8,1.12295925617218
1617,342.9,1.90478360652924
1618,343.1,6.98139047622681
1619,343.2,2.49480533599854
1620,343.3,1.57323896884918
1621,343.5,0.0577691532671452
1622,343.7,0.278570622205734
1623,343.9,0.995547413825989
1624,344.0,0.472542524337769
1625,344.2,0.994519948959351
1626,344.3,0.516611456871033
1627,344.5,0.397648125886917
1628,344.8,0.521977365016937
1629,345.0,0.778171002864838
1630,345.1,0.717547655105591
1631,345.3,0.475054234266281
1632,345.5,0.0230619926005602
1633,345.6,0.326292961835861
1634,345.8,0.0769494250416756
1635,346.0,0.475054234266281
1636,346.1,2.54115772247314
1637,346.3,0.337823957204819
1638,346.6,0.229478254914284
1639,346.7,0.233474135398865
1640,346.9,0.36134260892868
1641,347.1,0.522662401199341
1642,347.2,0.770635902881622
1643,347.4,0.123187579214573
1644,347.6,0.31784451007843
1645,347.7,0.297750890254974
1646,348.0,0.199109494686127
1647,348.2,0.606005251407623
1648,348.3,0.233930811285973
1649,348.4,0.269551306962967
1650,348.7,0.336796432733536
1651,348.8,0.51820981502533
1652,349.1,0.311679422855377
1653,349.2,0.0828861743211746
1654,349.4,0.273090541362762
1655,349.6,0.279940634965897
1656,349.7,0.0393880568444729
1657,349.8,0.329946339130402
1658,350.1,0.210183814167976
1659,350.2,0.288617432117462
1660,350.4,0.269322991371155
1661,350.7,0.203904554247856
1662,350.9,0.160292267799377
1663,351.1,0.136773601174355
1664,351.3,0.218746438622475
1665,351.4,0.0694143176078796
1666,351.6,0.247402667999268
1667,351.7,0.0274003874510527
1668,351.9,0.23438748717308
1669,352.0,0.115424133837223
1670,352.2,0.148418769240379
1671,352.4,0.28199565410614
1672,352.6,0.242835938930511
1673,352.7,0.0962438657879829
1674,352.9,0.378239512443542
1675,353.0,0.185751795768738
1676,353.2,0.431441932916641
1677,353.3,0.198766976594925
1678,353.4,0.297636717557907
1679,353.6,0.314647793769836
1680,353.9,0.274003893136978
1681,354.1,0.363055139780045
1682,354.2,0.0651900917291641
1683,354.4,0.342961519956589
1684,354.6,0.418655097484589
1685,354.8,3.34661483764648
1686,355.0,31.4006156921387
1687,355.1,91.6848983764648
1688,355.3,14.0941886901855
1689,355.5,0.615595400333405
1690,355.8,1.37390112876892
1691,356.0,11.8538646697998
1692,356.1,23.2281074523926
1693,356.3,5.46626329421997
1694,356.5,0.327548801898956
1695,356.7,0.85375040769577
1696,356.9,3.72896456718445
1697,357.0,5.35266590118408
1698,357.2,13.6533851623535
1699,357.3,4.00559425354004
1700,357.5,0.341248989105225
1701,357.8,0.554287016391754
1702,358.0,1.48635685443878
1703,358.1,0.750085651874542
1704,358.2,2.12215995788574
1705,358.4,0.19340106844902
1706,358.6,0.358260065317154
1707,358.8,0.649389207363129
1708,359.0,2.28393650054932
1709,359.2,3.19088935852051
1710,359.3,1.07672107219696
1711,359.5,0.142824530601501
1712,359.8,0.451421409845352
1713,359.9,0.309167712926865
1714,360.1,0.758534073829651
1715,360.3,0.497431218624115
1716,360.4,0.284164845943451
1717,360.7,0.252197742462158
1718,360.8,0.200022831559181
1719,361.0,0.871104001998901
1720,361.2,0.726224482059479
1721,361.3,0.408494114875793
1722,361.6,0.200137004256248
1723,361.8,0.261445373296738
1724,362.0,0.362598478794098
1725,362.1,0.255508631467819
1726,362.3,0.174563303589821
1727,362.5,0.16280397772789
1728,362.7,0.250142723321915
1729,362.8,0.178216695785522
1730,363.0,0.54081517457962
1731,363.1,0.233017474412918
1732,363.3,0.329375505447388
1733,363.4,0.145336225628853
1734,363.6,0.335654765367508
1735,363.7,0.0816303268074989
1736,363.8,0.218632265925407
1737,364.0,0.24694599211216
1738,364.1,0.313620269298553
1739,364.3,0.201735362410545
1740,364.4,0.27948397397995
1741,364.7,0.261217027902603
1742,364.8,0.0192944407463074
1743,365.0,0.303002625703812
1744,365.1,0.0482931844890118
1745,365.3,0.38097956776619
1746,365.4,0.144879549741745
1747,365.6,0.133691057562828
1748,365.8,0.270007997751236
1749,366.0,0.242835938930511
1750,366.1,0.130266010761261
1751,366.3,0.172279939055443
1752,366.4,0.176389992237091
1753,366.6,0.0812878161668777
1754,366.8,0.346614897251129
1755,366.9,0.289188265800476
1756,367.1,0.324580430984497
1757,367.3,0.143395364284515
1758,367.5,0.265783756971359
1759,367.6,0.247631013393402
1760,367.8,0.383947938680649
1761,368.0,0.240552574396133
1762,368.2,0.14099782705307
1763,368.4,0.186665147542953
1764,368.6,0.244776800274849
1765,368.7,0.0793469548225403
1766,368.9,0.497088700532913
1767,369.0,0.741523027420044
1768,369.3,0.613312005996704
1769,369.4,0.314191102981567
1770,369.7,0.246146813035011
1771,369.8,0.297065883874893
1772,370.1,0.182326748967171
1773,370.3,0.428816080093384
1774,370.4,0.278228104114532
1775,370.7,0.169654071331024
1776,370.9,0.385660469532013
1777,371.1,0.339308142662048
1778,371.2,0.582943260669708
1779,371.4,0.100468091666698
1780,371.6,0.248658522963524
1781,371.7,0.210297971963882
1782,372.0,0.210982993245125
1783,372.1,0.480762630701065
1784,372.3,0.0908779576420784
1785,372.5,0.261902034282684
1786,372.7,0.131978541612625
1787,372.9,0.362940967082977
1788,373.0,0.347299933433533
1789,373.2,0.232789129018784
1790,373.4,0.151615485548973
1791,373.5,0.216120555996895
1792,373.7,0.16428816318512
1793,373.9,0.167827382683754
1794,374.0,0.292613297700882
1795,374.2,0.233702480792999
1796,374.5,0.477794259786606
1797,374.6,0.0377897024154663
1798,374.8,0.49240779876709
1799,374.9,0.0915629640221596
1800,375.1,0.254252761602402
1801,375.2,0.135974422097206
1802,375.3,0.232789129018784
1803,375.5,0.109601549804211
1804,375.7,0.0939605012536049
1805,375.8,0.201963692903519
1806,376.1,0.274917215108871
1807,376.2,0.319442868232727
1808,376.5,0.266354620456696
1809,376.6,0.0617650412023067
1810,376.8,0.314191102981567
1811,377.0,0.235985845327377
1812,377.1,0.243406787514687
1813,377.3,0.0558282919228077
1814,377.5,0.44628381729126
1815,377.6,0.0761502459645271
1816,377.8,0.357232570648193
1817,378.0,0.308254361152649
1818,378.1,0.140426993370056
1819,378.3,0.154355525970459
1820,378.4,0.0364196822047234
1821,378.5,0.268866300582886
1822,378.7,0.0616508722305298
1823,378.9,0.275373905897141
1824,379.0,0.206302091479301
1825,379.3,0.318986177444458
1826,379.4,0.0374471955001354
1827,379.6,0.145792901515961
1828,379.7,0.134261906147003
1829,380.0,0.305057644844055
1830,380.1,0.319785356521606
1831,380.4,0.261787861585617
1832,380.5,0.180500060319901
1833,380.8,0.285306543111801
1834,381.0,0.276629745960236
1835,381.2,0.156182214617729
1836,381.4,0.364881843328476
1837,381.5,0.304600983858109
1838,381.7,0.0210069641470909
1839,381.8,0.377782851457596
1840,382.1,0.169654071331024
1841,382.2,0.0178102515637875
1842,382.4,0.182098418474197
1843,382.5,0.0388172157108784
1844,382.7,0.389884680509567
1845,382.9,0.303687632083893
1846,383.1,0.31008106470108
1847,383.3,0.385660469532013
1848,383.4,0.0389313846826553
1849,383.6,0.408608287572861
1850,383.8,0.331658869981766
1851,384.0,0.332458049058914
1852,384.2,0.234273314476013
1853,384.4,0.356661707162857
1854,384.6,0.165087342262268
1855,384.7,0.42447766661644
1856,385.0,0.984358966350555
1857,385.1,0.213723033666611
1858,385.2,0.565133035182953
1859,385.4,0.341591507196426
1860,385.6,0.227194890379906
1861,385.8,0.470601677894592
1862,386.0,0.291129112243652
1863,386.2,0.38577464222908
1864,386.4,0.323438733816147
1865,386.5,0.0938463285565376
1866,386.7,0.503367960453033
1867,386.8,0.248886853456497
1868,386.9,0.553487837314606
1869,387.2,0.470601677894592
1870,387.3,0.489439427852631
1871,387.6,0.261217027902603
1872,387.8,0.240895077586174
1873,388.0,0.258933663368225
1874,388.2,0.24032424390316
1875,388.4,0.199451997876167
1876,388.5,0.33222970366478
1877,388.7,0.122730903327465
1878,388.9,0.27023634314537
1879,389.1,0.420824289321899
1880,389.3,0.227651551365852
1881,389.5,0.331773042678833
1882,389.6,0.120790041983128
1883,389.8,0.169311568140984
1884,390.0,0.234273314476013
1885,390.2,0.261559545993805
1886,390.3,0.112341590225697
1887,390.4,0.295467525720596
1888,390.6,0.0993264093995094
1889,390.8,0.200137004256248
1890,391.0,0.243863448500633
1891,391.2,0.357575058937073
1892,391.3,0.0633633956313133
1893,391.5,0.225482359528542
1894,391.7,0.0847128704190254
1895,391.9,0.189291015267372
1896,392.1,0.202077865600586
1897,392.4,0.297408372163773
1898,392.6,0.212124675512314
1899,392.8,0.185523465275764
1900,393.0,0.265783756971359
1901,393.2,0.390113025903702
1902,393.4,0.326178789138794
1903,393.5,0.118164174258709
1904,393.7,0.156981393694878
1905,393.9,0.133919402956963
1906,394.1,0.338052302598953
1907,394.2,0.0544582717120647
1908,394.4,0.189861848950386
1909,394.5,0.267724633216858
1910,394.7,0.219773948192596
1911,394.9,0.0396163947880268
1912,395.1,0.128439322113991
1913,395.4,0.208699628710747
1914,395.6,0.152642995119095
1915,395.8,0.149217948317528
1916,396.0,0.198196142911911
1917,396.2,0.123415917158127
1918,396.4,0.281082302331924
1919,396.5,0.223769843578339
1920,396.7,0.0734102055430412
1921,396.8,0.3897705078125
1922,397.1,0.192716062068939
1923,397.3,0.213723033666611
1924,397.5,0.18164174258709
1925,397.7,0.319557040929794
1926,397.9,0.277314752340317
1927,398.1,0.280168980360031
1928,398.2,0.279712289571762
1929,398.5,0.381550401449203
1930,398.7,0.457243978977203
1931,398.9,0.693115651607513
1932,399.0,0.947710931301117
1933,399.3,0.752140641212463
1934,399.4,0.156296387314796
1935,399.6,0.250485211610794
1936,399.7,0.213038012385368
1937,399.9,0.298321723937988
1938,400.1,0.490352779626846
1939,400.3,0.297750890254974
1940,400.4,0.219431445002556
1941,400.7,0.428131073713303
1942,400.8,0.956159353256226
1943,401.0,3.83879446983337
1944,401.1,2.61833548545837
1945,401.2,2.47128677368164
1946,401.4,0.306656002998352
1947,401.5,0.319671183824539
1948,401.7,0.17239411175251
1949,401.9,0.837196052074432
1950,402.1,1.2158921957016
1951,402.2,0.742893040180206
1952,402.4,0.37949538230896
1953,402.7,0.431441932916641
1954,402.8,0.290444105863571
1955,403.0,1.17981505393982
1956,403.1,0.509418904781342
1957,403.3,0.897134363651276
1958,403.4,0.371846109628677
1959,403.6,0.200479507446289
1960,403.9,0.24180842936039
1961,404.0,0.112341590225697
1962,404.2,0.456444799900055
1963,404.3,0.294554173946381
1964,404.5,0.108231529593468
1965,404.7,0.24180842936039
1966,404.9,0.314419448375702
1967,405.1,1.51741063594818
1968,405.2,1.05023407936096
1969,405.3,0.373444467782974
1970,405.5,0.133462727069855
1971,405.7,0.194428592920303
1972,405.8,0.0320812873542309
1973,405.9,0.228450730443001
1974,406.2,1.13312017917633
1975,406.3,0.443886280059814
1976,406.5,0.0426989383995533
1977,406.7,0.203676223754883
1978,406.8,0.439433723688126
1979,407.1,0.43703618645668
1980,407.2,0.546409428119659
1981,407.5,0.361228436231613
1982,407.7,0.317159503698349
1983,407.8,0.0968147069215775
1984,408.0,0.0968147069215775
1985,408.2,0.164173990488052
1986,408.4,0.218746438622475
1987,408.6,0.140883669257164
1988,408.7,0.121703393757343
1989,408.9,0.262358725070953
1990,409.1,0.165087342262268
1991,409.2,0.0713551789522171
1992,409.4,0.190775200724602
1993,409.5,0.208242952823639
1994,409.7,0.0799177959561348
1995,409.9,0.190204367041588
1996,410.1,0.230049088597298
1997,410.2,0.332115530967712
1998,410.5,0.162347301840782
1999,410.7,0.209612965583801
2000,410.8,0.135974422097206
2001,411.0,0.187578484416008
2002,411.2,0.225254029035568
2003,411.4,0.23221829533577
2004,411.6,0.230049088597298
2005,411.8,0.0568558052182198
2006,412.0,0.301860928535461
2007,412.2,0.137801125645638
2008,412.4,0.300034254789352
2009,412.6,0.248316019773483
2010,412.7,0.328690499067307
2011,412.9,0.180385887622833
2012,413.1,0.362598478794098
2013,413.2,0.252996921539307
2014,413.5,0.290558278560638
2015,413.6,0.118050009012222
2016,413.9,0.304258465766907
2017,414.0,0.0461239852011204
2018,414.2,0.271378010511398
2019,414.3,0.119990862905979
2020,414.5,0.348784118890762
2021,414.7,0.246032655239105
2022,414.9,2.48727035522461
2023,415.1,5.95216369628906
2024,415.2,4.89142608642578
2025,415.4,0.954104363918304
2026,415.6,0.418540924787521
2027,415.9,0.932754874229431
2028,416.1,2.37538528442383
2029,416.2,1.52677249908447
2030,416.4,0.424934357404709
2031,416.7,0.310195237398148
2032,416.9,0.63568902015686
2033,417.1,1.45005142688751
2034,417.2,1.20573127269745
2035,417.5,0.44594132900238
2036,417.7,0.450508058071136
2037,417.9,0.388514667749405
2038,418.1,0.493206977844238
2039,418.3,0.398789823055267
2040,418.5,0.304144322872162
2041,418.6,0.145564556121826
2042,418.9,0.268409639596939
2043,419.1,0.464436590671539
2044,419.2,0.150816306471825
2045,419.4,0.387943834066391
2046,419.5,0.297065883874893
2047,419.8,0.131521865725517
2048,419.9,0.123415917158127
2049,420.1,0.202077865600586
2050,420.2,0.215663895010948
2051,420.5,0.156638890504837
2052,420.6,0.248201847076416
2053,420.8,0.0548007749021053
2054,421.0,0.293526649475098
2055,421.1,0.124215096235275
2056,421.2,0.27023634314537
2057,421.4,0.121246717870235
2058,421.5,0.189062684774399
2059,421.8,0.197625294327736
2060,421.9,0.14693458378315
2061,422.0,0.357575058937073
2062,422.3,0.224911525845528
2063,422.5,0.250713557004929
2064,422.7,0.0622217133641243
2065,422.8,0.0494348667562008
2066,422.9,0.217262238264084
2067,423.1,0.0724968612194061
2068,423.3,0.199680328369141
2069,423.5,0.247402667999268
2070,423.7,0.256992816925049
2071,423.8,0.0998972505331039
2072,424.0,0.232789129018784
2073,424.2,0.190204367041588
2074,424.4,0.328576326370239
2075,424.7,0.203562051057816
2076,424.8,0.0962438657879829
2077,425.0,0.176732510328293
2078,425.3,0.151158809661865
2079,425.5,0.162004798650742
2080,425.7,0.309738546609879
2081,425.8,0.115880809724331
2082,426.0,0.310880243778229
2083,426.2,0.150930464267731
2084,426.4,0.227879896759987
2085,426.5,0.0365338511765003
2086,426.7,0.281767338514328
2087,426.9,0.177988350391388
2088,427.0,0.0559424608945847
2089,427.2,0.246032655239105
2090,427.3,0.216919735074043
2091,427.6,0.242036759853363
2092,427.7,0.313277781009674
2093,427.9,0.18677930533886
2094,428.1,0.192373558878899
2095,428.4,0.2148647159338
2096,428.5,0.168512389063835
2097,428.7,0.396848946809769
2098,428.9,2.13026595115662
2099,429.1,9.38908576965332
2100,429.2,9.43338298797607
2101,429.4,1.28667652606964
2102,429.6,0.12478593736887
2103,429.8,0.532366693019867
2104,429.9,0.728621959686279
2105,430.1,2.92875909805298
2106,430.2,2.95456099510193
2107,430.4,0.742322206497192
2108,430.5,0.437949538230896
2109,430.7,0.213723033666611
2110,430.9,0.451421409845352
2111,431.1,2.16520142555237
2112,431.2,2.10549139976501
2113,431.4,0.457472324371338
2114,431.6,0.180271714925766
2115,431.8,0.316246151924133
2116,432.0,0.603151023387909
2117,432.2,0.54595273733139
2118,432.4,0.573124766349792
2119,432.7,0.344559878110886
2120,432.9,0.34478822350502
2121,433.1,0.586139976978302
2122,433.2,0.131065189838409
2123,433.3,0.383262932300568
2124,433.5,0.208357125520706
2125,433.7,0.0173535794019699
2126,433.9,0.190318524837494
2127,434.1,0.318072825670242
2128,434.2,0.132206872105598
2129,434.4,0.148989617824554
2130,434.6,0.240438401699066
2131,434.8,0.396734774112701
2132,435.0,0.347185760736465
2133,435.1,0.246831834316254
2134,435.4,0.25402444601059
2135,435.5,0.114282451570034
2136,435.7,0.294554173946381
2137,435.9,0.157780572772026
2138,436.0,0.0415572561323643
2139,436.1,0.309281885623932
2140,436.3,0.0867678970098495
2141,436.5,0.148304596543312
2142,436.7,0.174905806779861
2143,436.8,0.15321384370327
2144,436.9,0.308254361152649
2145,437.1,0.299463421106339
2146,437.3,0.134604409337044
2147,437.5,0.328005492687225
2148,437.7,0.157780572772026
2149,437.9,0.297979235649109
2150,438.1,0.181527569890022
2151,438.3,0.185865968465805
2152,438.4,0.0592533387243748
2153,438.6,0.152414664626122
2154,438.8,0.198310315608978
2155,439.0,0.212467178702354
2156,439.1,0.166914030909538
2157,439.2,0.183240100741386
2158,439.5,0.248544350266457
2159,439.6,0.240666747093201
2160,439.8,0.266582936048508
2161,440.1,0.394793927669525
2162,440.3,0.180500060319901
2163,440.5,0.102523118257523
2164,440.6,0.0742093846201897
2165,440.7,0.285192370414734
2166,440.9,0.0888229236006737
2167,441.1,0.160406440496445
2168,441.3,0.230505764484406
2169,441.5,0.312935262918472
2170,441.6,0.0456673130393028
2171,441.8,0.188720166683197
2172,441.9,0.0316246151924133
2173,442.1,0.26133120059967
2174,442.2,0.425847709178925
2175,442.5,0.161662295460701
2176,442.7,0.212010502815247
2177,442.9,0.212124675512314
2178,443.1,0.234729990363121
2179,443.2,0.145907074213028
2180,443.4,0.295695841312408
2181,443.5,0.147162914276123
2182,443.7,0.176732510328293
2183,443.8,0.267496287822723
2184,444.1,0.43189862370491
2185,444.3,0.21669140458107
2186,444.5,0.279369801282883
2187,444.7,0.254937767982483
2188,444.8,0.0181527566164732
2189,444.9,0.136545270681381
2190,445.2,0.351524144411087
2191,445.4,0.148532941937447
2192,445.5,0.199908658862114
2193,445.7,0.0412147492170334
2194,445.8,0.185865968465805
2195,446.1,0.374129474163055
2196,446.2,0.0818586573004723
2197,446.3,0.143167033791542
2198,446.6,0.17718917131424
2199,446.8,0.239410892128944
2200,447.0,0.185180962085724
2201,447.2,0.327891319990158
2202,447.3,0.205731242895126
2203,447.5,0.142824530601501
2204,447.7,0.123415917158127
2205,447.8,0.233816638588905
2206,448.1,0.319557040929794
2207,448.2,0.0543441027402878
2208,448.3,0.161091446876526
2209,448.5,0.0600525178015232
2210,448.7,0.291014969348907
2211,448.9,0.267153799533844
2212,449.1,0.215892225503922
2213,449.2,0.0714693441987038
2214,449.4,0.179130032658577
2215,449.5,0.185409292578697
2216,449.8,0.25139856338501
2217,450.0,0.213951364159584
2218,450.1,0.0959013551473618
2219,450.3,0.165201500058174
2220,450.4,0.0794611275196075
2221,450.5,0.127069294452667
2222,450.7,0.280397295951843
2223,450.9,0.0175819154828787
2224,451.0,0.293869167566299
2225,451.3,0.347642421722412
2226,451.4,0.0174677483737469
2227,451.6,0.242607608437538
2228,451.8,0.213266357779503
2229,452.0,0.182555079460144
2230,452.1,0.235186666250229
2231,452.4,0.346500754356384
2232,452.5,0.0649617537856102
2233,452.6,0.15835140645504
2234,452.8,0.0219203103333712
2235,452.9,0.178787529468536
2236,453.2,0.206872925162315
2237,453.4,0.241123422980309
2238,453.6,0.169996574521065
2239,453.8,0.115309968590736
2240,453.9,0.220458954572678
2241,454.2,0.145792901515961
2242,454.3,0.162347301840782
2243,454.5,0.142596185207367
2244,454.8,0.194771096110344
2245,455.0,0.193515241146088
2246,455.1,0.425391018390656
2247,455.4,0.278113931417465
2248,455.6,0.184610113501549
2249,455.8,0.204132884740829
2250,456.0,0.196597784757614
2251,456.1,0.0657609328627586
2252,456.3,0.230505764484406
2253,456.5,0.266582936048508
2254,456.6,0.1203333735466
2255,456.7,0.214636370539665
2256,456.9,0.0639342367649078
2257,457.0,0.332343876361847
2258,457.3,0.28096815943718
2259,457.5,0.377097845077515
2260,457.6,0.306770175695419
2261,457.9,0.286448210477829
2262,458.0,0.204018726944923
2263,458.2,0.219203099608421
2264,458.4,0.106975682079792
2265,458.6,0.228222399950027
2266,458.8,0.243520945310593
2267,459.0,0.348898261785507
2268,459.2,0.371617764234543
2269,459.3,0.139399468898773
2270,459.4,0.23256079852581
2271,459.6,0.0735243782401085
2272,459.8,0.221029803156853
2273,460.0,0.240438401699066
2274,460.2,0.392967224121094
2275,460.3,0.0669026151299477
2276,460.5,0.243064269423485
2277,460.7,0.37059023976326
2278,460.9,0.358488410711288
2279,461.0,0.307341009378433
2280,461.1,0.584199130535126
2281,461.4,0.461582362651825
2282,461.6,0.245918482542038
2283,461.7,0.0989838987588882
2284,461.9,0.223655670881271
2285,462.1,0.492521971464157
2286,462.2,0.146249577403069
2287,462.3,0.175590828061104
2288,462.5,0.106519006192684
2289,462.7,0.257106989622116
2290,462.9,0.273547202348709
2291,463.0,0.11553830653429
2292,463.1,0.414545029401779
2293,463.4,0.298321723937988
2294,463.6,0.214293867349625
2295,463.7,0.148989617824554
2296,463.9,0.139856144785881
2297,464.0,0.104920655488968
2298,464.2,0.303230971097946
2299,464.4,0.137458607554436
2300,464.5,0.137458607554436
2301,464.6,0.167256534099579
2302,464.8,0.133348554372787
2303,465.0,0.184381783008575
2304,465.3,0.198652818799019
2305,465.5,0.298207551240921
2306,465.7,0.241237580776215
2307,465.8,0.168284043669701
2308,466.0,0.264071226119995
2309,466.2,0.279598116874695
2310,466.3,0.27023634314537
2311,466.6,0.278456449508667
2312,466.7,0.0833428502082825
2313,466.9,0.104349814355373
2314,467.0,0.0615367032587528
2315,467.2,0.314076960086823
2316,467.4,0.237812533974648
2317,467.5,0.0353921689093113
2318,467.7,0.150017127394676
2319,467.9,0.267153799533844
2320,468.0,0.228450730443001
2321,468.3,0.266811281442642
2322,468.5,0.404498219490051
2323,468.6,0.0215778052806854
2324,468.8,0.28610572218895
2325,468.9,0.0550291128456593
2326,469.1,0.388514667749405
2327,469.2,0.0879095792770386
2328,469.4,0.230163261294365
2329,469.5,0.0463523231446743
2330,469.6,0.307683527469635
2331,469.8,0.17387829720974
2332,469.9,0.306085169315338
2333,470.2,0.0610800310969353
2334,470.3,0.0584541596472263
2335,470.5,0.324808776378632
2336,470.7,0.183354258537292
2337,470.9,0.15321384370327
2338,471.0,0.0505765490233898
2339,471.1,0.135517746210098
2340,471.4,0.14876127243042
2341,471.6,0.216006398200989
2342,471.8,0.227651551365852
2343,472.0,0.222171485424042
2344,472.2,0.304372638463974
2345,472.3,0.204475402832031
2346,472.5,0.248772695660591
2347,472.7,0.281881481409073
2348,472.8,0.167028203606606
2349,472.9,0.285877376794815
2350,473.1,0.119534194469452
2351,473.2,0.447539687156677
2352,473.4,0.131065189838409
2353,473.6,0.230049088597298
2354,473.7,0.193971917033195
2355,473.8,0.266012102365494
2356,474.1,0.149103775620461
2357,474.2,0.145907074213028
2358,474.4,0.145564556121826
2359,474.7,0.423792660236359
2360,474.8,0.203790381550789
2361,475.0,0.94086080789566
2362,475.1,0.676332890987396
2363,475.3,1.29718005657196
2364,475.4,0.587509989738464
2365,475.7,0.287475734949112
2366,475.9,0.329489678144455
2367,476.0,0.384176284074783
2368,476.1,0.736385405063629
2369,476.3,0.239525064826012
2370,476.5,0.328233808279037
2371,476.6,0.263157904148102
2372,476.8,0.300490915775299
2373,477.1,0.527229130268097
2374,477.2,0.449594706296921
2375,477.4,0.305970996618271
2376,477.5,0.119420021772385
2377,477.7,0.179472535848618
2378,477.9,0.316246151924133
2379,478.2,0.363625973463058
2380,478.3,0.206416264176369
2381,478.5,0.3318872153759
2382,478.6,0.135289415717125
2383,478.8,0.305514335632324
2384,479.0,0.336111426353455
2385,479.2,0.272405534982681
2386,479.4,0.314990282058716
2387,479.5,0.276401430368423
2388,479.8,0.202192038297653
2389,479.9,0.293754994869232
2390,480.1,0.160634770989418
2391,480.3,0.286219894886017
2392,480.5,0.259618669748306
2393,480.7,0.0755794048309326
2394,480.9,0.20116451382637
2395,481.1,0.348213255405426
2396,481.2,0.234844163060188
2397,481.4,0.186893478035927
2398,481.6,0.300947606563568
2399,481.7,0.123530082404613
2400,481.9,0.22479735314846
2401,482.0,0.0831145122647285
2402,482.2,0.146477907896042
2403,482.3,0.179472535848618
2404,482.5,0.0784336104989052
2405,482.7,0.254138588905334
2406,482.8,0.0632492303848267
2407,483.0,0.0931613221764565
2408,483.2,0.247402667999268
2409,483.3,0.0558282919228077
2410,483.4,0.229706585407257
2411,483.7,0.262244552373886
2412,483.8,0.0993264093995094
2413,484.0,0.353465020656586
2414,484.1,0.201278686523438
2415,484.4,0.250827729701996
2416,484.6,0.208699628710747
2417,484.7,0.150930464267731
2418,485.0,0.323667079210281
2419,485.1,0.193857744336128
2420,485.3,0.0550291128456593
2421,485.4,0.230734094977379
2422,485.6,0.207557946443558
2423,485.9,0.0799177959561348
2424,486.0,0.09007877856493
2425,486.3,0.223084822297096
2426,486.5,0.242835938930511
2427,486.7,0.109144881367683
2428,486.9,0.400730669498444
2429,487.0,0.301746785640717
2430,487.2,0.187350153923035
2431,487.4,0.066788449883461
2432,487.6,0.17056742310524
2433,487.8,0.134490236639977
2434,487.9,0.240438401699066
2435,488.2,0.215093046426773
2436,488.3,0.204361230134964
2437,488.6,0.164402335882187
2438,488.8,0.326292961835861
2439,488.9,0.466377437114716
2440,489.1,1.71412265300751
2441,489.3,1.34958326816559
2442,489.4,0.601210176944733
2443,489.5,0.247859343886375
2444,489.8,0.357232570648193
2445,489.9,0.606233596801758
2446,490.1,0.710925877094269
2447,490.4,0.423678487539291
2448,490.5,0.118620850145817
2449,490.7,0.40381321310997
2450,490.8,0.1838109344244
2451,491.0,0.473684221506119
2452,491.2,0.539901793003082
2453,491.3,0.342504858970642
2454,491.6,0.357460886240005
2455,491.7,0.284507364034653
2456,492.0,0.119191691279411
2457,492.2,0.273775547742844
2458,492.3,0.160292267799377
2459,492.5,0.0593675076961517
2460,492.7,0.259276181459427
2461,492.8,0.314647793769836
2462,493.0,0.368535220623016
2463,493.3,0.226509869098663
2464,493.4,0.276173084974289
2465,493.7,0.139970317482948
2466,493.9,0.243406787514687
2467,494.1,0.171709105372429
2468,494.2,0.298093378543854
2469,494.4,0.0651900917291641
2470,494.7,0.310309410095215
2471,494.8,0.223998174071312
2472,495.0,0.181299239397049
2473,495.3,0.285877376794815
2474,495.5,0.306884348392487
2475,495.6,0.0775202661752701
2476,495.7,0.247631013393402
2477,496.0,0.279255628585815
2478,496.2,0.187350153923035
2479,496.3,0.232104122638702
2480,496.6,0.24215093255043
2481,496.7,0.0411005839705467
2482,496.9,0.220230624079704
2483,497.1,0.42299348115921
2484,497.2,0.224569007754326
2485,497.5,0.176161661744118
2486,497.7,0.17753167450428
2487,497.8,0.279255628585815
2488,498.0,0.0558282919228077
2489,498.1,0.299920082092285
2490,498.3,0.086197055876255
2491,498.5,0.0783194452524185
2492,498.6,0.277314752340317
2493,498.9,0.235643342137337
2494,499.0,0.0393880568444729
2495,499.2,0.125699281692505
2496,499.4,0.0808311477303505
2497,499.6,0.390683859586716
2498,499.8,0.438292056322098
2499,499.9,0.503938794136047
2500,500.2,0.371617764234543
2501,500.3,0.0819728299975395
2502,500.5,0.171252429485321
2503,500.7,0.0428131073713303
2504,500.9,0.193857744336128
2505,501.0,0.0471515022218227
2506,501.1,0.241465926170349
2507,501.3,0.0826578363776207
2508,501.4,0.110629066824913
2509,501.7,0.434638649225235
2510,501.8,0.170339077711105
2511,502.0,0.600981831550598
2512,502.1,0.388172179460526
2513,502.4,0.293526649475098
2514,502.5,0.082772009074688
2515,502.7,0.20527458190918
2516,502.8,0.196826115250587
2517,503.0,0.546866059303284
2518,503.2,0.82806259393692
2519,503.3,0.613540351390839
2520,503.5,0.41523003578186
2521,503.8,0.201735362410545
2522,504.0,0.298778384923935
2523,504.1,0.178102523088455
2524,504.3,0.622559666633606
2525,504.4,0.173764124512672
2526,504.5,0.218061417341232
2527,504.8,0.125014275312424
2528,505.0,0.271378010511398
2529,505.1,0.117250829935074
2530,505.3,0.399474829435349
2531,505.4,0.109829887747765
2532,505.5,0.149217948317528
2533,505.8,0.2148647159338
2534,506.0,0.41899761557579
2535,506.1,0.107889026403427
2536,506.3,0.296723365783691
2537,506.5,0.233930811285973
2538,506.7,0.170681580901146
2539,506.9,0.178216695785522
2540,507.1,0.278228104114532
2541,507.2,0.130608513951302
2542,507.4,0.074095219373703
2543,507.6,0.155383035540581
2544,507.8,0.15504053235054
2545,508.0,0.243977621197701
2546,508.2,0.154583856463432
2547,508.3,0.287133246660233
2548,508.5,0.0623358823359013
2549,508.8,0.167484879493713
2550,508.9,0.262587040662766
2551,509.1,0.0881379172205925
2552,509.4,0.280511468648911
2553,509.5,0.144422873854637
2554,509.6,0.176275834441185
2555,509.9,0.208471283316612
2556,510.1,0.13951364159584
2557,510.3,0.174791648983955
2558,510.5,0.157095551490784
2559,510.6,0.205731242895126
2560,510.9,0.167713209986687
2561,511.1,0.140312820672989
2562,511.2,0.151387140154839
2563,511.4,0.155839711427689
2564,511.6,0.172850787639618
2565,511.7,0.303573459386826
2566,512.0,0.0915629640221596
2567,512.1,0.0393880568444729
2568,512.3,0.278798937797546
2569,512.4,0.074095219373703
2570,512.5,0.251170217990875
2571,512.8,0.299920082092285
2572,512.9,0.198310315608978
2573,513.1,0.175134152173996
2574,513.4,0.210183814167976
2575,513.5,0.175819158554077
2576,513.7,0.177874192595482
2577,513.8,0.177760019898415
2578,514.0,0.16794154047966
2579,514.2,0.249457702040672
2580,514.3,0.0546866096556187
2581,514.4,0.2783422768116
2582,514.6,0.122502565383911
2583,514.7,0.109944060444832
2584,515.0,0.165429845452309
2585,515.1,0.0418997593224049
2586,515.3,0.245347648859024
2587,515.5,0.21669140458107
2588,515.7,0.17422080039978
2589,515.9,0.310195237398148
2590,516.0,0.311907738447189
2591,516.2,0.130722686648369
2592,516.3,0.162461474537849
2593,516.5,0.0567416362464428
2594,516.7,0.191346049308777
2595,516.8,0.105605661869049
2596,517.0,0.210183814167976
2597,517.1,0.0899646058678627
2598,517.3,0.14727708697319
2599,517.6,0.171823263168335
2600,517.8,0.245804309844971
2601,517.9,0.072953537106514
2602,518.1,0.167599037289619
2603,518.2,0.181527569890022
2604,518.4,0.0928188115358353
2605,518.6,0.304715156555176
2606,518.7,0.308482706546783
2607,518.9,0.0445256307721138
2608,519.0,0.21075464785099
2609,519.2,0.161776453256607
2610,519.3,0.298093378543854
2611,519.5,0.333942234516144
2612,519.8,0.210183814167976
2613,520.0,0.370476067066193
2614,520.1,0.136202767491341
2615,520.3,0.164973169565201
2616,520.4,0.289302438497543
2617,520.6,0.0183810945600271
2618,520.8,0.218974769115448
2619,520.9,0.20082201063633
2620,521.1,0.219431445002556
2621,521.3,0.148532941937447
2622,521.4,0.259732842445374
2623,521.6,0.11256992816925
2624,521.8,0.158008903264999
2625,522.0,0.193515241146088
2626,522.1,0.159949764609337
2627,522.3,0.212923854589462
2628,522.5,0.249686032533646
2629,522.7,0.318301171064377
2630,522.9,0.0562849640846252
2631,523.1,0.235757499933243
2632,523.2,0.0936179906129837
2633,523.3,0.191460207104683
2634,523.5,0.115309968590736
2635,523.7,0.234501659870148
2636,523.9,0.188720166683197
2637,524.1,0.247973516583443
2638,524.2,0.177417516708374
2639,524.3,0.216463059186935
2640,524.5,0.107204020023346
2641,524.7,0.109030708670616
2642,524.8,0.20710127055645
2643,525.0,0.0347071588039398
2644,525.2,0.184838458895683
2645,525.4,0.119191691279411
2646,525.5,0.2717205286026
2647,525.7,0.0806028097867966
2648,526.0,0.203105375170708
2649,526.1,0.281196475028992
2650,526.3,0.0529740825295448
2651,526.4,0.20082201063633
2652,526.7,0.171594932675362
2653,526.9,0.144879549741745
2654,527.2,0.170224905014038
2655,527.3,0.0640484094619751
2656,527.5,0.217718914151192
2657,527.6,0.109144881367683
2658,527.8,0.142824530601501
2659,528.0,0.269893825054169
2660,528.1,0.124100923538208
2661,528.3,0.189861848950386
2662,528.5,0.126840963959694
2663,528.8,0.196255281567574
2664,528.9,0.0759219080209732
2665,529.0,0.374814480543137
2666,529.2,0.115880809724331
2667,529.4,0.311451077461243
2668,529.5,0.0630208924412727
2669,529.7,0.20082201063633
2670,529.8,0.225025683641434
2671,530.1,0.193286910653114
2672,530.2,0.0391597226262093
2673,530.4,0.116337478160858
2674,530.5,0.309396058320999
2675,530.7,0.0392738878726959
2676,530.9,0.193629413843155
2677,531.1,0.226167365908623
2678,531.2,0.0747802257537842
2679,531.3,0.190318524837494
2680,531.5,0.0395022258162498
2681,531.6,0.153784677386284
2682,531.8,0.212695509195328
2683,532.1,0.245690152049065
2684,532.3,0.118735015392303
2685,532.4,0.0586824975907803
2686,532.6,0.228907406330109
2687,532.7,0.161091446876526
2688,533.1,0.114510789513588
2689,533.2,0.263500392436981
2690,533.5,0.400730669498444
2691,533.7,0.177303344011307
2692,533.9,0.302545964717865
2693,534.0,0.162004798650742
2694,534.2,0.0392738878726959
2695,534.4,0.259276181459427
2696,534.7,0.231076613068581
2697,534.8,0.256307810544968
2698,534.9,0.450964719057083
2699,535.2,0.445484638214111
2700,535.3,0.154127180576324
2701,535.4,0.360657602548599
2702,535.7,0.232446625828743
2703,535.9,0.11222742497921
2704,536.0,0.151615485548973
2705,536.3,0.386002957820892
2706,536.4,0.0527457483112812
2707,536.6,0.236556679010391
2708,536.8,0.397762298583984
2709,537.0,0.279369801282883
2710,537.2,0.370704412460327
2711,537.3,0.131293520331383
2712,537.5,0.126955136656761
2713,537.8,0.212809681892395
2714,537.9,0.182326748967171
2715,538.2,0.193629413843155
2716,538.3,0.233588308095932
2717,538.5,0.0577691532671452
2718,538.6,0.260075360536575
2719,538.8,0.179586708545685
2720,539.0,0.362141788005829
2721,539.2,0.12181755900383
2722,539.4,0.274003893136978
2723,539.5,0.195798605680466
2724,539.8,0.0747802257537842
2725,539.9,0.230049088597298
2726,540.2,0.194999426603317
2727,540.3,0.145336225628853
2728,540.4,0.264185398817062
2729,540.7,0.210526317358017
2730,540.8,0.170795753598213
2731,541.1,0.285649061203003
2732,541.2,0.169654071331024
2733,541.5,0.155154705047607
2734,541.7,0.1546980291605
2735,541.9,0.170110747218132
2736,542.0,0.274688899517059
2737,542.3,0.187806829810143
2738,542.5,0.162004798650742
2739,542.7,0.130494341254234
2740,542.9,0.296951711177826
2741,543.0,0.203904554247856
2742,543.2,0.157666400074959
2743,543.4,0.0391597226262093
2744,543.6,0.213608860969543
2745,543.7,0.111884921789169
2746,543.8,0.195570275187492
2747,544.0,0.164402335882187
2748,544.3,0.285877376794815
2749,544.5,0.136773601174355
2750,544.7,0.17570498585701
2751,544.9,0.222742319107056
2752,545.0,0.143052861094475
2753,545.3,0.27685809135437
2754,545.4,0.0540015995502472
2755,545.5,0.22776572406292
2756,545.7,0.141340330243111
2757,545.9,0.134832739830017
2758,546.2,0.192487731575966
2759,546.4,0.215549722313881
2760,546.6,0.283251523971558
2761,546.8,0.128325149416924
2762,546.9,0.105719834566116
2763,547.1,0.125470951199532
2764,547.3,0.140541151165962
2765,547.4,0.107889026403427
2766,547.7,0.204589560627937
2767,547.9,0.143052861094475
2768,548.1,0.162347301840782
2769,548.3,0.191003546118736
2770,548.6,0.147505417466164
2771,548.8,0.306770175695419
2772,548.9,0.100353918969631
2773,549.1,0.839022696018219
2774,549.2,0.437835365533829
2775,549.4,0.744491398334503
2776,549.5,0.140541151165962
2777,549.7,0.227994069457054
2778,549.9,0.428701907396317
