#"+ Scan (rt: 4.980-38.001 min, 5725 scans) PARAWAX_6.D "
#Point,X(Thompsons),Y(Counts)
0,45.1,1839.06567382813
1,45.3,6.17956352233887
2,45.5,0.388820946216583
3,45.7,2.79703044891357
4,45.8,6.17886447906494
5,46.0,75.7884750366211
6,46.1,97.0878601074219
7,46.3,11.6765069961548
8,46.6,2.34148478507996
9,46.8,8.80454158782959
10,47.0,189.304458618164
11,47.1,182.772048950195
12,47.2,38.6946716308594
13,47.4,2.20000004768372
14,47.6,1.4248034954071
15,47.8,11.5006113052368
16,48.0,29.4054145812988
17,48.1,16.2131004333496
18,48.2,18.2707424163818
19,48.4,3.71021842956543
20,48.7,5.36908292770386
21,48.9,32.2157211303711
22,49.1,75.8368530273438
23,49.2,31.9563312530518
24,49.4,3.49694323539734
25,49.7,2.55912661552429
26,49.9,40.7545852661133
27,50.1,374.204528808594
28,50.2,87.0415725708008
29,50.4,2.71965074539185
30,50.6,0.480524003505707
31,50.8,6.06078624725342
32,51.0,180.979568481445
33,51.1,471.682098388672
34,51.3,14.5739736557007
35,51.6,1.56122267246246
36,51.7,1.89641916751862
37,51.9,29.8447170257568
38,52.1,326.316864013672
39,52.2,111.013977050781
40,52.3,17.4492568969727
41,52.6,1.47947597503662
42,52.8,6.51266384124756
43,53.0,167.04052734375
44,53.1,1530.67419433594
45,53.3,12.7818336486816
46,53.4,2.30986905097961
47,53.6,0.357729256153107
48,53.8,3.88925766944885
49,54.0,100.290832519531
50,54.1,2427.36596679688
51,54.2,721.015380859375
52,54.4,2.38043665885925
53,54.6,0.0244541484862566
54,54.9,2.5123143196106
55,55.1,31966.626953125
56,55.2,1099.28173828125
57,55.5,0.0688209608197212
58,55.7,0.100087337195873
59,55.9,5.46078586578369
60,56.1,7542.3427734375
61,56.2,10454.791015625
62,56.4,0.424454152584076
63,56.7,0.393013089895248
64,56.9,5.08820962905884
65,57.1,33592.3359375
66,57.2,81494.1875
67,57.4,0.738689959049225
68,57.6,0.139737993478775
69,57.8,4.5958080291748
70,58.0,74.868293762207
71,58.1,1895.72607421875
72,58.2,3355.57373046875
73,58.4,2.97362446784973
74,58.6,0.622183382511139
75,58.8,5.74462890625
76,59.0,231.48681640625
77,59.1,1586.23132324219
78,59.3,9.69606971740723
79,59.6,1.0434935092926
80,59.8,8.12628841400146
81,60.0,90.3776397705078
82,60.1,119.146202087402
83,60.3,13.233362197876
84,60.5,1.26340615749359
85,60.7,4.28803491592407
86,60.9,37.6850662231445
87,61.1,356.627410888672
88,61.2,55.5938873291016
89,61.4,2.81327509880066
90,61.6,0.961048007011414
91,61.8,12.2389516830444
92,62.0,54.0817451477051
93,62.1,58.7213973999023
94,62.3,10.1535367965698
95,62.6,3.12803483009338
96,62.8,13.3308296203613
97,62.9,35.3131866455078
98,63.1,174.920867919922
99,63.2,55.4847145080566
100,63.5,4.44401741027832
101,63.7,6.9290828704834
102,63.8,11.8242797851563
103,64.0,52.3940620422363
104,64.1,29.730655670166
105,64.2,28.4351100921631
106,64.4,4.06096076965332
107,64.7,3.82986903190613
108,64.8,6.28593873977661
109,65.0,139.044189453125
110,65.1,303.393890380859
111,65.2,108.253623962402
112,65.4,6.80873346328735
113,65.6,1.83004367351532
114,65.8,13.9552841186523
115,66.0,119.404716491699
116,66.1,369.030578613281
117,66.3,20.4721393585205
118,66.5,1.69519650936127
119,66.8,3.51807856559753
120,67.0,133.209259033203
121,67.1,4893.77099609375
122,67.3,12.5062007904053
123,67.4,1.84366810321808
124,67.7,1.96034932136536
125,67.9,18.1914405822754
126,68.1,3913.14282226563
127,68.2,919.242797851563
128,68.4,4.10602617263794
129,68.6,0.172576412558556
130,68.8,1.49362444877625
131,69.0,70.3722305297852
132,69.1,22064.4765625
133,69.3,16.6110038757324
134,69.4,1.01537120342255
135,69.7,0.503930151462555
136,69.9,9.0393009185791
137,70.1,4545.17822265625
138,70.2,9675.7607421875
139,70.4,1.58707427978516
140,70.7,0.570829689502716
141,70.9,9.8936243057251
142,71.1,14295.623046875
143,71.2,63226.49609375
144,71.4,1.7528383731842
145,71.6,0.771528363227844
146,71.8,3.38218331336975
147,72.0,32.7061996459961
148,72.1,777.388793945313
149,72.2,3229.7666015625
150,72.4,1.47039306163788
151,73.0,159.456420898438
152,73.1,44715.43359375
153,73.3,2.05257630348206
154,73.6,0.0861135348677635
155,73.8,5.19074249267578
156,74.0,141.161926269531
157,74.1,3823.15673828125
158,74.3,9.0534496307373
159,74.6,1.64384281635284
160,74.8,7.37659406661987
161,75.0,341.367340087891
162,75.1,2247.22021484375
163,75.3,7.40104818344116
164,75.6,1.40331876277924
165,75.8,9.769606590271
166,76.0,113.274063110352
167,76.1,103.308822631836
168,76.2,64.8111801147461
169,76.4,4.13048028945923
170,76.7,2.58620095252991
171,76.8,5.39633178710938
172,77.0,287.727325439453
173,77.1,824.038757324219
174,77.3,11.1837558746338
175,77.5,0.921746730804443
176,77.8,3.79475975036621
177,78.0,250.963150024414
178,78.1,1389.05541992188
179,78.3,13.1930131912231
180,78.6,0.585676848888397
181,78.7,0.608384251594543
182,78.9,36.7662887573242
183,79.1,1653.59228515625
184,79.2,118.64192199707
185,79.4,1.33222711086273
186,79.6,0.439999997615814
187,79.8,8.24943256378174
188,79.9,23.9767684936523
189,80.1,278.308654785156
190,80.2,143.35563659668
191,80.4,4.6735372543335
192,80.6,0.891353726387024
193,80.8,7.75475978851318
194,81.0,205.281051635742
195,81.1,3341.69189453125
196,81.3,12.7982530593872
197,81.4,3.67895197868347
198,81.7,3.33467245101929
199,81.9,20.6270732879639
200,82.1,6259.2119140625
201,82.2,1317.93798828125
202,82.4,4.59144115447998
203,82.6,0.52017468214035
204,82.8,2.89327502250671
205,83.0,78.4572906494141
206,83.1,19555.259765625
207,83.3,21.923318862915
208,83.6,0.606462895870209
209,83.7,0.367685586214066
210,83.9,13.7372922897339
211,84.1,1927.37084960938
212,84.2,6538.453125
213,84.4,3.07388639450073
214,84.7,1.63825333118439
215,84.9,11.6565942764282
216,85.1,5360.46484375
217,85.2,49405.578125
218,85.4,4.46200895309448
219,85.7,1.76681220531464
220,85.8,1.98113536834717
221,86.0,47.6274223327637
222,86.2,3544.80932617188
223,86.3,22.8244533538818
224,86.6,2.88436675071716
225,86.8,10.7201747894287
226,87.0,241.526992797852
227,87.1,350.851867675781
228,87.2,134.948822021484
229,87.4,3.03999996185303
230,87.6,5.24261999130249
231,87.8,38.1802635192871
232,88.0,141.351440429688
233,88.1,124.874061584473
234,88.3,17.5786895751953
235,88.6,4.67074251174927
236,88.8,24.3963317871094
237,89.0,432.903747558594
238,89.1,247.545501708984
239,89.2,48.6338882446289
240,89.4,2.77502179145813
241,89.6,7.16751098632813
242,89.8,35.2281227111816
243,90.0,56.8511772155762
244,90.1,47.248908996582
245,90.3,8.0319652557373
246,90.4,2.2358078956604
247,90.7,3.13344979286194
248,90.8,7.66008710861206
249,91.0,275.694152832031
250,91.1,818.892761230469
251,91.3,14.2237558364868
252,91.5,0.47423580288887
253,91.7,2.43877720832825
254,91.9,35.7151107788086
255,92.1,243.460083007813
256,92.2,95.0274200439453
257,92.4,2.86567687988281
258,92.6,2.4716157913208
259,92.8,9.86777305603027
260,92.9,30.4721393585205
261,93.1,341.272125244141
262,93.2,108.785675048828
263,93.4,3.56925773620605
264,93.7,5.1631441116333
265,93.9,34.619213104248
266,94.0,71.9009628295898
267,94.1,183.306900024414
268,94.3,27.83860206604
269,94.5,1.12017464637756
270,94.7,3.20768547058105
271,94.9,19.277379989624
272,95.1,1213.13427734375
273,95.2,626.637573242188
274,95.4,3.32733631134033
275,95.5,3.01117897033691
276,95.7,2.55388641357422
277,95.9,49.9095191955566
278,96.0,351.253448486328
279,96.1,7514.4677734375
280,96.3,20.6038436889648
281,96.4,9.24506568908691
282,96.7,9.06515312194824
283,96.9,31.0218334197998
284,97.1,8217.8125
285,97.2,9288.4677734375
286,97.4,2.63510918617249
287,97.5,1.81414842605591
288,97.8,4.61589527130127
289,98.0,77.1893463134766
290,98.2,5793.3427734375
291,98.3,31.05100440979
292,98.5,1.80034935474396
293,98.8,4.02637577056885
294,99.0,24.7776412963867
295,99.2,15795.62109375
296,99.3,17.5082969665527
297,99.5,0.995109140872955
298,99.7,1.95441043376923
299,99.9,9.99074268341064
300,100.1,258.627410888672
301,100.2,984.194213867188
302,100.4,6.01869010925293
303,100.7,4.84401750564575
304,100.8,8.33537101745605
305,101.0,52.3940620422363
306,101.2,80.9738006591797
307,101.3,8.53676891326904
308,101.5,5.33082962036133
309,101.6,2.47545862197876
310,101.8,24.5942363739014
311,102.0,105.569953918457
312,102.1,48.8232307434082
313,102.2,25.554759979248
314,102.4,3.29222702980042
315,102.7,6.48558950424194
316,102.9,149.660079956055
317,103.0,896.338500976563
318,103.2,24.0054149627686
319,103.4,1.73746728897095
320,103.6,4.05449771881104
321,103.8,29.3710041046143
322,103.9,77.5963287353516
323,104.1,260.65869140625
324,104.2,40.2752838134766
325,104.3,12.1710042953491
326,104.5,1.1196506023407
327,104.7,5.66707420349121
328,104.9,54.0510025024414
329,105.1,865.248046875
330,105.2,93.5718765258789
331,105.4,2.13641929626465
332,105.6,0.731528401374817
333,105.8,14.1552839279175
334,105.9,31.5778160095215
335,106.1,176.211700439453
336,106.2,68.6873397827148
337,106.4,3.62655019760132
338,106.5,2.79895186424255
339,106.8,11.4462881088257
340,107.0,186.614852905273
341,107.1,261.223754882813
342,107.3,12.9060258865356
343,107.5,1.18515288829803
344,107.7,4.77519655227661
345,107.8,7.49187755584717
346,108.0,63.7575531005859
347,108.1,104.726989746094
348,108.3,18.4520530700684
349,108.4,7.36104822158813
350,108.7,3.57589530944824
351,108.9,17.7194766998291
352,109.1,526.788269042969
353,109.2,340.119140625
354,109.4,3.45589518547058
355,109.6,2.58340620994568
356,109.7,2.06323146820068
357,109.9,14.8597383499146
358,110.1,712.784118652344
359,110.2,973.614685058594
360,110.4,5.36419200897217
361,110.7,2.3358952999115
362,110.9,12.6986904144287
363,111.1,1867.90112304688
364,111.2,6194.89892578125
365,111.4,4.5070743560791
366,111.6,0.632314383983612
367,111.8,4.17257642745972
368,112.0,48.7647171020508
369,112.1,632.842102050781
370,112.2,3593.86938476563
371,112.4,7.16593885421753
372,112.7,2.03493452072144
373,112.9,7.01676845550537
374,113.0,23.8476848602295
375,113.2,9286.01171875
376,113.3,19.8934497833252
377,113.4,4.28558969497681
378,113.6,0.748122274875641
379,113.8,3.14235806465149
380,114.0,41.622184753418
381,114.1,136.205596923828
382,114.2,660.950927734375
383,114.4,5.67056751251221
384,114.6,2.01205229759216
385,114.8,13.4176416397095
386,115.0,452.584289550781
387,115.1,361.235992431641
388,115.3,9.3757209777832
389,115.5,1.08419215679169
390,115.7,4.31895208358765
391,115.9,51.7311782836914
392,116.1,113.385848999023
393,116.2,34.2738876342773
394,116.4,2.17711782455444
395,116.6,2.76436686515808
396,116.8,13.6103057861328
397,117.0,448.991607666016
398,117.1,426.442962646484
399,117.3,8.7089958190918
400,117.5,1.03772926330566
401,117.7,4.80052423477173
402,117.8,14.6485586166382
403,118.0,140.178161621094
404,118.1,139.118957519531
405,118.3,14.8199129104614
406,118.5,1.24192142486572
407,118.7,5.48471593856812
408,118.9,66.935546875
409,119.1,1548.57641601563
410,119.2,44.5114402770996
411,119.4,1.97781658172607
412,119.6,1.42375540733337
413,119.8,16.0268993377686
414,119.9,47.910041809082
415,120.1,234.580429077148
416,120.2,58.2630577087402
417,120.4,3.62130999565125
418,120.6,1.40838432312012
419,120.8,10.6103057861328
420,121.0,284.917907714844
421,121.1,424.66357421875
422,121.3,7.86934518814087
423,121.4,3.48611354827881
424,121.6,0.849432289600372
425,121.8,10.8840169906616
426,122.0,73.9259414672852
427,122.1,121.784278869629
428,122.3,20.5620956420898
429,122.5,2.85729265213013
430,122.8,5.91021823883057
431,123.0,89.0330123901367
432,123.1,219.628128051758
433,123.2,219.069519042969
434,123.4,5.39982509613037
435,123.7,3.00209617614746
436,123.9,15.2595634460449
437,124.1,291.884552001953
438,124.2,593.010131835938
439,124.4,8.4611349105835
440,124.6,1.26393008232117
441,124.8,5.97362422943115
442,124.9,9.87650680541992
443,125.1,752.084350585938
444,125.2,2772.10498046875
445,125.4,4.08349323272705
446,125.6,4.89554595947266
447,125.8,9.91545867919922
448,126.0,72.3545837402344
449,126.2,3225.84448242188
450,126.3,64.0576400756836
451,126.4,9.47563362121582
452,126.6,2.15528392791748
453,126.8,6.35144090652466
454,127.0,34.8579902648926
455,127.1,450.392852783203
456,127.2,5783.12353515625
457,127.4,2.65816593170166
458,127.6,2.87772917747498
459,127.8,8.73362445831299
460,128.0,73.419563293457
461,128.2,650.085754394531
462,128.3,44.7493438720703
463,128.5,2.47790384292603
464,128.7,6.68716144561768
465,128.9,42.2092590332031
466,129.0,62.5093460083008
467,129.1,127.663055419922
468,129.3,19.3462009429932
469,129.6,4.08995628356934
470,129.8,12.6550216674805
471,129.9,14.8567686080933
472,130.1,47.482795715332
473,130.2,23.0054149627686
474,130.4,2.36262011528015
475,130.6,2.57624459266663
476,130.8,9.76873397827148
477,131.0,345.253265380859
478,131.1,621.881042480469
479,131.3,8.35737991333008
480,131.6,2.87842798233032
481,131.8,17.9755458831787
482,132.0,180.178344726563
483,132.1,183.944458007813
484,132.3,6.7109169960022
485,132.5,0.309344977140427
486,132.7,3.42567682266235
487,132.9,69.6642761230469
488,133.1,4849.51513671875
489,133.2,44.4599113464355
490,133.4,1.20506548881531
491,133.7,5.77938842773438
492,133.9,71.7846298217773
493,134.0,443.043304443359
494,134.1,605.971862792969
495,134.3,10.1088209152222
496,134.5,0.923668146133423
497,134.7,2.24192142486572
498,134.9,37.9636688232422
499,135.1,4571.83447265625
500,135.2,108.369956970215
501,135.4,1.01065504550934
502,135.6,0.926462888717651
503,135.8,7.74882078170776
504,135.9,21.9411354064941
505,136.1,645.57080078125
506,136.2,139.665145874023
507,136.4,2.46235799789429
508,136.6,2.43336248397827
509,136.8,11.3977289199829
510,137.0,238.031097412109
511,137.1,762.898010253906
512,137.3,10.2097816467285
513,137.4,3.09956336021423
514,137.7,2.96890830993652
515,137.9,20.3729267120361
516,138.1,227.580261230469
517,138.2,357.960357666016
518,138.3,44.8066368103027
519,138.5,1.93834066390991
520,138.7,3.49344968795776
521,138.8,4.87720537185669
522,139.0,90.120002746582
523,139.2,1288.08435058594
524,139.3,31.2625331878662
525,139.6,2.15790390968323
526,139.8,4.45030546188354
527,140.0,41.1496925354004
528,140.1,205.526809692383
529,140.2,2321.75366210938
530,140.4,9.02235794067383
531,140.6,1.4490829706192
532,140.8,5.50061130523682
533,141.0,37.9222717285156
534,141.2,4350.17724609375
535,141.3,75.1346740722656
536,141.5,1.50183403491974
537,141.7,2.82008743286133
538,141.9,16.4763317108154
539,142.1,115.784454345703
540,142.2,390.284545898438
541,142.3,41.486988067627
542,142.5,5.28209590911865
543,142.7,3.79772925376892
544,142.9,38.0415725708008
545,143.1,124.350219726563
546,143.2,46.0176429748535
547,143.3,17.7037563323975
548,143.6,3.92855906486511
549,143.8,12.0158948898315
550,143.9,13.2351093292236
551,144.1,34.5420074462891
552,144.2,21.3448028564453
553,144.4,3.60681223869324
554,144.7,3.73868989944458
555,144.9,28.6440181732178
556,145.1,670.192687988281
557,145.2,124.363319396973
558,145.4,2.35004377365112
559,145.6,2.88419222831726
560,145.8,15.6434936523438
561,146.0,88.8836669921875
562,146.1,53.1154594421387
563,146.3,3.05676865577698
564,146.5,0.734672486782074
565,146.7,2.5622706413269
566,146.9,42.4880332946777
567,147.1,14728.4306640625
568,147.2,70.0455932617188
569,147.4,1.17030572891235
570,147.6,1.14096069335938
571,147.7,2.14777302742004
572,147.9,27.3317031860352
573,148.0,402.599639892578
574,148.1,2554.15380859375
575,148.3,8.02270698547363
576,148.4,3.57502174377441
577,148.6,1.73152840137482
578,148.8,13.1750221252441
579,149.0,456.707763671875
580,149.1,1758.283203125
581,149.3,8.91930103302002
582,149.5,0.910742342472076
583,149.7,3.63248896598816
584,149.9,40.771354675293
585,150.1,259.856597900391
586,150.2,91.6059417724609
587,150.4,3.27423572540283
588,150.6,3.13764190673828
589,150.8,12.3172054290771
590,150.9,33.5023574829102
591,151.1,226.093978881836
592,151.2,82.2260284423828
593,151.3,24.0988655090332
594,151.5,1.72628819942474
595,151.7,4.16366815567017
596,151.9,25.9182529449463
597,152.1,175.501129150391
598,152.2,259.132568359375
599,152.4,8.79126644134521
600,152.7,4.56524038314819
601,152.9,23.6006984710693
602,153.0,56.8427963256836
603,153.2,587.171691894531
604,153.3,65.8511810302734
605,153.5,3.57938861846924
606,153.8,6.6525764465332
607,154.0,52.3764190673828
608,154.2,2042.13269042969
609,154.3,101.472839355469
610,154.5,4.82934474945068
611,154.8,6.66078615188599
612,155.0,54.639476776123
613,155.2,3208.08178710938
614,155.3,115.349166870117
615,155.6,4.9289083480835
616,155.8,9.31004333496094
617,156.0,58.8569450378418
618,156.2,397.260955810547
619,156.3,55.651180267334
620,156.5,5.1844539642334
621,156.7,10.7559823989868
622,156.8,12.7767686843872
623,157.0,62.0618324279785
624,157.1,89.6634063720703
625,157.3,20.2719650268555
626,157.6,4.68069887161255
627,157.7,3.72803497314453
628,157.9,16.6812229156494
629,158.1,28.1599998474121
630,158.2,20.8413982391357
631,158.4,3.78951954841614
632,158.6,5.36593866348267
633,158.8,17.2595634460449
634,159.0,102.695198059082
635,159.1,114.320350646973
636,159.3,12.8448905944824
637,159.6,3.38235807418823
638,159.8,11.5842790603638
639,160.0,31.0944976806641
640,160.1,36.5512657165527
641,160.3,8.16646289825439
642,160.6,4.99720525741577
643,160.8,25.2569427490234
644,161.0,442.043487548828
645,161.1,175.304977416992
646,161.3,5.66777276992798
647,161.6,3.48803496360779
648,161.7,8.3084716796875
649,161.9,69.3203506469727
650,162.0,78.0356369018555
651,162.1,92.1128387451172
652,162.3,7.62986898422241
653,162.4,3.46550226211548
654,162.7,9.73781681060791
655,162.9,168.261306762695
656,163.0,1122.42077636719
657,163.2,22.1449775695801
658,163.3,6.97275114059448
659,163.5,1.36681222915649
660,163.7,12.5746726989746
661,163.8,27.7173805236816
662,164.0,162.111099243164
663,164.1,111.018867492676
664,164.3,7.01030588150024
665,164.5,4.15807867050171
666,164.7,8.53554630279541
667,164.9,119.27318572998
668,165.0,343.152313232422
669,165.1,267.798431396484
670,165.3,8.68279457092285
671,165.5,1.37886464595795
672,165.7,6.62794780731201
673,165.9,40.6775550842285
674,166.1,149.249084472656
675,166.2,184.536422729492
676,166.4,6.87755441665649
677,166.7,6.58585166931152
678,166.9,29.743579864502
679,167.1,178.716339111328
680,167.2,292.222198486328
681,167.4,7.42550230026245
682,167.7,3.17834067344666
683,167.9,10.2850656509399
684,168.0,24.2015724182129
685,168.2,1565.75
686,168.3,132.950225830078
687,168.4,15.6317901611328
688,168.7,3.57275104522705
689,168.9,8.02165985107422
690,169.1,132.522277832031
691,169.2,2390.72827148438
692,169.4,10.3339738845825
693,169.7,3.09135365486145
694,169.9,13.4576416015625
695,170.0,23.0115280151367
696,170.2,258.544097900391
697,170.3,85.1512680053711
698,170.4,15.1977291107178
699,170.7,8.03336238861084
700,170.9,24.3243675231934
701,171.1,57.2305679321289
702,171.2,46.1991271972656
703,171.4,8.2413969039917
704,171.6,3.25659394264221
705,171.8,9.83021831512451
706,172.0,17.9168567657471
707,172.2,22.4564189910889
708,172.3,11.4366807937622
709,172.5,2.69222712516785
710,172.7,6.22358083724976
711,172.9,26.8057632446289
712,173.1,58.5624465942383
713,173.2,37.2204360961914
714,173.4,5.9626202583313
715,173.6,7.43510913848877
716,173.8,11.9067249298096
717,174.0,24.8314418792725
718,174.1,23.2391262054443
719,174.3,8.52174663543701
720,174.6,3.55685591697693
721,174.8,14.0312662124634
722,175.0,259.087524414063
723,175.1,251.169784545898
724,175.3,9.43510913848877
725,175.5,1.2971179485321
726,175.7,8.01065540313721
727,175.9,109.16332244873
728,176.0,307.083679199219
729,176.2,39.6391258239746
730,176.5,2.4459388256073
731,176.7,8.45310020446777
732,176.9,131.740783691406
733,177.0,1907.59533691406
734,177.2,22.0153713226318
735,177.4,1.87790393829346
736,177.7,6.11406135559082
737,177.9,109.623054504395
738,178.0,444.095733642578
739,178.2,41.0412216186523
740,178.4,3.15912652015686
741,178.7,6.24139738082886
742,178.9,78.4908294677734
743,179.1,1170.13781738281
744,179.2,36.4803504943848
745,179.4,2.25537109375
746,179.7,3.72034931182861
747,179.9,54.2616577148438
748,180.0,93.1173782348633
749,180.2,248.759124755859
750,180.3,33.5781669616699
751,180.6,4.47703075408936
752,180.8,13.2096071243286
753,181.0,101.531356811523
754,181.1,125.565589904785
755,181.2,196.457122802734
756,181.4,7.29816579818726
757,181.7,3.70655012130737
758,181.9,10.7189521789551
759,182.1,107.458168029785
760,182.2,1315.92211914063
761,182.4,21.2314414978027
762,182.7,3.50515294075012
763,182.9,9.51755428314209
764,183.1,105.212577819824
765,183.2,1895.57995605469
766,183.4,15.5186023712158
767,183.5,4.81502199172974
768,183.8,6.02602624893188
769,184.0,30.5792140960693
770,184.1,36.551441192627
771,184.3,258.702362060547
772,184.4,17.7519645690918
773,184.7,10.7659387588501
774,184.8,9.22130966186523
775,185.0,38.3570289611816
776,185.1,28.4038429260254
777,185.2,45.5610466003418
778,185.4,13.831615447998
779,185.7,10.1505680084229
780,185.8,8.5110912322998
781,186.0,21.802619934082
782,186.2,25.1444549560547
783,186.3,13.9837551116943
784,186.5,7.51266384124756
785,186.7,5.76681232452393
786,186.9,25.2120532989502
787,187.0,21.346549987793
788,187.1,44.604190826416
789,187.3,10.7792139053345
790,187.4,6.98148488998413
791,187.7,6.12017488479614
792,187.9,11.033013343811
793,188.1,18.5788650512695
794,188.2,7.64908313751221
795,188.3,6.5816593170166
796,188.6,3.03039312362671
797,188.7,4.0370306968689
798,188.9,71.4745864868164
799,189.1,481.552673339844
800,189.2,45.5573806762695
801,189.4,2.24436688423157
802,189.6,2.93519639968872
803,189.8,19.5226192474365
804,190.0,89.6450653076172
805,190.1,60.1720542907715
806,190.3,2.89659380912781
807,190.6,1.13624453544617
808,190.8,19.2953720092773
809,191.0,3609.70483398438
810,191.1,2474.51025390625
811,191.3,2.45013093948364
812,191.5,0.957729279994965
813,191.6,0.890130996704102
814,191.8,15.0735368728638
815,192.0,547.627746582031
816,192.1,1708.04309082031
817,192.3,8.68296909332275
818,192.5,0.524716138839722
819,192.7,2.4990394115448
820,192.9,67.193359375
821,193.1,14383.3837890625
822,193.2,43.3486480712891
823,193.4,0.430567681789398
824,193.6,0.917205214500427
825,193.8,12.0950222015381
826,194.0,785.774658203125
827,194.1,2261.90209960938
828,194.3,8.73973846435547
829,194.6,2.82235813140869
830,194.8,11.9902181625366
831,195.0,562.078430175781
832,195.1,1317.88781738281
833,195.3,20.3795623779297
834,195.5,0.73135370016098
835,195.7,2.76628828048706
836,195.9,19.4850654602051
837,196.1,245.956680297852
838,196.2,497.343414306641
839,196.3,655.625854492188
840,196.5,3.97851538658142
841,196.8,7.90917015075684
842,197.0,53.7930145263672
843,197.1,128.796508789063
844,197.3,1620.35009765625
845,197.4,11.6483840942383
846,197.6,1.11563313007355
847,197.8,6.14218330383301
848,198.0,28.0803489685059
849,198.1,32.8649787902832
850,198.3,230.842788696289
851,198.4,18.8309173583984
852,198.7,6.28331899642944
853,198.8,5.97292566299438
854,199.0,23.5455017089844
855,199.2,37.6758079528809
856,199.3,14.9517908096313
857,199.4,8.06969451904297
858,199.7,8.59056758880615
859,199.9,56.1708297729492
860,200.1,155.467071533203
861,200.2,118.145851135254
862,200.4,33.6324882507324
863,200.7,42.3884735107422
864,200.8,32.2323150634766
865,201.0,54.8412208557129
866,201.1,32.4296951293945
867,201.2,45.4071617126465
868,201.4,11.9912662506104
869,201.7,12.0892572402954
870,201.8,9.96366786956787
871,202.0,28.2307415008545
872,202.2,31.8574676513672
873,202.3,7.66253280639648
874,202.4,6.66917037963867
875,202.7,6.63371181488037
876,202.9,63.6022720336914
877,203.1,187.498519897461
878,203.2,52.5734481811523
879,203.4,5.26200866699219
880,203.7,7.60506534576416
881,203.9,30.1336250305176
882,204.1,50.9196510314941
883,204.2,25.5474243164063
884,204.4,3.97606992721558
885,204.7,5.49327516555786
886,204.8,8.04751110076904
887,205.0,349.754577636719
888,205.1,639.056945800781
889,205.3,10.2716159820557
890,205.5,1.44366812705994
891,205.7,5.16751098632813
892,205.9,25.6565933227539
893,206.0,71.5970306396484
894,206.2,2.06917023658752
895,206.9,9.13868999481201
896,207.1,60169.4453125
897,207.2,39.8272476196289
898,207.7,0.238777294754982
899,207.9,48.8234062194824
900,208.1,12820.7177734375
901,208.2,118.304626464844
902,208.4,0.537991285324097
903,208.7,1.50515282154083
904,208.9,52.6607856750488
905,209.1,7753.673828125
906,209.2,111.010131835938
907,209.4,0.381659388542175
908,209.6,0.683144092559814
909,209.8,8.72593879699707
910,210.0,247.043319702148
911,210.1,842.522094726563
912,210.3,1052.50830078125
913,210.4,5.18550205230713
914,210.7,4.83248901367188
915,210.9,26.4508304595947
916,211.1,506.606811523438
917,211.2,466.363494873047
918,211.3,956.963684082031
919,211.5,0.825327515602112
920,211.7,3.03248906135559
921,211.9,20.9886455535889
922,212.0,31.8936252593994
923,212.2,127.042442321777
924,212.3,159.382888793945
925,212.5,3.68069863319397
926,212.7,8.99842834472656
927,212.9,34.5116157531738
928,213.1,89.2218322753906
929,213.2,53.4747581481934
930,213.4,5.42148494720459
931,213.6,5.03441047668457
932,213.8,10.4244537353516
933,214.0,20.688907623291
934,214.2,23.4960689544678
935,214.3,11.6155462265015
936,214.6,6.31668138504028
937,214.7,4.72576427459717
938,214.9,27.1982536315918
939,215.1,55.5378150939941
940,215.2,22.886812210083
941,215.3,16.9390392303467
942,215.6,5.62096071243286
943,215.8,8.53868961334229
944,216.0,19.5865497589111
945,216.2,23.8672485351563
946,216.3,7.30183410644531
947,216.4,7.48593902587891
948,216.6,2.27406120300293
949,216.8,13.7945852279663
950,217.0,52.0536231994629
951,217.1,71.2480316162109
952,217.3,19.8115291595459
953,217.5,2.58882093429565
954,217.7,5.03860282897949
955,217.9,15.6253271102905
956,218.1,27.3437557220459
957,218.2,21.7605247497559
958,218.4,7.58917045593262
959,218.7,5.33467245101929
960,218.9,39.7881240844727
961,219.1,168.693267822266
962,219.2,76.3123168945313
963,219.4,5.127685546875
964,219.7,6.97519636154175
965,219.8,8.51825332641602
966,220.0,46.1488227844238
967,220.1,35.0723152160645
968,220.3,1.90218341350555
969,220.4,1.20104801654816
970,220.7,1.99650657176971
971,220.9,32.7304801940918
972,221.0,119.970481872559
973,221.1,9640.5185546875
974,221.3,15.4111785888672
975,221.5,0.393711775541306
976,221.7,2.3006112575531
977,221.9,20.019214630127
978,222.0,170.04768371582
979,222.1,2189.53588867188
980,222.3,16.7720527648926
981,222.6,3.34689950942993
982,222.7,3.18008732795715
983,222.9,25.5636672973633
984,223.0,265.269683837891
985,223.1,1299.04370117188
986,223.3,24.171703338623
987,223.5,1.42829692363739
988,223.7,2.63213968276978
989,223.9,18.1779918670654
990,224.0,58.4372062683105
991,224.2,360.017120361328
992,224.3,648.650451660156
993,224.5,6.23947620391846
994,224.7,2.75248908996582
995,224.9,20.3020095825195
996,225.1,190.046463012695
997,225.3,1203.11279296875
998,225.4,23.7835807800293
999,225.7,3.31493449211121
1000,225.9,13.9427070617676
1001,226.0,20.6288204193115
1002,226.2,85.0099563598633
1003,226.3,161.566818237305
1004,226.5,5.02497816085815
1005,226.7,8.1806116104126
1006,226.8,7.20593881607056
1007,227.0,38.4721412658691
1008,227.2,51.0712661743164
1009,227.3,20.5355453491211
1010,227.5,2.68506550788879
1011,227.7,5.38008737564087
1012,227.9,12.0656766891479
1013,228.1,21.1615715026855
1014,228.3,18.5224456787109
1015,228.4,6.41327524185181
1016,228.7,6.08978176116943
1017,228.9,23.6600875854492
1018,229.1,52.279125213623
1019,229.2,38.9879493713379
1020,229.4,7.40192127227783
1021,229.5,7.14078617095947
1022,229.8,16.94899559021
1023,230.0,68.0400009155273
1024,230.2,107.925590515137
1025,230.3,56.6957206726074
1026,230.5,25.1676864624023
1027,230.8,40.794059753418
1028,231.0,55.2473373413086
1029,231.2,63.1879463195801
1030,231.3,25.6062889099121
1031,231.5,6.17746734619141
1032,231.7,9.50602626800537
1033,231.9,17.7903938293457
1034,232.0,12.6981658935547
1035,232.2,23.944278717041
1036,232.3,13.0642795562744
1037,232.6,5.54707431793213
1038,232.7,4.39248895645142
1039,232.9,30.9339733123779
1040,233.1,76.4693450927734
1041,233.2,42.3842811584473
1042,233.4,4.34602642059326
1043,233.6,5.09554576873779
1044,233.8,10.6469869613647
1045,234.0,27.3947601318359
1046,234.2,30.3542366027832
1047,234.3,10.7685585021973
1048,234.6,4.87825345993042
1049,234.8,20.8179912567139
1050,235.0,145.895370483398
1051,235.1,138.509170532227
1052,235.3,11.692925453186
1053,235.6,4.21397399902344
1054,235.7,3.58200883865356
1055,235.9,29.6550216674805
1056,236.1,68.9940643310547
1057,236.2,62.9168548583984
1058,236.4,7.81711769104004
1059,236.5,6.35039281845093
1060,236.8,14.7163314819336
1061,237.0,234.729080200195
1062,237.1,377.702362060547
1063,237.3,47.9439315795898
1064,237.6,14.0616598129272
1065,237.8,37.4756317138672
1066,238.0,77.4861145019531
1067,238.2,201.711959838867
1068,238.3,535.854125976563
1069,238.4,41.537467956543
1070,238.7,14.1103925704956
1071,238.9,35.5187759399414
1072,239.1,148.705322265625
1073,239.3,1028.01489257813
1074,239.4,36.9374656677246
1075,239.7,4.90358066558838
1076,239.9,13.1958074569702
1077,240.1,44.6548461914063
1078,240.3,173.089431762695
1079,240.4,23.5744972229004
1080,240.5,9.57938861846924
1081,240.8,15.4529256820679
1082,241.0,45.257640838623
1083,241.1,55.8494338989258
1084,241.3,23.1324024200439
1085,241.5,5.15231418609619
1086,241.7,3.24471616744995
1087,241.9,12.0618343353271
1088,242.0,9.53467273712158
1089,242.2,19.3778171539307
1090,242.3,9.64838409423828
1091,242.6,5.45851516723633
1092,242.8,10.128210067749
1093,243.0,25.5226192474365
1094,243.2,32.4548454284668
1095,243.3,14.7612228393555
1096,243.5,5.34183406829834
1097,243.7,2.97764182090759
1098,243.9,11.4387769699097
1099,244.1,17.1364192962646
1100,244.2,14.7093448638916
1101,244.4,8.95580768585205
1102,244.6,2.70096063613892
1103,244.8,9.83598232269287
1104,245.0,25.0871620178223
1105,245.2,30.5395641326904
1106,245.3,16.5172061920166
1107,245.5,3.41222715377808
1108,245.7,6.56262016296387
1109,245.9,9.80314445495605
1110,246.1,17.4370307922363
1111,246.2,9.07999992370605
1112,246.3,9.37502193450928
1113,246.6,5.78951978683472
1114,246.7,4.55703067779541
1115,246.9,45.8150215148926
1116,247.1,102.29222869873
1117,247.2,34.4806976318359
1118,247.4,3.8820960521698
1119,247.6,5.41799116134644
1120,247.8,10.9949340820313
1121,248.0,26.5346717834473
1122,248.1,14.664454460144
1123,248.2,9.82061100006104
1124,248.5,2.5816593170166
1125,248.7,7.7430567741394
1126,248.9,173.214324951172
1127,249.0,752.467224121094
1128,249.1,333.165069580078
1129,249.3,4.07685565948486
1130,249.5,0.62969434261322
1131,249.7,6.31493473052979
1132,249.8,22.2606105804443
1133,250.0,200.958770751953
1134,250.1,169.331008911133
1135,250.3,18.3933620452881
1136,250.6,3.95772933959961
1137,250.8,16.5290832519531
1138,251.0,913.049255371094
1139,251.1,929.47998046875
1140,251.3,5.11528396606445
1141,251.4,2.02131009101868
1142,251.7,3.77257633209229
1143,251.9,44.1704788208008
1144,252.0,149.860961914063
1145,252.1,405.574310302734
1146,252.3,393.730133056641
1147,252.4,54.7769432067871
1148,252.7,8.21572017669678
1149,252.8,8.79493427276611
1150,253.0,740.037536621094
1151,253.1,1308.42980957031
1152,253.3,833.819030761719
1153,253.4,36.9993019104004
1154,253.7,3.85310053825378
1155,253.9,60.6682968139648
1156,254.0,198.070922851563
1157,254.1,329.754425048828
1158,254.3,122.074935913086
1159,254.6,4.96768569946289
1160,254.8,14.6655025482178
1161,254.9,51.5406112670898
1162,255.1,318.5703125
1163,255.2,74.772575378418
1164,255.4,5.3049783706665
1165,255.6,1.31860256195068
1166,255.8,12.222882270813
1167,255.9,19.0307426452637
1168,256.1,59.849781036377
1169,256.2,31.0071620941162
1170,256.4,6.43004369735718
1171,256.7,5.37013101577759
1172,256.8,6.00244522094727
1173,257.0,26.5103931427002
1174,257.2,36.2352828979492
1175,257.3,16.5200004577637
1176,257.5,3.23685598373413
1177,257.7,4.59231424331665
1178,257.9,9.78532791137695
1179,258.1,14.8239297866821
1180,258.3,15.9786901473999
1181,258.4,7.94707441329956
1182,258.7,7.0957202911377
1183,258.9,15.0473365783691
1184,259.1,27.1882972717285
1185,259.2,13.3079471588135
1186,259.3,16.4801750183105
1187,259.5,4.17414855957031
1188,259.7,8.18847179412842
1189,259.9,11.6192140579224
1190,260.1,16.5987777709961
1191,260.2,15.8394756317139
1192,260.5,9.62777328491211
1193,260.7,8.62812232971191
1194,260.9,18.3311786651611
1195,261.1,30.0852394104004
1196,261.2,20.1568565368652
1197,261.4,4.60803508758545
1198,261.6,5.56471633911133
1199,261.8,7.69414854049683
1200,262.0,10.7193012237549
1201,262.1,13.2948474884033
1202,262.3,7.25816583633423
1203,262.5,2.05292582511902
1204,262.7,7.06008720397949
1205,262.9,46.5734481811523
1206,263.1,143.493270874023
1207,263.2,55.6506538391113
1208,263.4,6.003493309021
1209,263.6,2.05991268157959
1210,263.8,12.952488899231
1211,263.9,13.8034934997559
1212,264.1,45.7170295715332
1213,264.2,29.1032314300537
1214,264.4,4.65362453460693
1215,264.7,6.1807861328125
1216,264.9,41.284366607666
1217,265.0,582.738708496094
1218,265.1,1269.32678222656
1219,265.3,7.3669867515564
1220,265.5,0.768908321857452
1221,265.7,3.65030574798584
1222,265.9,33.312313079834
1223,266.1,388.048034667969
1224,266.3,388.7255859375
1225,266.4,160.619567871094
1226,266.7,6.13834047317505
1227,266.9,56.5629692077637
1228,267.1,4910.95068359375
1229,267.3,716.808898925781
1230,267.4,77.9044570922852
1231,267.6,3.1727511882782
1232,267.7,4.2537989616394
1233,267.9,69.9718780517578
1234,268.1,1259.75634765625
1235,268.3,227.860260009766
1236,268.4,17.5989513397217
1237,268.6,2.47371172904968
1238,268.8,14.2857637405396
1239,269.0,450.142700195313
1240,269.1,718.788818359375
1241,269.2,126.468818664551
1242,269.4,3.62759828567505
1243,269.6,1.02986896038055
1244,269.8,13.9872493743896
1245,270.0,129.831085205078
1246,270.1,173.865676879883
1247,270.3,15.8466377258301
1248,270.6,4.13030576705933
1249,270.7,3.77414846420288
1250,270.9,40.0653266906738
1251,271.1,126.688735961914
1252,271.2,66.7133636474609
1253,271.4,5.15633201599121
1254,271.6,3.59790396690369
1255,271.8,7.99283838272095
1256,271.9,9.61624431610107
1257,272.1,32.4344100952148
1258,272.2,14.5243663787842
1259,272.3,16.7353706359863
1260,272.6,6.25484704971313
1261,272.8,8.38253307342529
1262,272.9,8.32331848144531
1263,273.1,34.7399139404297
1264,273.2,41.120174407959
1265,273.4,16.993537902832
1266,273.7,9.56314373016357
1267,273.8,7.95860242843628
1268,274.0,31.2841930389404
1269,274.1,21.6531009674072
1270,274.3,42.8490829467773
1271,274.4,25.1435813903809
1272,274.7,18.8971176147461
1273,274.9,24.9128379821777
1274,275.0,13.040699005127
1275,275.2,26.878776550293
1276,275.3,16.9827079772949
1277,275.5,8.93973827362061
1278,275.8,11.196681022644
1279,276.0,12.9287338256836
1280,276.2,14.035982131958
1281,276.3,9.13082981109619
1282,276.5,3.56471610069275
1283,276.7,8.52192115783691
1284,276.9,21.4637546539307
1285,277.0,17.1493453979492
1286,277.2,36.5568542480469
1287,277.3,10.2759828567505
1288,277.4,8.30532741546631
1289,277.6,3.06165933609009
1290,277.8,7.81362438201904
1291,278.0,19.1149349212646
1292,278.2,31.204891204834
1293,278.3,16.3376426696777
1294,278.5,5.66358089447021
1295,278.8,8.81152820587158
1296,279.0,179.033706665039
1297,279.1,411.638244628906
1298,279.3,18.9165058135986
1299,279.5,1.23091697692871
1300,279.7,3.32034945487976
1301,279.9,19.4330139160156
1302,280.0,52.9980773925781
1303,280.1,122.256416320801
1304,280.4,238.655197143555
1305,280.6,0.600698709487915
1306,280.8,4.71790409088135
1307,281.0,584.531555175781
1308,281.1,15211.8720703125
1309,281.3,473.167327880859
1310,281.6,0.39266374707222
1311,281.8,10.5965061187744
1312,282.0,619.393005371094
1313,282.1,3875.21264648438
1314,282.3,87.9626235961914
1315,282.4,18.9881229400635
1316,282.7,4.37048053741455
1317,282.9,45.0700454711914
1318,283.0,439.339752197266
1319,283.1,3347.67431640625
1320,283.3,17.3746719360352
1321,283.5,0.692227065563202
1322,283.7,2.57903933525085
1323,283.9,35.3268127441406
1324,284.1,702.80908203125
1325,284.2,159.007507324219
1326,284.3,13.2092580795288
1327,284.5,1.3909170627594
1328,284.7,4.91021823883057
1329,284.9,46.9089965820313
1330,285.1,337.356842041016
1331,285.2,100.576072692871
1332,285.4,4.21484708786011
1333,285.7,3.72943234443665
1334,285.9,25.6108303070068
1335,286.0,27.850305557251
1336,286.1,62.2801742553711
1337,286.3,16.3596515655518
1338,286.6,5.77799129486084
1339,286.7,4.70427942276001
1340,286.9,23.7283840179443
1341,287.1,52.3921394348145
1342,287.2,34.1643676757813
1343,287.4,4.38759803771973
1344,287.5,4.62934494018555
1345,287.8,7.02235794067383
1346,288.0,14.0646286010742
1347,288.2,16.6974678039551
1348,288.3,10.3069000244141
1349,288.6,5.22620105743408
1350,288.8,8.41135406494141
1351,289.0,17.2455902099609
1352,289.1,9.26602649688721
1353,289.2,16.0679473876953
1354,289.4,5.16034936904907
1355,289.6,5.64803504943848
1356,289.8,6.18602609634399
1357,290.0,10.1584281921387
1358,290.2,10.8017463684082
1359,290.3,4.67685604095459
1360,290.5,5.86585140228271
1361,290.7,7.57641935348511
1362,290.9,16.5790386199951
1363,291.1,24.638427734375
1364,291.2,21.1849784851074
1365,291.4,6.42148494720459
1366,291.6,1.92401742935181
1367,291.8,6.72576427459717
1368,292.0,13.5145854949951
1369,292.2,21.6321392059326
1370,292.3,9.92716121673584
1371,292.4,12.9984283447266
1372,292.6,4.58899545669556
1373,292.8,16.475284576416
1374,292.9,23.0146732330322
1375,293.1,92.3526611328125
1376,293.2,56.7664642333984
1377,293.4,8.24716186523438
1378,293.6,2.41379904747009
1379,293.8,7.83283853530884
1380,294.0,23.7758960723877
1381,294.2,54.4010467529297
1382,294.3,69.6075134277344
1383,294.4,211.58952331543
1384,294.7,6.1261134147644
1385,294.9,17.3355464935303
1386,295.0,118.120346069336
1387,295.1,1751.42431640625
1388,295.4,559.228454589844
1389,295.5,3.46008729934692
1390,295.7,1.68698692321777
1391,295.9,21.5034065246582
1392,296.1,426.37939453125
1393,296.2,296.072998046875
1394,296.4,76.7051544189453
1395,296.6,2.4298689365387
1396,296.8,9.9428825378418
1397,296.9,26.0689964294434
1398,297.1,395.329254150391
1399,297.2,133.636688232422
1400,297.3,29.3713531494141
1401,297.5,3.71510910987854
1402,297.7,2.66847157478333
1403,297.9,33.23388671875
1404,298.1,91.3828811645508
1405,298.2,55.0550231933594
1406,298.4,5.18305683135986
1407,298.6,5.90008735656738
1408,298.8,15.8020963668823
1409,298.9,31.1556339263916
1410,299.1,98.2368545532227
1411,299.2,48.7776412963867
1412,299.4,5.67668104171753
1413,299.7,5.66550207138062
1414,299.9,15.9879474639893
1415,300.1,28.8712673187256
1416,300.2,12.6848907470703
1417,300.3,12.4779043197632
1418,300.5,2.50200867652893
1419,300.7,6.33449792861938
1420,300.8,6.40314388275146
1421,301.0,22.9544105529785
1422,301.1,11.7453279495239
1423,301.2,18.3828811645508
1424,301.4,4.55545854568481
1425,301.6,4.53432321548462
1426,301.7,2.3084716796875
1427,301.9,8.03318786621094
1428,302.0,4.70882081985474
1429,302.2,10.8445415496826
1430,302.3,7.99720525741577
1431,302.5,5.32663774490356
1432,302.7,3.63231444358826
1433,302.9,13.6452398300171
1434,303.0,10.1615724563599
1435,303.2,19.9956340789795
1436,303.3,9.89240169525146
1437,303.6,4.81222724914551
1438,303.8,8.30462837219238
1439,304.0,15.302882194519
1440,304.2,18.9268131256104
1441,304.3,13.2997379302979
1442,304.6,8.55109214782715
1443,304.8,14.379563331604
1444,305.0,24.1194763183594
1445,305.2,25.2468128204346
1446,305.3,12.9917907714844
1447,305.6,5.44855880737305
1448,305.8,7.9984278678894
1449,305.9,5.52803516387939
1450,306.1,17.7832317352295
1451,306.2,20.5056762695313
1452,306.4,13.2246284484863
1453,306.7,10.6613101959229
1454,306.9,26.3393878936768
1455,307.1,47.5811347961426
1456,307.2,33.1095199584961
1457,307.4,9.3262882232666
1458,307.7,5.2890830039978
1459,307.8,3.899738073349
1460,308.0,14.8080348968506
1461,308.2,43.2115287780762
1462,308.4,245.830215454102
1463,308.5,28.920524597168
1464,308.8,18.4268989562988
1465,308.9,25.9371185302734
1466,309.1,117.198600769043
1467,309.2,96.6059417724609
1468,309.4,543.896423339844
1469,309.5,17.4924011230469
1470,309.7,9.21030521392822
1471,309.8,7.44716167449951
1472,310.0,27.9170303344727
1473,310.2,52.7400856018066
1474,310.4,131.201568603516
1475,310.5,15.1406116485596
1476,310.8,20.8882102966309
1477,310.9,75.7554550170898
1478,311.1,461.667602539063
1479,311.2,67.7669906616211
1480,311.3,19.09397315979
1481,311.6,5.38427925109863
1482,311.8,22.445240020752
1483,312.0,101.989868164063
1484,312.1,99.7825317382813
1485,312.3,12.6319646835327
1486,312.6,3.23563313484192
1487,312.7,2.60524010658264
1488,312.9,62.3675117492676
1489,313.1,678.150939941406
1490,313.2,80.377815246582
1491,313.4,2.50375556945801
1492,313.7,4.0887336730957
1493,313.9,52.486988067627
1494,314.0,76.9774703979492
1495,314.1,134.18864440918
1496,314.3,12.2517032623291
1497,314.4,3.95144104957581
1498,314.7,6.6915283203125
1499,314.8,11.5201749801636
1500,315.0,77.9138870239258
1501,315.1,76.8101272583008
1502,315.3,14.339038848877
1503,315.6,3.87982535362244
1504,315.8,8.58375549316406
1505,316.0,21.1208724975586
1506,316.2,23.1853275299072
1507,316.3,6.53082990646362
1508,316.4,6.41257619857788
1509,316.7,5.12279462814331
1510,316.9,11.1858510971069
1511,317.1,15.0499563217163
1512,317.2,7.35196495056152
1513,317.3,9.01921367645264
1514,317.5,2.562096118927
1515,317.6,4.20541477203369
1516,317.8,3.54497814178467
1517,318.0,7.32349348068237
1518,318.2,8.79650688171387
1519,318.3,6.27406120300293
1520,318.5,2.62637543678284
1521,318.7,5.46096086502075
1522,318.9,8.72192096710205
1523,319.1,12.8684711456299
1524,319.3,11.4162445068359
1525,319.4,3.74148464202881
1526,319.6,5.01327514648438
1527,319.7,5.32716178894043
1528,320.0,9.17676830291748
1529,320.2,16.5137119293213
1530,320.4,16.0915279388428
1531,320.6,10.3715286254883
1532,320.7,5.09362459182739
1533,320.9,17.5413093566895
1534,321.0,13.529257774353
1535,321.2,30.9317035675049
1536,321.3,9.53676891326904
1537,321.4,10.0480346679688
1538,321.6,2.97152829170227
1539,321.8,6.23860263824463
1540,322.0,11.8946723937988
1541,322.2,31.6541481018066
1542,322.4,177.360000610352
1543,322.5,43.8494338989258
1544,322.8,22.084192276001
1545,323.0,114.287689208984
1546,323.1,114.371704101563
1547,323.3,188.732223510742
1548,323.4,367.175384521484
1549,323.5,27.2660255432129
1550,323.8,18.5474243164063
1551,324.0,38.4653282165527
1552,324.1,32.5986022949219
1553,324.2,43.0840187072754
1554,324.4,137.9619140625
1555,324.7,12.781135559082
1556,324.9,85.3774642944336
1557,325.0,685.947448730469
1558,325.1,687.252563476563
1559,325.4,22.8275985717773
1560,325.6,3.24524021148682
1561,325.8,18.2780780792236
1562,326.0,253.425857543945
1563,326.1,267.368194580078
1564,326.3,7.96733617782593
1565,326.5,1.29606986045837
1566,326.7,8.07021808624268
1567,326.9,49.0410461425781
1568,327.1,4387.4482421875
1569,327.2,32.2639312744141
1570,327.3,8.29886436462402
1571,327.5,1.04087340831757
1572,327.7,5.08227062225342
1573,327.9,54.76611328125
1574,328.1,1345.1806640625
1575,328.2,62.4101295471191
1576,328.5,3.12296938896179
1577,328.6,1.68698692321777
1578,328.8,13.5792140960693
1579,328.9,84.0670776367188
1580,329.1,758.828125
1581,329.2,58.4896087646484
1582,329.4,2.42620086669922
1583,329.7,5.54829692840576
1584,329.9,57.1916160583496
1585,330.0,69.2742385864258
1586,330.1,105.347076416016
1587,330.3,12.3706550598145
1588,330.5,2.19790387153625
1589,330.7,7.50812244415283
1590,330.9,32.7007865905762
1591,331.1,55.0511779785156
1592,331.2,26.3292579650879
1593,331.4,5.40104818344116
1594,331.7,4.72663736343384
1595,331.9,9.87091732025146
1596,332.1,15.3420085906982
1597,332.2,11.0707426071167
1598,332.5,6.11720514297485
1599,332.7,5.15738010406494
1600,332.9,8.76646327972412
1601,333.1,11.9322271347046
1602,333.2,10.9659385681152
1603,333.4,6.65135383605957
1604,333.7,6.26026201248169
1605,333.9,10.5084714889526
1606,334.0,8.39144134521484
1607,334.2,22.488208770752
1608,334.3,21.460262298584
1609,334.6,14.6813974380493
1610,334.7,6.6913537979126
1611,334.9,14.7781658172607
1612,335.1,17.6312656402588
1613,335.3,17.8997383117676
1614,335.5,11.4758081436157
1615,335.6,7.11598253250122
1616,335.9,6.28052425384521
1617,336.1,13.6625328063965
1618,336.2,16.8709163665771
1619,336.4,134.147598266602
1620,336.5,68.0124053955078
1621,336.7,6.57764196395874
1622,336.9,13.879301071167
1623,337.0,10.1418342590332
1624,337.2,50.0183410644531
1625,337.3,67.4417495727539
1626,337.4,368.020599365234
1627,337.6,15.9982528686523
1628,337.8,3.73449778556824
1629,338.0,10.9369430541992
1630,338.2,27.0957202911377
1631,338.4,111.406463623047
1632,338.5,102.858863830566
1633,338.8,21.6951961517334
1634,338.9,48.7123146057129
1635,339.1,365.354064941406
1636,339.2,121.681221008301
1637,339.4,8.50148487091064
1638,339.5,22.4820957183838
1639,339.7,4.35266399383545
1640,339.9,39.6967697143555
1641,340.1,130.583053588867
1642,340.2,33.5940628051758
1643,340.4,1.49310040473938
1644,340.6,4.56157207489014
1645,340.7,4.49257659912109
1646,340.9,47.360523223877
1647,341.1,6140.849609375
1648,341.2,152.3173828125
1649,341.4,2.78235816955566
1650,341.6,2.46934509277344
1651,341.8,10.2765064239502
1652,342.0,401.421478271484
1653,342.1,1803.34606933594
1654,342.3,13.7014846801758
1655,342.6,3.23877739906311
1656,342.8,13.0648031234741
1657,342.9,27.8515281677246
1658,343.1,1379.05102539063
1659,343.2,138.958084106445
1660,343.3,12.3732748031616
1661,343.5,0.71860259771347
1662,343.7,3.58602619171143
1663,343.9,53.3891716003418
1664,344.1,284.901123046875
1665,344.2,99.2992172241211
1666,344.4,4.41187763214111
1667,344.7,5.45275115966797
1668,344.9,46.658863067627
1669,345.1,137.837387084961
1670,345.2,67.7556304931641
1671,345.4,6.40157222747803
1672,345.7,4.59615707397461
1673,345.9,18.4805240631104
1674,346.1,34.3942375183105
1675,346.2,24.9266376495361
1676,346.4,4.7996506690979
1677,346.6,4.90637540817261
1678,346.7,3.93344974517822
1679,346.9,12.4834938049316
1680,347.1,20.1315288543701
1681,347.3,17.6494331359863
1682,347.4,7.92873382568359
1683,347.7,5.43580770492554
1684,347.9,7.0354585647583
1685,348.1,12.806812286377
1686,348.3,16.5414848327637
1687,348.4,13.5133628845215
1688,348.7,8.2550220489502
1689,348.9,8.77414894104004
1690,349.1,11.6251525878906
1691,349.3,13.4434938430786
1692,349.5,10.1095199584961
1693,349.6,5.60174655914307
1694,349.9,4.95021820068359
1695,350.1,11.8864631652832
1696,350.3,43.4246292114258
1697,350.4,78.9007873535156
1698,350.5,78.272834777832
1699,350.7,9.26759815216064
1700,351.0,9.36349391937256
1701,351.1,10.1661138534546
1702,351.3,63.660961151123
1703,351.5,347.316864013672
1704,351.6,17.1765937805176
1705,351.8,6.07668113708496
1706,352.1,10.8052406311035
1707,352.3,39.6106567382813
1708,352.5,254.816070556641
1709,352.6,24.7030563354492
1710,352.8,12.3570308685303
1711,353.0,66.3439331054688
1712,353.2,109.010482788086
1713,353.3,46.3589515686035
1714,353.5,43.3455009460449
1715,353.7,9.49187755584717
1716,353.8,8.54759788513184
1717,354.0,42.659912109375
1718,354.1,37.7034072875977
1719,354.3,1.46288204193115
1720,354.5,5.30113554000854
1721,354.7,4.45606994628906
1722,354.9,28.3393878936768
1723,355.1,5929.82080078125
1724,355.2,336.714233398438
1725,355.4,5.44803476333618
1726,355.6,0.859388649463654
1727,355.8,7.8707423210144
1728,356.0,275.801391601563
1729,356.1,1697.28735351563
1730,356.2,314.299377441406
1731,356.4,5.17310047149658
1732,356.7,4.0158953666687
1733,356.9,21.7126636505127
1734,357.1,1448.11145019531
1735,357.2,321.517547607422
1736,357.4,5.24122285842896
1737,357.6,1.39196503162384
1738,357.8,5.53414869308472
1739,357.9,31.2976417541504
1740,358.1,346.03564453125
1741,358.2,151.837554931641
1742,358.4,4.95528364181519
1743,358.6,1.67388641834259
1744,358.8,9.33484745025635
1745,359.0,95.8497848510742
1746,359.1,144.202270507813
1747,359.3,18.8875102996826
1748,359.4,6.47685575485229
1749,359.7,3.84401750564575
1750,359.8,5.34008741378784
1751,360.0,27.2057647705078
1752,360.2,34.1465492248535
1753,360.3,14.9409608840942
1754,360.6,4.46113538742065
1755,360.8,8.1703052520752
1756,361.0,15.6082096099854
1757,361.2,20.6440181732178
1758,361.3,12.9070739746094
1759,361.6,5.36943244934082
1760,361.8,4.93869018554688
1761,362.0,7.57379913330078
1762,362.2,11.5676851272583
1763,362.3,7.51912641525269
1764,362.4,13.5502185821533
1765,362.6,4.45467233657837
1766,362.8,6.31790399551392
1767,363.0,8.61764144897461
1768,363.2,12.7488212585449
1769,363.4,11.0773801803589
1770,363.5,7.7640175819397
1771,363.8,4.95161581039429
1772,364.0,6.78969430923462
1773,364.2,18.8120517730713
1774,364.3,26.0057640075684
1775,364.4,118.530654907227
1776,364.6,18.8286457061768
1777,364.9,8.36768531799316
1778,365.1,14.6232318878174
1779,365.3,51.5790405273438
1780,365.5,259.966644287109
1781,365.6,22.1489963531494
1782,365.9,5.73641920089722
1783,366.1,9.02061176300049
1784,366.3,30.1841049194336
1785,366.5,225.727508544922
1786,366.6,28.1982536315918
1787,366.9,29.2452392578125
1788,367.1,54.1944122314453
1789,367.2,25.5049781799316
1790,367.4,36.4443664550781
1791,367.5,40.2510032653809
1792,367.7,9.70148468017578
1793,367.9,16.8289947509766
1794,368.1,25.872838973999
1795,368.2,11.9248905181885
1796,368.3,10.9498691558838
1797,368.6,5.50445413589478
1798,368.8,6.7676854133606
1799,369.0,154.167510986328
1800,369.1,554.858337402344
1801,369.3,25.7285594940186
1802,369.6,2.28349351882935
1803,369.8,8.33327484130859
1804,369.9,26.1103935241699
1805,370.1,176.537124633789
1806,370.2,106.789344787598
1807,370.4,10.4698686599731
1808,370.7,5.70480346679688
1809,370.9,60.3367691040039
1810,371.1,340.611877441406
1811,371.2,81.0529251098633
1812,371.3,17.0703926086426
1813,371.6,3.50864624977112
1814,371.8,15.2749347686768
1815,372.0,79.27685546875
1816,372.1,53.3537101745605
1817,372.2,51.9109153747559
1818,372.4,7.83406114578247
1819,372.7,8.84261989593506
1820,372.9,54.5809593200684
1821,373.1,132.152145385742
1822,373.2,50.8740615844727
1823,373.4,5.41956329345703
1824,373.7,5.36995649337769
1825,373.8,8.99371147155762
1826,374.0,35.3456764221191
1827,374.1,35.7353706359863
1828,374.3,9.48489093780518
1829,374.4,6.54689979553223
1830,374.7,6.31580781936646
1831,374.8,5.86445426940918
1832,375.0,21.3804359436035
1833,375.2,25.6747589111328
1834,375.3,7.62707424163818
1835,375.4,7.61362457275391
1836,375.7,5.53414869308472
1837,375.9,7.19318771362305
1838,376.1,11.4770307540894
1839,376.3,15.3166809082031
1840,376.4,6.82497835159302
1841,376.5,9.89117908477783
1842,376.8,6.51755475997925
1843,376.9,3.43004369735718
1844,377.1,10.0496072769165
1845,377.2,6.33641910552979
1846,377.4,11.6017465591431
1847,377.5,8.80331897735596
1848,377.8,5.92349338531494
1849,377.9,3.69816589355469
1850,378.1,12.9717035293579
1851,378.3,36.9704818725586
1852,378.5,101.992141723633
1853,378.6,27.1294326782227
1854,378.8,10.1603488922119
1855,379.1,12.1142358779907
1856,379.3,39.871265411377
1857,379.5,221.172576904297
1858,379.6,26.3977298736572
1859,379.8,6.75441026687622
1860,380.0,3.21257638931274
1861,380.2,13.5641918182373
1862,380.4,58.6055908203125
1863,380.5,161.325759887695
1864,380.6,25.8756332397461
1865,380.8,8.02724933624268
1866,381.0,21.7455024719238
1867,381.1,13.1453275680542
1868,381.3,27.9666366577148
1869,381.5,54.0730133056641
1870,381.6,9.86410522460938
1871,381.9,11.1734495162964
1872,382.1,13.8808736801147
1873,382.2,10.3839302062988
1874,382.5,10.0503053665161
1875,382.7,9.50061130523682
1876,382.9,57.5434074401855
1877,383.0,70.9643630981445
1878,383.1,109.912666320801
1879,383.3,13.5701313018799
1880,383.5,2.2826201915741
1881,383.7,8.5318775177002
1882,383.9,32.6766815185547
1883,384.0,25.5776424407959
1884,384.1,41.1924896240234
1885,384.3,7.6380786895752
1886,384.6,2.74899554252625
1887,384.8,12.6943235397339
1888,384.9,66.4468154907227
1889,385.1,599.022033691406
1890,385.2,78.0648040771484
1891,385.3,9.40890789031982
1892,385.5,1.08698689937592
1893,385.7,4.42323160171509
1894,385.8,12.9474239349365
1895,386.0,133.841400146484
1896,386.1,101.533798217773
1897,386.2,66.597900390625
1898,386.4,3.67318773269653
1899,386.6,3.2003493309021
1900,386.8,9.18305683135986
1901,386.9,37.6335372924805
1902,387.1,1129.93798828125
1903,387.2,115.896766662598
1904,387.3,9.55423545837402
1905,387.5,0.811528384685516
1906,387.7,3.51161575317383
1907,387.8,9.89083003997803
1908,388.0,202.726806640625
1909,388.1,199.595458984375
1910,388.2,100.076858520508
1911,388.4,4.33659410476685
1912,388.7,5.49240159988403
1913,388.9,59.8314399719238
1914,389.0,97.3255920410156
1915,389.1,161.210479736328
1916,389.3,15.6806983947754
1917,389.5,1.80506551265717
1918,389.7,5.98130989074707
1919,389.9,26.3371181488037
1920,390.1,46.0188636779785
1921,390.2,37.0296936035156
1922,390.4,6.64436674118042
1923,390.5,10.6358079910278
1924,390.8,10.9806118011475
1925,390.9,8.03668117523193
1926,391.1,18.2955455780029
1927,391.3,21.2740612030029
1928,391.4,11.2562446594238
1929,391.6,3.81851530075073
1930,391.8,5.13537120819092
1931,392.0,6.45030546188354
1932,392.2,14.2621831893921
1933,392.4,52.6585159301758
1934,392.5,40.2929267883301
1935,392.6,20.9837551116943
1936,392.9,5.84873342514038
1937,393.1,8.03685569763184
1938,393.2,8.71755504608154
1939,393.4,69.9020080566406
1940,393.5,92.2255020141602
1941,393.6,29.7065505981445
1942,393.8,5.23179054260254
1943,394.0,2.55685591697693
1944,394.2,11.0581655502319
1945,394.4,40.6471633911133
1946,394.5,132.980438232422
1947,394.7,6.75248908996582
1948,394.9,6.98899555206299
1949,395.1,9.36611366271973
1950,395.3,11.6950216293335
1951,395.4,9.95248889923096
1952,395.5,36.7114410400391
1953,395.8,6.46742343902588
1954,396.0,6.18218326568604
1955,396.2,6.77973794937134
1956,396.3,3.0178165435791
1957,396.5,8.03161525726318
1958,396.7,8.59056758880615
1959,396.8,8.92978191375732
1960,397.0,34.636157989502
1961,397.1,40.6202621459961
1962,397.3,13.7310047149658
1963,397.6,5.30165958404541
1964,397.7,3.59615731239319
1965,397.9,13.8235807418823
1966,398.1,20.3898696899414
1967,398.2,11.3331003189087
1968,398.4,2.11545848846436
1969,398.7,4.48052406311035
1970,398.9,54.1420097351074
1971,399.1,466.303070068359
1972,399.2,120.235282897949
1973,399.4,3.31947588920593
1974,399.6,1.84157204627991
1975,399.8,15.4216594696045
1976,399.9,37.5699577331543
1977,400.1,157.635803222656
1978,400.2,58.0637550354004
1979,400.4,2.71982526779175
1980,400.7,6.13135385513306
1981,400.9,30.5921401977539
1982,401.1,2705.39379882813
1983,401.2,148.292755126953
1984,401.3,12.9792137145996
1985,401.6,2.79982542991638
1986,401.8,9.19248867034912
1987,402.0,410.858856201172
1988,402.1,600.956176757813
1989,402.2,144.246994018555
1990,402.4,2.41764187812805
1991,402.6,2.82759833335876
1992,402.8,10.1240177154541
1993,403.0,318.048736572266
1994,403.1,351.127868652344
1995,403.2,128.099044799805
1996,403.4,3.49013090133667
1997,403.7,4.37065505981445
1998,403.9,50.0085601806641
1999,404.0,66.1137084960938
2000,404.1,128.371704101563
2001,404.3,17.8983402252197
2002,404.4,8.79947566986084
2003,404.7,10.3229694366455
2004,404.9,30.9839305877686
2005,405.1,52.7449798583984
2006,405.2,39.3863754272461
2007,405.4,6.27912664413452
2008,405.5,7.99476003646851
2009,405.8,7.27842807769775
2010,406.0,10.7369432449341
2011,406.2,19.7014846801758
2012,406.4,43.5648918151855
2013,406.5,47.7523155212402
2014,406.7,10.733624458313
2015,407.0,7.01292562484741
2016,407.1,4.99563312530518
2017,407.3,25.3072490692139
2018,407.5,99.2836685180664
2019,407.6,31.1666374206543
2020,407.9,5.60663747787476
2021,408.0,3.29152846336365
2022,408.2,10.4291706085205
2023,408.3,12.017991065979
2024,408.5,87.9502182006836
2025,408.6,46.2382545471191
2026,408.8,8.09991264343262
2027,409.1,7.07999992370605
2028,409.2,5.9467248916626
2029,409.4,13.7271614074707
2030,409.6,29.6206111907959
2031,409.7,7.22131013870239
2032,410.0,5.04925775527954
2033,410.2,5.54393005371094
2034,410.3,3.520174741745
2035,410.5,7.55947589874268
2036,410.6,9.44506549835205
2037,410.9,8.83021831512451
2038,411.1,11.2850656509399
2039,411.2,6.01886463165283
2040,411.3,8.03703022003174
2041,411.5,5.20925760269165
2042,411.8,5.86986923217773
2043,412.0,7.73432302474976
2044,412.2,8.65537071228027
2045,412.3,5.92506551742554
2046,412.5,1.9579039812088
2047,412.7,6.48978185653687
2048,412.9,32.431266784668
2049,413.0,39.9348487854004
2050,413.2,94.1724014282227
2051,413.3,21.8419208526611
2052,413.4,9.76733589172363
2053,413.6,2.66288208961487
2054,413.8,10.3383407592773
2055,414.0,35.9987754821777
2056,414.1,30.113187789917
2057,414.3,3.36436676979065
2058,414.5,0.627074241638184
2059,414.7,3.34724879264832
2060,414.9,18.2171173095703
2061,415.1,3315.90576171875
2062,415.2,1242.22729492188
2063,415.4,5.18864631652832
2064,415.6,2.29868984222412
2065,415.8,5.72401762008667
2066,416.0,116.671089172363
2067,416.1,1819.82922363281
2068,416.3,30.2658519744873
2069,416.6,2.87196516990662
2070,416.8,5.95126628875732
2071,417.0,167.167861938477
2072,417.1,1143.70458984375
2073,417.3,31.0728378295898
2074,417.5,2.1647162437439
2075,417.7,1.45973801612854
2076,417.9,25.4379043579102
2077,418.1,244.613098144531
2078,418.2,173.907775878906
2079,418.4,9.13205242156982
2080,418.7,5.97432327270508
2081,418.8,7.8721399307251
2082,419.0,61.2852401733398
2083,419.2,101.783233642578
2084,419.3,28.6829700469971
2085,419.4,12.3814849853516
2086,419.7,5.15039300918579
2087,419.9,11.784104347229
2088,420.1,20.7360706329346
2089,420.3,34.3671607971191
2090,420.5,38.9135360717773
2091,420.6,14.7404365539551
2092,420.7,11.0939741134644
2093,420.9,4.1257643699646
2094,421.1,13.3479480743408
2095,421.3,25.1704807281494
2096,421.5,58.6478614807129
2097,421.6,26.9186019897461
2098,421.8,6.82777309417725
2099,422.0,2.89467239379883
2100,422.2,8.26497840881348
2101,422.3,8.72593879699707
2102,422.5,37.4772033691406
2103,422.6,45.6096076965332
2104,422.9,6.72122287750244
2105,423.1,6.60768556594849
2106,423.3,9.16034889221191
2107,423.5,14.2211351394653
2108,423.6,13.3877725601196
2109,423.8,4.49624443054199
2110,424.0,1.91877734661102
2111,424.2,5.73624467849731
2112,424.3,2.65397381782532
2113,424.4,5.66113519668579
2114,424.7,7.11406135559082
2115,424.9,7.68139743804932
2116,425.1,10.2679471969604
2117,425.2,7.9786901473999
2118,425.4,4.75109148025513
2119,425.6,2.1888210773468
2120,425.8,4.32471609115601
2121,426.0,6.71231460571289
2122,426.2,7.05799150466919
2123,426.3,3.13851523399353
2124,426.5,5.22550201416016
2125,426.7,7.11999988555908
2126,426.9,19.2405242919922
2127,427.0,16.3166809082031
2128,427.2,38.7369422912598
2129,427.3,17.9203491210938
2130,427.6,5.95301294326782
2131,427.8,7.10777282714844
2132,428.0,15.8202619552612
2133,428.1,10.2220087051392
2134,428.2,9.17903900146484
2135,428.4,1.71528387069702
2136,428.7,3.06986904144287
2137,428.9,15.4688205718994
2138,429.1,1261.54638671875
2139,429.2,523.69677734375
2140,429.4,5.93537139892578
2141,429.7,2.61414837837219
2142,429.9,17.9065494537354
2143,430.1,509.901306152344
2144,430.2,288.276336669922
2145,430.4,5.72628831863403
2146,430.7,3.15248918533325
2147,430.8,2.98165941238403
2148,431.0,126.404541015625
2149,431.1,552.659240722656
2150,431.3,34.4581642150879
2151,431.5,1.30969429016113
2152,431.7,2.54043674468994
2153,431.9,25.9306545257568
2154,432.0,56.359302520752
2155,432.2,153.066207885742
2156,432.3,42.7629699707031
2157,432.5,3.18235802650452
2158,432.7,6.27842807769775
2159,432.9,26.3374671936035
2160,433.1,68.4838409423828
2161,433.2,59.0462875366211
2162,433.4,11.15318775177
2163,433.7,6.62847185134888
2164,433.9,10.76611328125
2165,434.1,19.0958957672119
2166,434.2,13.4899559020996
2167,434.4,30.4651527404785
2168,434.5,22.3070735931396
2169,434.7,5.93013095855713
2170,434.9,9.44244575500488
2171,435.0,4.75685596466064
2172,435.2,12.9285593032837
2173,435.3,11.3634939193726
2174,435.5,36.4413986206055
2175,435.6,23.2186908721924
2176,435.8,6.27248907089233
2177,436.0,2.27895188331604
2178,436.2,7.44524002075195
2179,436.3,6.53397369384766
2180,436.5,28.3912658691406
2181,436.6,20.6868114471436
2182,436.9,6.56681203842163
2183,437.0,2.55371189117432
2184,437.2,5.45694303512573
2185,437.4,8.5103931427002
2186,437.5,11.9386901855469
2187,437.7,2.75231432914734
2188,437.9,5.03982543945313
2189,438.0,2.85938858985901
2190,438.2,5.24890851974487
2191,438.3,2.47458505630493
2192,438.5,5.68611335754395
2193,438.7,5.87144088745117
2194,438.9,6.76366806030273
2195,439.0,4.01362466812134
2196,439.2,7.37589502334595
2197,439.3,6.15703058242798
2198,439.5,1.85362446308136
2199,439.7,3.75982522964478
2200,439.9,5.13764190673828
2201,440.1,5.40855884552002
2202,440.2,2.77606987953186
2203,440.3,4.90550231933594
2204,440.6,4.3264627456665
2205,440.8,8.76401710510254
2206,441.0,15.8864631652832
2207,441.2,19.9891700744629
2208,441.3,11.2494325637817
2209,441.6,4.40139722824097
2210,441.8,6.27598237991333
2211,442.0,9.68716144561768
2212,442.1,5.99790382385254
2213,442.3,12.759126663208
2214,442.5,8.11999988555908
2215,442.7,9.7800874710083
2216,442.9,30.2083835601807
2217,443.0,30.0167694091797
2218,443.2,59.6132736206055
2219,443.3,20.0471611022949
2220,443.5,5.70410490036011
2221,443.8,9.9643669128418
2222,443.9,10.2917032241821
2223,444.1,29.0974674224854
2224,444.2,13.0160694122314
2225,444.3,12.960000038147
2226,444.6,5.61641931533813
2227,444.8,18.4695205688477
2228,445.0,108.3603515625
2229,445.1,85.1191253662109
2230,445.2,71.801399230957
2231,445.4,8.19790363311768
2232,445.7,7.24244546890259
2233,445.9,32.1110916137695
2234,446.1,62.7765922546387
2235,446.2,41.771354675293
2236,446.4,6.00978183746338
2237,446.6,7.52716159820557
2238,446.8,15.394061088562
2239,447.0,105.942535400391
2240,447.1,166.831268310547
2241,447.3,18.7128391265869
2242,447.4,6.78794765472412
2243,447.6,1.9547598361969
2244,447.8,13.3241920471191
2245,447.9,20.7350215911865
2246,448.1,60.6558952331543
2247,448.2,52.8323135375977
2248,448.4,17.2627067565918
2249,448.7,13.0593891143799
2250,448.9,22.587947845459
2251,449.0,14.871789932251
2252,449.2,38.3694305419922
2253,449.3,29.4359817504883
2254,449.5,10.9135370254517
2255,449.7,15.7018337249756
2256,449.9,11.7320528030396
2257,450.1,11.6585149765015
2258,450.3,14.3227949142456
2259,450.5,15.3924894332886
2260,450.6,15.8873357772827
2261,450.8,8.37781620025635
2262,451.1,6.73851537704468
2263,451.3,7.41519641876221
2264,451.5,6.41921377182007
2265,451.6,6.69799137115479
2266,451.8,6.13781642913818
2267,452.1,6.46043682098389
2268,452.3,7.41449785232544
2269,452.4,3.57397389411926
2270,452.6,6.51947593688965
2271,452.8,6.62637567520142
2272,453.0,6.72943210601807
2273,453.1,3.53397369384766
2274,453.3,6.40122270584106
2275,453.5,5.66410493850708
2276,453.7,4.85013103485107
2277,453.8,2.48698687553406
2278,454.0,4.98445415496826
2279,454.2,5.45834064483643
2280,454.3,3.11091709136963
2281,454.5,5.57606983184814
2282,454.7,5.13676834106445
2283,454.9,6.434410572052
2284,455.1,8.75214004516602
2285,455.3,8.43528366088867
2286,455.4,2.96960687637329
2287,455.6,4.52506542205811
2288,455.8,4.26218318939209
2289,456.0,5.72384262084961
2290,456.2,7.1453275680542
2291,456.4,8.31510925292969
2292,456.6,8.01869010925293
2293,456.7,5.75947618484497
2294,456.9,21.2076854705811
2295,457.1,29.508472442627
2296,457.2,22.9889965057373
2297,457.4,4.80174684524536
2298,457.6,6.42864608764648
2299,457.8,9.10305690765381
2300,458.0,14.1724014282227
2301,458.1,13.6368560791016
2302,458.3,6.7640175819397
2303,458.6,4.09746742248535
2304,458.8,14.368558883667
2305,458.9,40.2017478942871
2306,459.1,176.181655883789
2307,459.2,84.5442810058594
2308,459.4,6.87493467330933
2309,459.7,7.93030548095703
2310,459.9,35.2511787414551
2311,460.0,34.6059379577637
2312,460.1,65.4302215576172
2313,460.3,14.9121398925781
2314,460.5,1.4733624458313
2315,460.7,3.63039302825928
2316,460.9,19.6188640594482
2317,461.0,190.724365234375
2318,461.1,1035.39428710938
2319,461.3,23.3430576324463
2320,461.6,2.73938870429993
2321,461.8,6.86131000518799
2322,462.0,144.42236328125
2323,462.1,409.60400390625
2324,462.3,43.8871612548828
2325,462.5,1.88978171348572
2326,462.7,4.68262004852295
2327,462.8,8.65187740325928
2328,463.0,122.480697631836
2329,463.1,232.78532409668
2330,463.3,41.1292572021484
2331,463.5,2.12733626365662
2332,463.7,7.30323123931885
2333,463.9,30.3624458312988
2334,464.0,26.9537124633789
2335,464.2,65.254150390625
2336,464.3,28.7233180999756
2337,464.6,10.5068998336792
2338,464.7,5.27213954925537
2339,464.9,16.1877727508545
2340,465.1,25.8129253387451
2341,465.2,19.2089080810547
2342,465.4,7.60820960998535
2343,465.7,5.77764177322388
2344,465.9,7.63266372680664
2345,466.0,3.61991262435913
2346,466.2,8.93100452423096
2347,466.4,6.73746728897095
2348,466.5,2.21554589271545
2349,466.7,4.02078580856323
2350,466.8,2.37292575836182
2351,467.0,5.26253271102905
2352,467.2,5.19248914718628
2353,467.3,2.87109160423279
2354,467.5,4.06794738769531
2355,467.7,4.08663749694824
2356,467.9,4.39860248565674
2357,468.0,1.94532752037048
2358,468.2,5.12209606170654
2359,468.4,4.93030548095703
2360,468.6,4.67615699768066
2361,468.8,4.69048023223877
2362,469.0,4.80261993408203
2363,469.1,2.17048025131226
2364,469.3,5.74008750915527
2365,469.4,2.38515281677246
2366,469.6,4.72995615005493
2367,469.8,4.35720539093018
2368,470.0,4.49886465072632
2369,470.2,5.84978151321411
2370,470.4,7.9841046333313
2371,470.6,7.95458507537842
2372,470.7,4.15615701675415
2373,470.9,8.49729251861572
2374,471.0,5.1666374206543
2375,471.2,11.1694326400757
2376,471.4,8.58777332305908
2377,471.5,5.95371198654175
2378,471.7,2.69764184951782
2379,471.9,7.04978179931641
2380,472.1,7.41275119781494
2381,472.2,7.22200870513916
2382,472.4,4.56279468536377
2383,472.7,4.97589540481567
2384,472.9,28.028470993042
2385,473.1,93.016242980957
2386,473.2,81.8822708129883
2387,473.4,11.4075107574463
2388,473.7,5.70951986312866
2389,473.9,18.4462890625
2390,474.0,20.5615711212158
2391,474.1,44.6520538330078
2392,474.3,12.3987770080566
2393,474.6,2.0808732509613
2394,474.8,4.85152816772461
2395,475.0,28.752140045166
2396,475.2,2469.63500976563
2397,475.3,129.905853271484
2398,475.5,3.95982527732849
2399,475.8,3.40733623504639
2400,476.0,45.7018356323242
2401,476.2,1071.65991210938
2402,476.3,145.891525268555
2403,476.5,3.08384275436401
2404,476.7,1.59668123722076
2405,476.9,10.6504802703857
2406,477.1,351.713012695313
2407,477.2,340.148651123047
2408,477.3,115.267601013184
2409,477.5,3.51633191108704
2410,477.7,1.10410475730896
2411,477.9,16.9112663269043
2412,478.0,50.5233192443848
2413,478.2,166.689086914063
2414,478.3,65.8227081298828
2415,478.5,5.40122270584106
2416,478.8,8.1278600692749
2417,478.9,10.4134502410889
2418,479.1,49.6525764465332
2419,479.2,51.6583404541016
2420,479.4,9.79703044891357
2421,479.5,6.30462884902954
2422,479.8,5.63441038131714
2423,480.0,12.6106548309326
2424,480.1,17.3383407592773
2425,480.3,7.2695198059082
2426,480.4,7.88436698913574
2427,480.7,4.03039312362671
2428,480.9,5.8901309967041
2429,481.1,7.13834047317505
2430,481.3,6.4572925567627
2431,481.4,4.53065490722656
2432,481.7,3.97030568122864
2433,481.9,4.3846287727356
2434,482.1,5.3989520072937
2435,482.3,6.2020959854126
2436,482.5,5.75231456756592
2437,482.7,6.00733613967896
2438,482.9,5.88873338699341
2439,483.0,2.67528390884399
2440,483.2,5.22515296936035
2441,483.3,5.94200849533081
2442,483.6,5.15668106079102
2443,483.7,2.06200861930847
2444,483.8,4.69554567337036
2445,484.1,4.60384273529053
2446,484.3,5.93834066390991
2447,484.4,7.42235803604126
2448,484.7,7.10742378234863
2449,484.8,3.56331872940063
2450,485.0,6.39965057373047
2451,485.2,7.18550205230713
2452,485.4,7.0019211769104
2453,485.5,2.84069871902466
2454,485.7,5.53222703933716
2455,485.8,2.77572059631348
2456,486.0,5.56820964813232
2457,486.2,5.84192132949829
2458,486.3,6.34288215637207
2459,486.5,2.26253271102905
2460,486.7,6.67406129837036
2461,486.9,15.7013101577759
2462,487.1,30.4268989562988
2463,487.3,30.6656761169434
2464,487.4,11.1474237442017
2465,487.7,6.12436676025391
2466,487.8,4.17711782455444
2467,488.0,16.0274238586426
2468,488.1,10.4787769317627
2469,488.2,11.8286466598511
2470,488.4,1.79091703891754
2471,488.6,0.918777287006378
2472,488.8,4.42358064651489
2473,489.0,23.9166812896729
2474,489.2,2277.48950195313
2475,489.3,164.502365112305
2476,489.5,3.03772926330566
2477,489.8,2.90393018722534
2478,490.0,37.2047157287598
2479,490.2,1047.25219726563
2480,490.3,161.391784667969
2481,490.4,12.6455898284912
2482,490.7,2.72803497314453
2483,490.9,8.37205219268799
2484,491.1,305.621490478516
2485,491.2,420.391448974609
2486,491.3,135.531524658203
2487,491.5,2.91423583030701
2488,491.8,3.03318786621094
2489,491.9,11.8434934616089
2490,492.1,135.084548950195
2491,492.2,172.739395141602
2492,492.4,16.6279468536377
2493,492.7,4.32279491424561
2494,492.9,14.7247161865234
2495,493.0,23.113187789917
2496,493.2,71.8089065551758
2497,493.3,39.1217460632324
2498,493.5,5.25991249084473
2499,493.8,4.67144107818604
2500,494.0,13.3694324493408
2501,494.1,10.1042795181274
2502,494.3,19.6426200866699
2503,494.4,8.99213981628418
2504,494.6,2.14008736610413
2505,494.8,4.69082975387573
2506,495.0,8.18305683135986
2507,495.2,9.51545810699463
2508,495.4,7.30375528335571
2509,495.5,2.61589527130127
2510,495.7,3.37222719192505
2511,495.9,3.54742360115051
2512,496.1,5.47842788696289
2513,496.3,6.31126642227173
2514,496.5,5.15213966369629
2515,496.7,4.42602634429932
2516,496.8,1.81065499782562
2517,497.0,4.65117883682251
2518,497.2,4.89449787139893
2519,497.4,4.19371175765991
2520,497.6,4.02550220489502
2521,497.8,3.46637558937073
2522,498.0,3.85519647598267
2523,498.2,4.23668098449707
2524,498.3,2.51737999916077
2525,498.5,5.92925786972046
2526,498.6,5.83982515335083
2527,498.8,3.16069865226746
2528,499.0,5.30410480499268
2529,499.2,5.45152854919434
2530,499.4,6.565589427948
2531,499.6,4.86253261566162
2532,499.7,2.66672492027283
2533,499.9,4.35807847976685
2534,500.1,4.72069883346558
2535,500.3,4.94969415664673
2536,500.5,4.00908279418945
2537,500.7,6.15633201599121
2538,500.9,9.7304801940918
2539,501.0,7.70165920257568
2540,501.2,15.6256771087646
2541,501.3,7.80296945571899
2542,501.4,7.60960721969604
2543,501.7,5.02724885940552
2544,501.8,3.37502193450928
2545,502.0,8.66602611541748
2546,502.1,5.43091726303101
2547,502.2,9.91860294342041
2548,502.4,4.48174667358398
2549,502.7,3.29764199256897
2550,502.9,14.1303052902222
2551,503.1,166.441925048828
2552,503.2,188.963150024414
2553,503.4,15.1731004714966
2554,503.7,3.26829695701599
2555,503.9,14.3313541412354
2556,504.0,33.5516166687012
2557,504.2,110.184280395508
2558,504.3,52.8255004882813
2559,504.5,4.94061136245728
2560,504.7,6.63126659393311
2561,504.9,20.5072498321533
2562,505.1,88.7173767089844
2563,505.2,87.7315292358398
2564,505.4,13.5259389877319
2565,505.6,6.0356330871582
2566,505.9,14.8745851516724
2567,506.1,35.7210464477539
2568,506.2,21.9285583496094
2569,506.3,22.8001747131348
2570,506.5,7.16733646392822
2571,506.8,9.35685634613037
2572,507.0,26.7566814422607
2573,507.2,39.2192153930664
2574,507.3,18.8024463653564
2575,507.5,2.94200873374939
2576,507.7,4.6171178817749
2577,507.9,9.86532783508301
2578,508.1,16.8075103759766
2579,508.3,14.5821838378906
2580,508.4,6.56104803085327
2581,508.7,4.22078609466553
2582,508.8,3.07755470275879
2583,509.0,8.77851486206055
2584,509.2,9.91004371643066
2585,509.3,6.67633199691772
2586,509.5,3.63947606086731
2587,509.7,1.74497818946838
2588,509.9,4.41379928588867
2589,510.1,5.20122289657593
2590,510.3,4.96314430236816
2591,510.4,2.06602621078491
2592,510.5,3.97764182090759
2593,510.8,3.82235813140869
2594,511.0,4.09624433517456
2595,511.2,4.43109178543091
2596,511.4,4.46113538742065
2597,511.5,1.59423577785492
2598,511.7,3.24471616744995
2599,511.8,1.6171178817749
2600,512.0,4.04192161560059
2601,512.2,3.71021842956543
2602,512.4,5.05170297622681
2603,512.5,5.5107421875
2604,512.8,4.83475971221924
2605,512.9,1.99231445789337
2606,513.1,4.50375556945801
2607,513.3,5.32157182693481
2608,513.4,2.39283847808838
2609,513.6,4.13379907608032
2610,513.8,4.16541481018066
2611,514.0,3.720698595047
2612,514.2,4.43371200561523
2613,514.4,4.62934494018555
2614,514.5,2.19598245620728
2615,514.7,4.62497806549072
2616,514.9,5.87353706359863
2617,515.1,6.93222713470459
2618,515.3,7.86532735824585
2619,515.4,5.66777276992798
2620,515.7,4.1650652885437
2621,515.8,2.71388649940491
2622,516.0,5.71650648117065
2623,516.1,3.2845413684845
2624,516.3,6.78445434570313
2625,516.4,5.45048046112061
2626,516.6,2.7980785369873
2627,516.8,8.23493480682373
2628,517.0,15.5446290969849
2629,517.2,18.2927513122559
2630,517.3,6.59231424331665
2631,517.4,7.71161556243896
2632,517.7,4.2555456161499
2633,517.9,7.91353702545166
2634,518.0,5.22829675674438
2635,518.2,11.4675979614258
2636,518.3,8.02218341827393
2637,518.5,2.32593894004822
2638,518.7,7.99720525741577
2639,518.9,23.4834938049316
2640,519.1,62.4482078552246
2641,519.2,47.9313545227051
2642,519.4,10.0882091522217
2643,519.7,6.24646282196045
2644,519.8,6.15091705322266
2645,520.0,28.168384552002
2646,520.2,29.2794761657715
2647,520.3,9.28593921661377
2648,520.4,7.63388633728027
2649,520.7,5.32716178894043
2650,520.9,29.6124019622803
2651,521.1,128.985321044922
2652,521.2,69.6120529174805
2653,521.3,34.9402618408203
2654,521.5,2.16262006759644
2655,521.7,4.53082990646362
2656,521.8,6.33502197265625
2657,522.0,42.0454139709473
2658,522.2,65.587776184082
2659,522.3,26.1392135620117
2660,522.6,5.96646308898926
2661,522.7,2.96174669265747
2662,522.9,18.8480358123779
2663,523.1,41.5100440979004
2664,523.2,32.7841033935547
2665,523.4,5.52139759063721
2666,523.6,4.77519655227661
2667,523.8,5.89711809158325
2668,524.0,12.4979915618896
2669,524.1,7.63004350662231
2670,524.2,13.9296073913574
2671,524.4,4.57729244232178
2672,524.6,4.27179050445557
2673,524.8,4.87004375457764
2674,525.0,7.1117901802063
2675,525.1,3.40995621681213
2676,525.3,7.9839301109314
2677,525.4,4.80000019073486
2678,525.7,3.4813973903656
2679,525.9,4.13432312011719
2680,526.1,5.06061124801636
2681,526.3,4.55598258972168
2682,526.4,4.90812206268311
2683,526.7,5.07772922515869
2684,526.8,2.30602622032166
2685,527.0,4.89048051834106
2686,527.1,1.80541479587555
2687,527.3,5.11441040039063
2688,527.5,4.57694339752197
2689,527.6,2.04611349105835
2690,527.8,3.92716145515442
2691,528.0,3.8270742893219
2692,528.1,2.21467256546021
2693,528.3,3.55388641357422
2694,528.4,2.22917032241821
2695,528.6,4.42707443237305
2696,528.8,4.18550205230713
2697,528.9,1.96786022186279
2698,529.1,4.63039302825928
2699,529.3,4.95458507537842
2700,529.4,2.69991254806519
2701,529.6,5.03144121170044
2702,529.8,3.99318766593933
2703,530.0,3.81764197349548
2704,530.2,4.38445425033569
2705,530.4,5.21205234527588
2706,530.6,4.28261995315552
2707,530.8,6.29607009887695
2708,531.0,8.76139736175537
2709,531.2,10.8193883895874
2710,531.3,6.98026180267334
2711,531.5,2.27668118476868
2712,531.7,4.38585138320923
2713,531.9,5.64419221878052
2714,532.1,6.56314420700073
2715,532.2,3.10917019844055
2716,532.4,6.04087352752686
2717,532.5,2.91528391838074
2718,532.7,6.30655002593994
2719,532.9,22.5200004577637
2720,533.1,56.0976409912109
2721,533.2,46.4487342834473
2722,533.4,11.1622705459595
2723,533.7,5.58026218414307
2724,533.9,14.1193008422852
2725,534.0,13.1430568695068
2726,534.2,29.8557205200195
2727,534.3,8.40401744842529
2728,534.4,5.91790390014648
2729,534.7,2.72803497314453
2730,534.8,1.82008731365204
2731,535.0,66.2857666015625
2732,535.1,271.052581787109
2733,535.2,442.111450195313
2734,535.4,9.48681259155273
2735,535.7,3.09257650375366
2736,535.8,3.04890823364258
2737,536.0,71.184455871582
2738,536.2,285.018341064453
2739,536.3,70.9077758789063
2740,536.4,12.8162441253662
2741,536.7,4.32471609115601
2742,536.9,18.8903064727783
2743,537.1,131.620254516602
2744,537.2,142.352844238281
2745,537.4,14.200873374939
2746,537.7,3.56576418876648
2747,537.9,15.2971181869507
2748,538.1,48.9074249267578
2749,538.2,50.9488220214844
2750,538.4,14.1596508026123
2751,538.7,4.06270742416382
2752,538.9,10.1835803985596
2753,539.1,21.1177291870117
2754,539.3,19.6852397918701
2755,539.4,5.96157217025757
2756,539.5,5.4396505355835
2757,539.8,4.22375535964966
2758,539.9,3.05729246139526
2759,540.1,8.83650684356689
2760,540.3,8.1593017578125
2761,540.4,3.58427953720093
2762,540.5,4.69519662857056
2763,540.7,2.1940610408783
2764,540.9,4.21467256546021
2765,541.1,4.93013095855713
2766,541.2,2.43598246574402
2767,541.4,4.47755479812622
2768,541.6,4.2356333732605
2769,541.8,3.945152759552
2770,542.0,3.65572047233582
2771,542.2,4.44000005722046
2772,542.4,4.7234935760498
2773,542.5,2.88436675071716
2774,542.7,5.05764198303223
2775,542.8,2.4183406829834
2776,543.0,4.1435809135437
2777,543.2,4.57414865493774
2778,543.4,4.58620071411133
2779,543.5,1.81327509880066
2780,543.7,4.58061122894287
2781,543.9,3.97799134254456
2782,544.0,1.78864634037018
2783,544.2,4.07930135726929
2784,544.4,5.45013093948364
2785,544.6,6.24227094650269
2786,544.8,6.18672466278076
2787,544.9,5.08384275436401
2788,545.2,6.02008724212646
2789,545.3,2.98131012916565
2790,545.5,5.65659379959106
2791,545.7,4.88104820251465
2792,545.9,4.86672496795654
2793,546.1,5.1435809135437
2794,546.3,5.26131010055542
2795,546.5,4.97537136077881
2796,546.7,6.00366830825806
2797,546.8,4.68384265899658
2798,547.0,20.6064624786377
2799,547.2,35.7386894226074
2800,547.3,24.6653270721436
2801,547.5,4.21484708786011
2802,547.7,5.17868995666504
2803,547.8,3.59056758880615
2804,548.0,13.1488208770752
2805,548.2,20.1231441497803
2806,548.3,9.51213932037354
2807,548.5,1.1631441116333
2808,548.7,1.76087331771851
2809,548.9,4.53572034835815
2810,549.1,106.005767822266
2811,549.2,899.377136230469
2812,549.3,673.579895019531
2813,549.5,5.11668109893799
2814,549.7,1.20419216156006
2815,549.9,4.98882102966309
