#"+ Scan (rt: 4.980-55.035 min, 8759 scans) PP_020822.D "
#Point,X(Thompsons),Y(Counts)
0,50.1,251.209503173828
1,50.3,12.3069982528687
2,50.4,2.03196716308594
3,50.6,0.286904901266098
4,50.8,1.54104351997375
5,51.0,98.5833969116211
6,51.1,557.151977539063
7,51.3,16.7175483703613
8,51.6,0.365110158920288
9,51.8,2.54983448982239
10,52.0,57.4272193908691
11,52.2,226.2646484375
12,52.3,20.3535785675049
13,52.5,0.505423009395599
14,52.7,0.291699975728989
15,52.9,4.84690046310425
16,53.1,800.561279296875
17,53.2,816.914611816406
18,53.4,0.309053540229797
19,53.6,0.0415572561323643
20,53.8,1.14453709125519
21,54.0,59.7342147827148
22,54.2,471.558044433594
23,54.3,30.3613433837891
24,54.5,0.0785477757453918
25,55.0,2.2342734336853
26,55.2,13600.7099609375
27,55.3,2.11588072776794
28,55.9,0.501312911510468
29,56.1,815.05126953125
30,56.2,4720.94189453125
31,56.4,0.393423914909363
32,56.8,0.0323096252977848
33,57.0,5.96974563598633
34,57.2,17219.677734375
35,57.3,9.82874774932861
36,57.5,0.217262238264084
37,57.7,0.327434629201889
38,57.9,7.87532806396484
39,58.1,311.203918457031
40,58.2,583.858337402344
41,58.4,3.01449942588806
42,58.6,0.218289762735367
43,58.8,1.96403694152832
44,59.0,40.6787300109863
45,59.1,90.0558319091797
46,59.3,12.4586143493652
47,59.5,0.29341247677803
48,59.7,0.471971690654755
49,59.9,8.57666397094727
50,60.1,49.9463424682617
51,60.2,22.5678730010986
52,60.4,0.841876924037933
53,60.5,0.398903995752335
54,60.8,1.60429275035858
55,61.0,22.0517177581787
56,61.1,33.6161651611328
57,61.3,4.10994386672974
58,61.5,0.110514901578426
59,61.7,0.691174805164337
60,61.9,7.48281764984131
61,62.1,39.920539855957
62,62.2,18.0404148101807
63,62.4,1.29021573066711
64,62.6,0.289644926786423
65,62.8,3.44103217124939
66,63.0,65.5878524780273
67,63.1,166.71435546875
68,63.3,12.6344327926636
69,63.5,1.13403356075287
70,63.8,6.87589883804321
71,64.0,57.8397064208984
72,64.1,66.1471633911133
73,64.3,7.82109832763672
74,64.5,0.525973260402679
75,64.8,1.8913117647171
76,65.0,94.836051940918
77,65.1,551.814392089844
78,65.3,16.6907176971436
79,65.4,1.64562165737152
80,65.6,0.163603156805038
81,65.8,3.50519466400146
82,66.0,57.4904670715332
83,66.2,182.895874023438
84,66.3,18.9710006713867
85,66.5,0.34364652633667
86,66.8,0.0204361230134964
87,67.0,43.2936401367188
88,67.2,2882.81591796875
89,67.3,8.89370918273926
90,67.5,0.0593675076961517
91,67.8,0.420938462018967
92,68.0,59.6071472167969
93,68.2,2015.96032714844
94,68.3,47.3696784973145
95,68.5,0.0397305637598038
96,69.0,6.66822719573975
97,69.2,20796.91015625
98,69.3,3.63431906700134
99,69.8,0.0754652321338654
100,70.0,17.0369911193848
101,70.2,10334.4970703125
102,70.3,22.3277778625488
103,70.5,0.0553716160356998
104,70.7,0.0256878640502691
105,70.9,1.51786732673645
106,71.1,630.956481933594
107,71.2,13518.1162109375
108,71.4,0.338280618190765
109,71.6,0.0316246151924133
110,71.8,0.270007997751236
111,72.0,36.063362121582
112,72.2,761.164978027344
113,72.3,45.1623458862305
114,72.5,0.138600289821625
115,72.6,0.295810014009476
116,72.8,0.528713345527649
117,73.0,90.8390197753906
118,73.1,1087.67785644531
119,73.3,11.2293643951416
120,73.5,0.108231529593468
121,73.7,0.413517534732819
122,73.9,18.0071926116943
123,74.1,140.081741333008
124,74.2,62.3707046508789
125,74.4,1.71834683418274
126,74.7,0.740495502948761
127,74.9,21.1728515625
128,75.1,381.25048828125
129,75.2,121.991096496582
130,75.4,0.685694694519043
131,75.6,0.156981393694878
132,75.8,4.86790752410889
133,76.0,60.7439193725586
134,76.1,97.6813583374023
135,76.3,14.7868480682373
136,76.5,0.432355284690857
137,76.7,0.243863448500633
138,76.8,0.0348213277757168
139,77.0,138.988464355469
140,77.1,1011.24145507813
141,77.3,9.2716064453125
142,77.5,0.120904214680195
143,77.8,0.86665141582489
144,78.0,115.983901977539
145,78.1,537.025146484375
146,78.3,19.6092014312744
147,78.5,0.167256534099579
148,78.7,0.104007303714752
149,79.0,123.308029174805
150,79.1,1098.76989746094
151,79.3,9.66765594482422
152,79.6,0.0489781945943832
153,79.8,2.04075813293457
154,80.0,56.7398109436035
155,80.2,159.440353393555
156,80.3,23.6324920654297
157,80.5,0.35768923163414
158,80.7,0.0544582717120647
159,81.0,72.5680999755859
160,81.2,1923.8095703125
161,81.3,11.2128095626831
162,81.6,0.0570841431617737
163,81.8,0.0824294984340668
164,82.0,44.988582611084
165,82.2,2643.52368164063
166,82.3,45.8840065002441
167,82.5,0.206872925162315
168,82.8,0.207786276936531
169,82.9,0.721657752990723
170,83.1,1042.64794921875
171,83.2,18491.296875
172,83.4,0.205388739705086
173,83.6,0.0415572561323643
174,83.8,0.305400162935257
175,84.0,23.1114273071289
176,84.2,6219.19580078125
177,84.3,38.2180595397949
178,84.5,0.205160409212112
179,84.7,0.0488640256226063
180,84.9,2.13540363311768
181,85.1,467.9892578125
182,85.2,8613.8408203125
183,85.4,0.61536705493927
184,85.8,0.541728496551514
185,86.0,38.8088836669922
186,86.2,569.95263671875
187,86.3,50.8943939208984
188,86.5,0.592990040779114
189,86.8,2.89450860023499
190,87.0,37.2244529724121
191,87.1,58.1527557373047
192,87.3,11.4495944976807
193,87.6,1.70784330368042
194,87.8,5.92384958267212
195,88.0,22.220458984375
196,88.1,25.8788681030273
197,88.3,6.63534641265869
198,88.6,1.61262702941895
199,88.7,1.15778052806854
200,88.9,26.6722221374512
201,89.1,117.999084472656
202,89.2,50.8602561950684
203,89.4,3.78833198547363
204,89.6,0.998744130134583
205,89.8,3.8027172088623
206,90.0,11.459527015686
207,90.1,6.99075222015381
208,90.2,7.97431230545044
209,90.4,1.017125248909
210,90.6,0.0822011679410934
211,90.8,0.304258465766907
212,91.0,114.657035827637
213,91.1,1313.67431640625
214,91.3,13.6145677566528
215,91.5,0.0281995665282011
216,91.7,0.259961187839508
217,91.9,16.2397537231445
218,92.1,166.446395874023
219,92.2,96.6586380004883
220,92.4,2.55588531494141
221,92.5,0.670852839946747
222,92.8,1.94896674156189
223,93.0,82.8527221679688
224,93.1,393.149230957031
225,93.3,32.1254692077637
226,93.5,1.21851813793182
227,93.8,4.12535667419434
228,94.0,71.7054443359375
229,94.1,185.613998413086
230,94.3,36.9533042907715
231,94.5,1.03208124637604
232,94.7,0.158808082342148
233,95.0,41.6335182189941
234,95.2,2043.89770507813
235,95.3,33.5533752441406
236,95.6,0.2148647159338
237,95.8,0.924534738063812
238,96.0,100.550178527832
239,96.2,1493.10046386719
240,96.3,47.129581451416
241,96.4,3.09373211860657
242,96.6,0.23256079852581
243,96.8,3.98789811134338
244,97.0,34.3951377868652
245,97.2,4284.29296875
246,97.3,39.1987686157227
247,97.6,0.47802260518074
248,97.7,0.232789129018784
249,97.9,7.29581022262573
250,98.1,284.886962890625
251,98.2,634.765258789063
252,98.4,3.62998056411743
253,98.6,0.115195795893669
254,98.9,2.32400965690613
255,99.1,341.454498291016
256,99.2,2488.58081054688
257,99.4,1.53807508945465
258,99.6,0.124900102615356
259,99.9,5.3930811882019
260,100.1,92.1432800292969
261,100.2,146.359176635742
262,100.4,6.06793022155762
263,100.7,1.84438860416412
264,100.9,11.1114282608032
265,101.1,35.3971900939941
266,101.2,24.3832626342773
267,101.4,2.69300150871277
268,101.6,2.4892110824585
269,101.8,6.27114963531494
270,101.9,13.9451990127563
271,102.1,65.3463897705078
272,102.2,36.1807289123535
273,102.4,2.29466843605042
274,102.6,0.556113719940186
275,102.8,4.23941087722778
276,103.0,137.245010375977
277,103.1,359.525970458984
278,103.3,14.6991662979126
279,103.4,1.86048638820648
280,103.6,0.363283485174179
281,103.8,3.29455423355103
282,103.9,19.7813682556152
283,104.1,386.355865478516
284,104.2,149.093734741211
285,104.4,2.67599034309387
286,104.7,0.574152290821075
287,104.9,14.6344327926636
288,105.1,573.725280761719
289,105.2,275.890045166016
290,105.4,0.554857850074768
291,105.7,0.669368624687195
292,105.9,16.6273555755615
293,106.1,173.778854370117
294,106.2,115.189521789551
295,106.4,4.57358169555664
296,106.6,0.439890384674072
297,106.8,2.65338516235352
298,106.9,14.0252313613892
299,107.1,234.52392578125
300,107.2,184.022491455078
301,107.4,3.4161434173584
302,107.5,0.990295708179474
303,107.8,2.73809790611267
304,108.0,48.5734672546387
305,108.2,140.088363647461
306,108.3,28.5019969940186
307,108.5,0.379837870597839
308,108.8,0.285534888505936
309,109.0,25.3030033111572
310,109.2,2725.72705078125
311,109.3,48.3160171508789
312,109.4,0.998401641845703
313,109.6,0.0239753387868404
314,109.8,0.388743013143539
315,110.0,38.3720741271973
316,110.2,1540.09594726563
317,110.3,73.5263137817383
318,110.5,0.491494476795197
319,110.8,0.42299348115921
320,110.9,1.37253105640411
321,111.1,402.868835449219
322,111.2,7893.52587890625
323,111.4,1.3772120475769
324,111.5,0.211667999625206
325,111.8,0.900331079959869
326,112.0,25.4903526306152
327,112.1,262.855224609375
328,112.2,2592.392578125
329,112.4,3.46671986579895
330,112.7,0.442287921905518
331,112.9,2.77280521392822
332,113.1,226.832748413086
333,113.2,1879.04638671875
334,113.4,2.66229033470154
335,113.6,0.0863112211227417
336,113.8,0.977394700050354
337,113.9,4.92727470397949
338,114.1,74.7382125854492
339,114.2,118.172393798828
340,114.4,6.63614559173584
341,114.6,0.593789219856262
342,114.8,4.38337707519531
343,115.0,128.769149780273
344,115.1,396.187133789063
345,115.3,18.0399589538574
346,115.6,0.394223093986511
347,115.8,2.55794048309326
348,116.0,35.4059829711914
349,116.1,70.7317047119141
350,116.3,11.4964036941528
351,116.5,0.985158145427704
352,116.7,0.418883442878723
353,116.9,20.2779998779297
354,117.1,273.844604492188
355,117.2,143.516159057617
356,117.4,2.77211999893188
357,117.7,0.872588217258453
358,117.9,16.7346725463867
359,118.1,145.221374511719
360,118.2,92.1306076049805
361,118.4,4.88252067565918
362,118.7,1.48612856864929
363,118.9,22.9175701141357
364,119.1,272.048522949219
365,119.2,129.151611328125
366,119.4,3.15800881385803
367,119.7,1.24774515628815
368,119.9,15.1777601242065
369,120.1,83.8403930664063
370,120.2,66.1082305908203
371,120.3,17.2761726379395
372,120.5,1.30893933773041
373,120.8,2.8727023601532
374,121.0,64.6370620727539
375,121.2,208.019866943359
376,121.3,37.5295143127441
377,121.5,0.795182108879089
378,121.7,0.785021126270294
379,121.8,2.28656244277954
380,122.0,51.9864158630371
381,122.2,139.700531005859
382,122.3,31.9459991455078
383,122.5,0.682726323604584
384,122.8,0.294325828552246
385,123.0,27.3321151733398
386,123.2,1692.67712402344
387,123.3,77.1013793945313
388,123.6,0.245804309844971
389,123.7,0.0227194894105196
390,123.9,3.82486581802368
391,124.1,261.637512207031
392,124.2,622.244995117188
393,124.4,5.62689781188965
394,124.5,0.688092231750488
395,124.7,0.250713557004929
396,124.9,4.84827041625977
397,125.1,255.764694213867
398,125.2,4600.80908203125
399,125.4,3.42013931274414
400,125.7,1.84484529495239
401,125.9,11.4532480239868
402,126.1,259.824981689453
403,126.2,2405.22241210938
404,126.4,5.33850908279419
405,126.6,1.81436240673065
406,126.8,3.79997706413269
407,127.0,22.7933559417725
408,127.2,1655.86083984375
409,127.3,170.133010864258
410,127.4,4.5266580581665
411,127.7,1.10514903068542
412,127.9,12.7264528274536
413,128.1,183.852035522461
414,128.2,197.582489013672
415,128.4,5.12307357788086
416,128.7,1.31304943561554
417,128.8,1.79483962059021
418,129.0,57.8325157165527
419,129.1,139.704986572266
420,129.3,18.0740947723389
421,129.5,0.302888453006744
422,129.7,0.665144443511963
423,129.9,7.72063016891479
424,130.1,34.2525405883789
425,130.2,26.6621761322021
426,130.4,2.60121011734009
427,130.6,0.521977365016937
428,130.8,4.30517196655273
429,131.0,40.5048522949219
430,131.2,82.9260177612305
431,131.3,18.8334293365479
432,131.5,2.13186430931091
433,131.8,5.10617637634277
434,132.0,29.2460327148438
435,132.1,48.0838012695313
436,132.3,11.2485446929932
437,132.6,1.08516955375671
438,132.8,6.14328098297119
439,133.0,203.835144042969
440,133.1,452.409057617188
441,133.3,16.0235195159912
442,133.6,1.26076030731201
443,133.8,10.0732955932617
444,133.9,19.1303806304932
445,134.1,75.8207550048828
446,134.2,28.4154586791992
447,134.3,12.2613315582275
448,134.6,1.237584233284
449,134.8,5.17205142974854
450,135.0,68.8124237060547
451,135.1,131.698715209961
452,135.3,23.2341594696045
453,135.5,0.512044727802277
454,135.7,0.631578922271729
455,135.9,7.64333820343018
456,136.1,39.3222961425781
457,136.2,26.2819957733154
458,136.3,16.521520614624
459,136.5,1.13917112350464
460,136.7,0.801118850708008
461,136.9,8.13528919219971
462,137.1,224.752944946289
463,137.2,366.227874755859
464,137.4,5.83103084564209
465,137.6,0.187350153923035
466,137.8,1.46215319633484
467,138.0,34.2922706604004
468,138.2,200.746551513672
469,138.3,58.0513763427734
470,138.5,1.9052402973175
471,138.7,0.40495491027832
472,138.9,4.86014366149902
473,139.1,192.224227905273
474,139.2,964.931701660156
475,139.4,4.34376049041748
476,139.6,0.0859687179327011
477,139.8,0.941888332366943
478,140.0,23.9042129516602
479,140.1,83.5480041503906
480,140.2,313.998413085938
481,140.4,11.6169652938843
482,140.6,0.3897705078125
483,140.8,1.16074895858765
484,141.0,22.192943572998
485,141.2,815.799987792969
486,141.3,183.724166870117
487,141.5,0.459755688905716
488,141.7,0.523689925670624
489,141.9,5.85032558441162
490,142.1,65.1996841430664
491,142.2,88.7857055664063
492,142.4,8.33554077148438
493,142.7,1.1382577419281
494,142.8,1.40643906593323
495,143.0,18.2984352111816
496,143.2,34.8147048950195
497,143.3,10.3132781982422
498,143.5,0.908893704414368
499,143.7,1.81573235988617
500,143.9,4.94120311737061
501,144.1,13.8796663284302
502,144.2,8.56627464294434
503,144.3,7.31818723678589
504,144.5,1.12181758880615
505,144.6,2.714350938797
506,144.8,4.69254493713379
507,145.0,26.5241470336914
508,145.2,48.802375793457
509,145.3,12.4076948165894
510,145.5,0.509761393070221
511,145.7,1.2019636631012
512,145.8,1.68820643424988
513,146.0,15.8585453033447
514,146.1,24.3168163299561
515,146.3,5.21965980529785
516,146.4,2.33508396148682
517,146.7,1.42995774745941
518,146.9,34.1601791381836
519,147.1,242.152069091797
520,147.2,72.6034927368164
521,147.3,16.3805236816406
522,147.6,0.694371521472931
523,147.8,4.06461906433105
524,147.9,9.46352291107178
525,148.1,40.4747123718262
526,148.2,23.5868244171143
527,148.4,2.67610454559326
528,148.7,1.57643568515778
529,148.9,26.4330406188965
530,149.1,210.538879394531
531,149.2,89.2603073120117
532,149.4,3.16691398620605
533,149.5,0.560223758220673
534,149.8,3.20687294006348
535,150.0,25.4405746459961
536,150.2,44.2056159973145
537,150.3,11.6112565994263
538,150.5,1.2314190864563
539,150.8,2.46318078041077
540,151.0,41.6717643737793
541,151.2,328.260986328125
542,151.3,72.8452987670898
543,151.5,1.18735015392303
544,151.8,2.0574266910553
545,152.0,39.7092132568359
546,152.2,232.060623168945
547,152.3,68.872932434082
548,152.5,0.916200459003448
549,152.6,0.332914710044861
550,152.9,2.23518657684326
551,153.1,100.152183532715
552,153.2,2579.58618164063
553,153.4,4.12741184234619
554,153.6,0.769037544727325
555,153.8,1.09601557254791
556,154.0,19.6062335968018
557,154.2,1037.85314941406
558,154.3,248.785140991211
559,154.4,10.4704875946045
560,154.7,1.71149671077728
561,154.9,6.55828285217285
562,155.1,112.320472717285
563,155.2,517.615600585938
564,155.3,270.870880126953
565,155.5,2.23267507553101
566,155.8,2.10183811187744
567,156.0,15.4618110656738
568,156.2,82.7081832885742
569,156.3,39.1179351806641
570,156.5,2.4675190448761
571,156.8,2.31190776824951
572,156.9,3.18849182128906
573,157.1,16.9297866821289
574,157.2,12.763671875
575,157.4,2.21714806556702
576,157.7,0.713323414325714
577,157.9,2.32423782348633
578,158.1,8.66411685943604
579,158.2,4.65075922012329
580,158.3,3.5559995174408
581,158.5,0.304030150175095
582,158.7,0.570955574512482
583,158.9,5.577805519104
584,159.1,19.505651473999
585,159.2,16.0170116424561
586,159.4,1.56684553623199
587,159.7,0.316588640213013
588,159.9,2.06256413459778
589,160.1,9.27731513977051
590,160.2,7.50508069992065
591,160.4,1.50736379623413
592,160.7,1.09544467926025
593,160.8,4.13597440719604
594,161.0,39.6810150146484
595,161.1,33.3742446899414
596,161.3,5.82635021209717
597,161.5,0.351980805397034
598,161.7,1.37835371494293
599,161.9,8.44434261322021
600,162.1,19.4057540893555
601,162.2,11.7935838699341
602,162.4,1.58750998973846
603,162.5,1.20561707019806
604,162.8,9.4710578918457
605,163.0,100.12181854248
606,163.1,118.70076751709
607,163.3,19.6737079620361
608,163.6,2.45370483398438
609,163.7,1.72873616218567
610,163.9,11.9745407104492
611,164.1,31.2502574920654
612,164.2,20.6882057189941
613,164.4,3.18118500709534
614,164.7,1.21223878860474
615,164.9,19.8467864990234
616,165.0,54.0930480957031
617,165.2,371.230041503906
618,165.3,63.6029243469238
619,165.6,0.84096360206604
620,165.8,2.0341362953186
621,166.0,27.4424018859863
622,166.2,139.903533935547
623,166.3,55.3869171142578
624,166.5,1.83753848075867
625,166.8,1.63922822475433
626,167.0,21.3210411071777
627,167.2,334.515228271484
628,167.3,147.416946411133
629,167.5,0.972142934799194
630,167.7,0.752483189105988
631,167.9,3.29809331893921
632,168.0,11.661262512207
633,168.2,260.718475341797
634,168.3,163.655776977539
635,168.5,1.670738697052
636,168.8,0.892339289188385
637,169.0,11.1889486312866
638,169.2,288.8447265625
639,169.3,182.968368530273
640,169.4,20.2368984222412
641,169.7,0.533051729202271
642,169.9,3.32880473136902
643,170.1,28.2906723022461
644,170.2,44.7786293029785
645,170.4,8.14271068572998
646,170.5,1.63283479213715
647,170.8,1.02431786060333
648,171.0,4.95604515075684
649,171.2,8.76755332946777
650,171.3,3.02751445770264
651,171.4,1.55953872203827
652,171.7,0.505537152290344
653,171.9,1.32549381256104
654,172.1,3.5077064037323
655,172.2,1.89816188812256
656,172.3,2.17490577697754
657,172.5,0.288617432117462
658,172.8,0.679986298084259
659,173.0,4.68158483505249
660,173.2,8.07991790771484
661,173.3,3.37355852127075
662,173.5,0.352209150791168
663,173.7,0.128553494811058
664,173.9,1.77999770641327
665,174.1,5.50839138031006
666,174.2,2.98002052307129
667,174.3,2.108802318573
668,174.5,0.601666867733002
669,174.8,1.69813907146454
670,175.0,9.5517749786377
671,175.2,15.3522090911865
672,175.3,4.83822345733643
673,175.6,0.737184584140778
674,175.8,3.35437846183777
675,176.0,33.7976951599121
676,176.1,42.8691635131836
677,176.3,6.4547324180603
678,176.6,1.01107430458069
679,176.8,6.43018627166748
680,177.0,128.364883422852
681,177.1,123.13939666748
682,177.3,9.63785839080811
683,177.5,0.641397416591644
684,177.7,1.27514553070068
685,177.9,21.1222743988037
686,178.1,173.304824829102
687,178.2,85.6699371337891
688,178.4,3.63945651054382
689,178.6,0.463637411594391
690,178.8,5.61650896072388
691,179.0,84.0408706665039
692,179.1,191.302886962891
693,179.3,31.5615940093994
694,179.5,1.25653612613678
695,179.8,2.97180032730103
696,180.0,30.4627246856689
697,180.2,89.6445922851563
698,180.3,21.4143161773682
699,180.4,6.55645608901978
700,180.6,0.513643085956573
701,180.8,2.15195798873901
702,181.0,21.6917457580566
703,181.2,99.5800857543945
704,181.3,39.6907196044922
705,181.4,12.2140655517578
706,181.6,0.900901913642883
707,181.9,5.48852586746216
708,182.1,37.7764587402344
709,182.3,63.7553367614746
710,182.4,12.2631578445435
711,182.7,0.953533530235291
712,182.9,2.35746097564697
713,183.1,40.5080490112305
714,183.3,177.186782836914
715,183.4,23.935152053833
716,183.7,0.667884469032288
717,183.9,2.17992925643921
718,184.0,4.20721530914307
719,184.2,16.0132427215576
720,184.3,10.9928073883057
721,184.5,1.23895418643951
722,184.8,0.928530633449554
723,185.0,2.7639000415802
724,185.1,2.02819967269897
725,185.2,3.4082658290863
726,185.4,0.67176616191864
727,185.6,0.206187918782234
728,185.8,0.509989738464355
729,186.0,2.5249457359314
730,186.2,3.0852837562561
731,186.3,1.4098641872406
732,186.6,0.372531116008759
733,186.8,0.894280195236206
734,187.0,5.19134616851807
735,187.2,7.97122955322266
736,187.3,2.56022381782532
737,187.5,0.252768576145172
738,187.7,0.405868262052536
739,187.9,1.75647902488708
740,188.1,4.92076730728149
741,188.2,4.02717208862305
742,188.4,0.770521759986877
743,188.6,0.626327216625214
744,188.8,3.7080717086792
745,189.0,43.8536376953125
746,189.1,73.6885452270508
747,189.3,10.6179933547974
748,189.5,0.446055471897125
749,189.7,0.859915494918823
750,189.9,7.49320697784424
751,190.1,23.65110206604
752,190.2,15.6991662979126
753,190.4,1.92133808135986
754,190.7,1.4905811548233
755,190.9,33.670166015625
756,191.1,697.015869140625
757,191.2,77.0379028320313
758,191.4,1.98470139503479
759,191.7,1.59618675708771
760,191.9,23.8870868682861
761,192.1,185.586364746094
762,192.2,57.8390235900879
763,192.3,17.55348777771
764,192.5,0.92065304517746
765,192.7,1.53225255012512
766,192.9,36.0102767944336
767,193.1,607.765747070313
768,193.2,233.771667480469
769,193.4,5.10766077041626
770,193.7,1.09567296504974
771,193.9,17.5811157226563
772,194.1,132.78776550293
773,194.2,95.102180480957
774,194.4,4.83879423141479
775,194.5,1.85637629032135
776,194.7,0.825094163417816
777,194.9,12.7336454391479
778,195.1,80.3040313720703
779,195.2,74.8804626464844
780,195.3,62.5023422241211
781,195.5,1.90820872783661
782,195.6,0.702134966850281
783,195.9,3.07923269271851
784,196.1,52.516040802002
785,196.3,268.840057373047
786,196.4,21.3057422637939
787,196.5,2.90946459770203
788,196.8,0.936864912509918
789,197.0,9.50530910491943
790,197.2,116.905586242676
791,197.3,119.04418182373
792,197.5,2.73273205757141
793,197.7,0.11884918063879
794,197.9,1.30425846576691
795,198.1,9.21178245544434
796,198.3,18.8828639984131
797,198.4,4.54127168655396
798,198.5,1.47642421722412
799,198.8,0.44628381729126
800,199.0,1.86082887649536
801,199.2,3.52346158027649
802,199.3,1.78456449508667
803,199.5,0.489439427852631
804,199.8,1.42756021022797
805,200.0,7.43498134613037
806,200.1,13.0018262863159
807,200.3,3.17958664894104
808,200.6,0.488069415092468
809,200.8,1.17056739330292
810,201.0,8.06313514709473
811,201.1,8.05023384094238
812,201.2,10.0822010040283
813,201.4,1.5885374546051
814,201.6,0.315675318241119
815,201.8,2.86687970161438
816,202.0,37.1287803649902
817,202.2,105.333831787109
818,202.3,14.1093730926514
819,202.5,0.842219412326813
820,202.8,3.46066904067993
821,203.0,42.2897605895996
822,203.2,117.834457397461
823,203.3,17.3192138671875
824,203.5,0.727023661136627
825,203.8,2.45119309425354
826,204.0,35.0510330200195
827,204.2,161.987106323242
828,204.3,19.6814708709717
829,204.5,0.706359148025513
830,204.8,3.2515127658844
831,205.0,50.6990509033203
832,205.2,144.700073242188
833,205.3,20.8800086975098
834,205.6,0.82543671131134
835,205.8,2.20059370994568
836,206.0,27.5676441192627
837,206.2,78.1827850341797
838,206.3,11.0989837646484
839,206.5,0.376983672380447
840,206.7,0.0509190559387207
841,206.9,11.4008445739746
842,207.1,5560.62939453125
843,207.2,186.521286010742
844,207.4,0.280625641345978
845,207.7,0.563534677028656
846,207.9,24.0890522003174
847,208.1,1145.72497558594
848,208.2,151.517303466797
849,208.4,3.05514335632324
850,208.5,1.04795062541962
851,208.8,4.17878770828247
852,209.0,128.722915649414
853,209.1,699.724487304688
854,209.3,37.3842887878418
855,209.5,0.473798364400864
856,209.7,0.75887656211853
857,209.9,8.6492748260498
858,210.1,109.937438964844
859,210.3,174.725204467773
860,210.4,16.2808532714844
861,210.5,2.9829888343811
862,210.8,2.67119526863098
863,211.0,32.1739921569824
864,211.2,99.6139984130859
865,211.3,68.5779190063477
866,211.5,3.5262017250061
867,211.7,0.391254723072052
868,211.9,2.14659214019775
869,212.0,3.11085748672485
870,212.2,10.6862659454346
871,212.3,7.60851716995239
872,212.5,1.08345699310303
873,212.6,0.97705215215683
874,212.9,2.01107430458069
875,213.0,2.66902613639832
876,213.2,8.52266216278076
877,213.3,3.19225931167603
878,213.5,0.320927053689957
879,213.7,0.499486237764359
880,213.9,1.57860481739044
881,214.0,1.25893366336823
882,214.2,2.18963360786438
883,214.3,0.954675197601318
884,214.5,0.339422315359116
885,214.8,1.72394108772278
886,215.0,15.0936183929443
887,215.1,19.5093040466309
888,215.2,20.7912998199463
889,215.4,1.15241467952728
890,215.5,0.496061205863953
891,215.8,1.39205384254456
892,216.0,6.92773151397705
893,216.2,10.2535676956177
894,216.3,3.52894163131714
895,216.5,0.49092361330986
896,216.7,0.303002625703812
897,216.9,3.19009017944336
898,217.1,15.5030250549316
899,217.2,12.4212808609009
900,217.4,1.34296154975891
901,217.5,0.480534315109253
902,217.8,1.07809114456177
903,218.0,9.64425182342529
904,218.2,15.5996122360229
905,218.3,5.73193264007568
906,218.5,0.410663306713104
907,218.6,0.531453371047974
908,218.9,4.71115446090698
909,219.1,21.8395938873291
910,219.2,16.6718807220459
911,219.4,1.94531333446503
912,219.5,0.874871551990509
913,219.7,0.384404599666595
914,219.9,5.3926248550415
915,220.1,18.6449375152588
916,220.2,15.711953163147
917,220.4,2.32172632217407
918,220.7,0.853065431118011
919,220.8,2.23941087722778
920,221.0,34.9004440307617
921,221.2,98.4612426757813
922,221.3,21.6025810241699
923,221.5,0.79209953546524
924,221.7,0.934695720672607
925,221.8,1.27548801898956
926,222.0,12.2516269683838
927,222.2,34.2181739807129
928,222.3,11.4631805419922
929,222.4,5.68752145767212
930,222.6,0.793926239013672
931,222.8,4.8615140914917
932,223.0,34.2579078674316
933,223.1,53.4857864379883
934,223.3,16.6429958343506
935,223.5,1.3772120475769
936,223.8,1.51467061042786
937,224.0,7.62598466873169
938,224.1,8.68957614898682
939,224.2,21.0873394012451
940,224.4,6.95650196075439
941,224.6,1.22148644924164
942,224.9,5.0328803062439
943,225.1,23.0720405578613
944,225.2,33.2193183898926
945,225.4,10.8335428237915
946,225.6,1.15846562385559
947,225.9,2.54777932167053
948,226.1,13.3749284744263
949,226.2,11.3030023574829
950,226.4,1.88137912750244
951,226.7,0.517296493053436
952,226.9,1.73923969268799
953,227.0,2.63648819923401
954,227.2,7.20995569229126
955,227.3,1.98230385780334
956,227.5,0.176389992237091
957,227.6,0.397762298583984
958,227.9,2.97145795822144
959,228.1,10.6222171783447
960,228.2,10.4173994064331
961,228.3,4.39936065673828
962,228.5,0.201621189713478
963,228.8,0.879095792770386
964,229.0,6.01301527023315
965,229.2,13.8955364227295
966,229.3,4.47870779037476
967,229.6,0.409064948558807
968,229.8,1.08448457717896
969,229.9,2.52266240119934
970,230.1,15.6407127380371
971,230.2,13.3107662200928
972,230.4,1.21646308898926
973,230.7,0.442402094602585
974,230.8,0.418312579393387
975,231.0,3.36990523338318
976,231.2,6.42128086090088
977,231.3,3.431556224823
978,231.5,0.526429951190948
979,231.8,0.57209724187851
980,231.9,0.712295949459076
981,232.1,3.28462147712708
982,232.2,3.63523244857788
983,232.4,1.36864936351776
984,232.7,0.346614897251129
985,232.9,1.53544926643372
986,233.1,3.53784680366516
987,233.2,4.45359039306641
988,233.4,1.27229130268097
989,233.7,0.432469457387924
990,233.9,1.03219544887543
991,234.0,1.41819846630096
992,234.2,3.26452779769897
993,234.3,1.1863226890564
994,234.4,1.00799179077148
995,234.7,0.970544576644897
996,234.9,6.38611698150635
997,235.0,8.00764942169189
998,235.1,20.113597869873
999,235.3,9.15127277374268
1000,235.5,1.50565135478973
1001,235.8,1.07386684417725
1002,236.0,4.2379264831543
1003,236.1,4.22947835922241
1004,236.2,7.62621307373047
1005,236.4,2.29124331474304
1006,236.5,1.36511015892029
1007,236.8,3.05696988105774
1008,237.0,14.1515016555786
1009,237.1,9.43018627166748
1010,237.2,10.4276742935181
1011,237.4,2.61399698257446
1012,237.6,0.255166113376617
1013,237.8,0.84598696231842
1014,237.9,1.06644594669342
1015,238.1,14.1854095458984
1016,238.3,92.4023284912109
1017,238.4,27.854434967041
1018,238.6,1.06267833709717
1019,238.8,1.56490468978882
1020,239.0,6.02123546600342
1021,239.2,31.226167678833
1022,239.3,24.3389663696289
1023,239.4,18.8748722076416
1024,239.6,0.749971449375153
1025,239.8,0.697796523571014
1026,239.9,0.447768002748489
1027,240.1,2.98869729042053
1028,240.2,2.46226739883423
1029,240.3,4.74015283584595
1030,240.5,1.13140773773193
1031,240.7,0.102066442370415
1032,240.9,1.10480654239655
1033,241.0,1.03299462795258
1034,241.2,2.90626788139343
1035,241.3,1.7934695482254
1036,241.5,0.214978873729706
1037,241.6,0.179130032658577
1038,241.8,0.427902728319168
1039,242.0,1.12341594696045
1040,242.1,1.68238377571106
1041,242.3,1.05000567436218
1042,242.5,0.117593333125114
1043,242.6,0.301860928535461
1044,242.9,0.629181385040283
1045,243.1,2.15252876281738
1046,243.2,2.08300042152405
1047,243.4,0.768466711044312
1048,243.6,0.188491836190224
1049,243.8,0.274346381425858
1050,244.0,1.01312935352325
1051,244.2,1.8416485786438
1052,244.3,0.852037906646729
1053,244.4,0.697454035282135
1054,244.6,0.0437264516949654
1055,244.8,0.541614353656769
1056,244.9,0.267838805913925
1057,245.1,1.27525973320007
1058,245.2,0.849183678627014
1059,245.3,1.12170338630676
1060,245.5,0.414088368415833
1061,245.8,0.503938794136047
1062,246.0,1.10023975372314
1063,246.2,2.36762189865112
1064,246.3,1.44320130348206
1065,246.5,0.471629172563553
1066,246.8,0.563648819923401
1067,246.9,0.653499245643616
1068,247.1,2.43418192863464
1069,247.2,2.30083346366882
1070,247.4,0.695855677127838
1071,247.6,0.547322750091553
1072,247.8,0.657380998134613
1073,248.0,2.7625298500061
1074,248.1,1.67016780376434
1075,248.2,2.49560451507568
1076,248.4,0.975796341896057
1077,248.7,1.47345590591431
1078,248.9,31.9431438446045
1079,249.1,136.633972167969
1080,249.2,26.1364307403564
1081,249.4,3.33405637741089
1082,249.5,1.92419230937958
1083,249.8,4.4348669052124
1084,250.0,27.0336799621582
1085,250.1,17.5678730010986
1086,250.2,14.8518095016479
1087,250.4,3.89953184127808
1088,250.6,1.06039500236511
1089,250.8,10.2947826385498
1090,251.0,91.2424926757813
1091,251.1,60.2227439880371
1092,251.3,3.57552242279053
1093,251.5,0.651330053806305
1094,251.8,3.84176278114319
1095,252.0,24.1065196990967
1096,252.1,18.0815162658691
1097,252.3,46.0798034667969
1098,252.4,15.4467401504517
1099,252.5,4.49480533599854
1100,252.8,5.73547220230103
1101,253.0,25.8448448181152
1102,253.1,38.9777374267578
1103,253.3,11.174334526062
1104,253.4,9.5915060043335
1105,253.6,1.21657729148865
1106,253.8,0.859230518341064
1107,254.0,4.15207195281982
1108,254.1,3.16531562805176
1109,254.2,4.92681789398193
1110,254.4,1.61593794822693
1111,254.7,0.73318874835968
1112,254.9,2.08254361152649
1113,255.1,3.43326854705811
1114,255.2,1.97739470005035
1115,255.4,0.450964719057083
1116,255.6,0.0613083690404892
1117,255.8,0.314533621072769
1118,256.0,1.41625761985779
1119,256.2,1.4876127243042
1120,256.3,0.732047021389008
1121,256.5,0.51307225227356
1122,256.7,0.313163608312607
1123,256.9,0.57209724187851
1124,257.1,1.07249689102173
1125,257.2,0.955931067466736
1126,257.4,0.370361924171448
1127,257.7,0.20892795920372
1128,257.8,0.524489104747772
1129,258.0,0.592761754989624
1130,258.2,1.07295358181
1131,258.3,0.736157119274139
1132,258.5,0.406895756721497
1133,258.7,0.087567076086998
1134,258.9,0.434067815542221
1135,259.1,0.777257680892944
1136,259.2,1.15481221675873
1137,259.4,0.664231061935425
1138,259.7,0.186665147542953
1139,259.9,0.371389418840408
1140,260.1,1.00856256484985
1141,260.2,0.577919840812683
1142,260.3,1.03801798820496
1143,260.5,0.234159156680107
1144,260.7,0.497088700532913
1145,260.9,0.566731333732605
1146,261.0,0.581344902515411
1147,261.2,1.40175819396973
1148,261.3,0.907067000865936
1149,261.5,0.47802260518074
1150,261.7,0.0640484094619751
1151,261.9,0.309053540229797
1152,262.1,0.511702239513397
1153,262.3,1.1024090051651
1154,262.4,0.524032413959503
1155,262.7,0.408722460269928
1156,262.9,1.50919055938721
1157,263.1,4.66366004943848
1158,263.2,2.64025568962097
1159,263.3,2.9068386554718
1160,263.5,0.577349007129669
1161,263.6,0.533736705780029
1162,263.8,0.287704080343246
1163,264.0,1.73581457138062
1164,264.2,4.03493547439575
1165,264.3,4.61388301849365
1166,264.6,1.51284396648407
1167,264.8,4.98732709884644
1168,265.0,80.1875762939453
1169,265.1,114.161544799805
1170,265.3,5.0060510635376
1171,265.5,0.656581819057465
1172,265.8,3.30254602432251
1173,266.0,21.6151390075684
1174,266.1,29.7030487060547
1175,266.3,4.57392406463623
1176,266.4,2.68421053886414
1177,266.7,3.51672554016113
1178,266.9,55.9721412658691
1179,267.1,577.831970214844
1180,267.2,44.1451072692871
1181,267.4,1.00262582302094
1182,267.6,1.03664803504944
1183,267.8,7.95067930221558
1184,268.0,81.5948181152344
1185,268.1,78.9816207885742
1186,268.3,3.62061882019043
1187,268.4,1.48190426826477
1188,268.6,0.469345808029175
1189,268.8,7.09373235702515
1190,269.0,62.4526786804199
1191,269.1,54.9881248474121
1192,269.3,3.73535799980164
1193,269.5,0.22445484995842
1194,269.7,0.645279169082642
1195,269.9,4.54070091247559
1196,270.1,10.1113138198853
1197,270.2,3.74232220649719
1198,270.4,0.355976700782776
1199,270.6,0.523461580276489
1200,270.8,2.35140991210938
1201,271.0,11.14271068573
1202,271.1,7.89907503128052
1203,271.3,1.12158918380737
1204,271.6,0.372987776994705
1205,271.7,0.141454502940178
1206,271.9,1.08425617218018
1207,272.1,1.8866308927536
1208,272.2,1.23712754249573
1209,272.4,0.469231635332108
1210,272.7,0.30117592215538
1211,272.9,0.69243061542511
1212,273.0,0.473570048809052
1213,273.1,1.43829202651978
1214,273.4,0.599497675895691
1215,273.5,0.418084263801575
1216,273.8,0.157666400074959
1217,274.0,1.08768129348755
1218,274.1,0.906724512577057
1219,274.2,1.45792901515961
1220,274.4,0.481790155172348
1221,274.7,0.465578258037567
1222,274.9,0.349697440862656
1223,275.0,0.480420142412186
1224,275.1,1.22571074962616
1225,275.3,0.633748173713684
1226,275.5,0.346614897251129
1227,275.8,0.942116677761078
1228,276.0,3.50074219703674
1229,276.1,9.2407808303833
1230,276.3,2.04543900489807
1231,276.5,0.127183467149734
1232,276.7,0.246489331126213
1233,276.9,1.31476199626923
1234,277.0,1.61685121059418
1235,277.1,5.99520492553711
1236,277.3,4.25767803192139
1237,277.5,0.786733627319336
1238,277.6,0.322867900133133
1239,277.9,1.25185525417328
1240,278.1,5.46260976791382
1241,278.2,6.67267942428589
1242,278.4,1.80637061595917
1243,278.6,0.318529516458511
1244,278.8,0.901130259037018
1245,279.0,3.57620739936829
1246,279.2,6.11725091934204
1247,279.3,2.85249447822571
1248,279.5,0.335198074579239
1249,279.7,0.418084263801575
1250,279.9,1.21600639820099
1251,280.0,2.2452335357666
1252,280.2,15.3210411071777
1253,280.3,9.83970737457275
1254,280.4,12.6541843414307
1255,280.7,2.45724391937256
1256,280.9,26.3641967773438
1257,281.1,2523.88842773438
1258,281.2,206.692886352539
1259,281.4,1.35049664974213
1260,281.6,0.759904086589813
1261,281.8,4.8988471031189
1262,282.0,129.996353149414
1263,282.1,638.257934570313
1264,282.3,10.9764814376831
1265,282.4,1.87932407855988
1266,282.7,1.43909120559692
1267,282.9,23.9957752227783
1268,283.0,98.3611145019531
1269,283.1,397.552001953125
1270,283.3,7.9845871925354
1271,283.5,0.566274702548981
1272,283.8,2.62381553649902
1273,284.0,35.3321151733398
1274,284.1,60.4272193908691
1275,284.3,4.87612724304199
1276,284.4,1.32709217071533
1277,284.6,0.326178789138794
1278,284.8,3.20493197441101
1279,285.0,52.4970893859863
1280,285.1,88.8328552246094
1281,285.3,3.39993143081665
1282,285.4,0.669026136398315
1283,285.7,0.854207098484039
1284,285.9,6.02831363677979
1285,286.1,19.1734218597412
1286,286.2,6.94188833236694
1287,286.4,0.649503350257874
1288,286.7,0.463637411594391
1289,286.8,1.18221259117126
1290,287.0,7.8152756690979
1291,287.1,8.61776447296143
1292,287.3,1.64927506446838
1293,287.5,0.160063937306404
1294,287.7,0.341705679893494
1295,287.9,0.945427536964417
1296,288.1,1.63420486450195
1297,288.3,0.922251403331757
1298,288.4,0.362940967082977
1299,288.6,0.639799058437347
1300,288.8,2.00136995315552
1301,289.0,11.9877843856812
1302,289.2,23.4892120361328
1303,289.3,4.26281547546387
1304,289.5,0.412147492170334
1305,289.7,0.326749622821808
1306,289.9,1.06656014919281
1307,290.1,6.06747341156006
1308,290.2,4.39513635635376
1309,290.4,0.453248083591461
1310,290.5,0.599269330501556
1311,290.8,0.641625761985779
1312,291.0,4.53476428985596
1313,291.1,6.20561695098877
1314,291.2,11.6492748260498
1315,291.4,3.77371835708618
1316,291.6,0.590364217758179
1317,291.9,1.40255737304688
1318,292.0,1.96951711177826
1319,292.2,9.10743236541748
1320,292.3,6.12729740142822
1321,292.5,1.64767670631409
1322,292.8,1.01472771167755
1323,292.9,1.0637059211731
1324,293.1,6.74905824661255
1325,293.2,3.5807740688324
1326,293.3,2.82863330841064
1327,293.5,0.20082201063633
1328,293.6,0.367507696151733
1329,293.8,0.399817317724228
1330,294.0,3.51798152923584
1331,294.2,19.0251178741455
1332,294.3,18.4479961395264
1333,294.4,33.8812637329102
1334,294.7,2.14088368415833
1335,294.9,4.69414329528809
1336,295.1,15.6699390411377
1337,295.3,21.0230617523193
1338,295.4,9.18757820129395
1339,295.7,1.0496631860733
1340,295.9,1.67850208282471
1341,296.1,4.32583618164063
1342,296.2,4.09966897964478
1343,296.4,1.63774406909943
1344,296.6,0.378924548625946
1345,296.8,1.53339421749115
1346,297.0,4.80477237701416
1347,297.1,3.77474594116211
1348,297.2,6.55497217178345
1349,297.4,1.37903869152069
1350,297.6,0.133120223879814
1351,297.8,0.397077292203903
1352,298.0,1.51820981502533
1353,298.1,1.27811396121979
1354,298.2,2.90444111824036
1355,298.4,0.488297760486603
1356,298.6,0.491494476795197
1357,298.7,0.140084490180016
1358,298.9,1.21463632583618
1359,299.0,1.25722110271454
1360,299.1,3.15446972846985
1361,299.3,1.28838908672333
1362,299.6,0.239639222621918
1363,299.8,0.3831487596035
1364,300.0,2.12969517707825
1365,300.1,2.38257789611816
1366,300.2,2.64527916908264
1367,300.5,0.509190559387207
1368,300.6,0.248544350266457
1369,300.9,0.581573247909546
1370,301.1,1.84438860416412
1371,301.2,1.62313044071198
1372,301.5,0.614796221256256
1373,301.7,0.195684432983398
1374,301.8,0.186550974845886
1375,302.0,2.47231411933899
1376,302.2,10.3449020385742
1377,302.3,2.84438872337341
1378,302.5,0.473570048809052
1379,302.8,0.37059023976326
1380,303.0,2.33382797241211
1381,303.2,7.18015766143799
1382,303.3,1.8089964389801
1383,303.6,0.588195025920868
1384,303.7,0.161662295460701
1385,303.9,1.36899185180664
1386,304.1,10.6428813934326
1387,304.2,12.3878297805786
1388,304.4,1.1243292093277
1389,304.6,0.363625973463058
1390,304.8,0.193515241146088
1391,305.0,3.43235540390015
1392,305.2,10.5046234130859
1393,305.3,2.9796781539917
1394,305.4,1.57586479187012
1395,305.7,0.625185549259186
1396,305.9,2.22011637687683
1397,306.1,21.7871894836426
1398,306.2,122.348899841309
1399,306.4,4.32149791717529
1400,306.5,1.25859117507935
1401,306.7,0.192944407463074
1402,306.9,1.3245804309845
1403,307.1,8.99531936645508
1404,307.2,34.0333366394043
1405,307.4,1.91528713703156
1406,307.7,0.392853051424026
1407,307.9,1.01118850708008
1408,308.0,1.5526887178421
1409,308.2,9.93172740936279
1410,308.3,3.47162914276123
1411,308.4,3.06302094459534
1412,308.7,0.583742439746857
1413,308.9,0.966891169548035
1414,309.1,4.59356069564819
1415,309.3,4.48247528076172
1416,309.4,1.59299004077911
1417,309.6,0.426418542861938
1418,309.8,0.211211323738098
1419,310.0,1.36716520786285
1420,310.1,1.605548620224
1421,310.2,2.9673478603363
1422,310.4,1.1987669467926
1423,310.7,0.584313273429871
1424,310.9,2.90181517601013
1425,311.0,4.47939252853394
1426,311.2,11.0369901657104
1427,311.3,4.4210524559021
1428,311.5,0.340221494436264
1429,311.8,0.5256307721138
1430,311.9,0.725311100482941
1431,312.1,6.05034828186035
1432,312.3,13.1749057769775
1433,312.4,2.53602004051208
1434,312.7,0.446055471897125
1435,312.8,0.654640913009644
1436,313.0,2.84564447402954
1437,313.2,4.56890058517456
1438,313.3,2.41523003578186
1439,313.5,0.324352085590363
1440,313.8,0.335997253656387
1441,314.0,2.41306090354919
1442,314.2,37.581916809082
1443,314.3,32.0670166015625
1444,314.5,0.772690951824188
1445,314.7,0.107660688459873
1446,314.9,1.02009356021881
1447,315.0,1.6754195690155
1448,315.2,11.685809135437
1449,315.3,5.3167028427124
1450,315.4,2.47573924064636
1451,315.7,0.231533274054527
1452,315.9,0.489211082458496
1453,316.1,0.899531900882721
1454,316.3,1.16565823554993
1455,316.4,0.608402788639069
1456,316.7,0.178787529468536
1457,316.9,0.476310074329376
1458,317.1,1.11816418170929
1459,317.3,0.882406651973724
1460,317.4,0.796095430850983
1461,317.6,0.133691057562828
1462,317.8,0.328918814659119
1463,317.9,0.332115530967712
1464,318.1,1.16862654685974
1465,318.3,1.4192259311676
1466,318.4,0.573923945426941
1467,318.6,0.0356205031275749
1468,318.8,0.28096815943718
1469,319.0,0.657380998134613
1470,319.2,1.15572559833527
1471,319.3,0.774175107479095
1472,319.5,1.07900440692902
1473,319.7,0.392624735832214
1474,319.8,0.0990980714559555
1475,320.0,1.56262135505676
1476,320.2,3.5481219291687
1477,320.3,2.04658055305481
1478,320.4,1.66731357574463
1479,320.6,0.197168633341789
1480,320.8,0.37173193693161
1481,321.0,0.601895213127136
1482,321.2,1.58979332447052
1483,321.3,0.444685459136963
1484,321.4,0.577919840812683
1485,321.6,0.130951017141342
1486,321.8,0.154926359653473
1487,322.0,0.854207098484039
1488,322.2,6.5266580581665
1489,322.3,7.18906259536743
1490,322.4,15.1375732421875
1491,322.6,3.12033343315125
1492,322.9,3.13962769508362
1493,323.1,8.24557590484619
1494,323.2,5.92750310897827
1495,323.4,2.00776338577271
1496,323.5,2.18872022628784
1497,323.8,0.976595520973206
1498,324.0,1.98218977451324
1499,324.2,2.32640719413757
1500,324.3,0.500627934932709
1501,324.4,0.922593891620636
1502,324.7,2.67347860336304
1503,324.9,29.0739803314209
1504,325.0,47.4506225585938
1505,325.1,47.4380645751953
1506,325.3,2.72279930114746
1507,325.6,0.606918573379517
1508,325.8,4.04247045516968
1509,326.0,17.7239418029785
1510,326.1,8.70019435882568
1511,326.2,6.40027379989624
1512,326.4,0.536362588405609
1513,326.6,1.43715035915375
1514,326.8,15.6481332778931
1515,327.0,124.056396484375
1516,327.1,60.1505889892578
1517,327.3,2.91848373413086
1518,327.5,0.246260985732079
1519,327.7,1.77497434616089
1520,327.8,4.5695858001709
1521,328.0,26.4331550598145
1522,328.1,17.9963474273682
1523,328.3,2.02911281585693
1524,328.6,0.543897688388824
1525,328.7,1.1319785118103
1526,328.9,11.9450855255127
1527,329.0,17.4949188232422
1528,329.2,4.46169662475586
1529,329.5,0.539901793003082
1530,329.7,0.407124102115631
1531,329.9,1.5652471780777
1532,330.0,0.97705215215683
1533,330.2,1.87852489948273
1534,330.3,0.741294682025909
1535,330.5,0.0643909126520157
1536,330.7,0.266811281442642
1537,330.9,0.515583992004395
1538,331.1,2.28188157081604
1539,331.2,1.27879893779755
1540,331.3,0.510332226753235
1541,331.6,0.326407134532928
1542,331.7,0.0616508722305298
1543,331.9,0.320470362901688
1544,332.1,0.747688114643097
1545,332.2,0.545381903648376
1546,332.5,0.491836965084076
1547,332.6,0.173079118132591
1548,332.7,0.165886521339417
1549,332.9,0.0936179906129837
1550,333.1,0.892681837081909
1551,333.3,1.59915518760681
1552,333.4,2.18655109405518
1553,333.6,0.549834430217743
1554,333.9,0.271263837814331
1555,334.1,1.0357346534729
1556,334.2,0.631464779376984
1557,334.3,2.27845644950867
1558,334.5,0.73832631111145
1559,334.6,0.764813363552094
1560,334.8,0.179815053939819
1561,335.1,0.195912778377533
1562,335.2,0.220801457762718
1563,335.4,0.509875535964966
1564,335.6,0.375271141529083
1565,335.7,0.150473803281784
1566,335.8,0.232446625828743
1567,336.1,1.02740037441254
1568,336.3,6.36579513549805
1569,336.4,16.0469226837158
1570,336.6,1.78524947166443
1571,336.9,0.30231761932373
1572,337.1,0.469345808029175
1573,337.3,2.31578946113586
1574,337.4,3.46934580802917
1575,337.6,0.812307357788086
1576,337.8,0.251512736082077
1577,338.1,0.41306084394455
1578,338.2,0.272063016891479
1579,338.4,0.41899761557579
1580,338.5,0.328005492687225
1581,338.8,1.61970543861389
1582,339.0,7
1583,339.1,6.19602680206299
1584,339.3,1.46774744987488
1585,339.5,0.121360883116722
1586,339.7,0.462724059820175
1587,339.8,0.189062684774399
1588,340.0,1.78913116455078
1589,340.1,1.54561018943787
1590,340.3,0.248316019773483
1591,340.4,0.553487837314606
1592,340.7,2.05799746513367
1593,340.9,43.929443359375
1594,341.1,323.090301513672
1595,341.2,35.0699844360352
1596,341.3,5.63865756988525
1597,341.6,0.481219321489334
1598,341.7,1.07786273956299
1599,341.9,22.2642993927002
1600,342.1,86.4388656616211
1601,342.2,20.1088027954102
1602,342.4,1.47025918960571
1603,342.7,1.61114287376404
1604,342.9,14.9634656906128
1605,343.0,25.2697792053223
1606,343.1,41.4316711425781
1607,343.3,3.71206760406494
1608,343.5,0.241465926170349
1609,343.7,0.589336693286896
1610,343.9,3.98664236068726
1611,344.1,7.10195207595825
1612,344.2,3.23393082618713
1613,344.4,0.489325255155563
1614,344.7,0.637173175811768
1615,344.8,1.53933095932007
1616,345.0,8.14442253112793
1617,345.1,6.96963119506836
1618,345.3,0.965863704681396
1619,345.4,0.438977062702179
1620,345.6,0.12512843310833
1621,345.8,0.601666867733002
1622,346.0,1.79826462268829
1623,346.1,2.18883442878723
1624,346.3,0.581573247909546
1625,346.6,0.327206313610077
1626,346.8,0.407352447509766
1627,347.0,0.544925212860107
1628,347.2,1.1382577419281
1629,347.3,0.266811281442642
1630,347.5,0.448224693536758
1631,347.7,0.38611713051796
1632,347.9,0.202534541487694
1633,348.1,0.578719019889832
1634,348.3,1.90250027179718
1635,348.4,3.76241588592529
1636,348.6,0.767210841178894
1637,348.8,0.316360324621201
1638,349.1,0.460098177194595
1639,349.2,0.615481197834015
1640,349.5,0.724740266799927
1641,349.6,0.164402335882187
1642,349.8,0.318301171064377
1643,349.9,0.083913691341877
1644,350.1,0.486927717924118
1645,350.3,1.05731248855591
1646,350.4,0.474483400583267
1647,350.6,0.477223426103592
1648,350.7,0.126612633466721
1649,350.9,0.205845415592194
1650,351.1,0.402671545743942
1651,351.3,0.528827488422394
1652,351.4,0.143852040171623
1653,351.6,0.305970996618271
1654,351.7,0.204703733325005
1655,351.9,0.211439669132233
1656,352.2,0.132321044802666
1657,352.3,0.0348213277757168
1658,352.4,0.192145228385925
1659,352.6,0.277885615825653
1660,352.8,0.0873387381434441
1661,353.0,0.463751584291458
1662,353.2,0.31521862745285
1663,353.3,0.0941888317465782
1664,353.6,0.136659443378448
1665,353.7,0.133576899766922
1666,354.0,0.382463753223419
1667,354.2,0.148989617824554
1668,354.4,0.258477002382278
1669,354.5,0.0529740825295448
1670,354.7,1.24911522865295
1671,354.9,22.7756595611572
1672,355.0,65.2148666381836
1673,355.1,337.461822509766
1674,355.3,17.6174221038818
1675,355.5,0.244890972971916
1676,355.7,0.635803163051605
1677,355.9,11.4983444213867
1678,356.1,88.9845886230469
1679,356.2,42.1573257446289
1680,356.4,1.92704641819
1681,356.7,0.894394338130951
1682,356.9,9.51615524291992
1683,357.1,55.1722793579102
1684,357.2,31.2200031280518
1685,357.4,1.42287933826447
1686,357.6,0.157209724187851
1687,357.8,1.00125586986542
1688,358.0,5.76389980316162
1689,358.1,3.87532830238342
1690,358.2,7.40564012527466
1691,358.4,0.851695418357849
1692,358.7,0.508163034915924
1693,358.8,1.04224228858948
1694,359.0,13.1702251434326
1695,359.1,16.602123260498
1696,359.3,2.04589557647705
1697,359.5,0.158808082342148
1698,359.7,0.239410892128944
1699,359.9,1.40940749645233
1700,360.1,4.82772016525269
1701,360.2,2.75910496711731
1702,360.4,0.274803072214127
1703,360.6,0.102294780313969
1704,360.8,0.409179121255875
1705,361.0,1.58728170394897
1706,361.2,2.30494356155396
1707,361.4,0.805571436882019
1708,361.5,0.275830566883087
1709,361.7,0.279940634965897
1710,361.8,0.309167712926865
1711,362.1,0.546181082725525
1712,362.2,0.190546870231628
1713,362.4,0.75373899936676
1714,362.5,0.389542192220688
1715,362.8,0.467519134283066
1716,362.9,0.461468189954758
1717,363.0,0.647448360919952
1718,363.3,0.844388604164124
1719,363.5,0.365795195102692
1720,363.7,0.245575979351997
1721,363.8,0.0569699741899967
1722,364.0,0.44594132900238
1723,364.2,1.51524150371552
1724,364.4,4.63020896911621
1725,364.6,3.71526432037354
1726,364.7,0.633291482925415
1727,365.0,0.32709214091301
1728,365.2,0.420595943927765
1729,365.3,0.972257077693939
1730,365.5,0.411690831184387
1731,365.7,0.606005251407623
1732,365.8,0.0197511129081249
1733,365.9,0.244205966591835
1734,366.2,0.325379610061646
1735,366.3,0.11256992816925
1736,366.4,0.264870405197144
1737,366.7,0.239296719431877
1738,366.9,0.38577464222908
1739,367.1,0.596072614192963
1740,367.2,0.604635238647461
1741,367.5,0.0552574507892132
1742,367.7,0.272976368665695
1743,367.9,0.21669140458107
1744,368.1,0.276058912277222
1745,368.3,0.412375837564468
1746,368.5,0.181070894002914
1747,368.7,0.199794501066208
1748,368.9,0.935038268566132
1749,369.1,2.06793022155762
1750,369.2,1.02443206310272
1751,369.3,0.987327337265015
1752,369.5,0.226167365908623
1753,369.8,0.217033907771111
1754,369.9,0.142710357904434
1755,370.1,0.786391139030457
1756,370.3,0.608174443244934
1757,370.4,0.219317272305489
1758,370.7,0.214750543236732
1759,370.9,0.395478934049606
1760,371.1,0.951478481292725
1761,371.2,0.539559304714203
1762,371.4,0.381550401449203
1763,371.6,0.156296387314796
1764,371.7,0.106975682079792
1765,371.8,0.293754994869232
1766,372.1,0.408151626586914
1767,372.3,0.448338866233826
1768,372.5,0.268409639596939
1769,372.6,0.196940287947655
1770,372.9,0.233474135398865
1771,373.1,0.422879338264465
1772,373.3,0.450736373662949
1773,373.4,0.319785356521606
1774,373.7,0.16131979227066
1775,373.8,0.0383605435490608
1776,374.0,0.196826115250587
1777,374.2,0.352437496185303
1778,374.4,0.325151264667511
1779,374.5,0.108916543424129
1780,374.6,0.167256534099579
1781,374.9,0.184724286198616
1782,375.1,0.43486699461937
1783,375.2,0.628838896751404
1784,375.4,1.31225025653839
1785,375.5,1.01586937904358
1786,375.7,0.417399257421494
1787,376.0,0.236899182200432
1788,376.2,0.634775638580322
1789,376.4,1.89039850234985
1790,376.5,0.729649484157562
1791,376.6,0.888457596302032
1792,376.9,0.19123187661171
1793,377.1,0.206758767366409
1794,377.2,0.310766071081161
1795,377.5,0.392967224121094
1796,377.6,0.280739814043045
1797,377.8,0.140198647975922
1798,378.0,0.401187360286713
1799,378.2,1.18803513050079
1800,378.3,2.78913116455078
1801,378.5,19.88743019104
1802,378.6,3.3665943145752
1803,378.8,0.128210976719856
1804,379.0,0.189976021647453
1805,379.2,0.532595038414001
1806,379.4,3.74962902069092
1807,379.5,2.40118741989136
1808,379.6,1.44217371940613
1809,379.9,0.145907074213028
1810,380.1,0.177645847201347
1811,380.3,0.288959920406342
1812,380.4,0.215778052806854
1813,380.6,0.374586135149002
1814,380.7,0.106404840946198
1815,380.9,0.26133120059967
1816,381.0,0.175933331251144
1817,381.1,0.33702477812767
1818,381.4,0.155383035540581
1819,381.5,0.0785477757453918
1820,381.7,0.0761502459645271
1821,381.9,0.137001946568489
1822,382.0,0.257106989622116
1823,382.3,0.0601666867733002
1824,382.5,0.164744839072227
1825,382.7,0.529969155788422
1826,382.9,1.62233126163483
1827,383.1,3.26064610481262
1828,383.2,0.811850666999817
1829,383.3,0.444000452756882
1830,383.5,0.148989617824554
1831,383.8,0.294896692037582
1832,384.0,0.681698799133301
1833,384.1,0.316246151924133
1834,384.3,0.441831260919571
1835,384.4,0.277428925037384
1836,384.6,0.230049088597298
1837,384.8,3.12181758880615
1838,385.0,8.06610298156738
1839,385.1,5.2642993927002
1840,385.3,0.893481016159058
1841,385.6,0.361456781625748
1842,385.8,0.783879458904266
1843,386.0,1.92225134372711
1844,386.1,1.69060397148132
1845,386.3,0.412033349275589
1846,386.5,0.0659892708063126
1847,386.7,0.521520733833313
1848,386.8,0.811165630817413
1849,387.0,2.64162564277649
1850,387.1,2.31978535652161
1851,387.3,0.345473229885101
1852,387.5,0.446055471897125
1853,387.7,0.17718917131424
1854,387.8,0.176389992237091
1855,388.0,0.488183587789536
1856,388.1,0.700536608695984
1857,388.3,0.502682983875275
1858,388.5,0.136545270681381
1859,388.6,0.2561936378479
1860,388.9,0.423678487539291
1861,389.0,0.13289187848568
1862,389.1,0.828861713409424
1863,389.4,0.404155731201172
1864,389.6,0.188377663493156
1865,389.8,0.265897929668427
1866,389.9,0.161890625953674
1867,390.1,0.447311341762543
1868,390.3,1.69357228279114
1869,390.5,4.27914142608643
1870,390.6,1.81196486949921
1871,390.9,0.230391591787338
1872,391.0,0.0383605435490608
1873,391.2,0.338965624570847
1874,391.4,0.948510110378265
1875,391.5,0.560680449008942
1876,391.6,0.523233234882355
1877,391.8,0.0474940054118633
1878,392.0,0.256421953439713
1879,392.2,0.200479507446289
1880,392.4,0.592990040779114
1881,392.5,0.23256079852581
1882,392.6,0.39239639043808
1883,392.9,0.384861290454865
1884,393.1,0.249229356646538
1885,393.3,0.305400162935257
1886,393.4,0.305742651224136
1887,393.6,0.230391591787338
1888,393.7,0.0582258254289627
1889,393.8,0.335654765367508
1890,394.1,0.381436228752136
1891,394.2,0.297865062952042
1892,394.3,0.504167139530182
1893,394.5,0.167599037289619
1894,394.8,0.161662295460701
1895,395.0,0.293184161186218
1896,395.2,0.352094978094101
1897,395.3,0.470259159803391
1898,395.6,0.215549722313881
1899,395.7,0.210069641470909
1900,395.9,0.163146480917931
1901,396.0,0.254138588905334
1902,396.2,0.390798032283783
1903,396.5,0.19785363972187
1904,396.7,0.268980473279953
1905,396.9,0.382007092237473
1906,397.0,0.568101406097412
1907,397.2,1.15606808662415
1908,397.3,0.787647008895874
1909,397.5,0.324009597301483
1910,397.8,0.155268862843513
1911,398.0,0.530425846576691
1912,398.1,0.542641878128052
1913,398.3,1.24043846130371
1914,398.4,0.778056859970093
1915,398.6,0.251056045293808
1916,398.8,1.60977280139923
1917,399.0,7.74631786346436
1918,399.1,7.39833307266235
1919,399.3,1.05400156974792
1920,399.4,0.412946671247482
1921,399.6,0.153784677386284
1922,399.8,0.590820848941803
1923,400.0,1.69733989238739
1924,400.2,2.11028647422791
1925,400.3,0.700422406196594
1926,400.6,1.0310537815094
1927,400.8,8.79358386993408
1928,400.9,19.2126960754395
1929,401.0,79.2049331665039
1930,401.2,14.3302888870239
1931,401.4,0.801118850708008
1932,401.5,0.650987565517426
1933,401.7,0.868021488189697
1934,401.9,10.2237701416016
1935,402.1,21.4981155395508
1936,402.2,4.35380744934082
1937,402.3,1.43441033363342
1938,402.5,0.195798605680466
1939,402.7,0.75899076461792
1940,402.8,1.95787191390991
1941,403.0,13.2242269515991
1942,403.1,10.8585453033447
1943,403.3,1.62712633609772
1944,403.6,0.557712078094482
1945,403.8,0.795867085456848
1946,404.0,2.65121579170227
1947,404.2,3.30403017997742
1948,404.3,1.48624277114868
1949,404.5,0.233131632208824
1950,404.6,0.340678155422211
1951,404.9,0.868135631084442
1952,405.0,0.595958471298218
1953,405.1,2.04098629951477
1954,405.3,0.51786732673645
1955,405.5,0.183925107121468
1956,405.8,0.511930584907532
1957,406.0,0.938006639480591
1958,406.2,2.3493549823761
1959,406.4,3.35905933380127
1960,406.5,1.2002512216568
1961,406.6,1.56216466426849
1962,406.8,0.229706585407257
1963,406.9,0.316017806529999
1964,407.1,0.210640490055084
1965,407.3,0.50245463848114
1966,407.4,0.244205966591835
1967,407.6,0.728165328502655
1968,407.7,0.107318185269833
1969,407.9,0.393880575895309
1970,408.0,0.0616508722305298
1971,408.2,0.371275246143341
1972,408.3,0.240895077586174
1973,408.6,0.165087342262268
1974,408.8,0.118278339505196
1975,408.9,0.116109147667885
1976,409.1,0.110400728881359
1977,409.3,0.312706917524338
1978,409.5,0.281767338514328
1979,409.7,0.133576899766922
1980,409.8,0.0720401853322983
1981,410.0,0.085055373609066
1982,410.2,0.155611366033554
1983,410.3,0.0972713753581047
1984,410.5,0.25916200876236
1985,410.6,0.107089847326279
1986,410.7,0.168740719556808
1987,410.9,0.18677930533886
1988,411.1,0.0990980714559555
1989,411.3,0.303345143795013
1990,411.5,0.274003893136978
1991,411.7,0.144879549741745
1992,411.9,0.212923854589462
1993,412.1,0.292499154806137
1994,412.2,0.420253455638885
1995,412.5,0.190432697534561
1996,412.7,0.282794833183289
1997,412.9,0.245918482542038
1998,413.1,0.825550854206085
1999,413.3,0.536705076694489
2000,413.4,0.196711957454681
2001,413.6,0.234501659870148
2002,413.8,0.279598116874695
2003,414.0,0.322867900133133
2004,414.1,0.161776453256607
2005,414.2,0.670624494552612
2006,414.4,0.368763566017151
2007,414.6,0.476652592420578
2008,414.8,4.5919623374939
2009,415.0,40.9531898498535
2010,415.1,62.9316139221191
2011,415.3,8.49297904968262
2012,415.5,0.581344902515411
2013,415.7,1.09270465373993
2014,415.8,1.26681125164032
2015,416.0,12.6053199768066
2016,416.2,24.9745407104492
2017,416.3,9.13038063049316
2018,416.5,0.694599866867065
2019,416.8,1.71058344841003
2020,417.0,9.9647216796875
2021,417.1,8.0450963973999
2022,417.2,9.61331176757813
2023,417.4,1.93138480186462
2024,417.5,1.29729425907135
2025,417.8,0.746318101882935
2026,418.0,1.459641456604
2027,418.2,3.10240888595581
2028,418.4,2.57152652740479
2029,418.5,1.67930126190186
2030,418.7,0.286676555871964
2031,418.9,0.645164966583252
2032,419.0,0.434296160936356
2033,419.2,0.988354861736298
2034,419.4,0.454618096351624
2035,419.5,0.151501312851906
2036,419.7,0.223998174071312
2037,419.9,0.175134152173996
2038,420.0,0.18164174258709
2039,420.2,0.747003078460693
2040,420.4,4.78410768508911
2041,420.5,2.84986877441406
2042,420.6,5.08985042572021
2043,420.8,0.506678819656372
2044,421.0,0.0464664921164513
2045,421.1,0.425847709178925
2046,421.3,0.603379368782043
2047,421.5,1.53830349445343
2048,421.6,0.842333614826202
2049,421.8,0.299349248409271
2050,422.2,0.139856144785881
2051,422.4,0.28347983956337
2052,422.5,0.101952277123928
2053,422.7,0.132549375295639
2054,422.9,0.187464326620102
2055,423.1,0.136773601174355
2056,423.3,0.176960840821266
2057,423.4,0.184952616691589
2058,423.6,0.0952163487672806
2059,423.7,0.0614225380122662
2060,423.9,0.0954446867108345
2061,424.2,0.11553830653429
2062,424.4,0.0622217133641243
2063,424.6,0.154241353273392
2064,424.8,0.172964945435524
2065,425.0,0.104235641658306
2066,425.2,0.202877044677734
2067,425.4,0.172736614942551
2068,425.5,0.143395364284515
2069,425.7,0.101381435990334
2070,426.0,0.226738214492798
2071,426.2,0.211325496435165
2072,426.3,0.0573124773800373
2073,426.4,0.146477907896042
2074,426.7,0.107546523213387
2075,426.8,0.0351638309657574
2076,426.9,0.108688205480576
2077,427.2,0.169768244028091
2078,427.3,0.245005130767822
2079,427.5,0.241922587156296
2080,427.7,0.0391597226262093
2081,427.9,0.160863116383553
2082,428.0,0.0858545526862144
2083,428.1,0.18015755712986
2084,428.3,0.0566274672746658
2085,428.5,0.286904901266098
2086,428.7,0.545724391937256
2087,428.9,7.68238401412964
2088,429.1,47.4153442382813
2089,429.2,40.7173194885254
2090,429.4,2.07169771194458
2091,429.7,0.532823383808136
2092,429.9,3.63991332054138
2093,430.0,5.79392623901367
2094,430.2,21.2472877502441
2095,430.3,6.01632595062256
2096,430.5,0.285877376794815
2097,430.7,0.763899981975555
2098,430.9,1.7220002412796
2099,431.1,10.87624168396
2100,431.2,6.43144178390503
2101,431.3,4.59493112564087
2102,431.5,0.381550401449203
2103,431.7,0.35255166888237
2104,431.8,0.231304943561554
2105,432.0,1.35483503341675
2106,432.2,3.14465117454529
2107,432.3,1.77234840393066
2108,432.5,4.62655544281006
2109,432.6,2.53259515762329
2110,432.9,0.689804792404175
2111,433.1,1.9100353717804
2112,433.2,2.17353582382202
2113,433.4,1.21246719360352
2114,433.7,0.647676646709442
2115,433.8,0.267267942428589
2116,434.0,0.170224905014038
2117,434.1,0.615823745727539
2118,434.3,0.652357578277588
2119,434.5,0.165658175945282
2120,434.7,0.289302438497543
2121,434.8,0.25653612613678
2122,435.1,0.264527916908264
2123,435.3,0.206302091479301
2124,435.4,0.0399588979780674
2125,435.5,0.210526317358017
2126,435.9,0.201392859220505
2127,436.0,0.0407580770552158
2128,436.1,0.184952616691589
2129,436.3,0.0590250045061111
2130,436.5,0.115652471780777
2131,436.6,0.0917913019657135
2132,436.7,0.143737867474556
2133,437.1,0.231647446751595
2134,437.2,0.0254595279693604
2135,437.4,0.212695509195328
2136,437.6,0.110172390937805
2137,437.7,0.0359630100429058
2138,437.9,0.114624954760075
2139,438.1,0.121246717870235
2140,438.3,0.226053208112717
2141,438.4,0.0722685232758522
2142,438.6,0.078890286386013
2143,438.7,0.0905354470014572
2144,439.0,0.0967005342245102
2145,439.1,0.204817906022072
2146,439.3,0.0595958456397057
2147,439.5,0.0905354470014572
2148,439.7,0.111656583845615
2149,439.9,0.0576549842953682
2150,440.2,0.210982993245125
2151,440.3,0.171366587281227
2152,440.5,0.0373330302536488
2153,440.7,0.213951364159584
2154,440.9,0.0737527087330818
2155,441.0,0.158465579152107
2156,441.3,0.137458607554436
2157,441.4,0.0190661028027534
2158,441.6,0.178901702165604
2159,441.7,0.216120555996895
2160,442.0,0.158123075962067
2161,442.1,0.0404155738651752
2162,442.2,0.216234728693962
2163,442.5,0.164059817790985
2164,442.6,0.242493435740471
2165,442.8,0.122616738080978
2166,443.0,0.4142025411129
2167,443.2,0.690489768981934
2168,443.3,0.5101038813591
2169,443.6,0.210183814167976
2170,443.8,0.146249577403069
2171,443.9,0.154469683766365
2172,444.2,0.181299239397049
2173,444.4,0.250941902399063
2174,444.5,0.180614218115807
2175,444.7,0.28975909948349
2176,444.9,0.496061205863953
2177,445.1,0.478479266166687
2178,445.3,0.395478934049606
2179,445.5,0.342619031667709
2180,445.7,0.312478601932526
2181,445.8,0.26133120059967
2182,446.1,0.251284390687943
2183,446.3,0.308254361152649
2184,446.4,0.224226504564285
2185,446.6,0.548692762851715
2186,446.7,0.187464326620102
2187,446.8,0.211553826928139
2188,447.1,0.315789461135864
2189,447.2,0.332458049058914
2190,447.4,0.287361562252045
2191,447.7,0.244776800274849
2192,447.8,0.0542299337685108
2193,447.9,0.175019979476929
2194,448.2,0.265555441379547
2195,448.4,0.587966680526733
2196,448.6,0.717547655105591
2197,448.7,0.353579163551331
2198,448.8,0.265098750591278
2199,449.2,0.238611713051796
2200,449.3,0.0651900917291641
2201,449.5,0.190204367041588
2202,449.6,0.270122170448303
2203,449.9,0.23221829533577
2204,450.0,0.253111094236374
2205,450.2,0.0631350576877594
2206,450.5,0.151272982358932
2207,450.7,0.0641625747084618
2208,450.8,0.0352779999375343
2209,451.0,0.117479167878628
2210,451.1,0.182440921664238
2211,451.4,0.0721543580293655
2212,451.5,0.0367621891200542
2213,451.6,0.222399815917015
2214,451.9,0.121703393757343
2215,452.1,0.167713209986687
2216,452.2,0.100468091666698
2217,452.3,0.194542750716209
2218,452.5,0.0606233589351177
2219,452.6,0.134490236639977
2220,452.8,0.0662176012992859
2221,453.1,0.0832286775112152
2222,453.3,0.0824294984340668
2223,453.4,0.0807169750332832
2224,453.6,0.147048756480217
2225,453.8,0.0324237942695618
2226,454.0,0.181413397192955
2227,454.2,0.086425393819809
2228,454.4,0.0872245654463768
2229,454.6,0.230848267674446
2230,454.8,0.211439669132233
2231,455.0,0.0623358823359013
2232,455.2,0.185865968465805
2233,455.3,0.0361913442611694
2234,455.5,0.0790044516324997
2235,455.7,0.123758420348167
2236,455.9,0.187350153923035
2237,456.0,0.0181527566164732
2238,456.2,0.191688552498817
2239,456.4,0.153556346893311
2240,456.5,0.103322297334671
2241,456.7,0.239867568016052
2242,456.8,0.212695509195328
2243,457.0,0.163717314600945
2244,457.2,0.214636370539665
2245,457.4,0.248087674379349
2246,457.5,0.0917913019657135
2247,457.7,0.109487384557724
2248,458.0,0.213837191462517
2249,458.2,0.273547202348709
2250,458.4,0.193286910653114
2251,458.6,0.255965292453766
2252,458.8,1.04326975345612
2253,459.0,2.19271612167358
2254,459.2,1.8075122833252
2255,459.4,0.863683044910431
2256,459.5,0.466377437114716
2257,459.6,0.555542886257172
2258,459.8,0.304144322872162
2259,460.0,0.577120661735535
2260,460.1,0.484301865100861
2261,460.2,0.813677370548248
2262,460.5,1.27114963531494
2263,460.7,1.93720746040344
2264,460.9,4.09076356887817
2265,461.0,2.38429045677185
2266,461.1,4.16680002212524
2267,461.3,1.2810822725296
2268,461.5,0.186893478035927
2269,461.6,0.592190861701965
2270,461.8,0.980363070964813
2271,462.0,1.31715953350067
2272,462.3,1.38166451454163
2273,462.5,4.41751337051392
2274,462.6,3.47071576118469
2275,462.7,3.14545035362244
2276,463.0,0.750085651874542
2277,463.2,0.581573247909546
2278,463.4,1.03356552124023
2279,463.6,1.76458501815796
2280,463.7,0.512501418590546
2281,463.8,0.491951137781143
2282,464.1,0.409407466650009
2283,464.2,0.16280397772789
2284,464.5,0.164402335882187
2285,464.6,0.296609193086624
2286,464.9,0.208128780126572
2287,465.0,0.139741986989975
2288,465.2,0.0423564352095127
2289,465.4,0.202077865600586
2290,465.6,0.136088594794273
2291,465.7,0.0179244205355644
2292,465.9,0.163717314600945
2293,466.1,0.234615817666054
2294,466.2,0.0587966665625572
2295,466.4,0.157095551490784
2296,466.6,0.0787761136889458
2297,466.8,0.137001946568489
2298,467.0,0.210868820548058
2299,467.3,0.0969288721680641
2300,467.4,0.0398447327315807
2301,467.6,0.218061417341232
2302,467.7,0.0406439080834389
2303,468.0,0.195912778377533
2304,468.2,0.0696426555514336
2305,468.3,0.110400728881359
2306,468.6,0.110971570014954
2307,468.7,0.0192944407463074
2308,468.9,0.0731818675994873
2309,469.1,0.0585683286190033
2310,469.3,0.0211211331188679
2311,469.4,0.156410545110703
2312,469.7,0.114624954760075
2313,469.8,0.097385548055172
2314,470.0,0.0833428502082825
2315,470.2,0.0327662974596024
2316,470.4,0.203105375170708
2317,470.5,0.167713209986687
2318,470.8,0.105377323925495
2319,470.9,0.0190661028027534
2320,471.1,0.165658175945282
2321,471.3,0.097385548055172
2322,471.4,0.15652471780777
2323,471.6,0.0412147492170334
2324,471.7,0.149217948317528
2325,472.0,0.0888229236006737
2326,472.2,0.118392512202263
2327,472.3,0.0811736509203911
2328,472.4,0.184952616691589
2329,472.6,0.120904214680195
2330,472.8,0.362141788005829
2331,473.0,0.329717993736267
2332,473.1,0.116794154047966
2333,473.2,0.482475161552429
2334,473.5,0.235529169440269
2335,473.6,0.349012434482574
2336,473.9,0.198196142911911
2337,474.0,0.0364196822047234
2338,474.2,0.272291362285614
2339,474.4,1.04829323291779
2340,474.6,3.65795183181763
2341,474.8,2.8213267326355
2342,475.0,7.04132890701294
2343,475.1,5.38703060150146
2344,475.2,7.43715047836304
2345,475.4,1.95935606956482
2346,475.7,1.43372535705566
2347,475.9,1.36636602878571
2348,476.1,3.28747582435608
2349,476.3,2.74460554122925
2350,476.4,0.777143537998199
2351,476.7,0.537504255771637
2352,476.9,0.812079012393951
2353,477.0,0.476310074329376
2354,477.1,1.58990752696991
2355,477.3,1.05080485343933
2356,477.5,0.248087674379349
2357,477.7,0.0426989383995533
2358,477.8,0.286562383174896
2359,478.0,0.169425740838051
2360,478.2,0.405754089355469
2361,478.3,0.139627814292908
2362,478.5,0.201392859220505
2363,478.6,0.0498915389180183
2364,478.8,0.124900102615356
2365,479.0,0.233588308095932
2366,479.2,0.312136083841324
2367,479.3,0.117479167878628
2368,479.6,0.152757167816162
2369,479.7,0.0606233589351177
2370,480.0,0.217262238264084
2371,480.1,0.232903301715851
2372,480.3,0.105719834566116
2373,480.5,0.0857403799891472
2374,480.6,0.0449823029339314
2375,480.8,0.117250829935074
2376,481.0,0.117935836315155
2377,481.1,0.167713209986687
2378,481.3,0.0582258254289627
2379,481.4,0.132777720689774
2380,481.6,0.102066442370415
2381,481.9,0.10925904661417
2382,482.1,0.119762532413006
2383,482.3,0.0922479704022408
2384,482.5,0.0471515022218227
2385,482.6,0.122959241271019
2386,482.9,0.0673592910170555
2387,483.1,0.098527230322361
2388,483.3,0.173992469906807
2389,483.4,0.185409292578697
2390,483.6,0.0563991330564022
2391,483.7,0.10777486115694
2392,483.9,0.0203219540417194
2393,484.1,0.22810822725296
2394,484.3,0.0195227768272161
2395,484.5,0.20892795920372
2396,484.7,0.0413289181888103
2397,484.8,0.0633633956313133
2398,485.0,0.0907637849450111
2399,485.2,0.0404155738651752
2400,485.4,0.0661034360527992
2401,485.6,0.25767782330513
2402,485.7,0.0428131073713303
2403,485.9,0.080260306596756
2404,486.1,0.160977274179459
2405,486.2,0.0183810945600271
2406,486.4,0.0980705544352531
2407,486.6,0.149902954697609
2408,486.7,0.0840278565883636
2409,487.0,0.180728390812874
2410,487.2,0.270921349525452
2411,487.3,0.0677017942070961
2412,487.4,0.229820758104324
2413,487.7,0.288845747709274
2414,487.8,0.178787529468536
2415,488.0,0.0243178438395262
2416,488.2,0.152528822422028
2417,488.4,0.121132552623749
2418,488.6,0.171480759978294
2419,488.8,1.35666167736053
2420,489.0,9.80842590332031
2421,489.1,12.3983335494995
2422,489.2,14.5601091384888
2423,489.4,1.59127759933472
2424,489.7,0.431556105613708
2425,489.8,0.411919176578522
2426,490.0,4.33782386779785
2427,490.1,4.63591718673706
2428,490.2,5.63431882858276
2429,490.4,1.35689008235931
2430,490.7,0.536134243011475
2431,490.9,1.54538190364838
2432,491.1,3.86859226226807
2433,491.2,4.17433500289917
2434,491.4,0.574494779109955
2435,491.7,0.0561707951128483
2436,491.9,0.376184493303299
2437,492.0,1.14396619796753
2438,492.2,0.98972487449646
2439,492.4,0.45518895983696
2440,492.8,0.394679754972458
2441,493.0,0.259276181459427
2442,493.1,0.240438401699066
2443,493.2,0.565247178077698
2444,493.4,0.156981393694878
2445,493.6,0.10115309804678
2446,493.9,0.144537046551704
2447,494.2,0.260988682508469
2448,494.4,0.183125928044319
2449,494.6,0.178445026278496
2450,494.8,0.0882520824670792
2451,495.0,0.21041214466095
2452,495.1,0.0236328355967999
2453,495.2,0.251056045293808
2454,495.4,0.0448681339621544
2455,495.6,0.0859687179327011
2456,495.8,0.0230619926005602
2457,495.9,0.237127527594566
2458,496.1,0.0895079374313354
2459,496.2,0.113026604056358
2460,496.4,0.0434981174767017
2461,496.6,0.0828861743211746
2462,496.7,0.0939605012536049
2463,496.9,0.136773601174355
2464,497.2,0.119420021772385
2465,497.4,0.080260306596756
2466,497.5,0.0181527566164732
2467,497.6,0.0863112211227417
2468,497.8,0.0200936179608107
2469,498.0,0.144308716058731
2470,498.1,0.172165766358376
2471,498.3,0.22262816131115
2472,498.5,0.0449823029339314
2473,498.7,0.221372306346893
2474,498.8,0.0578833185136318
2475,499.0,0.0576549842953682
2476,499.1,0.185180962085724
2477,499.4,0.0907637849450111
2478,499.5,0.0496632046997547
2479,499.9,0.0876812413334846
2480,500.1,0.131521865725517
2481,500.2,0.104578144848347
2482,500.5,0.142139509320259
2483,500.6,0.165544018149376
2484,500.9,0.153442174196243
2485,501.1,0.0921338051557541
2486,501.3,0.350268304347992
2487,501.4,0.230734094977379
2488,501.6,0.407694935798645
2489,501.7,0.532823383808136
2490,501.9,0.194314420223236
2491,502.1,0.075236901640892
2492,502.3,0.3451307117939
2493,502.5,0.704760789871216
2494,502.6,0.328576326370239
2495,502.8,1.22924995422363
2496,503.0,2.31693124771118
2497,503.2,6.54823589324951
2498,503.3,2.01324343681335
2499,503.4,0.806484758853912
2500,503.6,0.315561145544052
2501,503.9,0.526087462902069
2502,504.1,2.12775421142578
2503,504.2,2.42333602905273
2504,504.5,2.00890517234802
2505,504.7,2.34570145606995
2506,504.8,1.10537731647491
2507,505.1,1.3153327703476
2508,505.2,0.891083478927612
2509,505.3,0.933782398700714
2510,505.5,0.203105375170708
2511,505.6,0.605548560619354
2512,505.9,0.506336331367493
2513,506.1,0.391368865966797
2514,506.2,0.478365123271942
2515,506.4,0.301404267549515
2516,506.7,0.178901702165604
2517,506.8,0.111199907958508
2518,506.9,0.353008329868317
2519,507.2,0.475510895252228
2520,507.4,0.148190438747406
2521,507.5,0.0252311900258064
2522,507.6,0.236100018024445
2523,507.9,0.10446397960186
2524,508.0,0.0189519356936216
2525,508.2,0.146363735198975
2526,508.3,0.260760366916656
2527,508.5,0.0361913442611694
2528,508.6,0.191003546118736
2529,508.8,0.0407580770552158
2530,509.0,0.225025683641434
2531,509.2,0.107546523213387
2532,509.4,0.13323438167572
2533,509.5,0.0284279026091099
2534,509.6,0.149560451507568
2535,509.9,0.140883669257164
2536,510.1,0.109373219311237
2537,510.3,0.469003319740295
2538,510.4,0.248201847076416
2539,510.5,0.373558610677719
2540,510.7,0.175476655364037
2541,511.0,0.120675876736641
2542,511.2,0.267267942428589
2543,511.3,0.103778973221779
2544,511.5,0.204589560627937
2545,511.6,0.142824530601501
2546,511.8,0.127982646226883
2547,512.1,0.208014607429504
2548,512.3,0.15652471780777
2549,512.4,0.106062337756157
2550,512.6,0.0174677483737469
2551,512.7,0.224683180451393
2552,513.0,0.100011415779591
2553,513.1,0.190661028027534
2554,513.4,0.153442174196243
2555,513.5,0.0349354967474937
2556,513.7,0.128553494811058
2557,513.8,0.0211211331188679
2558,514.0,0.216805577278137
2559,514.2,0.11222742497921
2560,514.4,0.381093740463257
2561,514.5,0.205502912402153
2562,514.7,0.193857744336128
2563,514.9,0.171480759978294
2564,515.1,0.113825775682926
2565,515.2,0.116337478160858
2566,515.4,0.326749622821808
2567,515.6,0.237812533974648
2568,515.8,0.11702249199152
2569,516.0,0.261217027902603
2570,516.1,0.116679988801479
2571,516.3,0.599269330501556
2572,516.5,2.44205951690674
2573,516.6,3.81230735778809
2574,516.8,0.91254711151123
2575,517.1,0.196597784757614
2576,517.2,0.121360883116722
2577,517.4,0.514442265033722
2578,517.6,1.16737067699432
2579,517.7,0.411348313093185
2580,517.8,0.289074093103409
2581,518.0,0.0433839485049248
2582,518.2,0.150702133774757
2583,518.4,0.308482706546783
2584,518.5,0.246831834316254
2585,518.8,0.467633277177811
2586,518.9,0.140883669257164
2587,519.1,0.266354620456696
2588,519.2,0.267610460519791
2589,519.4,0.249686032533646
2590,519.7,0.218860596418381
2591,519.9,0.126612633466721
2592,520.0,0.261902034282684
2593,520.2,0.376070320606232
2594,520.5,0.27571639418602
2595,520.7,0.424591839313507
2596,520.8,0.197282791137695
2597,521.1,0.317159503698349
2598,521.2,0.240210071206093
2599,521.4,0.24694599211216
2600,521.7,0.112113252282143
2601,521.9,0.105719834566116
2602,522.1,0.164173990488052
2603,522.2,0.137001946568489
2604,522.4,0.12478593736887
2605,522.5,0.19157437980175
2606,522.7,0.0436122827231884
2607,522.9,0.10446397960186
2608,523.0,0.0178102515637875
2609,523.2,0.065418429672718
2610,523.3,0.200251176953316
2611,523.6,0.0914487987756729
2612,523.7,0.0238611716777086
2613,523.8,0.198310315608978
2614,524.1,0.0504623800516129
2615,524.3,0.112684093415737
2616,524.4,0.11256992816925
2617,524.6,0.106747344136238
2618,524.8,0.146135404706001
2619,525.1,0.0880237445235252
2620,525.2,0.135403588414192
2621,525.5,0.0758077427744865
2622,525.6,0.0403014048933983
2623,525.8,0.0528599172830582
2624,526.0,0.134490236639977
2625,526.2,0.15686722099781
2626,526.4,0.120219200849533
2627,526.6,0.097157210111618
2628,526.7,0.10149560123682
2629,526.9,0.0974997133016586
2630,527.2,0.0994405746459961
2631,527.3,0.0174677483737469
2632,527.5,0.184495940804482
2633,527.6,0.125927612185478
2634,527.9,0.153784677386284
2635,528.0,0.0426989383995533
2636,528.2,0.0844845324754715
2637,528.4,0.0806028097867966
2638,528.6,0.203676223754883
2639,528.8,0.0909921228885651
2640,529.0,0.140084490180016
2641,529.2,0.0376755334436893
2642,529.4,0.0726110264658928
2643,529.6,0.166799858212471
2644,529.7,0.0178102515637875
2645,529.9,0.252996921539307
2646,530.0,0.0396163947880268
2647,530.2,0.137001946568489
2648,530.4,0.126041784882545
2649,530.6,0.186893478035927
2650,530.8,0.24957187473774
2651,530.9,0.0770635902881622
2652,531.1,0.0919054672122002
2653,531.3,0.171480759978294
2654,531.5,0.0778627693653107
2655,531.7,0.155839711427689
2656,531.8,0.118164174258709
2657,532.1,0.121246717870235
2658,532.2,0.0178102515637875
2659,532.4,0.133006051182747
2660,532.6,0.292042464017868
2661,532.7,0.0472656711935997
2662,532.9,0.253225266933441
2663,533.0,0.125585108995438
2664,533.2,0.320927053689957
2665,533.3,0.141454502940178
2666,533.5,0.17387829720974
2667,533.6,0.160520613193512
2668,533.9,0.231076613068581
2669,534.0,0.074095219373703
2670,534.2,0.145336225628853
2671,534.4,0.227994069457054
2672,534.5,0.0579974874854088
2673,534.7,0.437264531850815
2674,534.8,0.369448572397232
2675,535.0,1.34684324264526
2676,535.1,1.8866308927536
2677,535.3,0.466834127902985
2678,535.4,0.41785591840744
2679,535.7,0.162689805030823
2680,535.9,0.465920776128769
2681,536.1,0.867678940296173
2682,536.2,0.536476790904999
2683,536.3,0.284507364034653
2684,536.6,0.191802710294724
2685,536.7,0.142025351524353
2686,536.9,0.347414076328278
2687,537.0,0.149560451507568
2688,537.1,0.398789823055267
2689,537.3,0.177417516708374
2690,537.6,0.204018726944923
2691,537.7,0.104007303714752
2692,537.9,0.176161661744118
2693,538.1,0.148875445127487
2694,538.2,0.0269437152892351
2695,538.3,0.233359977602959
2696,538.5,0.152300491929054
2697,538.8,0.12181755900383
2698,539.0,0.17387829720974
2699,539.1,0.134604409337044
2700,539.3,0.0432697795331478
2701,539.5,0.0871104001998901
2702,539.6,0.0775202661752701
2703,539.9,0.120219200849533
2704,540.0,0.105034820735455
2705,540.3,0.137116104364395
2706,540.4,0.116223312914371
2707,540.6,0.0778627693653107
2708,540.7,0.0586824975907803
2709,541.0,0.154241353273392
2710,541.1,0.0903071090579033
2711,541.4,0.14693458378315
2712,541.6,0.136773601174355
2713,541.8,0.0761502459645271
2714,541.9,0.306998521089554
2715,542.1,0.0457814820110798
2716,542.3,0.214636370539665
2717,542.5,0.159493088722229
2718,542.7,0.121703393757343
2719,542.9,0.103550635278225
2720,543.0,0.205502912402153
2721,543.3,0.0782052725553513
2722,543.5,0.274917215108871
2723,543.7,0.586824953556061
2724,543.8,0.310537725687027
2725,544.1,0.165886521339417
2726,544.2,0.0603950209915638
2727,544.5,0.306313514709473
2728,544.7,0.629980564117432
2729,544.8,0.222285643219948
2730,544.9,0.308254361152649
2731,545.1,0.0731818675994873
2732,545.3,0.145792901515961
2733,545.4,0.0172394104301929
2734,545.6,0.32035619020462
2735,545.8,0.184153437614441
2736,546.0,0.176732510328293
2737,546.1,0.0796894654631615
2738,546.4,0.377782851457596
2739,546.6,1.20881378650665
2740,546.7,1.22719490528107
2741,546.9,0.465692430734634
2742,547.1,0.176960840821266
2743,547.4,0.263272076845169
2744,547.5,0.24511930346489
2745,547.8,0.21041214466095
2746,547.9,0.287475734949112
2747,548.1,0.0737527087330818
2748,548.3,0.109487384557724
2749,548.5,0.254252761602402
2750,548.7,0.368877738714218
2751,548.8,0.363283485174179
2752,549.0,1.63751566410065
2753,549.2,3.87818241119385
2754,549.3,3.29775094985962
2755,549.5,0.666286110877991
2756,549.7,0.109601549804211
2757,549.9,0.318757861852646
