#"+ Scan (rt: 4.980-55.035 min, 8759 scans) PS_020822.D "
#Point,X(Thompsons),Y(Counts)
0,50.2,5652.93408203125
1,50.3,11.2032194137573
2,50.5,0.180614218115807
3,50.7,0.169996574521065
4,50.9,7.18460988998413
5,51.1,5676.84375
6,51.2,6319.64013671875
7,51.4,0.502568781375885
8,51.6,0.019636943936348
9,51.8,2.10834574699402
10,52.0,65.8715591430664
11,52.2,3467.56005859375
12,52.3,14.4505081176758
13,52.5,0.364767670631409
14,52.7,0.273318886756897
15,52.9,10.1306085586548
16,53.1,452.803283691406
17,53.2,474.945892333984
18,53.4,1.09498798847198
19,53.6,0.140655323863029
20,53.8,1.58819496631622
21,54.0,25.7426643371582
22,54.1,51.6963119506836
23,54.2,80.7819366455078
24,54.4,2.05754089355469
25,54.6,0.0514898970723152
26,54.8,0.988697350025177
27,55.0,65.8683624267578
28,55.1,406.400604248047
29,55.3,22.9040985107422
30,55.4,1.78296613693237
31,55.7,0.873273193836212
32,55.9,9.48133373260498
33,56.1,106.286674499512
34,56.2,84.3091659545898
35,56.4,5.28713321685791
36,56.6,0.370133578777313
37,56.8,1.98881149291992
38,57.0,45.2252540588379
39,57.2,230.789703369141
40,57.3,67.6377410888672
41,57.5,15.8535223007202
42,57.7,92.0647354125977
43,57.8,124.275604248047
44,58.1,482.520141601563
45,58.2,40.1811866760254
46,58.4,3.97956395149231
47,58.7,2.12410092353821
48,58.9,11.7454051971436
49,59.1,85.8305740356445
50,59.2,44.1327781677246
51,59.4,2.37732625007629
52,59.6,0.518552362918854
53,59.8,2.70316243171692
54,60.0,28.0267162322998
55,60.2,117.503143310547
56,60.3,4.22057294845581
57,60.4,0.919853866100311
58,60.7,0.702934145927429
59,60.9,10.1058340072632
60,61.1,571.053405761719
61,61.2,214.554397583008
62,61.4,1.18301177024841
63,61.7,0.729535341262817
64,61.9,13.3282337188721
65,62.1,1234.2333984375
66,62.2,735.1923828125
67,62.4,1.0496631860733
68,62.5,0.406324923038483
69,62.8,2.09681463241577
70,63.0,92.4421768188477
71,63.1,3772.42553710938
72,63.2,1682.75024414063
73,63.4,1.37983787059784
74,63.7,1.15172970294952
75,63.9,28.4394340515137
76,64.1,601.893798828125
77,64.2,441.448791503906
78,64.4,2.38155031204224
79,64.7,0.944628357887268
80,64.9,11.2654409408569
81,65.1,4480.72802734375
82,65.2,993.9892578125
83,65.4,1.17216575145721
84,65.7,0.932412385940552
85,65.9,11.8288621902466
86,66.1,278.327423095703
87,66.2,158.136093139648
88,66.4,1.67507708072662
89,66.5,0.710811734199524
90,66.8,3.31476187705994
91,67.0,55.3276634216309
92,67.1,187.100921630859
93,67.3,27.0744380950928
94,67.5,4.17833089828491
95,67.8,5.07672119140625
96,68.0,36.7842216491699
97,68.1,57.1632614135742
98,68.3,16.1918029785156
99,68.5,2.63637399673462
100,68.8,3.75704979896545
101,69.0,52.9005584716797
102,69.2,161.508392333984
103,69.3,51.7650413513184
104,69.6,131.330749511719
105,69.7,36.9493103027344
106,69.9,24.3332576751709
107,70.1,67.0363082885742
108,70.2,59.2315330505371
109,70.4,8.88605976104736
110,70.7,3.37310194969177
111,70.9,13.2857627868652
112,71.1,103.653839111328
113,71.2,76.1742172241211
114,71.4,3.41157674789429
115,71.6,1.05628490447998
116,71.9,5.14305305480957
117,72.1,22.7037334442139
118,72.2,22.4373779296875
119,72.4,0.965977847576141
120,72.6,0.125356778502464
121,72.8,1.0947597026825
122,73.0,97.7825088500977
123,73.1,1484.41674804688
124,73.3,9.7868480682373
125,73.4,0.75122731924057
126,73.7,0.295695841312408
127,73.9,18.5583972930908
128,74.1,3350.36596679688
129,74.2,293.858428955078
130,74.4,1.5931042432785
131,74.6,0.0711268410086632
132,74.9,14.8876581192017
133,75.1,2297.48413085938
134,75.2,983.752380371094
135,75.4,0.394793927669525
136,75.6,0.391597211360931
137,75.8,3.15618228912354
138,76.0,119.799751281738
139,76.1,4140.34814453125
140,76.3,17.838451385498
141,76.5,0.71012669801712
142,76.8,0.680899620056152
143,77.0,143.644714355469
144,77.1,16564.544921875
145,77.3,4.59892702102661
146,77.6,0.17056742310524
147,77.8,0.186550974845886
148,78.0,87.0993270874023
149,78.2,23919.798828125
150,78.3,9.44057559967041
151,78.5,0.0492065288126469
152,78.7,0.308368533849716
153,78.9,14.4893255233765
154,79.1,2676.70141601563
155,79.2,2052.9443359375
156,79.4,0.396163940429688
157,79.6,0.19488525390625
158,79.8,1.76469922065735
159,80.0,28.7040748596191
160,80.1,259.246490478516
161,80.3,9.85591983795166
162,80.5,0.58956503868103
163,80.7,0.759104907512665
164,80.9,28.834114074707
165,81.1,282.142364501953
166,81.2,129.047943115234
167,81.4,16.376184463501
168,81.6,37.2077865600586
169,81.8,54.7484855651855
170,82.0,66.5311126708984
171,82.2,111.433151245117
172,82.4,107.21509552002
173,82.6,756.74072265625
174,82.7,156.479736328125
175,83.0,91.7362747192383
176,83.1,115.118507385254
177,83.3,22.4628391265869
178,83.5,2.21863222122192
179,83.8,8.25596523284912
180,84.0,39.0255737304688
181,84.1,99.2544784545898
182,84.3,11.8551206588745
183,84.6,0.862655580043793
184,84.8,3.10126733779907
185,85.0,49.2347297668457
186,85.1,211.26806640625
187,85.2,69.3471832275391
188,85.4,2.54538178443909
189,85.7,1.00536596775055
190,85.9,14.5980138778687
191,86.1,503.241241455078
192,86.2,79.8006591796875
193,86.4,1.16485905647278
194,86.7,1.0792328119278
195,86.8,3.14191126823425
196,87.0,87.9432601928711
197,87.1,1013.72485351563
198,87.3,12.3716173171997
199,87.4,3.57015633583069
200,87.7,2.61981964111328
201,87.9,26.4895534515381
202,88.1,903.965637207031
203,88.2,278.959136962891
204,88.4,4.79666614532471
205,88.6,0.616394579410553
206,88.8,4.83708190917969
207,89.0,127.453475952148
208,89.1,5149.123046875
209,89.3,14.0212354660034
210,89.6,1.60931611061096
211,89.8,11.2992353439331
212,90.0,139.106292724609
213,90.1,219.642990112305
214,90.2,126.323440551758
215,90.4,1.00422418117523
216,90.6,0.0603950209915638
217,90.8,0.80774062871933
218,91.0,81.0461273193359
219,91.1,49986.84375
220,91.3,7.26304388046265
221,91.4,0.198881149291992
222,91.7,0.0267153792083263
223,91.9,10.0453252792358
224,92.1,4203.1572265625
225,92.2,1214.88342285156
226,92.4,0.963009476661682
227,92.7,0.465007424354553
228,92.9,8.87315940856934
229,93.1,207.960845947266
230,93.2,155.914596557617
231,93.4,11.0357351303101
232,93.6,19.4745979309082
233,93.8,30.0095901489258
234,94.0,43.3920555114746
235,94.1,61.0573120117188
236,94.4,53.638427734375
237,94.6,338.482818603516
238,94.7,725.386352539063
239,95.0,103.944969177246
240,95.2,113.910835266113
241,95.3,91.952392578125
242,95.6,180.869613647461
243,95.8,59.6447067260742
244,96.0,282.601898193359
245,96.1,817.190185546875
246,96.3,32.4054107666016
247,96.6,8.50439548492432
248,96.7,7.29169988632202
249,96.9,53.7648124694824
250,97.0,61.2942123413086
251,97.1,254.382690429688
252,97.3,24.1372299194336
253,97.5,3.72827959060669
254,97.8,6.78502130508423
255,97.9,15.7538528442383
256,98.1,625.330505371094
257,98.2,45.2281074523926
258,98.4,2.2592761516571
259,98.7,0.795182108879089
260,98.8,1.76812422275543
261,99.0,42.5066795349121
262,99.1,265.132781982422
263,99.3,10.5920763015747
264,99.4,4.24648952484131
265,99.6,0.985272288322449
266,99.8,6.19442844390869
267,100.0,51.0913352966309
268,100.2,349.696441650391
269,100.3,31.4571304321289
270,100.5,1.97111546993256
271,100.7,2.36682271957397
272,100.9,24.9873275756836
273,101.1,1490.02319335938
274,101.2,624.124206542969
275,101.4,7.68946218490601
276,101.7,5.61331224441528
277,101.9,56.224681854248
278,102.1,3200.24194335938
279,102.2,3173.28759765625
280,102.4,3.9861855506897
281,102.7,2.60874533653259
282,102.8,3.18917679786682
283,103.0,127.401985168457
284,103.2,30006.345703125
285,103.3,10.5964155197144
286,103.4,1.12353003025055
287,103.6,0.109715722501278
288,103.8,2.72040176391602
289,103.9,12.1495609283447
290,104.1,11538.080078125
291,104.2,32632.55859375
292,104.4,0.212124675512314
293,104.5,0.108231529593468
294,104.8,1.24192261695862
295,105.0,87.6496200561523
296,105.2,28163.822265625
297,105.3,10.9059257507324
298,105.4,1.52517414093018
299,105.7,0.826350033283234
300,105.9,12.8956499099731
301,106.0,34.7704086303711
302,106.2,10005.5498046875
303,106.3,26.360315322876
304,106.6,9.49469089508057
305,106.8,15.9888114929199
306,106.9,14.8487272262573
307,107.1,353.858306884766
308,107.2,517.876586914063
309,107.4,26.6596641540527
310,107.6,9.89850425720215
311,107.8,32.6827278137207
312,108.0,56.7789688110352
313,108.1,57.4784774780273
314,108.2,57.2893028259277
315,108.4,3.97145795822144
316,108.5,5.09418869018555
317,108.8,9.48213291168213
318,109.0,46.5073623657227
319,109.1,130.737075805664
320,109.3,16.0603942871094
321,109.4,6.40267133712769
322,109.6,1.329261302948
323,109.8,7.0214638710022
324,110.0,55.1527557373047
325,110.1,160.614227294922
326,110.3,13.2857627868652
327,110.6,2.29717993736267
328,110.8,5.93446731567383
329,111.0,47.4941215515137
330,111.1,144.504058837891
331,111.3,14.884690284729
332,111.6,2.13471865653992
333,111.8,4.88971328735352
334,112.0,29.5756359100342
335,112.1,70.7871932983398
336,112.3,12.8945083618164
337,112.5,1.09966886043549
338,112.7,2.90067362785339
339,112.9,21.7594470977783
340,113.1,416.835266113281
341,113.2,80.3272094726563
342,113.4,2.42059588432312
343,113.6,1.96300947666168
344,113.8,6.71172523498535
345,114.0,44.0309410095215
346,114.2,212.363632202148
347,114.3,5.74483394622803
348,114.4,1.40472662448883
349,114.6,0.15686722099781
350,114.8,0.894280195236206
351,115.0,101.382118225098
352,115.1,20014.791015625
353,115.3,6.28564882278442
354,115.4,0.452905595302582
355,115.7,0.327662974596024
356,115.9,11.21018409729
357,116.1,5033.72607421875
358,116.2,1022.03448486328
359,116.4,1.42744600772858
360,116.6,0.197739467024803
361,116.8,2.06998515129089
362,117.0,67.384635925293
363,117.2,17018.044921875
364,117.3,13.0508050918579
365,117.5,0.556456208229065
366,117.8,2.83605432510376
367,118.0,57.2215995788574
368,118.2,8780.705078125
369,118.3,22.5361347198486
370,118.5,1.36967694759369
371,118.6,2.27012205123901
372,118.9,19.7257671356201
373,119.1,1200.45568847656
374,119.2,2411.927734375
375,119.4,7.29021596908569
376,119.7,7.96152544021606
377,119.9,17.7866191864014
378,120.1,391.386688232422
379,120.2,1311.6787109375
380,120.4,2.95775771141052
381,120.6,0.568101406097412
382,120.8,3.55919623374939
383,121.0,31.6684551239014
384,121.2,179.224792480469
385,121.3,10.3378238677979
386,121.4,1.79837882518768
387,121.7,1.0231761932373
388,121.9,10.3986759185791
389,122.1,74.0959014892578
390,122.2,25.0347080230713
391,122.4,1.24272179603577
392,122.6,0.600867688655853
393,122.7,0.487841069698334
394,122.9,6.21006965637207
395,123.0,16.0446395874023
396,123.1,35.3624839782715
397,123.3,6.58568334579468
398,123.5,0.51272976398468
399,123.7,1.26018953323364
400,123.9,6.35038232803345
401,124.1,26.7915287017822
402,124.2,16.1573238372803
403,124.4,3.96780443191528
404,124.6,0.794953763484955
405,124.8,8.04030132293701
406,125.0,59.5585098266602
407,125.1,136.478134155273
408,125.3,21.0600528717041
409,125.6,3.95650196075439
410,125.8,9.75510883331299
411,126.0,105.151504516602
412,126.1,764.063232421875
413,126.3,25.6335201263428
414,126.6,3.88286328315735
415,126.8,9.03870296478271
416,126.9,15.468204498291
417,127.1,1829.94384765625
418,127.2,222.777252197266
419,127.4,2.24968600273132
420,127.7,0.985614776611328
421,127.9,11.6692543029785
422,128.0,64.8268051147461
423,128.1,5739.076171875
424,128.3,10.9472541809082
425,128.5,0.14876127243042
426,128.7,0.336682260036469
427,128.9,8.29649543762207
428,129.1,6906.8486328125
429,129.2,1203.66137695313
430,129.4,1.27925562858582
431,129.7,0.53602010011673
432,129.9,9.35826015472412
433,130.1,2884.53540039063
434,130.2,1509.63928222656
435,130.4,4.07500839233398
436,130.7,2.80694150924683
437,130.9,9.95558834075928
438,131.1,957.113037109375
439,131.2,1246.31726074219
440,131.4,13.5131864547729
441,131.7,14.4952621459961
442,131.9,27.3418197631836
443,132.1,333.096588134766
444,132.2,766.522521972656
445,132.4,7.5359058380127
446,132.5,9.73855495452881
447,132.8,12.4321269989014
448,133.0,218.017700195313
449,133.1,747.894836425781
450,133.3,16.2263965606689
451,133.6,1.59869849681854
452,133.8,11.7964382171631
453,134.0,66.991096496582
454,134.1,80.449821472168
455,134.2,91.9183731079102
456,134.4,4.06461906433105
457,134.7,2.48258924484253
458,134.9,20.2724056243896
459,135.1,86.3570022583008
460,135.2,34.1545829772949
461,135.4,1.51135969161987
462,135.6,0.834455966949463
463,135.8,2.38177871704102
464,136.0,8.45747184753418
465,136.1,10.3899984359741
466,136.3,2.53624844551086
467,136.4,1.55394446849823
468,136.7,1.31761622428894
469,136.9,17.1042346954346
470,137.0,39.7001953125
471,137.1,139.799865722656
472,137.3,10.4261903762817
473,137.4,2.89017009735107
474,137.7,1.7251969575882
475,137.9,16.4021015167236
476,138.1,142.511474609375
477,138.2,74.7591018676758
478,138.4,7.57403802871704
479,138.7,4.17490577697754
480,138.9,23.1473903656006
481,139.1,883.022583007813
482,139.2,122.492980957031
483,139.3,11.9450855255127
484,139.5,0.613426208496094
485,139.7,1.51330065727234
486,139.9,13.9385776519775
487,140.1,110.531455993652
488,140.2,54.5207214355469
489,140.4,2.54332685470581
490,140.7,1.20230615139008
491,140.9,11.580774307251
492,141.1,783.197082519531
493,141.2,303.64208984375
494,141.3,12.5660467147827
495,141.6,0.494348675012589
496,141.8,2.38851475715637
497,142.0,44.3684196472168
498,142.1,517.841552734375
499,142.3,14.4921798706055
500,142.5,0.832629323005676
501,142.8,2.1987669467926
502,143.0,36.279598236084
503,143.2,1067.87487792969
504,143.3,19.3732166290283
505,143.6,3.71058344841003
506,143.8,5.53955936431885
507,143.9,7.14259624481201
508,144.1,182.581344604492
509,144.2,215.006164550781
510,144.4,13.798150062561
511,144.7,13.1540126800537
512,144.9,17.9301280975342
513,145.1,217.367614746094
514,145.2,503.949981689453
515,145.4,3.97100114822388
516,145.6,0.967804551124573
517,145.8,4.37846803665161
518,146.0,25.1534423828125
519,146.2,216.134262084961
520,146.3,11.9946336746216
521,146.4,2.69939494132996
522,146.7,2.49126601219177
523,146.9,36.7145805358887
524,147.1,226.177536010742
525,147.2,113.332572937012
526,147.4,1.82646417617798
527,147.5,1.17513418197632
528,147.8,4.79666614532471
529,148.0,27.3667087554932
530,148.2,155.784912109375
531,148.3,9.1315221786499
532,148.6,1.22125816345215
533,148.8,8.30300235748291
534,149.0,94.7108154296875
535,149.1,209.347412109375
536,149.3,10.8479280471802
537,149.4,2.23358821868896
538,149.7,0.972028791904449
539,149.9,16.7402667999268
540,150.1,619.001831054688
541,150.2,81.9833297729492
542,150.4,1.84758532047272
543,150.7,0.941203355789185
544,150.9,16.0031967163086
545,151.1,1041.49230957031
546,151.2,165.525054931641
547,151.4,1.70681583881378
548,151.6,0.111542411148548
549,151.8,1.99429154396057
550,152.0,79.7170944213867
551,152.1,2657.25830078125
552,152.3,7.20904207229614
553,152.4,1.03504967689514
554,152.7,0.43703618645668
555,152.9,12.6957416534424
556,153.1,766.195556640625
557,153.2,229.735580444336
558,153.4,0.92316472530365
559,153.6,0.633177280426025
560,153.8,2.64950346946716
561,154.0,38.9102630615234
562,154.1,340.829193115234
563,154.3,11.4377212524414
564,154.5,1.35369336605072
565,154.8,4.41717100143433
566,155.0,37.2193183898926
567,155.1,248.254592895508
568,155.3,13.9341249465942
569,155.5,0.82543671131134
570,155.7,1.9797922372818
571,155.9,9.1867790222168
572,156.1,98.2988891601563
573,156.2,76.4836196899414
574,156.4,2.05080485343933
575,156.6,1.52996921539307
576,156.8,2.75168395042419
577,156.9,4.83833789825439
578,157.1,51.6646881103516
579,157.2,42.6386566162109
580,157.3,7.9796781539917
581,157.6,0.907067000865936
582,157.7,0.391140550374985
583,157.9,3.48304605484009
584,158.1,19.7020206451416
585,158.2,24.9627819061279
586,158.4,1.15355634689331
587,158.7,0.494805335998535
588,158.9,3.79609537124634
589,159.1,29.0151844024658
590,159.2,36.1566390991211
591,159.4,0.87441486120224
592,159.6,0.125014275312424
593,159.8,1.02363288402557
594,160.0,4.33725309371948
595,160.2,10.6606922149658
596,160.3,3.04349803924561
597,160.5,0.851809561252594
598,160.8,5.38954210281372
599,161.0,46.8965644836426
600,161.1,63.3608856201172
601,161.3,4.44639778137207
602,161.6,0.606119394302368
603,161.8,4.36088609695435
604,162.0,36.6875228881836
605,162.1,152.30094909668
606,162.3,7.16223335266113
607,162.5,0.717205166816711
608,162.7,1.86790728569031
609,162.9,34.9899520874023
610,163.1,992.002990722656
611,163.2,115.413970947266
612,163.4,2.2360999584198
613,163.7,3.26281547546387
614,163.9,13.4735698699951
615,164.1,621.656494140625
616,164.2,317.373901367188
617,164.4,0.891083478927612
618,164.6,0.66925448179245
619,164.7,0.683753848075867
620,164.9,13.9434871673584
621,165.1,8403.29296875
622,165.2,637.993408203125
623,165.4,0.27685809135437
624,165.7,0.549035251140594
625,165.9,7.29090070724487
626,166.1,2054.87377929688
627,166.2,464.316009521484
628,166.4,0.942230820655823
629,166.6,0.130494341254234
630,166.8,1.32069873809814
631,167.0,40.6984825134277
632,167.1,2175.26879882813
633,167.3,11.8439321517944
634,167.5,0.226053208112717
635,167.7,0.261673718690872
636,167.8,0.916314661502838
637,168.0,24.979564666748
638,168.1,216.506790161133
639,168.2,348.380981445313
640,168.4,1.64413750171661
641,168.6,0.139741986989975
642,168.8,1.10606229305267
643,169.0,12.7414093017578
644,169.1,42.7246246337891
645,169.2,68.2906723022461
646,169.4,1.3385089635849
647,169.5,0.723598599433899
648,169.8,1.79780793190002
649,169.9,2.89370942115784
650,170.1,15.4803056716919
651,170.2,8.80625629425049
652,170.3,5.11942005157471
653,170.6,0.843132793903351
654,170.8,1.13882863521576
655,170.9,1.56547546386719
656,171.1,5.70658731460571
657,171.3,4.65806579589844
658,171.4,0.415115892887115
659,171.6,0.481219321489334
660,171.8,0.677588760852814
661,172.0,1.5916200876236
662,172.1,2.68946218490601
663,172.3,0.933782398700714
664,172.6,0.285534888505936
665,172.8,0.776915192604065
666,173.0,5.24706029891968
667,173.2,10.6547546386719
668,173.3,2.32595038414001
669,173.6,0.289302438497543
670,173.7,0.371046930551529
671,173.9,7.73387384414673
672,174.1,159.108459472656
673,174.2,28.9820747375488
674,174.4,0.803173899650574
675,174.5,0.431213617324829
676,174.7,0.641054928302765
677,174.9,9.35346508026123
678,175.1,202.459075927734
679,175.2,68.6721115112305
680,175.4,1.29067242145538
681,175.7,0.670510351657867
682,175.9,16.6852378845215
683,176.1,1736.03173828125
684,176.2,215.688095092773
685,176.4,0.825893342494965
686,176.7,1.02922713756561
687,176.9,27.0599384307861
688,177.1,903.074523925781
689,177.2,566.776672363281
690,177.4,1.04247057437897
691,177.6,0.141226172447205
692,177.8,2.39673471450806
693,178.0,53.8569488525391
694,178.1,13561.4912109375
695,178.3,6.28918838500977
696,178.4,0.629866421222687
697,178.6,0.124900102615356
698,178.8,3.69973731040955
699,179.0,69.3080291748047
700,179.2,11693.4794921875
701,179.3,9.59572982788086
702,179.6,0.24991437792778
703,179.8,2.20687294006348
704,180.0,40.5376167297363
705,180.1,1176.45361328125
706,180.2,5087.28173828125
707,180.4,1.0139285326004
708,180.6,0.37835368514061
709,180.8,1.40609657764435
710,181.0,26.7902736663818
711,181.2,2748.40649414063
712,181.3,12.0659894943237
713,181.6,0.276173084974289
714,181.8,1.53111088275909
715,182.0,23.2703514099121
716,182.2,2217.6728515625
717,182.3,12.0617647171021
718,182.4,1.39410889148712
719,182.6,0.226966544985771
720,182.8,0.835141003131866
721,183.0,7.64619255065918
722,183.1,18.2645282745361
723,183.2,289.85888671875
724,183.4,1.09841310977936
725,183.7,0.265555441379547
726,183.9,1.66263270378113
727,184.1,6.97545385360718
728,184.2,18.403356552124
729,184.4,0.413175016641617
730,184.5,0.336568087339401
731,184.7,0.321954548358917
732,184.9,2.34901237487793
733,185.1,10.4154586791992
734,185.2,6.52060747146606
735,185.5,0.658522665500641
736,185.6,0.308368533849716
737,185.8,1.1366593837738
738,185.9,2.8059139251709
739,186.1,27.6517868041992
740,186.2,12.4926357269287
741,186.4,0.913802921772003
742,186.7,0.515013158321381
743,186.9,11.2300491333008
744,187.1,401.097503662109
745,187.2,61.5011978149414
746,187.3,6.3167028427124
747,187.6,0.506450533866882
748,187.7,0.22445484995842
749,187.9,8.9126615524292
750,188.1,266.877044677734
751,188.2,184.69140625
752,188.4,0.662404358386993
753,188.7,0.334627240896225
754,188.9,8.89964580535889
755,189.1,5008.623046875
756,189.2,491.248779296875
757,189.4,0.431784451007843
758,189.6,0.167484879493713
759,189.8,1.23941087722778
760,190.0,41.3246955871582
761,190.2,2865.3623046875
762,190.3,10.1936292648315
763,190.5,0.270807176828384
764,190.8,3.3402214050293
765,191.0,216.006286621094
766,191.2,12202.6826171875
767,191.3,4.96700525283813
768,191.6,0.349583297967911
769,191.8,2.79015874862671
770,192.0,68.708984375
771,192.2,13878.5400390625
772,192.3,10.2259387969971
773,192.4,1.0294554233551
774,192.6,0.367279380559921
775,192.8,5.31556129455566
776,193.0,180.781600952148
777,193.2,18002.529296875
778,193.3,8.10206604003906
779,193.5,0.134490236639977
780,193.7,0.939376652240753
781,193.9,13.8091106414795
782,194.0,38.9079818725586
783,194.2,10392.349609375
784,194.3,16.9616394042969
785,194.6,0.260874539613724
786,194.8,3.01860952377319
787,195.0,32.5048522949219
788,195.2,3146.0576171875
789,195.3,20.128324508667
790,195.5,0.0806028097867966
791,195.7,0.486471056938171
792,195.9,3.05891084671021
793,196.1,116.035163879395
794,196.2,933.685607910156
795,196.4,1.33348560333252
796,196.5,0.293069988489151
797,196.8,0.877383291721344
798,197.0,8.81995677947998
799,197.1,23.7515697479248
800,197.2,114.706474304199
801,197.4,1.21612060070038
802,197.7,0.251284390687943
803,197.9,3.10218071937561
804,198.1,27.0731811523438
805,198.2,11.8661947250366
806,198.3,3.96677708625793
807,198.5,0.207786276936531
808,198.7,0.610686123371124
809,198.9,3.64779090881348
810,199.1,42.9654083251953
811,199.2,22.4521064758301
812,199.4,0.843361139297485
813,199.6,0.143167033791542
814,199.8,2.21897482872009
815,199.9,9.22114372253418
816,200.1,595.914733886719
817,200.2,114.502914428711
818,200.4,1.09441721439362
819,200.7,0.494691163301468
820,200.9,8.50736427307129
821,201.1,477.050933837891
822,201.2,263.360198974609
823,201.4,1.08014619350433
824,201.6,0.449708878993988
825,201.7,0.0590250045061111
826,201.9,1.51809573173523
827,202.0,34.2774276733398
828,202.1,4540.0029296875
829,202.3,4.760817527771
830,202.5,0.0508048869669437
831,202.7,0.408608287572861
832,202.9,4.40575408935547
833,203.1,1581.11645507813
834,203.2,2894.07958984375
835,203.4,0.372416943311691
836,203.8,0.309738546609879
837,204.0,24.0106182098389
838,204.2,5356.31787109375
839,204.3,7.59401750564575
840,204.5,0.139741986989975
841,204.7,0.257221132516861
842,204.9,6.05034828186035
843,205.1,759.314086914063
844,205.2,5553.6318359375
845,205.4,0.452334731817245
846,205.7,0.269208818674088
847,205.9,3.19796776771545
848,206.1,440.5361328125
849,206.2,10789.685546875
850,206.4,0.77440345287323
851,206.7,0.241009250283241
852,206.9,12.7105836868286
853,207.1,5733.61279296875
854,207.2,18717.73828125
855,207.6,0.0577691532671452
856,207.8,2.84256196022034
857,208.0,113.779998779297
858,208.2,10275.8310546875
859,208.3,17.8632259368896
860,208.4,0.928188145160675
861,208.7,0.664573609828949
862,208.9,16.6245002746582
863,209.1,606.297180175781
864,209.2,27945.21484375
865,209.3,18.9401760101318
866,209.5,0.142253682017326
867,209.7,0.31932869553566
868,209.9,7.55542850494385
869,210.1,125.600982666016
870,210.2,8610.3740234375
871,210.4,1.50211215019226
872,210.6,0.507363855838776
873,210.8,2.7980363368988
874,211.0,30.7022495269775
875,211.1,63.1919174194336
876,211.2,1050.77758789063
877,211.4,1.29090082645416
878,211.6,0.225254029035568
879,211.8,1.04623818397522
880,212.0,8.39878940582275
881,212.2,77.6101150512695
882,212.3,11.9107208251953
883,212.5,0.307341009378433
884,212.7,0.37584200501442
885,212.9,9.28427886962891
886,213.0,23.4424018859863
887,213.1,116.206298828125
888,213.3,9.21828937530518
889,213.5,0.100924760103226
890,213.7,0.36282679438591
891,213.9,5.45975589752197
892,214.0,9.48487281799316
893,214.1,28.9220237731934
894,214.3,5.56033802032471
895,214.6,0.216805577278137
896,214.7,0.331544697284698
897,214.9,6.17707490921021
898,215.1,414.069519042969
899,215.2,299.452209472656
900,215.4,0.623929679393768
901,215.7,0.381207913160324
902,215.9,7.59253358840942
903,216.1,159.939270019531
904,216.2,133.841766357422
905,216.4,1.57346725463867
906,216.6,0.230391591787338
907,216.8,0.837881028652191
908,216.9,4.21703386306763
909,217.1,232.514785766602
910,217.2,306.686737060547
911,217.4,1.38166451454163
912,217.6,0.280853986740112
913,217.8,1.03402209281921
914,218.0,27.6488189697266
915,218.1,161.239074707031
916,218.2,411.981719970703
917,218.4,1.89336681365967
918,218.7,0.572553932666779
919,218.8,0.69985157251358
920,219.0,23.3120212554932
921,219.2,1140.87463378906
922,219.3,22.6530418395996
923,219.6,0.681242167949677
924,219.8,0.808197259902954
925,220.0,18.4360084533691
926,220.1,195.393646240234
927,220.2,1123.44763183594
928,220.4,1.23016321659088
929,220.5,0.399246484041214
930,220.8,1.69437146186829
931,221.0,27.1839256286621
932,221.2,1594.32897949219
933,221.3,42.2657852172852
934,221.5,0.475168406963348
935,221.8,0.89473682641983
936,222.0,12.1166801452637
937,222.2,1430.66577148438
938,222.3,49.3631706237793
939,222.6,0.512044727802277
940,222.8,3.73878288269043
941,223.0,28.7233695983887
942,223.2,2431.1875
943,223.3,43.9442863464355
944,223.4,2.07889032363892
945,223.7,0.488069415092468
946,223.8,0.682726323604584
947,224.0,11.8709897994995
948,224.1,51.7072715759277
949,224.2,1205.47692871094
950,224.4,1.67176616191864
951,224.7,0.467062443494797
952,224.9,5.06062316894531
953,225.1,42.0188369750977
954,225.2,186.487503051758
955,225.4,1.81379151344299
956,225.6,0.309624373912811
957,225.8,1.33896565437317
958,226.0,27.6683406829834
959,226.2,128.974426269531
960,226.3,12.3252658843994
961,226.5,0.21520721912384
962,226.7,0.637744009494781
963,226.8,1.10366475582123
964,227.0,17.0633640289307
965,227.1,35.1301536560059
966,227.2,32.2483177185059
967,227.4,1.27160632610321
968,227.7,0.463751584291458
969,227.9,6.31750202178955
970,228.1,94.7411804199219
971,228.2,77.2649841308594
972,228.4,1.33268642425537
973,228.5,0.554629504680634
974,228.7,0.313506096601486
975,228.9,5.37173175811768
976,229.1,74.8127670288086
977,229.2,71.5242614746094
978,229.4,1.61376869678497
979,229.6,0.492293626070023
980,229.8,1.18735015392303
981,230.0,20.6839828491211
982,230.2,164.990188598633
983,230.3,12.3262929916382
984,230.4,1.99566161632538
985,230.7,0.496289521455765
986,230.9,4.21851825714111
987,231.1,49.1749076843262
988,231.2,68.4104385375977
989,231.4,2.48544359207153
990,231.7,0.408608287572861
991,231.9,4.30848264694214
992,232.1,56.8234939575195
993,232.2,97.0913314819336
994,232.4,2.75647902488708
995,232.6,0.483845174312592
996,232.8,0.466948270797729
997,233.0,11.8526086807251
998,233.2,155.187240600586
999,233.3,19.4882984161377
1000,233.4,2.3461582660675
1001,233.7,0.521406531333923
1002,233.9,2.97887897491455
1003,234.1,58.9584426879883
1004,234.2,373.481567382813
1005,234.4,2.93069982528687
1006,234.6,0.272519707679749
1007,234.8,2.29078650474548
1008,235.0,18.4348678588867
1009,235.2,183.424362182617
1010,235.3,21.4398899078369
1011,235.5,0.369562745094299
1012,235.7,0.375499486923218
1013,235.9,3.47779417037964
1014,236.1,38.2136077880859
1015,236.2,73.206298828125
1016,236.3,26.1992244720459
1017,236.5,0.418084263801575
1018,236.7,0.848841190338135
1019,236.8,2.11496734619141
1020,237.0,20.3667087554932
1021,237.1,34.6676559448242
1022,237.2,77.3540344238281
1023,237.4,3.32526540756226
1024,237.7,0.693572342395782
1025,237.9,3.21943140029907
1026,238.0,6.50622224807739
1027,238.2,42.2459182739258
1028,238.3,19.1336917877197
1029,238.5,0.698709905147552
1030,238.8,1.76115989685059
1031,239.0,25.5464096069336
1032,239.1,111.08528137207
1033,239.3,10.516040802002
1034,239.5,0.29124328494072
1035,239.8,1.00901925563812
1036,240.0,13.0138139724731
1037,240.1,30.037446975708
1038,240.3,6.29615259170532
1039,240.5,0.185066789388657
1040,240.7,0.42710354924202
1041,240.9,3.58750987052917
1042,241.1,34.2511711120605
1043,241.2,25.0010280609131
1044,241.3,8.75910472869873
1045,241.5,0.119305856525898
1046,241.7,0.255851119756699
1047,241.9,2.71640586853027
1048,242.0,6.92430639266968
1049,242.2,31.8266925811768
1050,242.3,5.11382579803467
1051,242.6,0.305057644844055
1052,242.8,0.75887656211853
1053,243.0,7.10777473449707
1054,243.2,21.3436470031738
1055,243.3,5.21737623214722
1056,243.5,0.232332453131676
1057,243.7,0.234615817666054
1058,243.8,0.426875203847885
1059,244.0,4.24774503707886
1060,244.1,8.19454288482666
1061,244.2,18.7424354553223
1062,244.4,1.3152186870575
1063,244.6,0.356547564268112
1064,244.8,0.299120903015137
1065,245.0,2.61890625953674
1066,245.2,10.9527339935303
1067,245.3,3.14933204650879
1068,245.5,0.296152532100677
1069,245.7,0.187692657113075
1070,245.9,1.4922935962677
1071,246.0,2.82772016525269
1072,246.2,10.0196371078491
1073,246.3,4.13220691680908
1074,246.5,0.268409639596939
1075,246.8,0.472314178943634
1076,247.0,4.09909820556641
1077,247.2,12.8481559753418
1078,247.3,5.75099897384644
1079,247.5,0.261102855205536
1080,247.7,0.727251946926117
1081,247.9,3.37778282165527
1082,248.1,12.1930589675903
1083,248.2,7.24922943115234
1084,248.3,5.64516496658325
1085,248.5,0.867336452007294
1086,248.8,7.341477394104
1087,249.0,99.684326171875
1088,249.1,82.9132308959961
1089,249.3,3.97396969795227
1090,249.5,0.682041347026825
1091,249.8,5.03630542755127
1092,250.0,40.3769836425781
1093,250.1,66.8348007202148
1094,250.3,6.95125007629395
1095,250.6,0.847471177577972
1096,250.8,9.84598731994629
1097,251.0,85.5626220703125
1098,251.1,68.0196380615234
1099,251.3,5.09818458557129
1100,251.6,0.434752821922302
1101,251.8,3.59082078933716
1102,252.0,46.2743453979492
1103,252.1,190.131744384766
1104,252.3,9.540358543396
1105,252.4,0.716976821422577
1106,252.7,1.48647105693817
1107,252.9,14.7106971740723
1108,253.1,110.634315490723
1109,253.2,70.447883605957
1110,253.4,1.07911860942841
1111,253.6,0.0409864149987698
1112,253.8,1.35848844051361
1113,254.0,18.413631439209
1114,254.2,84.0613098144531
1115,254.3,6.75225496292114
1116,254.4,1.68489551544189
1117,254.7,0.547436892986298
1118,254.9,3.60041093826294
1119,255.1,35.995777130127
1120,255.2,31.5506343841553
1121,255.4,1.28610575199127
1122,255.7,0.279940634965897
1123,255.9,2.25939035415649
1124,256.1,25.9595851898193
1125,256.2,37.4218521118164
1126,256.4,1.52814245223999
1127,256.6,0.175819158554077
1128,256.8,0.159721434116364
1129,257.0,4.45724391937256
1130,257.2,17.5091896057129
1131,257.3,4.75819158554077
1132,257.4,1.19317269325256
1133,257.7,0.259047836065292
1134,257.9,1.04897820949554
1135,258.1,8.84587287902832
1136,258.2,13.9156293869019
1137,258.4,0.856147944927216
1138,258.6,0.301860928535461
1139,258.9,0.678958773612976
1140,259.0,1.14054119586945
1141,259.2,3.67404961585999
1142,259.3,1.69985163211823
1143,259.5,0.0480648465454578
1144,259.6,0.278913110494614
1145,259.9,0.506793022155762
1146,260.0,0.742436349391937
1147,260.2,1.38634550571442
1148,260.3,1.26407122612
1149,260.5,0.485101044178009
1150,260.8,0.473570048809052
1151,261.0,3.96574950218201
1152,261.1,3.96632027626038
1153,261.2,5.03002643585205
1154,261.4,0.577577352523804
1155,261.6,0.309738546609879
1156,261.9,0.912318766117096
1157,262.1,2.93652248382568
1158,262.2,2.94462847709656
1159,262.4,0.815618216991425
1160,262.7,0.456558972597122
1161,262.9,5.71377992630005
1162,263.1,55.9417724609375
1163,263.2,38.8566055297852
1164,263.4,0.838908553123474
1165,263.5,0.496632039546967
1166,263.8,0.755223214626312
1167,263.9,2.35677599906921
1168,264.1,16.9125461578369
1169,264.2,9.56342029571533
1170,264.3,5.18986177444458
1171,264.5,0.292841643095016
1172,264.7,0.813334882259369
1173,264.9,16.8776111602783
1174,265.1,265.438873291016
1175,265.2,111.41374206543
1176,265.4,0.740609645843506
1177,265.7,0.781596064567566
1178,265.9,10.6192483901978
1179,266.1,83.3450164794922
1180,266.2,47.695629119873
1181,266.3,13.7494010925293
1182,266.6,1.07489442825317
1183,266.8,8.11633777618408
1184,267.0,290.843811035156
1185,267.1,450.789459228516
1186,267.3,8.35278034210205
1187,267.5,0.142710357904434
1188,267.7,1.02568781375885
1189,267.9,23.4918365478516
1190,268.1,175.587966918945
1191,268.2,258.102508544922
1192,268.4,1.36305510997772
1193,268.6,0.611028671264648
1194,268.8,5.63203573226929
1195,269.0,64.1811828613281
1196,269.1,76.4440002441406
1197,269.2,113.967575073242
1198,269.4,1.25436699390411
1199,269.6,0.457472324371338
1200,269.8,1.62906730175018
1201,270.0,17.1391716003418
1202,270.2,54.8806953430176
1203,270.3,9.93366813659668
1204,270.4,2.06735920906067
1205,270.6,0.330060511827469
1206,270.8,2.22936415672302
1207,271.0,11.5843133926392
1208,271.2,19.1733074188232
1209,271.3,6.4299578666687
1210,271.6,0.51798152923584
1211,271.8,0.660577714443207
1212,272.0,3.56433391571045
1213,272.2,10.5849981307983
1214,272.3,3.46786165237427
1215,272.4,0.96906042098999
1216,272.6,0.255736947059631
1217,272.9,0.742208003997803
1218,273.1,1.88537502288818
1219,273.2,1.02157783508301
1220,273.4,1.34181988239288
1221,273.5,0.137915283441544
1222,273.7,0.366480201482773
1223,273.9,2.43680787086487
1224,274.1,12.3889713287354
1225,274.2,8.45187759399414
1226,274.4,0.588309168815613
1227,274.5,0.437607020139694
1228,274.8,0.643909096717834
1229,275.0,2.67724633216858
1230,275.1,1.89930355548859
1231,275.2,3.41271829605103
1232,275.4,0.594017565250397
1233,275.7,0.274460554122925
1234,275.9,4.20493221282959
1235,276.1,75.5680999755859
1236,276.2,58.1020660400391
1237,276.4,1.02660119533539
1238,276.7,0.619134604930878
1239,276.9,4.23564338684082
1240,277.1,51.4049530029297
1241,277.2,47.768009185791
1242,277.4,1.48898279666901
1243,277.7,0.410777479410172
1244,277.8,0.521749079227448
1245,278.0,19.2822246551514
1246,278.1,42.488525390625
1247,278.2,59.2391815185547
1248,278.4,1.3616851568222
1249,278.6,0.476766765117645
1250,278.9,2.92282223701477
1251,279.1,59.5526885986328
1252,279.2,86.9455413818359
1253,279.4,1.80248892307281
1254,279.7,0.332572221755981
1255,279.9,3.51044631004333
1256,280.1,51.7162933349609
1257,280.2,115.245002746582
1258,280.3,14.8916540145874
1259,280.6,0.255736947059631
1260,280.8,4.08254384994507
1261,281.0,194.706817626953
1262,281.1,2536.8193359375
1263,281.3,7.81207895278931
1264,281.5,0.0244320128113031
1265,281.7,0.69996577501297
1266,281.9,16.1707954406738
1267,282.1,679.626647949219
1268,282.2,269.759216308594
1269,282.4,1.44594132900238
1270,282.6,0.581116557121277
1271,282.9,17.88743019104
1272,283.0,91.3596267700195
1273,283.1,502.565032958984
1274,283.3,15.9888114929199
1275,283.5,0.221258133649826
1276,283.7,0.443429619073868
1277,283.9,11.8112802505493
1278,284.1,86.5760955810547
1279,284.2,68.6769027709961
1280,284.3,20.1102867126465
1281,284.5,0.667541980743408
1282,284.8,3.2358717918396
1283,285.0,53.4126052856445
1284,285.1,105.516723632813
1285,285.3,11.770977973938
1286,285.5,0.381322056055069
1287,285.7,0.561936318874359
1288,285.9,6.01107454299927
1289,286.1,24.1698818206787
1290,286.2,15.925106048584
1291,286.4,1.56753051280975
1292,286.5,0.661605179309845
1293,286.8,1.71503591537476
1294,287.0,11.5079345703125
1295,287.1,21.0940742492676
1296,287.3,5.58579730987549
1297,287.5,0.47174334526062
1298,287.8,0.591734230518341
1299,288.0,2.15926480293274
1300,288.1,2.28816080093384
1301,288.2,2.45107889175415
1302,288.4,0.701678276062012
1303,288.6,0.117821671068668
1304,288.8,1.98732733726501
1305,289.0,26.0148410797119
1306,289.2,108.718803405762
1307,289.3,11.4058685302734
1308,289.5,0.282452344894409
1309,289.8,0.905468642711639
1310,290.0,9.56547546386719
1311,290.2,37.5376167297363
1312,290.3,6.97511148452759
1313,290.5,0.273775547742844
1314,290.6,0.493206977844238
1315,290.9,3.8369677066803
1316,291.0,12.6055488586426
1317,291.2,83.7586517333984
1318,291.3,13.0617647171021
1319,291.5,0.386573821306229
1320,291.7,0.183696761727333
1321,291.9,2.9162003993988
1322,292.1,37.0412139892578
1323,292.2,60.5881958007813
1324,292.4,1.81744492053986
1325,292.7,0.487955242395401
1326,292.9,3.28861737251282
1327,293.1,46.3415908813477
1328,293.2,56.5264282226563
1329,293.4,1.99429154396057
1330,293.5,0.625528037548065
1331,293.7,0.0947596728801727
1332,293.9,2.52814245223999
1333,294.0,8.86094284057617
1334,294.2,108.922134399414
1335,294.3,23.9402904510498
1336,294.5,0.643566608428955
1337,294.8,1.50599384307861
1338,295.0,12.5932188034058
1339,295.2,219.457809448242
1340,295.3,24.9923515319824
1341,295.4,3.26155948638916
1342,295.6,0.391939729452133
1343,295.9,2.00331091880798
1344,296.0,8.4018726348877
1345,296.2,172.418533325195
1346,296.3,41.1173667907715
1347,296.6,0.444114625453949
1348,296.8,1.06633174419403
1349,297.0,7.08117341995239
1350,297.2,529.630432128906
1351,297.3,47.9944076538086
1352,297.5,0.562963783740997
1353,297.7,0.378924548625946
1354,297.9,1.53510677814484
1355,298.1,24.4716300964355
1356,298.2,359.748382568359
1357,298.3,50.4904670715332
1358,298.5,0.550062775611877
1359,298.7,0.169882401823997
1360,298.9,1.93560910224915
1361,299.1,20.8836631774902
1362,299.2,98.4307556152344
1363,299.4,2.64927506446838
1364,299.5,0.486242711544037
1365,299.8,0.49240779876709
1366,300.0,6.79769372940063
1367,300.2,56.7813682556152
1368,300.3,19.0254592895508
1369,300.4,2.47322750091553
1370,300.7,0.306998521089554
1371,300.9,1.01381433010101
1372,301.1,9.37196063995361
1373,301.2,14.0622215270996
1374,301.4,1.99897253513336
1375,301.6,0.360200941562653
1376,301.9,1.92795979976654
1377,302.0,5.94508504867554
1378,302.2,45.1020660400391
1379,302.3,7.38554620742798
1380,302.5,0.296609193086624
1381,302.8,0.435437828302383
1382,303.0,5.78536367416382
1383,303.2,31.5370483398438
1384,303.3,5.96666288375854
1385,303.5,0.396163940429688
1386,303.8,0.301518440246582
1387,304.0,5.32024192810059
1388,304.2,86.3117904663086
1389,304.3,6.45564556121826
1390,304.4,1.09190547466278
1391,304.7,0.149446278810501
1392,304.9,1.81002402305603
1393,305.1,21.7238273620605
1394,305.2,30.4542751312256
1395,305.3,8.66149139404297
1396,305.5,0.266925454139709
1397,305.7,0.289987444877625
1398,305.9,2.20618796348572
1399,306.1,64.0068511962891
1400,306.2,327.592651367188
1401,306.4,2.27914142608643
1402,306.7,0.288046568632126
1403,306.9,1.51501309871674
1404,307.1,28.5831718444824
1405,307.2,97.772575378418
1406,307.4,2.29695177078247
1407,307.6,0.29603835940361
1408,307.8,0.577577352523804
1409,308.0,8.30288887023926
1410,308.2,126.470146179199
1411,308.3,27.5440120697021
1412,308.4,4.4795069694519
1413,308.7,0.363283485174179
1414,308.9,2.03584885597229
1415,309.0,6.0170111656189
1416,309.2,61.6782722473145
1417,309.3,23.2787990570068
1418,309.5,0.414088368415833
1419,309.7,0.296609193086624
1420,309.9,1.56878638267517
1421,310.0,4.77143526077271
1422,310.2,222.026260375977
1423,310.3,76.5827178955078
1424,310.5,0.645850002765656
1425,310.8,0.696426510810852
1426,311.0,5.68626546859741
1427,311.2,341.873046875
1428,311.3,97.883430480957
1429,311.4,3.5838565826416
1430,311.7,0.218289762735367
1431,311.9,1.05411577224731
1432,312.0,2.11690831184387
1433,312.2,1775.306640625
1434,312.3,930.994750976563
1435,312.5,0.456444799900055
1436,312.8,0.449252188205719
1437,313.0,3.69699740409851
1438,313.2,566.566955566406
1439,313.3,348.680114746094
1440,313.5,0.36134260892868
1441,313.7,0.247631013393402
1442,313.9,1.0231761932373
1443,314.1,15.1995658874512
1444,314.2,94.1344909667969
1445,314.3,110.733299255371
1446,314.5,0.879095792770386
1447,314.7,0.09487384557724
1448,314.9,0.723941087722778
1449,315.0,2.54287028312683
1450,315.2,18.7301063537598
1451,315.3,14.3960494995117
1452,315.4,2.56673145294189
1453,315.6,0.257221132516861
1454,315.8,0.106519006192684
1455,316.0,0.881607472896576
1456,316.2,2.05891084671021
1457,316.3,1.3633975982666
1458,316.5,0.441602915525436
1459,316.7,0.0982988923788071
1460,316.9,0.654755115509033
1461,317.1,2.43258357048035
1462,317.2,3.0138144493103
1463,317.4,0.72051602602005
1464,317.6,0.0794611275196075
1465,317.8,0.203562051057816
1466,318.0,2.76663994789124
1467,318.1,4.22788000106812
1468,318.2,8.13677406311035
1469,318.4,0.729763686656952
1470,318.7,0.219888120889664
1471,318.8,0.197739467024803
1472,319.0,1.23792672157288
1473,319.2,3.68911981582642
1474,319.3,1.92487728595734
1475,319.5,0.136773601174355
1476,319.6,0.203676223754883
1477,319.9,1.56376302242279
1478,320.0,2.71389436721802
1479,320.2,13.102409362793
1480,320.3,5.26532697677612
1481,320.5,0.400045663118362
1482,320.7,0.0381322056055069
1483,320.9,0.684210538864136
1484,321.1,3.52574491500854
1485,321.2,3.93401074409485
1486,321.4,0.574494779109955
1487,321.5,0.449252188205719
1488,321.8,0.484301865100861
1489,322.0,5.34318971633911
1490,322.1,6.64059829711914
1491,322.3,18.0832290649414
1492,322.4,4.07603597640991
1493,322.7,0.421052634716034
1494,322.9,3.02260541915894
1495,323.1,13.6961984634399
1496,323.2,14.7398109436035
1497,323.4,1.58865165710449
1498,323.5,0.383262932300568
1499,323.8,0.516383171081543
1500,324.0,5.77291917800903
1501,324.2,35.3406791687012
1502,324.3,24.8699626922607
1503,324.5,1.13700199127197
1504,324.7,2.03904557228088
1505,324.9,21.0110740661621
1506,325.1,80.0283126831055
1507,325.2,48.9120903015137
1508,325.4,2.46900320053101
1509,325.5,0.683068871498108
1510,325.8,2.62198877334595
1511,326.0,16.7004222869873
1512,326.2,83.9762496948242
1513,326.3,68.1451110839844
1514,326.6,1.66388857364655
1515,326.8,13.6246147155762
1516,327.0,92.7596740722656
1517,327.1,81.3483276367188
1518,327.3,19.122615814209
1519,327.5,0.673478722572327
1520,327.7,1.39981734752655
1521,327.9,12.0622215270996
1522,328.1,28.7157211303711
1523,328.3,1445.21862792969
1524,328.4,4.0791187286377
1525,328.6,0.490238606929779
1526,328.8,3.14510798454285
1527,328.9,4.92179489135742
1528,329.1,17.1645164489746
1529,329.3,394.728179931641
1530,329.4,2.99360656738281
1531,329.5,0.614910364151001
1532,329.8,0.791985392570496
1533,330.0,1.74449133872986
1534,330.2,11.4679756164551
1535,330.3,42.3032302856445
1536,330.5,0.378810375928879
1537,330.6,0.198424473404884
1538,330.9,0.723598599433899
1539,331.1,3.32891893386841
1540,331.2,3.58111667633057
1541,331.4,0.996689140796661
1542,331.6,0.197967797517776
1543,331.9,0.500513732433319
1544,332.0,0.488069415092468
1545,332.2,1.94440007209778
1546,332.3,0.825322508811951
1547,332.4,0.491608619689941
1548,332.6,0.136545270681381
1549,332.9,0.381207913160324
1550,333.0,0.116908319294453
1551,333.1,0.823838353157043
1552,333.3,0.428131073713303
1553,333.5,0.0812878161668777
1554,333.6,0.161091446876526
1555,333.9,0.489325255155563
1556,334.1,1.02545952796936
1557,334.2,1.36134266853333
1558,334.4,0.672222852706909
1559,334.7,0.267267942428589
1560,334.8,0.177075013518333
1561,335.1,0.933896541595459
1562,335.2,1.66674280166626
1563,335.4,0.251170217990875
1564,335.5,0.268067121505737
1565,335.7,0.0639342367649078
1566,335.9,0.387030482292175
1567,336.1,1.56718802452087
1568,336.3,2.61045789718628
1569,336.4,0.743349671363831
1570,336.7,0.212010502815247
1571,336.9,0.170795753598213
1572,337.0,0.263728737831116
1573,337.2,1.8508962392807
1574,337.3,0.644023299217224
1575,337.4,0.438862890005112
1576,337.6,0.0941888317465782
1577,337.8,0.0430414415895939
1578,338.0,1.06872928142548
1579,338.2,36.4602127075195
1580,338.3,46.827033996582
1581,338.5,0.279826462268829
1582,338.7,0.601324379444122
1583,338.8,0.502568781375885
1584,339.0,5.74654626846313
1585,339.2,19.6423110961914
1586,339.3,15.3465003967285
1587,339.4,1.81904327869415
1588,339.7,0.230163261294365
1589,339.9,1.32743465900421
1590,340.1,7.17182350158691
1591,340.2,13.333028793335
1592,340.3,19.8159599304199
1593,340.5,1.02728617191315
1594,340.7,2.4271035194397
1595,340.8,8.33656787872314
1596,341.0,140.198196411133
1597,341.1,185.676452636719
1598,341.3,8.36362552642822
1599,341.6,0.850896239280701
1600,341.8,5.51101732254028
1601,341.9,13.1559534072876
1602,342.1,68.652587890625
1603,342.2,38.0730667114258
1604,342.3,149.755676269531
1605,342.5,0.687178909778595
1606,342.7,1.47014498710632
1607,342.9,12.1876926422119
1608,343.1,45.0578842163086
1609,343.3,56.7344436645508
1610,343.4,4.12843942642212
1611,343.7,0.480077624320984
1612,343.9,3.0605092048645
1613,344.0,3.94268751144409
1614,344.2,11.7850208282471
1615,344.3,5.46420812606812
1616,344.5,0.392510563135147
1617,344.7,0.563877165317535
1618,344.9,4.15424156188965
1619,345.0,2.68204140663147
1620,345.1,5.90307092666626
1621,345.3,1.09909808635712
1622,345.4,0.349240779876709
1623,345.6,0.101038932800293
1624,345.8,0.440232902765274
1625,346.0,1.33816647529602
1626,346.1,2.08927965164185
1627,346.3,0.325379610061646
1628,346.4,0.358716756105423
1629,346.7,0.208813786506653
1630,346.9,0.388172179460526
1631,347.0,0.635232329368591
1632,347.2,0.426989376544952
1633,347.4,0.104578144848347
1634,347.7,0.128439322113991
1635,347.8,0.0758077427744865
1636,348.0,0.369220227003098
1637,348.2,0.48727023601532
1638,348.3,0.131293520331383
1639,348.4,0.239410892128944
1640,348.6,0.0659892708063126
1641,348.8,0.11850667744875
1642,348.9,0.181070894002914
1643,349.0,0.201735362410545
1644,349.2,0.13323438167572
1645,349.4,0.278798937797546
1646,349.5,0.110172390937805
1647,349.8,0.156410545110703
1648,350.0,0.198538646101952
1649,350.1,0.31932869553566
1650,350.3,0.267610460519791
1651,350.5,0.0808311477303505
1652,350.7,0.124671764671803
1653,350.8,0.0601666867733002
1654,350.9,0.268523812294006
1655,351.1,0.0584541596472263
1656,351.3,0.235643342137337
1657,351.4,0.273547202348709
1658,351.7,0.1074323579669
1659,351.9,0.460440695285797
1660,352.2,0.885945856571198
1661,352.3,0.833885133266449
1662,352.5,0.185865968465805
1663,352.7,0.0401872359216213
1664,352.9,0.136773601174355
1665,353.1,0.679187119007111
1666,353.3,0.600753486156464
1667,353.4,0.507249712944031
1668,353.6,0.174677476286888
1669,353.9,0.224340677261353
1670,354.1,1.52688658237457
1671,354.2,1.92476308345795
1672,354.3,4.8494119644165
1673,354.5,0.412604182958603
1674,354.7,1.0218061208725
1675,354.8,4.0482931137085
1676,355.0,76.4993743896484
1677,355.1,294.321960449219
1678,355.3,15.9870986938477
1679,355.5,0.30791187286377
1680,355.7,0.869505643844604
1681,355.9,10.3151044845581
1682,356.1,80.4934387207031
1683,356.2,45.9341239929199
1684,356.4,3.30323100090027
1685,356.7,0.733873724937439
1686,356.9,9.40735244750977
1687,357.1,50.3412475585938
1688,357.2,24.6924304962158
1689,357.4,1.14156866073608
1690,357.5,0.458157330751419
1691,357.8,0.681356310844421
1692,358.0,5.24466276168823
1693,358.1,10.0063934326172
1694,358.3,2.83594012260437
1695,358.5,0.160863116383553
1696,358.7,0.396848946809769
1697,358.9,4.18015766143799
1698,359.1,15.7813673019409
1699,359.2,6.1985387802124
1700,359.4,0.68991893529892
1701,359.6,0.0184952616691589
1702,359.8,0.509989738464355
1703,360.0,2.68558049201965
1704,360.1,2.91037797927856
1705,360.3,0.909692883491516
1706,360.5,0.222742319107056
1707,360.8,0.432469457387924
1708,361.0,1.35917341709137
1709,361.2,1.25288271903992
1710,361.3,0.348784118890762
1711,361.6,0.128553494811058
1712,361.8,0.165658175945282
1713,362.0,0.308140188455582
1714,362.1,0.582600772380829
1715,362.3,3.20356202125549
1716,362.4,0.459869861602783
1717,362.7,0.222057312726974
1718,362.9,0.345815718173981
1719,363.0,1.00102746486664
1720,363.2,0.728736162185669
1721,363.3,0.572553932666779
1722,363.6,0.174334973096848
1723,363.7,0.0423564352095127
1724,363.9,0.126612633466721
1725,364.0,0.312250256538391
1726,364.2,0.113939948379993
1727,364.3,0.255622774362564
1728,364.5,0.11405411362648
1729,364.7,0.219659775495529
1730,365.0,0.163032308220863
1731,365.1,0.287932425737381
1732,365.3,0.179700881242752
1733,365.4,0.178901702165604
1734,365.7,0.0762644112110138
1735,365.8,0.0379038713872433
1736,366.0,0.15686722099781
1737,366.2,0.312250256538391
1738,366.4,0.164858996868134
1739,366.6,0.21223883330822
1740,366.8,0.309966892004013
1741,366.9,0.18198424577713
1742,367.1,0.598241806030273
1743,367.2,0.421623468399048
1744,367.3,0.522776544094086
1745,367.5,0.0993264093995094
1746,367.6,0.178901702165604
1747,367.8,0.106404840946198
1748,368.0,0.368535220623016
1749,368.2,0.677817106246948
1750,368.4,1.04018723964691
1751,368.5,0.420938462018967
1752,368.8,0.331088036298752
1753,368.9,0.459298998117447
1754,369.1,1.34798491001129
1755,369.3,1.80248892307281
1756,369.4,0.788446187973022
1757,369.7,0.291471630334854
1758,369.9,0.42447766661644
1759,370.1,1.0948737859726
1760,370.3,1.30973851680756
1761,370.4,0.271263837814331
1762,370.6,0.223655670881271
1763,370.8,0.394108921289444
1764,371.0,0.901815295219421
1765,371.1,1.27092134952545
1766,371.3,0.662746906280518
1767,371.5,0.0952163487672806
1768,371.7,0.211211323738098
1769,371.9,0.188834339380264
1770,372.0,0.223084822297096
1771,372.2,0.643909096717834
1772,372.4,0.704760789871216
1773,372.5,0.0433839485049248
1774,372.7,0.298892557621002
1775,372.9,0.154355525970459
1776,373.1,0.594816744327545
1777,373.3,0.732389569282532
1778,373.4,0.278684794902802
1779,373.7,0.185980141162872
1780,373.8,0.0551432818174362
1781,374.0,0.227194890379906
1782,374.2,0.3920539021492
1783,374.3,0.0409864149987698
1784,374.4,0.314305275678635
1785,374.7,0.143281191587448
1786,374.8,0.0703276619315147
1787,375.1,0.246260985732079
1788,375.3,0.168284043669701
1789,375.5,0.0747802257537842
1790,375.7,0.23587167263031
1791,375.8,0.0576549842953682
1792,376.0,0.234844163060188
1793,376.2,0.288959920406342
1794,376.4,0.123415917158127
1795,376.5,0.0640484094619751
1796,376.8,0.079118624329567
1797,377.0,0.121475055813789
1798,377.1,0.109373219311237
1799,377.2,0.224112346768379
1800,377.5,0.0884804204106331
1801,377.6,0.214522212743759
1802,378.0,0.149902954697609
1803,378.2,0.170795753598213
1804,378.3,0.13734444975853
1805,378.5,0.0621075481176376
1806,378.7,0.100125588476658
1807,378.8,0.0413289181888103
1808,378.9,0.13951364159584
1809,379.1,0.0203219540417194
1810,379.3,0.226509869098663
1811,379.4,0.092362143099308
1812,379.6,0.127297639846802
1813,379.7,0.0571983121335506
1814,379.9,0.182783424854279
1815,380.0,0.0888229236006737
1816,380.2,0.183011755347252
1817,380.3,0.250599384307861
1818,380.5,0.100924760103226
1819,380.7,0.198766976594925
1820,381.0,0.402100682258606
1821,381.1,0.322867900133133
1822,381.3,0.133576899766922
1823,381.6,0.0792327895760536
1824,381.7,0.227537393569946
1825,381.9,0.0317387841641903
1826,382.1,0.527229130268097
1827,382.2,0.556912899017334
1828,382.5,0.406210750341415
1829,382.7,0.258020311594009
1830,382.9,1.6584085226059
1831,383.0,0.914716303348541
1832,383.1,1.48852610588074
1833,383.3,0.392967224121094
1834,383.5,0.0818586573004723
1835,383.7,0.156182214617729
1836,383.9,0.667998611927032
1837,384.1,0.828519225120544
1838,384.2,0.457814812660217
1839,384.4,0.800662159919739
1840,384.5,0.175019979476929
1841,384.7,0.819956600666046
1842,384.9,3.47927856445313
1843,385.1,5.57746315002441
1844,385.2,1.30311679840088
1845,385.3,0.840506911277771
1846,385.6,0.234958335757256
1847,385.8,0.687178909778595
1848,386.0,1.40335655212402
1849,386.2,1.92430639266968
1850,386.3,0.898961067199707
1851,386.5,0.337138950824738
1852,386.8,0.856262147426605
1853,387.0,2.14636373519897
1854,387.1,1.74643218517303
1855,387.3,0.385317951440811
1856,387.4,0.49720287322998
1857,387.7,0.352894157171249
1858,387.8,0.187350153923035
1859,388.0,0.475625067949295
1860,388.1,0.354378342628479
1861,388.3,0.550976157188416
1862,388.4,0.207329601049423
1863,388.6,0.129124328494072
1864,388.8,0.149103775620461
1865,389.0,0.581459045410156
1866,389.2,0.644822478294373
1867,389.3,0.172964945435524
1868,389.4,0.261217027902603
1869,389.6,0.0223769843578339
1870,389.7,0.136659443378448
1871,389.9,0.0607375279068947
1872,390.1,0.412832528352737
1873,390.2,0.11222742497921
1874,390.3,0.303230971097946
1875,390.5,0.0215778052806854
1876,390.7,0.130380183458328
1877,390.9,0.0858545526862144
1878,391.0,0.0456673130393028
1879,391.2,0.179700881242752
1880,391.3,0.132777720689774
1881,391.6,0.107318185269833
1882,391.8,0.10594816505909
1883,391.9,0.0449823029339314
1884,392.1,0.251969397068024
1885,392.2,0.149446278810501
1886,392.4,0.162347301840782
1887,392.6,0.212809681892395
1888,392.7,0.0409864149987698
1889,392.8,0.140655323863029
1890,393.0,0.0897362679243088
1891,393.2,0.697568237781525
1892,393.4,0.245918482542038
1893,393.5,0.0830003395676613
1894,393.6,0.177874192595482
1895,393.8,0.097385548055172
1896,394.0,0.18198424577713
1897,394.2,0.401644021272659
1898,394.3,0.44000455737114
1899,394.5,0.126155957579613
1900,394.6,0.185523465275764
1901,394.9,0.193971917033195
1902,395.0,0.138486132025719
1903,395.1,0.365110158920288
1904,395.3,0.119762532413006
1905,395.5,0.0817444920539856
1906,395.7,0.273090541362762
1907,395.8,0.0381322056055069
1908,396.0,0.175134152173996
1909,396.1,0.0648475885391235
1910,396.3,0.339079797267914
1911,396.5,0.26395708322525
1912,396.6,0.119876697659492
1913,396.8,0.0702134966850281
1914,397.0,0.436922013759613
1915,397.2,0.511588096618652
1916,397.3,0.17570498585701
1917,397.4,0.130266010761261
1918,397.7,0.117707498371601
1919,397.8,0.0184952616691589
1920,398.0,0.234844163060188
1921,398.1,0.526658296585083
1922,398.3,0.334056407213211
1923,398.5,0.326635450124741
1924,398.7,0.613197863101959
1925,398.9,3.16759896278381
1926,399.1,6.73946809768677
1927,399.2,3.54766535758972
1928,399.4,0.429386913776398
1929,399.7,0.198424473404884
1930,399.8,0.341363161802292
1931,400.0,2.10229468345642
1932,400.1,1.41488754749298
1933,400.2,3.00102758407593
1934,400.5,0.964037001132965
1935,400.7,1.77474594116211
1936,400.9,21.4940071105957
1937,401.0,29.7217712402344
1938,401.1,41.3985633850098
1939,401.3,33.7847938537598
1940,401.6,0.474255055189133
1941,401.8,2.50097036361694
1942,401.9,5.30642747879028
1943,402.1,15.8150472640991
1944,402.3,20.1819839477539
1945,402.4,1.15583968162537
1946,402.6,0.513643085956573
1947,402.8,2.3477566242218
1948,403.0,8.80659866333008
1949,403.2,11.7095556259155
1950,403.3,5.70693016052246
1951,403.5,0.622331321239471
1952,403.8,0.457814812660217
1953,404.0,1.49857294559479
1954,404.2,4.01472759246826
1955,404.3,4.15960741043091
1956,404.5,0.393766403198242
1957,404.7,0.262929558753967
1958,404.8,0.181299239397049
1959,405.0,0.760589122772217
1960,405.2,1.7997487783432
1961,405.3,0.99257904291153
1962,405.5,0.0925904810428619
1963,405.6,0.160520613193512
1964,405.8,0.0202077869325876
1965,406.0,0.541842699050903
1966,406.2,0.523575723171234
1967,406.4,0.404269903898239
1968,406.5,0.0577691532671452
1969,406.8,0.189291015267372
1970,407.0,0.241237580776215
1971,407.1,0.300490915775299
1972,407.3,0.0565133020281792
1973,407.5,0.103664800524712
1974,407.6,0.169539898633957
1975,407.8,0.0381322056055069
1976,407.9,0.369220227003098
1977,408.2,1.45884227752686
1978,408.3,0.461125701665878
1979,408.4,0.263842910528183
1980,408.6,0.120447538793087
1981,408.9,0.174563303589821
1982,409.1,0.304372638463974
1983,409.2,0.214179694652557
1984,409.3,0.205160409212112
1985,409.6,0.136088594794273
1986,409.8,0.179015874862671
1987,410.0,0.293298333883286
1988,410.2,1.57358145713806
1989,410.3,1.11919164657593
1990,410.5,0.167827382683754
1991,410.6,0.163831487298012
1992,410.9,0.265897929668427
1993,411.1,0.218974769115448
1994,411.2,0.245804309844971
1995,411.4,0.137572780251503
1996,411.6,0.16645735502243
1997,411.8,0.105148985981941
1998,412.0,0.676447093486786
1999,412.2,3.57495141029358
2000,412.3,3.42150926589966
2001,412.5,0.368763566017151
2002,412.7,0.221143960952759
2003,412.9,0.356890052556992
2004,413.0,0.532366693019867
2005,413.1,1.72725200653076
2006,413.4,1.27274799346924
2007,413.5,0.280397295951843
2008,413.7,0.310309410095215
2009,413.8,0.0718118473887444
2010,414.0,0.507249712944031
2011,414.1,2.14259624481201
2012,414.3,41.0855102539063
2013,414.4,7.57723474502563
2014,414.6,0.603721857070923
2015,414.8,3.22365570068359
2016,414.9,8.90090179443359
2017,415.1,51.156982421875
2018,415.2,30.7372989654541
2019,415.4,1.39068388938904
2020,415.6,0.620047926902771
2021,415.8,1.29318416118622
2022,416.0,7.41260433197021
2023,416.2,18.0982990264893
2024,416.3,3539.64697265625
2025,416.5,0.542527675628662
2026,416.7,0.629752278327942
2027,416.8,0.710469245910645
2028,417.0,5.8615140914917
2029,417.2,13.8606004714966
2030,417.3,1251.23718261719
2031,417.5,0.389199674129486
2032,417.6,0.247516840696335
2033,417.9,0.834341824054718
2034,418.1,2.74095225334167
2035,418.3,232.730102539063
2036,418.4,39.5773506164551
2037,418.7,0.393195569515228
2038,418.8,0.123530082404613
2039,419.0,0.946569263935089
2040,419.2,9.1572093963623
2041,419.3,36.0849418640137
2042,419.5,1.11040067672729
2043,419.7,0.283936530351639
2044,420.0,0.311108559370041
2045,420.2,1.71366596221924
2046,420.3,3.41717100143433
2047,420.5,0.459869861602783
2048,420.6,0.215435549616814
2049,420.9,0.217376410961151
2050,421.0,0.0188377667218447
2051,421.2,0.29124328494072
2052,421.3,0.0732960402965546
2053,421.5,0.111656583845615
2054,421.7,0.190318524837494
2055,421.9,0.0987555682659149
2056,422.1,0.145564556121826
2057,422.2,0.0288845766335726
2058,422.4,0.0977280512452126
2059,422.6,0.0849412009119987
2060,422.7,0.088708758354187
2061,423.0,0.0742093846201897
2062,423.1,0.0905354470014572
2063,423.3,0.10925904661417
2064,423.4,0.135974422097206
2065,423.7,0.0841420218348503
2066,423.9,0.208128780126572
2067,424.0,0.100696429610252
2068,424.2,0.216805577278137
2069,424.3,0.0371046923100948
2070,424.5,0.0758077427744865
2071,424.7,0.0561707951128483
2072,424.8,0.108231529593468
2073,425.0,0.0436122827231884
2074,425.2,0.138029456138611
2075,425.3,0.144194543361664
2076,425.5,0.0925904810428619
2077,425.7,0.114510789513588
2078,425.9,0.115652471780777
2079,426.2,0.274917215108871
2080,426.3,0.33439889550209
2081,426.6,0.261445373296738
2082,426.7,0.148418769240379
2083,427.0,0.125813454389572
2084,427.2,0.236214175820351
2085,427.4,0.15652471780777
2086,427.6,0.0908779576420784
2087,427.9,0.245575979351997
2088,428.0,0.268295466899872
2089,428.2,1.97796547412872
2090,428.3,1.08870875835419
2091,428.4,1.39262473583221
2092,428.7,0.980134725570679
2093,428.8,1.35232329368591
2094,429.0,14.9255619049072
2095,429.2,53.1709098815918
2096,429.3,10.3071126937866
2097,429.5,0.390455543994904
2098,429.8,0.647790849208832
2099,430.0,5.04532480239868
2100,430.2,26.4612407684326
2101,430.3,102.368766784668
2102,430.5,1.26738214492798
2103,430.7,0.251626908779144
2104,430.9,1.43920540809631
2105,431.1,8.77383232116699
2106,431.3,33.2028770446777
2107,431.4,10.1196479797363
2108,431.6,0.339422315359116
2109,431.9,0.432583630084991
2110,432.1,2.56604623794556
2111,432.2,4.91163396835327
2112,432.3,1753.89953613281
2113,432.5,1.17239415645599
2114,432.7,0.158237248659134
2115,432.9,0.741979658603668
2116,433.1,1.91403126716614
2117,433.3,316.209503173828
2118,433.4,313.173431396484
2119,433.5,2.108802318573
2120,433.8,0.128553494811058
2121,434.0,0.221714809536934
2122,434.2,3.84495949745178
2123,434.3,108.398559570313
2124,434.5,1.19066107273102
2125,434.6,0.338737308979034
2126,434.9,0.0879095792770386
2127,435.0,0.126612633466721
2128,435.2,2.63386225700378
2129,435.3,9.15606784820557
2130,435.5,1.51855230331421
2131,435.8,0.145222052931786
2132,435.9,0.0587966665625572
2133,436.2,0.235414996743202
2134,436.3,0.247402667999268
2135,436.5,0.490010261535645
2136,436.6,0.144422873854637
2137,436.9,0.0921338051557541
2138,437.1,0.103550635278225
2139,437.3,0.127868473529816
2140,437.4,0.0481790155172348
2141,437.6,0.105034820735455
2142,437.7,0.0211211331188679
2143,438.0,0.151387140154839
2144,438.1,0.209042131900787
2145,438.3,0.103778973221779
2146,438.5,0.103322297334671
2147,438.6,0.0404155738651752
2148,438.8,0.103436462581158
2149,439.0,0.156410545110703
2150,439.2,0.146820411086082
2151,439.4,0.142824530601501
2152,439.5,0.0707843378186226
2153,439.6,0.0643909126520157
2154,439.9,0.168626561760902
2155,440.0,0.106747344136238
2156,440.2,0.0524032413959503
2157,440.3,0.186208471655846
2158,440.5,0.106633178889751
2159,440.8,0.0586824975907803
2160,441.1,0.140198647975922
2161,441.2,0.0396163947880268
2162,441.4,0.122502565383911
2163,441.5,0.168169885873795
2164,441.8,0.0747802257537842
2165,442.0,0.12992350757122
2166,442.2,0.235643342137337
2167,442.3,0.353350847959518
2168,442.5,0.0779769346117973
2169,442.6,0.121246717870235
2170,442.9,0.202192038297653
2171,443.1,0.335198074579239
2172,443.2,0.0532024204730988
2173,443.4,0.189405187964439
2174,443.5,0.172964945435524
2175,443.8,0.180500060319901
2176,444.0,0.351866662502289
2177,444.2,2.25128436088562
2178,444.3,6.3772120475769
2179,444.4,6.81002378463745
2180,444.6,0.25653612613678
2181,444.8,0.247631013393402
2182,445.0,0.165201500058174
2183,445.2,1.38931381702423
2184,445.3,1.85238039493561
2185,445.4,2.2468318939209
2186,445.6,0.141797006130219
2187,445.9,0.246260985732079
2188,446.0,0.0613083690404892
2189,446.2,2.42504858970642
2190,446.4,217.414428710938
2191,446.5,3.26064610481262
2192,446.7,0.195341929793358
2193,446.9,0.0382463745772839
2194,447.1,0.563192129135132
2195,447.3,33.2970657348633
2196,447.4,51.0046806335449
2197,447.6,0.22000227868557
2198,447.8,0.1107432320714
2199,448.0,0.0817444920539856
2200,448.1,0.781139373779297
2201,448.3,6.51101732254028
2202,448.4,6.43326854705811
2203,448.5,2.58123064041138
2204,448.7,0.0681584626436234
2205,449.0,0.0909921228885651
2206,449.2,0.613997042179108
2207,449.4,0.713209271430969
2208,449.5,0.146021232008934
2209,449.7,0.203333720564842
2210,450.0,0.105034820735455
2211,450.2,0.0626783892512321
2212,450.5,0.0873387381434441
2213,450.7,0.0430414415895939
2214,450.9,0.162233129143715
2215,451.1,0.24546180665493
2216,451.2,0.153556346893311
2217,451.4,0.0517182312905788
2218,451.6,0.0882520824670792
2219,451.8,0.0213494691997766
2220,451.9,0.134490236639977
2221,452.1,0.0543441027402878
2222,452.3,0.190546870231628
2223,452.4,0.0901929438114166
2224,452.5,0.17422080039978
2225,452.8,0.113026604056358
2226,452.9,0.09487384557724
2227,453.2,0.0928188115358353
2228,453.3,0.152985498309135
2229,453.4,0.15835140645504
2230,453.7,0.155383035540581
2231,453.8,0.0205502919852734
2232,453.9,0.1074323579669
2233,454.2,0.149217948317528
2234,454.3,0.0369905233383179
2235,454.4,0.133805230259895
2236,454.7,0.0192944407463074
2237,454.8,0.0954446867108345
2238,455.1,0.198538646101952
2239,455.2,0.0429272763431072
2240,455.4,0.0560566261410713
2241,455.6,0.105719834566116
2242,455.7,0.0453248098492622
2243,455.9,0.078890286386013
2244,456.1,0.0744377225637436
2245,456.2,0.0178102515637875
2246,456.3,0.1107432320714
2247,456.6,0.269893825054169
2248,456.8,0.123644255101681
2249,456.9,0.0585683286190033
2250,457.1,0.254937767982483
2251,457.2,0.139856144785881
2252,457.4,0.0361913442611694
2253,457.6,0.12809681892395
2254,457.8,0.106519006192684
2255,458.0,0.142596185207367
2256,458.2,0.860372185707092
2257,458.3,2.22285652160645
2258,458.4,3.04932069778442
2259,458.7,0.479392617940903
2260,458.9,0.769151747226715
2261,459.0,0.87452906370163
2262,459.2,2.19203114509583
2263,459.3,1.33371388912201
2264,459.5,0.284279018640518
2265,459.7,0.321840405464172
2266,460.0,0.442972928285599
2267,460.2,3.48498678207397
2268,460.3,8.52357578277588
2269,460.4,15.3801803588867
2270,460.6,0.510674715042114
2271,460.8,1.20173537731171
2272,461.0,3.77885603904724
2273,461.2,5.94120311737061
2274,461.4,8.03504943847656
2275,461.5,1.35141003131866
2276,461.6,0.751455664634705
2277,461.9,0.694257318973541
2278,462.0,0.530539989471436
2279,462.2,1.27046465873718
2280,462.4,0.907980382442474
2281,462.5,0.498002052307129
2282,462.8,0.372759461402893
2283,463.0,0.523233234882355
2284,463.1,0.53602010011673
2285,463.3,0.281196475028992
2286,463.6,0.144993722438812
2287,463.8,0.0482931844890118
2288,464.0,0.175362482666969
2289,464.1,0.0823153331875801
2290,464.2,0.27948397397995
2291,464.5,0.125470951199532
2292,464.7,0.091220460832119
2293,464.9,0.14727708697319
2294,465.0,0.145907074213028
2295,465.2,0.11553830653429
2296,465.4,0.0179244205355644
2297,465.6,0.105034820735455
2298,465.8,0.104121476411819
2299,466.1,0.170224905014038
2300,466.3,0.10446397960186
2301,466.5,0.192259386181831
2302,466.8,0.210069641470909
2303,467.0,0.0367621891200542
2304,467.1,0.0925904810428619
2305,467.4,0.0382463745772839
2306,467.6,0.13768695294857
2307,467.7,0.0188377667218447
2308,467.8,0.143623694777489
2309,468.1,0.0872245654463768
2310,468.2,0.0940746665000916
2311,468.4,0.178901702165604
2312,468.6,0.163945659995079
2313,468.7,0.0197511129081249
2314,468.9,0.0431556105613708
2315,469.1,0.0411005839705467
2316,469.3,0.0941888317465782
2317,469.6,0.124329261481762
2318,469.7,0.0633633956313133
2319,469.8,0.0972713753581047
2320,470.1,0.0911062881350517
2321,470.2,0.0208927951753139
2322,470.5,0.137116104364395
2323,470.7,0.0774060934782028
2324,470.9,0.0879095792770386
2325,471.1,0.0437264516949654
2326,471.3,0.0994405746459961
2327,471.4,0.097157210111618
2328,471.6,0.0559424608945847
2329,471.9,0.0347071588039398
2330,472.1,0.165772348642349
2331,472.3,0.157209724187851
2332,472.4,0.260988682508469
2333,472.6,0.0541157647967339
2334,472.8,0.0548007749021053
2335,473.0,0.230277433991432
2336,473.2,0.33999314904213
2337,473.3,0.0954446867108345
2338,473.4,0.141226172447205
2339,473.6,0.0200936179608107
2340,473.7,0.178559198975563
2341,474.0,0.230277433991432
2342,474.1,0.0730677023530006
2343,474.3,0.39719146490097
2344,474.4,0.185751795768738
2345,474.5,0.193629413843155
2346,474.7,0.282680660486221
2347,474.9,2.08608293533325
2348,475.1,7.33816623687744
2349,475.2,5.25607967376709
2350,475.4,0.878068268299103
2351,475.6,0.0756935700774193
2352,475.8,0.421395123004913
2353,476.0,1.59904098510742
2354,476.2,2.44137454032898
2355,476.3,1.12558507919312
2356,476.5,0.123530082404613
2357,476.6,0.207329601049423
2358,476.9,0.669939517974854
2359,477.0,0.326178789138794
2360,477.2,1.16326069831848
2361,477.3,0.51535564661026
2362,477.5,0.173535794019699
2363,477.8,0.178787529468536
2364,478.0,0.214636370539665
2365,478.1,0.09007877856493
2366,478.3,0.31932869553566
2367,478.5,0.237127527594566
2368,478.7,0.0873387381434441
2369,478.8,0.0191802717745304
2370,479.0,0.280168980360031
2371,479.2,0.308596879243851
2372,479.4,0.105148985981941
2373,479.7,0.147733762860298
2374,479.9,0.116451650857925
2375,480.0,0.0199794489890337
2376,480.2,0.164059817790985
2377,480.3,0.0712410062551498
2378,480.5,0.0359630100429058
2379,480.6,0.110629066824913
2380,480.8,0.0206644590944052
2381,481.0,0.100353918969631
2382,481.1,0.105377323925495
2383,481.5,0.159150585532188
2384,481.6,0.0896221026778221
2385,481.8,0.0366480201482773
2386,482.0,0.0756935700774193
2387,482.1,0.0453248098492622
2388,482.3,0.12512843310833
2389,482.4,0.111884921789169
2390,482.7,0.250485211610794
2391,482.8,0.0442972928285599
2392,483.0,0.0911062881350517
2393,483.2,0.0702134966850281
2394,483.3,0.0811736509203911
2395,483.5,0.0848270356655121
2396,483.6,0.0818586573004723
2397,483.8,0.0747802257537842
2398,483.9,0.10297979414463
2399,484.2,0.150702133774757
2400,484.4,0.0380180403590202
2401,484.5,0.0611942000687122
2402,484.8,0.0447539687156677
2403,484.9,0.158237248659134
2404,485.2,0.0422422662377357
2405,485.4,0.190090194344521
2406,485.5,0.0824294984340668
2407,485.7,0.0647334158420563
2408,485.9,0.15686722099781
2409,486.0,0.0438406206667423
2410,486.2,0.121589221060276
2411,486.4,0.106404840946198
2412,486.5,0.180385887622833
2413,486.8,0.0533165894448757
2414,487.0,0.154583856463432
2415,487.2,0.266126275062561
2416,487.4,0.0396163947880268
2417,487.6,0.172622442245483
2418,487.8,0.134147733449936
2419,487.9,0.104235641658306
2420,488.1,0.175819158554077
2421,488.3,0.111542411148548
2422,488.5,0.173079118132591
2423,488.6,0.11553830653429
2424,488.8,0.906153678894043
2425,489.0,7.2627010345459
2426,489.2,15.4716291427612
2427,489.3,4.08117341995239
2428,489.5,0.137572780251503
2429,489.7,0.334627240896225
2430,489.8,0.402214854955673
2431,490.0,3.33942222595215
2432,490.2,5.81721639633179
2433,490.3,2.42185187339783
2434,490.5,0.432126969099045
2435,490.7,0.117250829935074
2436,490.9,0.695741534233093
2437,491.1,3.06085181236267
2438,491.3,2.76778173446655
2439,491.4,0.372531116008759
2440,491.7,0.175819158554077
2441,491.9,0.289302438497543
2442,492.0,0.63055145740509
2443,492.2,0.776116013526917
2444,492.4,0.0438406206667423
2445,492.5,0.239639222621918
2446,492.8,0.195456102490425
2447,492.9,0.241580083966255
2448,493.1,0.257335305213928
2449,493.4,0.20561708509922
2450,493.6,0.0951021835207939
2451,493.8,0.141454502940178
2452,494.0,0.0579974874854088
2453,494.2,0.132663547992706
2454,494.3,0.0592533387243748
2455,494.6,0.0357346720993519
2456,494.7,0.210982993245125
2457,495.0,0.116679988801479
2458,495.2,0.126498460769653
2459,495.4,0.17570498585701
2460,495.7,0.130722686648369
2461,495.8,0.076606921851635
2462,496.1,0.115880809724331
2463,496.3,0.150131300091743
2464,496.5,0.0723826885223389
2465,496.7,0.0601666867733002
2466,496.8,0.0292270798236132
2467,497.1,0.0585683286190033
2468,497.3,0.0472656711935997
2469,497.4,0.0806028097867966
2470,497.6,0.153442174196243
2471,497.8,0.0651900917291641
2472,498.1,0.0640484094619751
2473,498.3,0.157095551490784
2474,498.4,0.109601549804211
2475,498.6,0.081401988863945
2476,498.8,0.100239753723145
2477,499.0,0.0528599172830582
2478,499.2,0.0429272763431072
2479,499.3,0.157095551490784
2480,499.6,0.0414430871605873
2481,499.7,0.0366480201482773
2482,499.9,0.150473803281784
2483,500.1,0.0992122367024422
2484,500.3,0.164402335882187
2485,500.5,0.0751227289438248
2486,500.6,0.101038932800293
2487,500.8,0.0495490357279778
2488,501.1,0.207557946443558
2489,501.2,0.0794611275196075
2490,501.4,0.115652471780777
2491,501.6,0.101723939180374
2492,501.8,0.0608516968786716
2493,501.9,0.0951021835207939
2494,502.1,0.103322297334671
2495,502.3,0.173079118132591
2496,502.6,0.0863112211227417
2497,502.8,0.242950111627579
2498,503.0,1.72416937351227
2499,503.2,4.45450401306152
2500,503.3,1.77657270431519
2501,503.5,0.236214175820351
2502,503.8,0.14876127243042
2503,503.9,0.287932425737381
2504,504.1,1.12547099590302
2505,504.2,1.45724391937256
2506,504.4,0.220573127269745
2507,504.5,0.210297971963882
2508,504.8,0.159721434116364
2509,505.0,0.574152290821075
2510,505.2,1.6677702665329
2511,505.3,0.46808996796608
2512,505.5,0.102066442370415
2513,505.8,0.167256534099579
2514,506.0,0.260417848825455
2515,506.2,0.285877376794815
2516,506.3,0.283822357654572
2517,506.5,0.0490923635661602
2518,506.7,0.0357346720993519
2519,506.9,0.175134152173996
2520,507.0,0.0364196822047234
2521,507.1,0.318986177444458
2522,507.4,0.116109147667885
2523,507.6,0.0873387381434441
2524,507.7,0.122959241271019
2525,507.9,0.0881379172205925
2526,508.2,0.132777720689774
2527,508.4,0.184039279818535
2528,508.6,0.0869962349534035
2529,508.7,0.0203219540417194
2530,508.8,0.0595958456397057
2531,509.0,0.0560566261410713
2532,509.2,0.158123075962067
2533,509.4,0.136088594794273
2534,509.6,0.0784336104989052
2535,509.9,0.113140769302845
2536,510.1,0.0954446867108345
2537,510.2,0.0176960844546556
2538,510.4,0.106404840946198
2539,510.7,0.0554857850074768
2540,510.8,0.0183810945600271
2541,510.9,0.0593675076961517
2542,511.1,0.122388400137424
2543,511.3,0.0571983121335506
2544,511.6,0.125356778502464
2545,511.8,0.164973169565201
2546,511.9,0.0376755334436893
2547,512.0,0.101723939180374
2548,512.2,0.0397305637598038
2549,512.4,0.0798036307096481
2550,512.6,0.0908779576420784
2551,512.7,0.0804886370897293
2552,512.9,0.0227194894105196
2553,513.1,0.148190438747406
2554,513.3,0.079118624329567
2555,513.4,0.0172394104301929
2556,513.7,0.0560566261410713
2557,513.9,0.143167033791542
2558,514.1,0.0637058988213539
2559,514.2,0.0929329842329025
2560,514.5,0.100696429610252
2561,514.6,0.0492065288126469
2562,514.8,0.0798036307096481
2563,515.0,0.0567416362464428
2564,515.2,0.174791648983955
2565,515.3,0.0398447327315807
2566,515.5,0.0761502459645271
2567,515.8,0.0743235498666763
2568,516.0,0.253796100616455
2569,516.1,0.0184952616691589
2570,516.2,0.134490236639977
2571,516.5,0.212923854589462
2572,516.7,0.0967005342245102
2573,516.8,0.0379038713872433
2574,516.9,0.209955468773842
2575,517.2,0.120904214680195
2576,517.3,0.105833999812603
2577,517.6,0.0448681339621544
2578,517.8,0.107204020023346
2579,517.9,0.101381435990334
2580,518.2,0.0952163487672806
2581,518.4,0.0631350576877594
2582,518.5,0.0731818675994873
2583,518.9,0.184610113501549
2584,519.1,0.230962440371513
2585,519.3,0.0903071090579033
2586,519.4,0.0851695388555527
2587,519.7,0.206530421972275
2588,519.9,0.0178102515637875
2589,520.1,0.0830003395676613
2590,520.3,0.119534194469452
2591,520.5,0.121360883116722
2592,520.7,0.159150585532188
2593,520.9,0.157438069581985
2594,521.0,0.085055373609066
2595,521.2,0.140198647975922
2596,521.3,0.0664459392428398
2597,521.5,0.0976138859987259
2598,521.7,0.118620850145817
2599,521.8,0.0179244205355644
2600,521.9,0.125242605805397
2601,522.2,0.229249909520149
2602,522.3,0.116908319294453
2603,522.6,0.0682726353406906
2604,522.7,0.0922479704022408
2605,522.9,0.0371046923100948
2606,523.1,0.0372188612818718
2607,523.2,0.0720401853322983
2608,523.3,0.0804886370897293
2609,523.6,0.146706238389015
2610,523.8,0.0702134966850281
2611,523.9,0.0187235977500677
2612,524.2,0.119420021772385
2613,524.3,0.0188377667218447
2614,524.5,0.119534194469452
2615,524.6,0.0792327895760536
2616,524.9,0.119876697659492
2617,525.2,0.0855120420455933
2618,525.3,0.0208927951753139
2619,525.4,0.0992122367024422
2620,525.7,0.0903071090579033
2621,525.9,0.0964722037315369
2622,526.0,0.152300491929054
2623,526.5,0.121018379926682
2624,526.8,0.117136657238007
2625,526.9,0.0812878161668777
2626,527.2,0.0832286775112152
2627,527.3,0.0232903305441141
2628,527.4,0.102751456201077
2629,527.7,0.108574040234089
2630,527.9,0.13768695294857
2631,528.1,0.0176960844546556
2632,528.3,0.151272982358932
2633,528.4,0.0199794489890337
2634,528.5,0.0650759190320969
2635,528.9,0.149103775620461
2636,529.1,0.0399588979780674
2637,529.3,0.0641625747084618
2638,529.6,0.149560451507568
2639,529.8,0.126612633466721
2640,530.0,0.114510789513588
2641,530.1,0.122616738080978
2642,530.3,0.0207786280661821
2643,530.4,0.0812878161668777
2644,530.8,0.0995547473430634
2645,530.9,0.138029456138611
2646,531.1,0.156068041920662
2647,531.3,0.0434981174767017
2648,531.4,0.18164174258709
2649,531.7,0.089850440621376
2650,531.9,0.1203333735466
2651,532.0,0.118735015392303
2652,532.3,0.0793469548225403
2653,532.4,0.155839711427689
2654,532.6,0.072953537106514
2655,532.7,0.117364995181561
2656,533.0,0.0785477757453918
2657,533.1,0.148190438747406
2658,533.2,0.252882748842239
2659,533.4,0.0178102515637875
2660,533.6,0.0820869952440262
2661,533.8,0.105034820735455
2662,534.0,0.139627814292908
2663,534.2,0.118963353335857
2664,534.3,0.108802378177643
2665,534.6,0.124557599425316
2666,534.8,0.53088253736496
2667,535.0,1.24466264247894
2668,535.2,1.17330741882324
2669,535.3,0.440461248159409
2670,535.6,0.14510789513588
2671,535.8,0.172622442245483
2672,535.9,0.0889370962977409
2673,536.1,0.475625067949295
2674,536.3,0.37173193693161
2675,536.4,0.135175243020058
2676,536.5,0.0835711807012558
2677,536.8,0.206758767366409
2678,537.0,0.317159503698349
2679,537.1,0.28462153673172
2680,537.3,0.128895998001099
2681,537.5,0.123187579214573
2682,537.6,0.135631918907166
2683,537.8,0.0399588979780674
2684,538.0,0.117479167878628
2685,538.1,0.130494341254234
2686,538.4,0.0758077427744865
2687,538.6,0.0726110264658928
2688,538.7,0.0184952616691589
2689,539.0,0.10149560123682
2690,539.1,0.0385888814926147
2691,539.2,0.0816303268074989
2692,539.4,0.0200936179608107
2693,539.7,0.110172390937805
2694,539.9,0.102751456201077
2695,540.1,0.117136657238007
2696,540.3,0.12181755900383
2697,540.4,0.101381435990334
2698,540.6,0.125927612185478
2699,540.9,0.111085742712021
2700,541.0,0.0952163487672806
2701,541.2,0.0578833185136318
2702,541.5,0.0759219080209732
2703,541.6,0.0470373332500458
2704,541.9,0.126612633466721
2705,542.2,0.0830003395676613
2706,542.4,0.1546980291605
2707,542.5,0.0172394104301929
2708,542.6,0.077748604118824
2709,542.9,0.101038932800293
2710,543.0,0.187806829810143
2711,543.4,0.150017127394676
2712,543.6,0.0872245654463768
2713,543.8,0.156068041920662
2714,543.9,0.0490923635661602
2715,544.0,0.127069294452667
2716,544.2,0.0545724406838417
2717,544.4,0.137458607554436
2718,544.6,0.111656583845615
2719,544.7,0.0171252433210611
2720,544.9,0.077748604118824
2721,545.0,0.108117364346981
2722,545.2,0.0592533387243748
2723,545.4,0.108688205480576
2724,545.7,0.0847128704190254
2725,545.9,0.0808311477303505
2726,546.2,0.0762644112110138
2727,546.4,0.0759219080209732
2728,546.8,0.0799177959561348
2729,546.9,0.0381322056055069
2730,547.0,0.0941888317465782
2731,547.3,0.18529511988163
2732,547.5,0.123530082404613
2733,547.6,0.0661034360527992
2734,547.8,0.143623694777489
2735,548.0,0.0583399944007397
2736,548.1,0.0182669255882502
2737,548.3,0.138600289821625
2738,548.5,0.0607375279068947
2739,548.8,0.287019073963165
2740,549.0,1.21931731700897
2741,549.1,1.30494344234467
2742,549.3,3.59344673156738
2743,549.4,0.660121023654938
2744,549.5,0.39502227306366
2745,549.7,0.168055713176727
2746,549.9,0.260303676128387
