#"+ Scan (rt: 4.980-55.035 min, 8759 scans) PVC_060922.D "
#Point,X(Thompsons),Y(Counts)
0,50.1,2908.82470703125
1,50.3,7.89462280273438
2,50.5,0.0365338511765003
3,51.0,33.1099433898926
4,51.1,5946.4423828125
5,51.3,2.50245451927185
6,51.8,0.628610551357269
7,52.0,74.109375
8,52.1,1591.6630859375
9,52.3,19.0015983581543
10,52.5,0.140312820672989
11,52.8,0.078890286386013
12,53.0,41.3517532348633
13,53.1,1775.25939941406
14,53.3,10.5218629837036
15,53.8,0.647448360919952
16,54.0,62.1142807006836
17,54.2,510.709777832031
18,54.3,31.795524597168
19,54.4,4.02991199493408
20,54.6,0.0540015995502472
21,55.0,10.2139511108398
22,55.2,2276.85620117188
23,55.3,13.720287322998
24,55.8,0.96677702665329
25,56.0,62.7834243774414
26,56.2,431.508728027344
27,56.3,53.9033012390137
28,56.5,6.99828767776489
29,56.8,3.93252658843994
30,57.0,40.2758293151855
31,57.2,429.38818359375
32,57.3,152.880233764648
33,57.6,441.533508300781
34,57.7,408.183349609375
35,58.0,275.032867431641
36,58.1,227.605438232422
37,58.3,33.9220237731934
38,58.5,2.56250715255737
39,58.8,7.92556238174438
40,59.0,59.9006729125977
41,59.1,177.452682495117
42,59.3,23.3584880828857
43,59.5,2.3353123664856
44,59.6,2.53465008735657
45,59.9,12.2210302352905
46,60.1,82.6302108764648
47,60.2,37.2176055908203
48,60.4,1.48121929168701
49,60.6,0.436237007379532
50,60.8,3.40015983581543
51,60.9,15.5530309677124
52,61.1,519.3212890625
53,61.2,121.468887329102
54,61.4,3.40084481239319
55,61.7,0.491951137781143
56,61.9,12.9314994812012
57,62.1,1700.54235839844
58,62.2,288.009918212891
59,62.4,1.459641456604
60,62.9,1.72428357601166
61,63.1,4767.61767578125
62,63.2,1184.48693847656
63,63.6,0.0254595279693604
64,63.8,3.99760246276855
65,64.0,176.314071655273
66,64.1,2529.98510742188
67,64.3,51.7870750427246
68,64.5,2.3010618686676
69,64.7,0.0456673130393028
70,64.9,2.72805118560791
71,65.1,3211.49047851563
72,65.2,1056.57141113281
73,65.8,0.54857861995697
74,66.0,97.5037078857422
75,66.1,890.435424804688
76,66.3,32.0195236206055
77,66.5,0.287361562252045
78,67.0,18.6473350524902
79,67.2,3079.25732421875
80,67.3,7.02819967269897
81,67.8,1.00730681419373
82,68.0,76.5951614379883
83,68.2,656.252319335938
84,68.3,46.2641868591309
85,68.5,2.788902759552
86,68.8,0.824751675128937
87,69.0,44.520149230957
88,69.2,721.025695800781
89,69.3,272.789031982422
90,69.6,448.153656005859
91,69.7,178.096923828125
92,70.0,204.845764160156
93,70.2,280.377655029297
94,70.3,233.353469848633
95,70.5,36.3413619995117
96,70.6,145.141906738281
97,70.9,82.9644927978516
98,71.1,731.063354492188
99,71.2,239.955139160156
100,71.4,11.1927156448364
101,71.7,7.08231544494629
102,71.9,27.7215442657471
103,72.1,77.2157745361328
104,72.2,34.4603271484375
105,72.4,4.09327554702759
106,72.7,0.925333917140961
107,72.9,15.180272102356
108,73.1,1333.35766601563
109,73.2,372.708770751953
110,73.4,2.07112693786621
111,73.5,0.674277901649475
112,73.8,0.9154012799263
113,74.0,165.521865844727
114,74.1,2603.34838867188
115,74.3,7.93766403198242
116,74.5,0.189176842570305
117,74.7,0.0470373332500458
118,74.9,5.60235166549683
119,75.1,2817.88330078125
120,75.2,726.648681640625
121,75.4,0.923621416091919
122,75.8,2.09772801399231
123,76.0,137.292724609375
124,76.1,5025.24951171875
125,76.3,28.0721549987793
126,76.5,0.0772919282317162
127,76.8,2.27172040939331
128,76.9,9.49686050415039
129,77.1,7762.7919921875
130,77.2,1134.73864746094
131,78.0,67.3828048706055
132,78.1,4962.97021484375
133,78.3,5.54172849655151
134,79.0,11.7504281997681
135,79.1,5698.95751953125
136,79.3,0.519579887390137
137,79.8,1.78376531600952
138,80.0,79.9150619506836
139,80.2,1457.20617675781
140,80.3,37.9167709350586
141,80.5,0.519694030284882
142,81.0,20.1260414123535
143,81.2,2599.3779296875
144,81.3,307.443664550781
145,81.4,102.166000366211
146,81.6,26.419454574585
147,81.8,61.6512145996094
148,82.0,171.465469360352
149,82.2,875.572082519531
150,82.3,813.630798339844
151,82.6,1208.19787597656
152,82.8,467.347290039063
153,83.0,598.372192382813
154,83.1,586.942687988281
155,83.3,60.8733863830566
156,83.5,7.03151035308838
157,83.8,24.665828704834
158,84.0,155.463073730469
159,84.1,284.680999755859
160,84.3,46.5409278869629
161,84.5,3.69916653633118
162,84.7,6.15789461135864
163,84.9,35.0213508605957
164,85.1,409.918365478516
165,85.2,172.368423461914
166,85.4,4.63888549804688
167,85.6,1.98550057411194
168,85.8,5.19180250167847
169,86.0,148.423217773438
170,86.1,1018.14007568359
171,86.3,11.9857292175293
172,86.4,2.16965413093567
173,86.7,0.333599716424942
174,86.9,17.2131519317627
175,87.1,1678.31384277344
176,87.2,485.2802734375
177,87.4,6.8538646697998
178,87.7,3.83365678787231
179,87.9,39.9970321655273
180,88.1,2053.14916992188
181,88.2,616.996032714844
182,88.4,5.28153896331787
183,88.6,1.18209838867188
184,88.8,2.44537043571472
185,89.0,181.434417724609
186,89.1,6539.0625
187,89.3,7.34353256225586
188,89.7,1.65612518787384
189,89.9,127.855690002441
190,90.1,585.353576660156
191,90.2,209.545837402344
192,90.4,1.66959702968597
193,91.0,1.2376983165741
194,91.1,20815.67578125
195,92.0,66.6230163574219
196,92.1,3482.79614257813
197,92.3,11.4490242004395
198,92.5,0.17090992629528
199,92.9,0.654526770114899
200,93.1,1245.76940917969
201,93.2,1588.59716796875
202,93.4,148.007995605469
203,93.7,147.836853027344
204,93.8,148.667770385742
205,94.1,436.455413818359
206,94.2,447.436920166016
207,94.5,306.059600830078
208,94.7,1897.51196289063
209,94.8,412.390106201172
210,95.0,336.727355957031
211,95.2,1437.38977050781
212,95.3,71.3445587158203
213,95.6,0.906838655471802
214,95.8,29.2300491333008
215,96.0,412.308471679688
216,96.1,1838.81494140625
217,96.3,51.6491622924805
218,96.5,2.28941655158997
219,96.8,41.811164855957
220,96.9,65.5545120239258
221,97.1,441.371276855469
222,97.2,262.882049560547
223,97.4,9.5695858001709
224,97.7,3.63603162765503
225,97.9,42.4699172973633
226,98.1,928.841979980469
227,98.2,161.731246948242
228,98.4,2.34832739830017
229,98.7,1.42721772193909
230,98.9,26.3310871124268
231,99.1,602.336669921875
232,99.2,271.493103027344
233,99.4,17.0036525726318
234,99.6,0.970087885856628
235,99.8,6.02260541915894
236,100.0,180.955810546875
237,100.1,1262.69750976563
238,100.3,86.4825897216797
239,100.6,1.71492183208466
240,100.8,2.02694368362427
241,101.0,170.420257568359
242,101.1,4495.2958984375
243,101.3,19.3095092773438
244,101.5,0.352437496185303
245,101.7,1.88423335552216
246,101.9,207.312362670898
247,102.1,3698.75830078125
248,102.2,430.590148925781
249,102.4,1.24911522865295
250,102.6,0.338052302598953
251,102.8,1.82052743434906
252,102.9,12.698709487915
253,103.1,3945.099609375
254,103.2,722.872375488281
255,103.8,0.97933554649353
256,104.0,105.450164794922
257,104.1,6021.88525390625
258,104.3,13.3800659179688
259,104.4,0.46660578250885
260,104.9,0.763215005397797
261,105.1,6207.6875
262,105.2,3722.48364257813
263,105.4,15.7049894332886
264,105.5,5.59755659103394
265,105.8,9.25037097930908
266,106.0,81.3979873657227
267,106.2,3951.80444335938
268,106.4,278.332458496094
269,106.5,211.594360351563
270,106.7,646.290771484375
271,106.8,434.433624267578
272,107.1,733.713806152344
273,107.2,939.065551757813
274,107.5,429.522094726563
275,107.6,314.968139648438
276,107.8,1033.50305175781
277,108.0,705.921691894531
278,108.2,846.7880859375
279,108.3,58.6826133728027
280,108.5,1.27457475662231
281,108.8,21.4634094238281
282,109.0,250.746200561523
283,109.2,928.063354492188
284,109.3,66.8924560546875
285,109.4,2.97305631637573
286,109.6,0.705445826053619
287,109.8,13.4285879135132
288,110.0,186.361343383789
289,110.1,620.347900390625
290,110.3,37.2295913696289
291,110.5,2.74494814872742
292,110.8,9.1384859085083
293,111.0,138.076156616211
294,111.1,485.570739746094
295,111.3,71.1773071289063
296,111.5,4.07980346679688
297,111.7,2.98687076568604
298,111.9,39.7667541503906
299,112.1,623.612609863281
300,112.2,572.029907226563
301,112.4,22.1110858917236
302,112.5,1.15035963058472
303,112.8,1.70053660869598
304,113.0,241.343078613281
305,113.1,3332.09692382813
306,113.3,18.7293071746826
307,113.6,0.440689563751221
308,113.8,16.877384185791
309,114.0,359.705902099609
310,114.1,2361.9970703125
311,114.3,46.5583953857422
312,114.6,0.0219203103333712
313,114.8,0.356890052556992
314,115.0,122.506446838379
315,115.1,23686.505859375
316,115.3,0.169654071331024
317,115.7,0.0661034360527992
318,115.9,5.43589448928833
319,116.1,7312.78515625
320,116.2,1322.62805175781
321,116.5,0.137572780251503
322,116.7,0.359401762485504
323,116.9,4.38063716888428
324,117.1,9535.1728515625
325,117.2,3902.72216796875
326,117.4,0.0230619926005602
327,117.5,0.086197055876255
328,117.8,2.06484746932983
329,118.0,57.972827911377
330,118.2,4807.0673828125
331,118.3,279.337127685547
332,118.5,102.882751464844
333,118.8,65.5402450561523
334,119.0,122.33154296875
335,119.2,3084.923828125
336,119.3,236.810134887695
337,119.5,636.361022949219
338,119.7,1008.95983886719
339,119.8,606.385803222656
340,120.1,615.786865234375
341,120.2,1414.9443359375
342,120.4,3.1940860748291
343,120.6,0.100810594856739
344,120.8,40.8974761962891
345,121.0,342.627227783203
346,121.1,743.83203125
347,121.2,780.263732910156
348,121.4,1.79209959506989
349,121.6,0.20892795920372
350,121.8,17.6725654602051
351,122.0,226.90364074707
352,122.1,887.487182617188
353,122.3,45.9773941040039
354,122.4,4.87943840026855
355,122.6,0.932069897651672
356,122.8,12.1730794906616
357,123.0,143.937545776367
358,123.1,432.370147705078
359,123.3,72.2189712524414
360,123.5,5.28051137924194
361,123.8,10.8834342956543
362,124.0,115.758766174316
363,124.1,155.391937255859
364,124.2,269.632720947266
365,124.4,26.1726226806641
366,124.7,1.75088477134705
367,124.9,32.3663673400879
368,125.1,927.505187988281
369,125.2,521.346618652344
370,125.4,4.66434526443481
371,125.5,1.29386913776398
372,125.8,3.40803742408752
373,125.9,7.69334411621094
374,126.1,4040.56079101563
375,126.2,1341.74243164063
376,126.4,1.82555091381073
377,126.7,3.60611939430237
378,126.9,196.981735229492
379,127.1,5587.345703125
380,127.2,1944.04516601563
381,127.4,0.359630107879639
382,127.7,0.20858545601368
383,127.9,2.55451536178589
384,128.1,17883.47265625
385,128.2,9970.484375
386,128.4,0.171594932675362
387,128.7,0.175134152173996
388,128.9,1.47528254985809
389,129.1,13165.2978515625
390,129.2,6050.3408203125
391,129.4,0.106062337756157
392,129.5,0.109487384557724
393,129.9,1.87841081619263
394,130.1,4293.67431640625
395,130.2,4807.5654296875
396,130.4,51.815616607666
397,130.7,1.81116569042206
398,130.9,6.64162588119507
399,131.0,14.0706701278687
400,131.2,7009.4716796875
401,131.4,618.477783203125
402,131.5,482.262817382813
403,131.7,303.039398193359
404,132.0,168.874877929688
405,132.2,2940.95434570313
406,132.4,369.665496826172
407,132.5,126.533279418945
408,132.7,169.180725097656
409,132.9,576.253662109375
410,133.1,1847.00598144531
411,133.2,973.392639160156
412,133.4,0.224911525845528
413,133.7,1.05091905593872
414,133.9,100.623359680176
415,134.1,661.553039550781
416,134.2,839.858093261719
417,134.4,4.16360330581665
418,134.7,2.42150926589966
419,134.9,42.5631904602051
420,135.1,563.435913085938
421,135.2,515.007751464844
422,135.4,3.8246374130249
423,135.7,2.61205625534058
424,135.9,39.0672454833984
425,136.1,230.603942871094
426,136.2,254.413970947266
427,136.4,17.6666278839111
428,136.7,2.44833874702454
429,136.9,26.8796672821045
430,137.1,588.209289550781
431,137.2,338.952728271484
432,137.4,6.85500621795654
433,137.7,1.20002281665802
434,137.9,23.7021350860596
435,138.1,807.766174316406
436,138.2,761.113037109375
437,138.4,7.04144287109375
438,138.7,1.07032763957977
439,138.9,59.1330070495605
440,139.1,3955.86254882813
441,139.2,635.802490234375
442,139.4,1.23027741909027
443,139.6,0.566731333732605
444,139.8,32.5603370666504
445,140.0,262.159942626953
446,140.1,385.767883300781
447,140.2,356.454833984375
448,140.4,6.06610345840454
449,140.6,0.0553716160356998
450,140.8,0.601781010627747
451,141.0,11.1236438751221
452,141.1,18069.380859375
453,141.3,1.74392056465149
454,141.6,0.166571527719498
455,141.8,0.7127525806427
456,142.0,19.4281311035156
457,142.2,12064.537109375
458,142.3,6.44571304321289
459,142.5,0.0368763543665409
460,142.7,0.202192038297653
461,142.8,0.246260985732079
462,143.0,11.0389318466187
463,143.2,7286.86669921875
464,143.3,133.329376220703
465,143.5,6.10195207595825
466,143.8,25.4874992370605
467,144.0,64.0925903320313
468,144.2,4094.09936523438
469,144.3,102.115081787109
470,144.4,134.017700195313
471,144.7,52.177074432373
472,144.9,156.563186645508
473,145.0,190.956848144531
474,145.2,3721.89282226563
475,145.3,26.9055824279785
476,145.5,0.102865621447563
477,145.8,10.9385776519775
478,146.0,162.344787597656
479,146.2,1827.15173339844
480,146.3,78.544921875
481,146.6,2.39193964004517
482,146.8,4.65932178497314
483,147.0,234.849975585938
484,147.2,1188.50659179688
485,147.3,61.236328125
486,147.6,0.669368624687195
487,147.8,10.4219655990601
488,148.0,124.961181640625
489,148.2,643.23291015625
490,148.3,83.2939834594727
491,148.5,3.96826124191284
492,148.8,6.14956045150757
493,149.0,155.626327514648
494,149.1,703.809204101563
495,149.3,54.9418869018555
496,149.4,6.65544033050537
497,149.6,0.58214408159256
498,149.9,7.47722339630127
499,150.1,1971.95275878906
500,150.2,456.393890380859
501,150.4,3.67838788032532
502,150.6,0.545724391937256
503,150.9,6.30060529708862
504,151.1,3332.216796875
505,151.2,757.321166992188
506,151.4,0.450850546360016
507,151.5,0.312592774629593
508,151.8,0.757734894752502
509,151.9,2.73695635795593
510,152.1,9930.326171875
511,152.2,1051.48181152344
512,152.4,1.34467399120331
513,152.7,0.211667999625206
514,152.8,1.01997947692871
515,153.0,26.3475284576416
516,153.1,7806.0927734375
517,153.2,2242.84375
518,153.4,0.463751584291458
519,153.6,0.208699628710747
520,153.8,0.717090964317322
521,154.0,39.0423545837402
522,154.1,4770.5078125
523,154.2,3262.60180664063
524,154.4,0.846329510211945
525,154.6,0.179586708545685
526,154.8,2.30049085617065
527,155.0,98.9870986938477
528,155.2,8188.7685546875
529,155.3,3.55931043624878
530,155.6,0.380522876977921
531,155.8,2.71720504760742
532,156.0,33.7368431091309
533,156.1,1453.69775390625
534,156.2,4228.34130859375
535,156.4,9.06587505340576
536,156.7,1.3369106054306
537,156.9,17.9333248138428
538,157.0,58.2977523803711
539,157.2,3660.27026367188
540,157.3,29.8869743347168
541,157.7,0.610914468765259
542,157.9,14.8811511993408
543,158.1,590.864379882813
544,158.2,1705.81530761719
545,158.3,54.7377548217773
546,158.5,0.41934010386467
547,158.7,0.540472686290741
548,158.9,5.25345373153687
549,159.1,486.343414306641
550,159.2,1028.73889160156
551,159.3,66.5540618896484
552,159.6,0.462609887123108
553,159.9,13.1264982223511
554,160.1,260.431091308594
555,160.2,739.55908203125
556,160.4,8.78250980377197
557,160.6,0.801347196102142
558,160.8,5.62004804611206
559,161.0,154.502105712891
560,161.2,658.941772460938
561,161.3,55.0703277587891
562,161.5,1.76880919933319
563,161.7,1.16497313976288
564,161.9,22.4318981170654
565,162.1,670.988952636719
566,162.2,428.986633300781
567,162.4,5.41705656051636
568,162.6,0.192716062068939
569,162.8,3.25505185127258
570,163.0,225.959350585938
571,163.1,3076.36889648438
572,163.3,13.7186889648438
573,163.4,1.9720287322998
574,163.7,1.43657946586609
575,163.9,18.7732620239258
576,164.1,1485.07727050781
577,164.2,1253.97302246094
578,164.3,39.520149230957
579,164.5,0.224683180451393
580,164.7,0.573238968849182
581,164.9,14.6354608535767
582,165.1,20022.326171875
583,165.2,1831.13793945313
584,165.4,1.12958097457886
585,165.6,0.0699851587414742
586,165.8,1.90101611614227
587,166.0,25.1753616333008
588,166.1,9420.560546875
589,166.3,6.39593553543091
590,166.6,0.444000452756882
591,166.8,1.36225593090057
592,167.0,12.9909811019897
593,167.1,4311.7060546875
594,167.2,7068.93896484375
595,167.4,0.195684432983398
596,167.6,0.114739127457142
597,167.8,0.403699040412903
598,168.0,18.7907295227051
599,168.2,6415.07177734375
600,168.3,21.7444915771484
601,168.4,0.890512645244598
602,168.7,0.317730337381363
603,168.9,2.44913792610168
604,169.1,1207.423828125
605,169.2,3231.19116210938
606,169.4,0.552231967449188
607,169.5,0.188720166683197
608,169.8,1.5078204870224
609,170.0,35.1422538757324
610,170.1,667.556091308594
611,170.2,2552.3046875
612,170.4,0.548350274562836
613,170.6,0.126955136656761
614,170.8,1.09498798847198
615,171.0,15.7196025848389
616,171.2,2112.42846679688
617,171.3,55.1440811157227
618,171.4,0.72565358877182
619,171.7,0.200479507446289
620,171.9,4.42596197128296
621,172.1,298.668212890625
622,172.2,1122.48974609375
623,172.4,1.78524947166443
624,172.5,0.556684553623199
625,172.8,0.467975795269012
626,173.0,33.8021469116211
627,173.2,732.190063476563
628,173.3,82.9575271606445
629,173.5,0.590135872364044
630,173.8,0.764470815658569
631,174.0,82.511589050293
632,174.2,1079.48803710938
633,174.3,44.4935493469238
634,174.4,1.79586708545685
635,174.6,0.147847920656204
636,174.8,1.81630325317383
637,175.0,81.929443359375
638,175.1,599.944396972656
639,175.2,378.810241699219
640,175.4,4.4177417755127
641,175.7,0.479963451623917
642,175.9,12.4021005630493
643,176.1,3549.82446289063
644,176.2,742.486267089844
645,176.4,1.3245804309845
646,176.6,0.184495940804482
647,176.8,1.39045548439026
648,177.0,284.306762695313
649,177.2,2525.66577148438
650,177.3,16.2741184234619
651,177.4,1.86790728569031
652,177.7,0.634319007396698
653,177.9,12.3913688659668
654,178.0,48.4181976318359
655,178.1,16633.380859375
656,178.3,8.09852695465088
657,178.5,0.426989376544952
658,178.7,0.76412832736969
659,178.9,14.8166456222534
660,179.1,5574.79736328125
661,179.2,7342.861328125
662,179.4,0.445484638214111
663,179.6,0.123644255101681
664,179.8,1.75750660896301
665,180.0,26.8728160858154
666,180.2,7406.41796875
667,180.3,6.79872131347656
668,180.5,0.228679075837135
669,180.7,0.295125007629395
670,180.9,3.10674738883972
671,181.1,1276.4521484375
672,181.2,4536.2509765625
673,181.4,0.33588308095932
674,181.6,0.139741986989975
675,181.9,4.37641286849976
676,182.0,18.3808650970459
677,182.2,4219.85693359375
678,182.3,29.1710243225098
679,182.4,0.709670066833496
680,182.6,0.30117592215538
681,182.9,1.3648818731308
682,183.1,493.125
683,183.2,2041.36999511719
684,183.4,0.491722792387009
685,183.6,0.3920539021492
686,183.8,0.71549266576767
687,183.9,1.37995207309723
688,184.1,315.632934570313
689,184.2,1526.87927246094
690,184.3,66.8768157958984
691,184.5,0.208128780126572
692,184.8,0.38577464222908
693,185.0,17.4538192749023
694,185.2,1219.00085449219
695,185.3,68.0627899169922
696,185.5,0.0872245654463768
697,185.8,0.679415464401245
698,186.0,45.8674507141113
699,186.2,1000.86163330078
700,186.3,66.1649703979492
701,186.5,0.267838805913925
702,186.8,1.13631689548492
703,187.0,54.6484756469727
704,187.1,1662.88391113281
705,187.3,32.1218185424805
706,187.4,0.98961067199707
707,187.7,0.349469125270844
708,187.9,3.62678384780884
709,188.1,672.557739257813
710,188.2,686.154235839844
711,188.4,1.90592539310455
712,188.7,0.251969397068024
713,188.9,7.77976942062378
714,189.1,5991.74365234375
715,189.2,1449.28637695313
716,189.4,1.71081173419952
717,189.7,0.437378704547882
718,189.9,5.56387710571289
719,190.1,2058.37573242188
720,190.2,1721.5634765625
721,190.4,1.96255278587341
722,190.7,0.663317739963531
723,190.9,10.3697910308838
724,191.1,5005.25732421875
725,191.2,5243.857421875
726,191.4,1.4937778711319
727,191.5,0.303345143795013
728,191.7,0.246489331126213
729,191.9,11.1245574951172
730,192.1,1850.00317382813
731,192.2,6325.14306640625
732,192.3,10.3624839782715
733,192.5,0.355862528085709
734,192.7,0.896677732467651
735,192.9,17.1673698425293
736,193.1,1987.60229492188
737,193.2,4557.6181640625
738,193.4,0.690489768981934
739,193.7,0.580317378044128
740,193.9,14.5696992874146
741,194.1,721.605407714844
742,194.2,3759.63720703125
743,194.4,0.784221947193146
744,194.7,0.774175107479095
745,194.9,9.63797283172607
746,195.1,560.661804199219
747,195.2,2332.93237304688
748,195.4,0.369791060686111
749,195.6,0.178445026278496
750,195.9,3.10606241226196
751,196.1,329.584655761719
752,196.2,2146.26196289063
753,196.4,0.494919508695602
754,196.7,0.270693004131317
755,196.9,1.48521518707275
756,197.1,285.971557617188
757,197.2,1121.70947265625
758,197.4,0.759333252906799
759,197.7,0.133576899766922
760,197.9,3.61696529388428
761,198.1,361.732055664063
762,198.2,993.495361328125
763,198.3,54.8358268737793
764,198.6,0.193629413843155
765,198.8,0.632035613059998
766,199.0,23.3087100982666
767,199.2,909.110534667969
768,199.3,74.7149200439453
769,199.4,2.02089285850525
770,199.6,0.0538874305784702
771,199.8,0.568101406097412
772,200.0,34.1678276062012
773,200.1,2353.20288085938
774,200.3,58.6806716918945
775,200.6,0.137801125645638
776,200.8,0.370704412460327
777,201.0,24.5296268463135
778,201.2,1886.65734863281
779,201.3,44.7710914611816
780,201.5,0.177075013518333
781,201.7,0.0495490357279778
782,201.9,1.01529860496521
783,202.1,7271.3994140625
784,202.2,3158.31225585938
785,202.3,47.3694496154785
786,202.5,0.326407134532928
787,202.8,1.22639572620392
788,203.0,18.3034591674805
789,203.1,3886.05590820313
790,203.2,4186.25537109375
791,203.4,2.90775203704834
792,203.7,0.350953310728073
793,203.9,2.41408824920654
794,204.1,1546.98706054688
795,204.2,3738.681640625
796,204.4,2.934809923172
797,204.7,0.400274008512497
798,204.9,5.77417516708374
799,205.1,1187.19848632813
800,205.2,4565.5693359375
801,205.4,1.27217721939087
802,205.6,0.172964945435524
803,205.8,1.31088018417358
804,206.0,11.1622333526611
805,206.2,4950.14111328125
806,206.3,39.6243858337402
807,206.5,0.407238274812698
808,206.6,0.467519134283066
809,206.9,15.6126270294189
810,207.1,12750.2509765625
811,207.2,2506.27563476563
812,207.4,0.387601315975189
813,207.7,0.19123187661171
814,207.9,9.32640743255615
815,208.1,2757.341796875
816,208.2,2571.19799804688
817,208.4,1.11508166790009
818,208.7,0.564676344394684
819,208.9,9.42824554443359
820,209.1,1798.36474609375
821,209.2,1345.28405761719
822,209.4,0.626213014125824
823,209.7,0.0865395590662956
824,209.9,5.35449266433716
825,210.1,404.171936035156
826,210.2,1395.9794921875
827,210.4,1.11827838420868
828,210.7,0.392738908529282
829,210.9,7.97008800506592
830,211.1,558.550720214844
831,211.2,810.038696289063
832,211.4,1.17182326316833
833,211.6,0.0215778052806854
834,211.8,0.529169976711273
835,212.0,29.6577243804932
836,212.2,1058.68994140625
837,212.3,102.194770812988
838,212.5,0.534193396568298
839,212.8,0.944400072097778
840,213.0,16.5641059875488
841,213.1,2976.71875
842,213.3,37.6234741210938
843,213.4,2.04635238647461
844,213.7,0.23735585808754
845,213.9,3.782395362854
846,214.0,25.67165184021
847,214.2,1218.33361816406
848,214.3,104.22639465332
849,214.5,0.366366028785706
850,214.8,0.596529304981232
851,214.9,1.15743803977966
852,215.1,4565.1748046875
853,215.2,7395.107421875
854,215.4,2.98835492134094
855,215.6,0.138029456138611
856,215.8,0.758077383041382
857,216.0,12.6719942092896
858,216.2,7080.81201171875
859,216.3,40.26806640625
860,216.4,3.16508722305298
861,216.6,0.09966891258955
862,216.8,0.696312367916107
863,217.0,9.79050159454346
864,217.2,6028.8505859375
865,217.3,9.45747184753418
866,217.4,2.65498352050781
867,217.6,0.197168633341789
868,217.8,0.885603368282318
869,218.0,13.2153215408325
870,218.2,4892.060546875
871,218.3,24.7718925476074
872,218.6,0.516383171081543
873,218.8,0.876013219356537
874,219.0,10.5107889175415
875,219.1,422.660247802734
876,219.2,3182.69995117188
877,219.4,1.24831604957581
878,219.7,0.39604976773262
879,219.9,2.40267157554626
880,220.1,280.957885742188
881,220.2,3047.857421875
882,220.4,0.942459166049957
883,220.5,0.538988471031189
884,220.8,1.05263161659241
885,221.0,12.8677930831909
886,221.2,1969.91479492188
887,221.3,59.5016555786133
888,221.5,0.186094298958778
889,221.7,0.325836271047592
890,221.9,2.32241129875183
891,222.1,242.759796142578
892,222.2,1832.90637207031
893,222.4,0.795752942562103
894,222.7,0.535563409328461
895,222.9,4.93092823028564
896,223.1,259.961975097656
897,223.2,792.914733886719
898,223.3,85.4720840454102
899,223.5,0.265669584274292
900,223.7,0.275944739580154
901,223.9,1.96015524864197
902,224.1,775.16943359375
903,224.2,1180.99951171875
904,224.4,1.13414776325226
905,224.7,0.299120903015137
906,224.9,1.85009706020355
907,225.1,447.552124023438
908,225.2,797.365905761719
909,225.4,1.77771437168121
910,225.7,0.0552574507892132
911,225.9,0.648019194602966
912,226.1,3021.064453125
913,226.2,1812.58044433594
914,226.4,1.28507816791534
915,226.7,0.318301171064377
916,226.9,2.09487390518188
917,227.1,1166.98754882813
918,227.2,1851.17895507813
919,227.4,2.67599034309387
920,227.6,0.0834570154547691
921,227.8,0.277086436748505
922,228.0,7.54926347732544
923,228.2,6555.0087890625
924,228.3,63.8055725097656
925,228.5,0.665829420089722
926,228.8,2.2700080871582
927,228.9,8.49891567230225
928,229.1,1179.18811035156
929,229.2,5563.59423828125
930,229.4,3.90113019943237
931,229.7,0.560794591903687
932,229.9,3.90250039100647
933,230.1,649.249328613281
934,230.2,4636.08154296875
935,230.3,35.1291236877441
936,230.5,0.682383835315704
937,230.8,1.75373899936676
938,230.9,5.22924995422363
939,231.1,406.225250244141
940,231.2,3085.18774414063
941,231.4,2.24489092826843
942,231.6,0.867222309112549
943,231.8,0.891311764717102
944,232.0,11.4295015335083
945,232.2,3577.09521484375
946,232.3,40.5412712097168
947,232.5,0.750085651874542
948,232.7,0.25767782330513
949,232.9,1.94702589511871
950,233.0,5.92464876174927
951,233.2,2090.64013671875
952,233.3,47.2611045837402
953,233.5,0.22776572406292
954,233.7,0.348441600799561
955,233.8,0.31670281291008
956,234.0,10.5674161911011
957,234.2,2156.96557617188
958,234.3,70.7699508666992
959,234.5,0.135403588414192
960,234.7,0.472200036048889
961,234.9,5.59253358840942
962,235.1,243.284164428711
963,235.2,963.490356445313
964,235.3,63.500171661377
965,235.5,0.355177521705627
966,235.8,0.786162793636322
967,236.0,17.2662410736084
968,236.2,1349.27954101563
969,236.3,104.996574401855
970,236.5,0.264185398817062
971,236.8,1.03379380702972
972,237.0,27.1072044372559
973,237.1,673.692443847656
974,237.2,835.406066894531
975,237.4,1.86585223674774
976,237.5,0.470259159803391
977,237.8,0.635803163051605
978,237.9,1.21315217018127
979,238.1,263.727478027344
980,238.2,816.989929199219
981,238.3,156.771667480469
982,238.5,0.226509869098663
983,238.8,0.614910364151001
984,239.0,6.3589448928833
985,239.2,5527.89794921875
986,239.3,48.4597549438477
987,239.4,2.78947377204895
988,239.7,0.169425740838051
989,239.8,0.233359977602959
990,240.0,6.75065660476685
991,240.2,2782.03344726563
992,240.3,95.7533950805664
993,240.5,0.151729643344879
994,240.7,0.330060511827469
995,240.9,1.30471515655518
996,241.0,4.47813653945923
997,241.2,4328.78857421875
998,241.3,30.8930244445801
999,241.4,4.33405637741089
1000,241.6,0.0411005839705467
1001,241.8,0.415458381175995
1002,242.0,6.62621307373047
1003,242.2,4254.19091796875
1004,242.3,62.1664581298828
1005,242.5,0.170681580901146
1006,242.7,0.163831487298012
1007,242.9,0.685808897018433
1008,243.1,363.670501708984
1009,243.2,2949.38500976563
1010,243.4,3.92350721359253
1011,243.6,0.409293293952942
1012,243.8,0.15024545788765
1013,244.0,10.0683870315552
1014,244.1,210.893600463867
1015,244.2,3329.76831054688
1016,244.4,5.22479724884033
1017,244.7,0.326749622821808
1018,244.9,1.20139288902283
1019,245.1,203.917343139648
1020,245.2,1828.87878417969
1021,245.4,2.34421730041504
1022,245.6,0.076606921851635
1023,245.8,0.650302529335022
1024,246.0,10.7610454559326
1025,246.2,2383.75561523438
1026,246.3,56.0693016052246
1027,246.5,0.516497313976288
1028,246.7,0.511816442012787
1029,246.9,1.58191573619843
1030,247.0,3.85534882545471
1031,247.2,1180.76245117188
1032,247.3,101.326637268066
1033,247.4,1.97899305820465
1034,247.7,0.206644594669342
1035,247.9,3.17787408828735
1036,248.0,14.4449138641357
1037,248.2,1688.68615722656
1038,248.3,96.8232650756836
1039,248.5,0.217376410961151
1040,248.8,2.60897374153137
1041,249.0,133.639801025391
1042,249.2,891.758850097656
1043,249.3,103.279823303223
1044,249.5,0.541842699050903
1045,249.8,2.56467628479004
1046,250.0,28.9736270904541
1047,250.2,2217.22534179688
1048,250.3,134.215545654297
1049,250.6,0.512843906879425
1050,250.8,3.49731707572937
1051,250.9,9.63078022003174
1052,251.1,416.294097900391
1053,251.2,698.98779296875
1054,251.4,3.32891893386841
1055,251.7,0.69996577501297
1056,251.8,2.01518440246582
1057,252.0,23.4247055053711
1058,252.2,5054.74853515625
1059,252.3,138.818817138672
1060,252.5,0.430642753839493
1061,252.8,1.49354946613312
1062,253.0,24.4142017364502
1063,253.2,4104.86083984375
1064,253.3,41.8432464599609
1065,253.4,4.64253902435303
1066,253.6,0.200022831559181
1067,253.8,1.02192032337189
1068,253.9,1.24843013286591
1069,254.1,551.8857421875
1070,254.2,2530.58129882813
1071,254.4,4.29272747039795
1072,254.7,0.303687632083893
1073,254.9,1.70213496685028
1074,255.1,388.278106689453
1075,255.2,2700.13940429688
1076,255.3,27.3821220397949
1077,255.5,0.95376181602478
1078,255.8,0.563077986240387
1079,256.0,6.79301309585571
1080,256.2,3467.45336914063
1081,256.3,50.4848709106445
1082,256.4,7.4210524559021
1083,256.6,0.151501312851906
1084,256.9,0.985614776611328
1085,257.1,166.833541870117
1086,257.2,1875.21826171875
1087,257.4,3.74962902069092
1088,257.5,1.41351747512817
1089,257.8,0.353579163551331
1090,258.0,6.88868570327759
1091,258.1,117.288848876953
1092,258.2,2437.71435546875
1093,258.4,4.7503137588501
1094,258.6,0.36282679438591
1095,258.9,0.598926842212677
1096,259.1,138.23095703125
1097,259.2,1197.63000488281
1098,259.4,3.00559425354004
1099,259.6,0.0977280512452126
1100,259.8,0.294097512960434
1101,260.0,8.19625568389893
1102,260.1,93.0292282104492
1103,260.2,1621.39965820313
1104,260.4,3.59264755249023
1105,260.6,0.458043158054352
1106,260.8,0.157666400074959
1107,261.0,8.7750883102417
1108,261.1,233.652359008789
1109,261.2,876.177673339844
1110,261.4,2.33428478240967
1111,261.6,0.310766071081161
1112,261.8,0.214978873729706
1113,262.0,12.096471786499
1114,262.2,1112.51416015625
1115,262.3,221.278457641602
1116,262.4,2.78536367416382
1117,262.6,0.0492065288126469
1118,262.8,0.390455543994904
1119,263.0,8.38486099243164
1120,263.2,2133.19750976563
1121,263.3,89.8119659423828
1122,263.5,0.200593680143356
1123,263.8,0.522548258304596
1124,263.9,1.04144310951233
1125,264.1,351.913360595703
1126,264.2,923.711181640625
1127,264.3,206.466033935547
1128,264.5,0.316360324621201
1129,264.7,0.497545391321182
1130,264.9,6.49195098876953
1131,265.1,869.030700683594
1132,265.2,3294.22216796875
1133,265.4,4.89268159866333
1134,265.6,0.286219894886017
1135,265.8,1.21109712123871
1136,266.0,15.9327545166016
1137,266.2,3341.00708007813
1138,266.3,152.204132080078
1139,266.5,0.377326190471649
1140,266.7,1.54880690574646
1141,266.9,20.4592990875244
1142,267.1,944.285095214844
1143,267.2,2311.34008789063
1144,267.4,6.34661483764648
1145,267.7,0.893481016159058
1146,267.9,11.8554630279541
1147,268.0,85.0108489990234
1148,268.2,2770.62890625
1149,268.3,71.6100006103516
1150,268.4,7.35506343841553
1151,268.7,0.696997344493866
1152,268.9,7.45952749252319
1153,269.1,239.7177734375
1154,269.2,1847.08117675781
1155,269.4,6.93857765197754
1156,269.7,1.72177183628082
1157,269.9,9.29409790039063
1158,270.1,143.982070922852
1159,270.2,2513.51196289063
1160,270.4,5.54640960693359
1161,270.5,0.812992334365845
1162,270.8,0.841420233249664
1163,271.0,9.10777473449707
1164,271.2,1205.97790527344
1165,271.3,89.5545120239258
1166,271.5,1.2717205286026
1167,271.8,0.638086557388306
1168,271.9,0.653385102748871
1169,272.1,96.9176864624023
1170,272.2,1797.25048828125
1171,272.4,3.32869052886963
1172,272.7,0.266582936048508
1173,272.8,0.154013007879257
1174,273.0,4.91094875335693
1175,273.2,737.785827636719
1176,273.3,141.088821411133
1177,273.5,0.506564676761627
1178,273.8,0.306541830301285
1179,274.0,5.29306983947754
1180,274.1,210.365905761719
1181,274.2,1388.50720214844
1182,274.4,1.82041323184967
1183,274.5,0.681698799133301
1184,274.8,0.342619031667709
1185,274.9,0.961182773113251
1186,275.1,99.5384140014648
1187,275.2,604.779113769531
1188,275.4,5.45701551437378
1189,275.6,0.210069641470909
1190,275.8,0.0468089953064919
1191,276.0,2.25973296165466
1192,276.1,649.937072753906
1193,276.2,1825.17333984375
1194,276.4,3.12455749511719
1195,276.6,0.163831487298012
1196,276.8,0.385546296834946
1197,276.9,0.728507816791534
1198,277.1,318.028533935547
1199,277.2,1265.32153320313
1200,277.4,4.80408716201782
1201,277.7,0.193172737956047
1202,277.9,0.708300054073334
1203,278.1,310.962097167969
1204,278.2,1805.49816894531
1205,278.4,5.94577026367188
1206,278.7,0.290786623954773
1207,278.9,1.39673483371735
1208,279.1,235.485443115234
1209,279.2,1870.28833007813
1210,279.4,7.74814462661743
1211,279.5,0.818244099617004
1212,279.7,0.0834570154547691
1213,279.9,0.699052393436432
1214,280.1,147.142822265625
1215,280.2,2389.15356445313
1216,280.4,14.8403930664063
1217,280.7,1.29592418670654
1218,280.9,19.8236103057861
1219,281.1,3085.81518554688
1220,281.2,1764.857421875
1221,281.4,2.07055592536926
1222,281.5,0.79209953546524
1223,281.8,2.72382688522339
1224,282.0,40.6117134094238
1225,282.2,3069.4658203125
1226,282.3,75.2142944335938
1227,282.5,0.934924066066742
1228,282.7,0.748373091220856
1229,282.9,8.00799179077148
1230,283.1,524.340209960938
1231,283.2,1290.39343261719
1232,283.4,5.61331224441528
1233,283.7,0.446512162685394
1234,283.9,5.72782278060913
1235,284.1,131.536026000977
1236,284.2,1917.27160644531
1237,284.4,6.13905715942383
1238,284.7,0.863797247409821
1239,284.9,6.52243423461914
1240,285.1,108.068954467773
1241,285.2,829.670532226563
1242,285.4,3.8105947971344
1243,285.7,0.774860143661499
1244,285.9,2.88434743881226
1245,286.0,6.12250280380249
1246,286.2,1125.87487792969
1247,286.3,277.110626220703
1248,286.5,0.415001720190048
1249,286.6,0.394223093986511
1250,286.8,0.217833086848259
1251,287.0,5.36385440826416
1252,287.2,672.845886230469
1253,287.3,138.304260253906
1254,287.5,0.665372788906097
1255,287.7,0.370133578777313
1256,287.9,1.11713671684265
1257,288.1,60.0753517150879
1258,288.2,975.181213378906
1259,288.4,3.30243182182312
1260,288.6,0.379152864217758
1261,288.9,1.0962438583374
1262,289.1,316.498809814453
1263,289.2,1046.61389160156
1264,289.4,6.83902263641357
1265,289.6,0.231875792145729
1266,289.9,0.594930946826935
1267,290.1,163.457931518555
1268,290.2,953.038818359375
1269,290.4,6.61296939849854
1270,290.7,0.24363511800766
1271,290.9,0.45621645450592
1272,291.0,3.33816647529602
1273,291.2,1048.10668945313
1274,291.3,93.6211929321289
1275,291.5,0.783194422721863
1276,291.6,0.120105035603046
1277,291.9,0.284735709428787
1278,292.1,124.53784942627
1279,292.2,1107.1953125
1280,292.3,197.574844360352
1281,292.5,0.396734774112701
1282,292.7,0.204361230134964
1283,292.8,0.234729990363121
1284,293.0,6.28302335739136
1285,293.2,981.875915527344
1286,293.3,67.4742584228516
1287,293.4,9.6191349029541
1288,293.6,0.492978662252426
1289,293.9,1.00411009788513
1290,294.1,72.0649642944336
1291,294.2,1623.84399414063
1292,294.3,119.785018920898
1293,294.5,0.663774430751801
1294,294.8,0.826578378677368
1295,295.0,12.9647216796875
1296,295.2,939.233703613281
1297,295.3,96.5417251586914
1298,295.5,1.28816080093384
1299,295.7,0.783422768115997
1300,295.9,2.3556342124939
1301,296.1,51.1100578308105
1302,296.2,1684.1162109375
1303,296.4,9.29980564117432
1304,296.7,0.595501780509949
1305,296.9,2.63100814819336
1306,297.1,58.14990234375
1307,297.2,602.850341796875
1308,297.3,145.999664306641
1309,297.5,1.11816418170929
1310,297.8,0.707272529602051
1311,297.9,0.714807629585266
1312,298.1,43.3224105834961
1313,298.2,1146.75305175781
1314,298.3,260.169189453125
1315,298.5,0.95650190114975
1316,298.8,0.40643909573555
1317,299.0,3.57849073410034
1318,299.2,425.098175048828
1319,299.3,176.228561401367
1320,299.5,0.845416128635406
1321,299.8,0.489781945943832
1322,299.9,0.295810014009476
1323,300.1,83.5571441650391
1324,300.2,1135.64086914063
1325,300.4,4.54115772247314
1326,300.6,0.454846441745758
1327,300.9,1.77611601352692
1328,301.0,8.14750576019287
1329,301.2,368.490356445313
1330,301.3,160.710006713867
1331,301.4,8.46146774291992
1332,301.7,0.312821090221405
1333,301.9,0.732617855072021
1334,302.0,2.41648578643799
1335,302.2,734.556213378906
1336,302.3,350.738677978516
1337,302.5,0.329147160053253
1338,302.7,0.260417848825455
1339,302.8,0.162347301840782
1340,303.0,4.66217613220215
1341,303.2,576.190979003906
1342,303.3,122.389312744141
1343,303.5,0.665715277194977
1344,303.8,0.20710127055645
1345,304.0,3.58819508552551
1346,304.2,502.272521972656
1347,304.3,243.849304199219
1348,304.4,14.76926612854
1349,304.6,0.185066789388657
1350,304.9,0.593218386173248
1351,305.1,81.9511337280273
1352,305.2,486.271942138672
1353,305.3,98.8132171630859
1354,305.5,0.893937647342682
1355,305.7,0.360885947942734
1356,305.9,0.318301171064377
1357,306.1,51.593448638916
1358,306.2,1026.42858886719
1359,306.4,18.0256881713867
1360,306.6,0.265212923288345
1361,306.8,0.1358602643013
1362,307.0,3.74300718307495
1363,307.2,536.211547851563
1364,307.3,102.143508911133
1365,307.5,2.04418301582336
1366,307.6,0.610686123371124
1367,307.8,0.235414996743202
1368,308.0,1.84827029705048
1369,308.2,1001.91802978516
1370,308.3,175.472778320313
1371,308.5,1.44822466373444
1372,308.7,0.116908319294453
1373,308.9,1.38417625427246
1374,309.1,52.0103874206543
1375,309.2,557.565795898438
1376,309.4,9.34946918487549
1377,309.6,0.614339530467987
1378,309.8,0.153784677386284
1379,310.0,2.35083913803101
1380,310.2,980.887756347656
1381,310.3,276.584442138672
1382,310.5,1.18392515182495
1383,310.7,0.589336693286896
1384,310.9,1.16531562805176
1385,311.1,48.2049331665039
1386,311.2,514.073425292969
1387,311.4,6.13117933273315
1388,311.7,0.573238968849182
1389,311.9,0.983217239379883
1390,312.1,19.2783432006836
1391,312.2,665.293395996094
1392,312.3,410.862091064453
1393,312.5,0.467519134283066
1394,312.6,0.619819641113281
1395,312.8,0.375156968832016
1396,313.0,4.35380744934082
1397,313.2,385.626556396484
1398,313.3,151.393539428711
1399,313.5,0.634204804897308
1400,313.6,0.412147492170334
1401,313.8,0.275944739580154
1402,314.0,2.94371509552002
1403,314.2,427.161651611328
1404,314.3,429.2646484375
1405,314.5,0.539216816425323
1406,314.7,0.357346743345261
1407,315.0,2.95284843444824
1408,315.2,305.948059082031
1409,315.3,142.429275512695
1410,315.4,11.6673135757446
1411,315.6,0.159036412835121
1412,315.9,0.433040291070938
1413,316.0,1.2436351776123
1414,316.2,309.536804199219
1415,316.3,327.296142578125
1416,316.5,0.780111908912659
1417,316.8,0.248087674379349
1418,317.0,3.26475620269775
1419,317.2,257.893707275391
1420,317.3,123.599044799805
1421,317.5,1.10560572147369
1422,317.7,0.103093959391117
1423,317.9,0.267724633216858
1424,318.1,52.365909576416
1425,318.2,487.858764648438
1426,318.4,23.9212245941162
1427,318.6,0.0599383488297462
1428,318.8,0.0997830778360367
1429,319.0,3.46032643318176
1430,319.2,275.632843017578
1431,319.3,100.806488037109
1432,319.5,1.70407581329346
1433,319.8,0.31156525015831
1434,320.0,1.30014836788177
1435,320.2,602.34912109375
1436,320.3,154.644256591797
1437,320.4,24.0255737304688
1438,320.6,0.0734102055430412
1439,320.8,0.404498219490051
1440,321.0,3.5389883518219
1441,321.2,284.006622314453
1442,321.3,98.2853088378906
1443,321.4,13.5202646255493
1444,321.7,0.431213617324829
1445,321.9,0.589793384075165
1446,322.1,27.3419342041016
1447,322.2,799.186340332031
1448,322.4,13.5103321075439
1449,322.6,0.608060300350189
1450,322.8,0.438748717308044
1451,323.0,5.4688892364502
1452,323.1,48.4788208007813
1453,323.2,351.160736083984
1454,323.4,10.5191230773926
1455,323.6,0.570384740829468
1456,323.8,0.41306084394455
1457,324.0,3.98881149291992
1458,324.2,585.968383789063
1459,324.3,339.248992919922
1460,324.4,9.48487281799316
1461,324.7,1.10982990264893
1462,324.8,2.74095225334167
1463,325.0,118.554176330566
1464,325.2,281.982543945313
1465,325.3,141.425735473633
1466,325.5,0.685123860836029
1467,325.7,0.990752339363098
1468,325.9,4.80408716201782
1469,326.0,30.9359512329102
1470,326.2,446.152069091797
1471,326.3,432.367858886719
1472,326.5,0.899417757987976
1473,326.7,2.34353232383728
1474,326.9,17.5557708740234
1475,327.0,158.901580810547
1476,327.2,339.147277832031
1477,327.4,8.17650413513184
1478,327.5,1.14830458164215
1479,327.8,2.0978422164917
1480,328.0,29.7747459411621
1481,328.1,22.1308364868164
1482,328.3,624.645080566406
1483,328.4,14.024317741394
1484,328.7,0.73832631111145
1485,328.9,5.05993843078613
1486,329.0,16.3991317749023
1487,329.2,172.444564819336
1488,329.3,119.889259338379
1489,329.4,16.7085285186768
1490,329.6,0.642082452774048
1491,329.8,0.526544153690338
1492,330.0,4.20139265060425
1493,330.2,197.316925048828
1494,330.3,278.178680419922
1495,330.5,0.807854771614075
1496,330.8,0.406096577644348
1497,330.9,0.501541256904602
1498,331.1,33.9330978393555
1499,331.3,199.096466064453
1500,331.4,20.9666633605957
1501,331.6,0.494006156921387
1502,331.9,0.46397989988327
1503,332.1,29.8940525054932
1504,332.3,383.547882080078
1505,332.4,26.9333248138428
1506,332.5,1.28153896331787
1507,332.7,0.0755794048309326
1508,332.9,0.719374358654022
1509,333.1,27.8274917602539
1510,333.2,117.297065734863
1511,333.3,88.0334548950195
1512,333.5,2.96004104614258
1513,333.6,0.766411662101746
1514,333.9,0.455303102731705
1515,334.1,19.2613315582275
1516,334.2,322.304016113281
1517,334.3,195.045440673828
1518,334.5,2.42607593536377
1519,334.7,0.100468091666698
1520,334.9,0.654184281826019
1521,335.0,2.71480751037598
1522,335.2,148.770294189453
1523,335.3,90.7897033691406
1524,335.4,13.2355289459229
1525,335.6,0.496746212244034
1526,335.8,0.451992243528366
1527,336.0,1.8803516626358
1528,336.1,11.2901020050049
1529,336.2,586.465148925781
1530,336.4,15.378924369812
1531,336.6,0.552574515342712
1532,336.8,0.0819728299975395
1533,337.0,3.06393432617188
1534,337.2,148.789016723633
1535,337.3,122.072265625
1536,337.5,1.78536367416382
1537,337.7,0.265098750591278
1538,337.9,0.488297760486603
1539,338.1,7.32104110717773
1540,338.2,269.310546875
1541,338.3,397.304718017578
1542,338.5,1.19054687023163
1543,338.7,0.481219321489334
1544,338.8,0.497088700532913
1545,339.0,6.67153787612915
1546,339.2,170.444000244141
1547,339.3,142.771545410156
1548,339.5,1.88000917434692
1549,339.8,0.280397295951843
1550,340.0,3.76424241065979
1551,340.1,14.6834115982056
1552,340.3,585.031860351563
1553,340.4,17.569128036499
1554,340.7,1.44936633110046
1555,340.9,16.00559425354
1556,341.0,53.6922035217285
1557,341.1,607.703857421875
1558,341.3,99.1739959716797
1559,341.5,0.760132431983948
1560,341.7,0.782509446144104
1561,341.8,1.88560342788696
1562,342.0,30.6678848266602
1563,342.2,280.454620361328
1564,342.3,314.036987304688
1565,342.5,1.68683636188507
1566,342.8,1.69380068778992
1567,342.9,4.4688892364502
1568,343.1,116.331085205078
1569,343.3,174.278564453125
1570,343.4,19.5523452758789
1571,343.6,0.378125369548798
1572,343.9,1.85683298110962
1573,344.1,35.4556465148926
1574,344.3,300.758636474609
1575,344.4,36.1972846984863
1576,344.6,0.332686394453049
1577,344.8,0.682954668998718
1578,345.0,8.14807605743408
1579,345.2,85.1393966674805
1580,345.3,84.622673034668
1581,345.5,2.6926589012146
1582,345.7,0.242036759853363
1583,345.9,0.441602915525436
1584,346.1,20.4996013641357
1585,346.3,273.886871337891
1586,346.4,28.1537837982178
1587,346.5,2.61137127876282
1588,346.7,0.0637058988213539
1589,346.9,0.616737067699432
1590,347.1,18.5802040100098
1591,347.3,115.858200073242
1592,347.4,18.0712413787842
1593,347.6,0.796323776245117
1594,347.7,0.361000120639801
1595,348.0,1.07580769062042
1596,348.2,178.08984375
1597,348.3,193.528823852539
1598,348.5,3.05662751197815
1599,348.7,0.106062337756157
1600,348.9,0.436693698167801
1601,349.0,1.670738697052
1602,349.2,80.8623123168945
1603,349.3,79.2416915893555
1604,349.5,3.30311679840088
1605,349.7,0.179586708545685
1606,349.9,0.474597543478012
1607,350.0,1.05080485343933
1608,350.2,180.374923706055
1609,350.3,250.30940246582
1610,350.4,15.1089162826538
1611,350.6,0.610686123371124
1612,350.8,0.0737527087330818
1613,351.0,1.74060964584351
1614,351.1,12.2641849517822
1615,351.3,157.57209777832
1616,351.4,14.9421167373657
1617,351.6,0.384062111377716
1618,351.9,0.331658869981766
1619,352.0,0.67964380979538
1620,352.2,148.596984863281
1621,352.3,327.164978027344
1622,352.5,1.36020088195801
1623,352.8,0.338052302598953
1624,353.0,1.78844618797302
1625,353.2,77.5101013183594
1626,353.3,112.768241882324
1627,353.5,1.85489213466644
1628,353.8,0.328347980976105
1629,354.0,0.952506005764008
1630,354.2,95.8046569824219
1631,354.3,323.311798095703
1632,354.5,2.3449022769928
1633,354.8,3.57928991317749
1634,355.0,34.2604179382324
1635,355.1,848.945983886719
1636,355.3,77.8496398925781
1637,355.5,0.946683406829834
1638,355.7,0.29238498210907
1639,355.9,3.72268533706665
1640,356.1,230.295700073242
1641,356.3,329.882293701172
1642,356.4,30.6742782592773
1643,356.7,0.768352568149567
1644,356.9,3.40084481239319
1645,357.1,162.310531616211
1646,357.2,67.2961502075195
1647,357.3,77.3727569580078
1648,357.5,2.88548922538757
1649,357.7,0.626555562019348
1650,358.0,3.37949538230896
1651,358.2,115.650871276855
1652,358.3,173.855346679688
1653,358.5,2.19865274429321
1654,358.8,0.613882839679718
1655,359.0,4.91654300689697
1656,359.1,21.576208114624
1657,359.3,79.1927185058594
1658,359.4,21.19899559021
1659,359.6,1.33097386360168
1660,359.9,0.682041347026825
1661,360.1,11.1315221786499
1662,360.3,194.146255493164
1663,360.4,31.3136196136475
1664,360.6,0.496860384941101
1665,360.9,1.15195798873901
1666,361.1,14.7193746566772
1667,361.3,69.5885391235352
1668,361.4,17.5515460968018
1669,361.6,0.885945856571198
1670,361.8,0.193857744336128
1671,362.0,1.03927385807037
1672,362.2,98.6716537475586
1673,362.3,141.392059326172
1674,362.4,22.4450283050537
1675,362.6,0.275830566883087
1676,362.9,0.606918573379517
1677,363.1,11.1634893417358
1678,363.3,87.2797088623047
1679,363.4,15.6037216186523
1680,363.6,0.482589334249496
1681,363.8,0.111656583845615
1682,364.0,0.712980926036835
1683,364.2,96.5577087402344
1684,364.3,192.224456787109
1685,364.4,18.3705902099609
1686,364.6,0.636259853839874
1687,364.9,0.270693004131317
1688,365.1,9.62141799926758
1689,365.2,39.5531463623047
1690,365.3,75.3911437988281
1691,365.5,1.97613883018494
1692,365.7,0.387030482292175
1693,365.9,0.108117364346981
1694,366.1,4.74860143661499
1695,366.3,280.885040283203
1696,366.4,30.3509540557861
1697,366.6,0.452334731817245
1698,366.9,0.539787650108337
1699,367.1,7.5932183265686
1700,367.3,94.0366516113281
1701,367.4,21.5195789337158
1702,367.5,2.58054566383362
1703,367.7,0.235414996743202
1704,367.9,0.188491836190224
1705,368.1,3.68158459663391
1706,368.2,48.4576988220215
1707,368.3,224.854095458984
1708,368.5,1.76972258090973
1709,368.7,0.119191691279411
1710,368.9,1.13346266746521
1711,369.1,8.00251197814941
1712,369.3,81.631233215332
1713,369.4,22.9405174255371
1714,369.6,0.587509989738464
1715,369.8,0.177645847201347
1716,370.0,1.27114963531494
1717,370.2,41.9038696289063
1718,370.3,170.929443359375
1719,370.5,2.87190318107605
1720,370.8,0.36431097984314
1721,371.0,1.73273205757141
1722,371.2,25.6157093048096
1723,371.3,56.6892356872559
1724,371.5,3.5775773525238
1725,371.7,0.389656364917755
1726,372.0,0.907980382442474
1727,372.2,38.7891311645508
1728,372.3,90.3987884521484
1729,372.4,38.6421966552734
1730,372.6,0.400959014892578
1731,372.9,0.404269903898239
1732,373.0,1.01518440246582
1733,373.2,23.4838447570801
1734,373.3,40.504508972168
1735,373.5,4.89348077774048
1736,373.6,1.13780117034912
1737,373.8,0.611599504947662
1738,374.0,0.848498702049255
1739,374.2,53.7146949768066
1740,374.3,76.5569152832031
1741,374.4,28.5094184875488
1742,374.6,0.386573821306229
1743,374.8,0.388058006763458
1744,375.0,3.0466947555542
1745,375.2,25.9849300384521
1746,375.3,36.075122833252
1747,375.5,3.86471056938171
1748,375.7,0.32926133275032
1749,376.0,1.15081632137299
1750,376.2,55.6777038574219
1751,376.3,115.486473083496
1752,376.5,2.63865733146667
1753,376.7,0.434410333633423
1754,376.9,0.450850546360016
1755,377.1,7.88092231750488
1756,377.3,52.2109832763672
1757,377.4,12.9606122970581
1758,377.6,1.01175928115845
1759,377.9,0.387487143278122
1760,378.1,4.92419242858887
1761,378.3,168.157669067383
1762,378.4,22.4795074462891
1763,378.5,2.34867000579834
1764,378.7,0.3540358543396
1765,379.0,0.963351964950562
1766,379.2,25.4346389770508
1767,379.3,49.2397537231445
1768,379.5,2.48978185653687
1769,379.6,0.724283576011658
1770,379.8,0.0567416362464428
1771,380.0,0.969517052173615
1772,380.2,35.2576789855957
1773,380.3,158.333023071289
1774,380.5,1.52311909198761
1775,380.6,0.466263264417648
1776,380.9,1.01952278614044
1777,381.1,5.72416925430298
1778,381.3,50.0222625732422
1779,381.4,21.893138885498
1780,381.6,0.418540924787521
1781,381.8,0.468432456254959
1782,381.9,0.237241700291634
1783,382.1,3.06610345840454
1784,382.2,32.334171295166
1785,382.3,132.58544921875
1786,382.5,2.60246610641479
1787,382.8,0.515013158321381
1788,383.0,8.23267459869385
1789,383.2,24.026029586792
1790,383.3,44.0299110412598
1791,383.5,3.1802716255188
1792,383.7,0.480762630701065
1793,384.0,2.58648252487183
1794,384.2,29.1607494354248
1795,384.3,101.624160766602
1796,384.5,4.56547546386719
1797,384.7,0.991551518440247
1798,384.9,3.19271612167358
1799,385.1,18.1491031646729
1800,385.3,33.381893157959
1801,385.4,16.5458393096924
1802,385.6,0.763215005397797
1803,385.8,1.17913007736206
1804,386.0,4.47790861129761
1805,386.2,27.586483001709
1806,386.3,73.3903427124023
1807,386.5,5.4782509803772
1808,386.7,1.2003653049469
1809,386.9,2.21383714675903
1810,387.1,9.74083805084229
1811,387.3,27.1362018585205
1812,387.4,11.7089853286743
1813,387.6,1.27914142608643
1814,387.8,0.438862890005112
1815,388.0,1.62461471557617
1816,388.2,25.4612407684326
1817,388.3,70.6493911743164
1818,388.5,3.70144987106323
1819,388.6,0.971229612827301
1820,388.9,0.75122731924057
1821,389.0,0.935494899749756
1822,389.2,14.3082542419434
1823,389.3,22.2040195465088
1824,389.5,2.98036313056946
1825,389.7,0.255394458770752
1826,389.9,0.495262026786804
1827,390.1,4.78387928009033
1828,390.3,82.6252975463867
1829,390.4,20.6928882598877
1830,390.6,0.412147492170334
1831,390.9,0.519922375679016
1832,391.1,4.34889841079712
1833,391.2,10.4446859359741
1834,391.3,24.978536605835
1835,391.5,1.84233355522156
1836,391.6,0.661376893520355
1837,391.8,0.149902954697609
1838,392.0,0.547551095485687
1839,392.2,23.9865283966064
1840,392.3,63.1347198486328
1841,392.4,27.8697338104248
1842,392.6,0.498915404081345
1843,392.8,0.162347301840782
1844,393.0,0.818700790405273
1845,393.2,11.8947372436523
1846,393.3,30.0256881713867
1847,393.5,2.58728170394897
1848,393.7,0.412261664867401
1849,394.0,0.445598810911179
1850,394.2,16.9940624237061
1851,394.3,91.8757858276367
1852,394.5,2.62963819503784
1853,394.6,0.409635812044144
1854,394.8,0.0796894654631615
1855,395.0,0.939148306846619
1856,395.2,12.1011533737183
1857,395.3,26.1452217102051
1858,395.5,4.05422973632813
1859,395.8,0.287247389554977
1860,395.9,0.221029803156853
1861,396.1,2.99668908119202
1862,396.2,13.9695167541504
1863,396.3,73.9420013427734
1864,396.5,4.12501430511475
1865,396.6,0.613882839679718
1866,396.8,0.137230277061462
1867,397.0,2.49400615692139
1868,397.1,3.73250365257263
1869,397.3,19.4255046844482
1870,397.4,10.9498805999756
1871,397.5,4.68204116821289
1872,397.8,0.332001358270645
1873,398.0,0.495147854089737
1874,398.1,4.15709543228149
1875,398.3,43.2771987915039
1876,398.4,30.7428932189941
1877,398.6,0.329375505447388
1878,398.8,0.849526226520538
1879,399.0,11.6917457580566
1880,399.1,29.0567417144775
1881,399.3,10.0124444961548
1882,399.4,10.5393314361572
1883,399.6,1.29672336578369
1884,399.9,1.44651210308075
1885,400.1,12.3794956207275
1886,400.3,35.9881248474121
1887,400.4,22.3606567382813
1888,400.7,2.71937441825867
1889,400.9,11.1665716171265
1890,401.1,69.3952484130859
1891,401.2,23.5301971435547
1892,401.4,4.45416164398193
1893,401.5,2.91391706466675
1894,401.7,0.674049556255341
1895,401.9,5.23221826553345
1896,402.1,24.2173767089844
1897,402.2,15.1533279418945
1898,402.3,37.8725891113281
1899,402.5,3.38828635215759
1900,402.6,1.19625532627106
1901,402.9,4.44126033782959
1902,403.1,16.893367767334
1903,403.3,14.6508731842041
1904,403.4,7.48213243484497
1905,403.6,0.836739361286163
1906,403.9,1.27674388885498
1907,404.1,6.25996112823486
1908,404.3,39.5855674743652
1909,404.4,14.1792440414429
1910,404.5,2.38931393623352
1911,404.7,0.264642089605331
1912,404.9,0.779541015625
1913,405.0,1.25528025627136
1914,405.2,9.69711112976074
1915,405.3,8.57061290740967
1916,405.4,6.66560125350952
1917,405.6,0.623472988605499
1918,405.8,0.163032308220863
1919,406.0,1.21634888648987
1920,406.2,12.9666624069214
1921,406.3,44.6711959838867
1922,406.5,2.93697905540466
1923,406.6,0.521292388439178
1924,406.9,0.410891652107239
1925,407.0,0.950793445110321
1926,407.2,6.30985260009766
1927,407.3,13.9309282302856
1928,407.5,2.02260541915894
1929,407.6,1.07774865627289
1930,407.8,0.230391591787338
1931,408.0,0.680785477161407
1932,408.2,11.3833770751953
1933,408.4,41.3833770751953
1934,408.5,4.4672908782959
1935,408.8,0.138371959328651
1936,409.0,0.641625761985779
1937,409.2,6.24706029891968
1938,409.4,12.5409297943115
1939,409.5,2.90409874916077
1940,409.8,0.286562383174896
1941,409.9,0.172165766358376
1942,410.1,2.22000217437744
1943,410.3,24.0835704803467
1944,410.4,21.0885944366455
1945,410.6,0.626098871231079
1946,410.8,0.0617650412023067
1947,411.0,0.468660801649094
1948,411.2,4.65566825866699
1949,411.3,4.76036071777344
1950,411.4,7.58728170394897
1951,411.6,1.03173875808716
1952,411.9,0.472428351640701
1953,412.0,0.396506458520889
1954,412.2,8.11770725250244
1955,412.3,10.4805345535278
1956,412.4,18.4473114013672
1957,412.6,1.10183811187744
1958,412.8,0.206872925162315
1959,413.0,1.66514444351196
1960,413.1,9.62883853912354
1961,413.3,3.97693800926208
1962,413.4,5.03276634216309
1963,413.6,1.13917112350464
1964,413.9,0.571526408195496
1965,414.0,0.832743465900421
1966,414.2,8.29580974578857
1967,414.4,18.7503147125244
1968,414.5,6.23564338684082
1969,414.8,2.78673362731934
1970,415.0,18.1508159637451
1971,415.1,79.5515441894531
1972,415.3,11.8764696121216
1973,415.5,0.458613991737366
1974,415.7,0.631807267665863
1975,415.9,3.17650413513184
1976,416.1,27.9277305603027
1977,416.3,25.2785701751709
1978,416.4,9.65315628051758
1979,416.6,0.805799722671509
1980,416.8,1.3648818731308
1981,417.0,6.47847938537598
1982,417.1,21.0634784698486
1983,417.3,6.78022623062134
1984,417.5,1.1133691072464
1985,417.7,0.572896420955658
1986,418.0,2.64322400093079
1987,418.2,12.2858772277832
1988,418.4,15.922022819519
1989,418.5,2.79906392097473
1990,418.7,0.537504255771637
1991,418.9,0.190546870231628
1992,419.1,2.53042578697205
1993,419.3,6.40107297897339
1994,419.4,3.01221609115601
1995,419.6,0.602237701416016
1996,419.9,0.372987776994705
1997,420.1,1.88263499736786
1998,420.3,13.6415119171143
1999,420.4,9.48270320892334
2000,420.5,3.04635238647461
2001,420.7,0.140312820672989
2002,420.9,0.206872925162315
2003,421.0,0.222057312726974
2004,421.2,3.21965980529785
2005,421.3,2.61924886703491
2006,421.4,3.57129812240601
2007,421.6,0.63854318857193
2008,421.8,0.0187235977500677
2009,422.0,0.955131888389587
2010,422.2,4.82075595855713
2011,422.3,9.00468063354492
2012,422.4,11.73353099823
2013,422.6,0.652585923671722
2014,422.9,0.25025686621666
2015,423.0,0.182783424854279
2016,423.2,2.53008341789246
2017,423.4,4.45735836029053
2018,423.5,1.21623468399048
2019,423.6,0.44890969991684
2020,423.8,0.225824862718582
2021,424.1,2.03459310531616
2022,424.3,9.73273181915283
2023,424.4,9.99657535552979
2024,424.6,0.852722942829132
2025,424.8,0.185637623071671
2026,425.0,0.36134260892868
2027,425.1,0.502682983875275
2028,425.3,2.9084370136261
2029,425.4,2.07660698890686
2030,425.5,1.41111993789673
2031,425.8,0.285991549491882
2032,426.0,0.522205710411072
2033,426.2,3.46066904067993
2034,426.4,9.55417251586914
2035,426.5,2.91197633743286
2036,426.6,0.84872704744339
2037,426.9,0.191346049308777
2038,427.1,0.540130138397217
2039,427.3,1.8836624622345
2040,427.4,2.05354499816895
2041,427.6,0.815732359886169
2042,427.8,0.247174337506294
2043,428.1,1.32275378704071
2044,428.3,5.56273555755615
2045,428.4,5.01118850708008
2046,428.7,1.75956153869629
2047,428.9,4.78102540969849
2048,429.1,95.2462615966797
2049,429.2,158.35905456543
2050,429.3,11.1726226806641
2051,429.5,0.512273073196411
2052,429.7,0.58465576171875
2053,429.9,1.92305052280426
2054,430.0,4.13083696365356
2055,430.2,102.684669494629
2056,430.3,10.6271266937256
2057,430.5,1.53704762458801
2058,430.7,1.01644027233124
2059,430.9,1.94280171394348
2060,431.1,31.1424827575684
2061,431.2,44.3339424133301
2062,431.4,1.75122725963593
2063,431.6,0.24180842936039
2064,431.9,0.669368624687195
2065,432.1,6.23518657684326
2066,432.2,22.2999210357666
2067,432.4,4.57472324371338
2068,432.7,0.423564344644547
2069,432.9,0.446626335382462
2070,433.1,6.32880449295044
2071,433.2,3.30825448036194
2072,433.4,1.19899535179138
2073,433.5,0.548464417457581
2074,433.7,0.0842561945319176
2075,433.9,0.212124675512314
2076,434.1,1.47916424274445
2077,434.3,5.26886653900146
2078,434.4,3.67462038993835
2079,434.5,1.82509422302246
2080,434.7,0.19123187661171
2081,435.0,0.484758526086807
2082,435.2,1.24409174919128
2083,435.3,0.60018265247345
2084,435.5,1.33828067779541
2085,435.7,0.301404267549515
2086,435.9,0.109715722501278
2087,436.0,0.164173990488052
2088,436.2,2.2545952796936
2089,436.3,2.69185972213745
2090,436.4,4.82703495025635
2091,436.6,0.298892557621002
2092,436.7,0.253567755222321
2093,437.0,0.260532021522522
2094,437.1,0.239296719431877
2095,437.3,0.831145107746124
2096,437.4,0.484187692403793
2097,437.5,1.00194084644318
2098,437.7,0.266811281442642
2099,437.9,0.103436462581158
2100,438.1,0.604292750358582
2101,438.3,3.65441250801086
2102,438.4,3.67690372467041
2103,438.6,0.370019406080246
2104,438.7,0.241123422980309
2105,438.9,0.0663317739963531
2106,439.1,0.233702480792999
2107,439.2,0.806941449642181
2108,439.5,0.778741836547852
2109,439.6,0.316246151924133
2110,439.9,0.176960840821266
2111,440.1,0.522091567516327
2112,440.2,0.937892436981201
2113,440.4,2.71400833129883
2114,440.5,1.20173537731171
2115,440.7,0.252996921539307
2116,441.0,0.405411571264267
2117,441.2,0.656125128269196
2118,441.4,0.408037453889847
2119,441.5,0.667313635349274
2120,441.7,0.077748604118824
2121,442.0,0.305057644844055
2122,442.2,1.03699052333832
2123,442.4,1.87704074382782
2124,442.5,1.16714239120483
2125,442.7,0.317616164684296
2126,442.9,0.384747117757797
2127,443.1,0.495147854089737
2128,443.3,0.499600410461426
2129,443.5,0.411462485790253
2130,443.6,0.34113484621048
2131,443.8,0.186436802148819
2132,444.0,0.145678728818893
2133,444.2,0.804543912410736
2134,444.3,0.757392406463623
2135,444.4,1.10571980476379
2136,444.6,0.413289189338684
2137,444.9,0.258477002382278
2138,445.0,0.193172737956047
2139,445.2,0.522662401199341
2140,445.4,0.380294561386108
2141,445.5,0.218974769115448
2142,445.7,0.0899646058678627
2143,445.8,0.156068041920662
2144,446.0,0.221943140029907
2145,446.2,1.0248886346817
2146,446.3,0.991779863834381
2147,446.5,1.43772125244141
2148,446.7,0.311907738447189
2149,446.8,0.0930471494793892
2150,446.9,0.354720860719681
2151,447.2,0.649160861968994
2152,447.3,0.181299239397049
2153,447.5,0.245918482542038
2154,447.6,0.0866537243127823
2155,447.8,0.133120223879814
2156,448.0,0.192716062068939
2157,448.2,0.932298183441162
2158,448.3,0.727594494819641
2159,448.4,1.5248316526413
2160,448.6,0.452448904514313
2161,448.9,0.150702133774757
2162,449.1,0.634775638580322
2163,449.3,0.474140882492065
2164,449.4,0.19785363972187
2165,449.6,0.0632492303848267
2166,449.7,0.197396963834763
2167,450.0,0.323781251907349
2168,450.2,0.882863342761993
2169,450.3,0.521406531333923
2170,450.5,1.4006165266037
2171,450.6,0.291699975728989
2172,450.8,0.1391711384058
2173,451.0,0.337253123521805
2174,451.3,0.251170217990875
2175,451.4,0.288617432117462
2176,451.6,0.216120555996895
2177,451.9,0.160520613193512
2178,452.1,0.284050703048706
2179,452.3,0.922708094120026
2180,452.4,1.06918597221375
2181,452.6,0.368763566017151
2182,452.8,0.0897362679243088
2183,453.0,0.15983559191227
2184,453.1,0.0229478254914284
2185,453.3,0.274118036031723
2186,453.5,0.152072161436081
2187,453.6,0.112113252282143
2188,453.9,0.145222052931786
2189,454.0,0.15058796107769
2190,454.2,0.330288857221603
2191,454.4,0.622217118740082
2192,454.6,0.422765165567398
2193,454.7,0.220573127269745
2194,455.0,0.0350496619939804
2195,455.2,0.27023634314537
2196,455.3,0.264071226119995
2197,455.6,0.134718582034111
2198,455.8,0.156410545110703
2199,456.0,0.139741986989975
2200,456.2,0.213951364159584
2201,456.4,0.250941902399063
2202,456.6,0.301746785640717
2203,456.7,0.0986413955688477
2204,456.9,0.422879338264465
2205,457.0,0.433839470148087
2206,457.1,1.00205504894257
2207,457.3,0.0840278565883636
2208,457.5,0.233359977602959
2209,457.6,0.0993264093995094
2210,457.8,0.135631918907166
2211,458.0,0.379609555006027
2212,458.1,0.328462153673172
2213,458.2,0.443772107362747
2214,458.4,0.0917913019657135
2215,458.6,0.230962440371513
2216,458.8,0.571640610694885
2217,459.0,3.26144528388977
2218,459.1,2.62438631057739
2219,459.3,0.445027977228165
2220,459.6,0.18792100250721
2221,459.7,0.0929329842329025
2222,459.9,0.437949538230896
2223,460.0,1.66788446903229
2224,460.3,0.604863584041595
2225,460.5,0.351638317108154
2226,460.7,0.782737731933594
2227,460.9,3.62849640846252
2228,461.1,6.4299578666687
2229,461.2,2.53807520866394
2230,461.4,0.314191102981567
2231,461.6,0.184267610311508
2232,461.8,0.555657029151917
2233,462.0,1.58397078514099
2234,462.1,1.65087342262268
2235,462.4,0.792442083358765
2236,462.5,0.336111426353455
2237,462.8,0.64116907119751
2238,463.0,1.16611480712891
2239,463.1,1.03539216518402
2240,463.3,0.324009597301483
2241,463.5,0.130722686648369
2242,463.6,0.185637623071671
2243,463.8,0.2717205286026
2244,464.0,0.150930464267731
2245,464.2,0.412375837564468
2246,464.3,0.476424247026443
2247,464.5,0.233588308095932
2248,464.6,0.147847920656204
2249,464.9,0.159264758229256
2250,465.1,0.0933896526694298
2251,465.2,0.191460207104683
2252,465.4,0.136202767491341
2253,465.5,0.075236901640892
2254,465.8,0.149788782000542
2255,466.0,0.0589108355343342
2256,466.1,0.0398447327315807
2257,466.2,0.233930811285973
2258,466.4,0.226852387189865
2259,466.6,0.0946455076336861
2260,466.8,0.0184952616691589
2261,467.0,0.125242605805397
2262,467.2,0.174791648983955
2263,467.4,0.153898850083351
2264,467.5,0.0180385895073414
2265,467.6,0.0761502459645271
2266,467.8,0.0613083690404892
2267,468.0,0.0175819154828787
2268,468.2,0.200365334749222
2269,468.3,0.107204020023346
2270,468.6,0.126840963959694
2271,468.8,0.115766637027264
2272,468.9,0.0191802717745304
2273,469.0,0.1546980291605
2274,469.4,0.0903071090579033
2275,469.6,0.102865621447563
2276,469.7,0.122274234890938
2277,470.0,0.121246717870235
2278,470.1,0.0391597226262093
2279,470.3,0.177417516708374
2280,470.5,0.244091793894768
2281,470.6,0.0974997133016586
2282,471.0,0.130380183458328
2283,471.2,0.216234728693962
2284,471.3,0.122730903327465
2285,471.6,0.0953305140137672
2286,471.7,0.0387030467391014
2287,471.9,0.101609773933887
2288,472.1,0.162689805030823
2289,472.2,0.188948512077332
2290,472.5,0.176618337631226
2291,472.7,0.252996921539307
2292,472.9,0.397648125886917
2293,473.1,0.931499004364014
2294,473.2,0.72063022851944
2295,473.4,0.091220460832119
2296,473.6,0.161205619573593
2297,473.8,0.163603156805038
2298,473.9,0.102066442370415
2299,474.1,0.526544153690338
2300,474.2,0.247060164809227
2301,474.5,0.186322644352913
2302,474.7,0.600753486156464
2303,474.9,2.94896674156189
2304,475.1,11.9213380813599
2305,475.2,8.15241432189941
2306,475.4,1.36967694759369
2307,475.7,0.314647793769836
2308,475.8,0.514556467533112
2309,476.0,2.38988471031189
2310,476.2,4.19146013259888
2311,476.3,2.12878179550171
2312,476.5,0.144993722438812
2313,476.7,0.361000120639801
2314,476.9,0.642881631851196
2315,477.1,2.16657161712646
2316,477.2,1.4534764289856
2317,477.4,0.344559878110886
2318,477.7,0.233816638588905
2319,477.9,0.286904901266098
2320,478.0,0.139056965708733
2321,478.2,0.527229130268097
2322,478.4,0.233816638588905
2323,478.5,0.177417516708374
2324,478.8,0.139627814292908
2325,478.9,0.269322991371155
2326,479.2,0.609316110610962
2327,479.3,0.105148985981941
2328,479.5,0.064276747405529
2329,479.7,0.225025683641434
2330,480.0,0.29603835940361
2331,480.1,0.203676223754883
2332,480.3,0.155839711427689
2333,480.5,0.180271714925766
2334,480.7,0.0772919282317162
2335,480.9,0.121931724250317
2336,481.1,0.253111094236374
2337,481.3,0.0489781945943832
2338,481.5,0.0577691532671452
2339,481.7,0.0812878161668777
2340,481.9,0.0536590926349163
2341,482.1,0.101038932800293
2342,482.3,0.173079118132591
2343,482.5,0.119762532413006
2344,482.8,0.0842561945319176
2345,483.0,0.150702133774757
2346,483.2,0.0248886868357658
2347,483.5,0.0614225380122662
2348,483.6,0.0176960844546556
2349,483.8,0.106176503002644
2350,484.0,0.181755915284157
2351,484.2,0.0631350576877594
2352,484.3,0.0809453129768372
2353,484.6,0.0901929438114166
2354,484.7,0.11553830653429
2355,485.0,0.0221486464142799
2356,485.2,0.0783194452524185
2357,485.3,0.0589108355343342
2358,485.5,0.0420139282941818
2359,485.7,0.0408722460269928
2360,485.9,0.0889370962977409
2361,486.1,0.0373330302536488
2362,486.3,0.204132884740829
2363,486.4,0.0863112211227417
2364,486.8,0.0738668814301491
2365,487.0,0.563877165317535
2366,487.1,1.33131635189056
2367,487.3,0.145792901515961
2368,487.5,0.0845986977219582
2369,487.6,0.0625642165541649
2370,487.8,0.180043384432793
2371,488.1,0.450850546360016
2372,488.2,0.55405867099762
2373,488.4,0.157552227377892
2374,488.6,0.15983559191227
2375,488.9,2.18712186813354
2376,489.1,13.1576662063599
2377,489.2,11.6635456085205
2378,489.4,1.147505402565
2379,489.5,0.334056407213211
2380,489.8,0.284507364034653
2381,490.0,2.52266240119934
2382,490.2,6.3600869178772
2383,490.3,1.59367513656616
2384,490.5,0.142139509320259
2385,490.7,0.257106989622116
2386,490.8,0.221714809536934
2387,491.0,1.88708758354187
2388,491.2,3.37150359153748
2389,491.3,1.2359858751297
2390,491.6,0.176504164934158
2391,491.8,0.302774280309677
2392,492.0,0.372531116008759
2393,492.2,0.838109374046326
2394,492.3,0.389428019523621
2395,492.5,0.0624500513076782
2396,492.8,0.125813454389572
2397,492.9,0.135517746210098
2398,493.1,0.116451650857925
2399,493.2,0.31670281291008
2400,493.4,0.150131300091743
2401,493.7,0.16131979227066
2402,494.0,0.102066442370415
2403,494.2,0.186665147542953
2404,494.4,0.0600525178015232
2405,494.5,0.0183810945600271
2406,494.8,0.0440689586102962
2407,495.0,0.13323438167572
2408,495.2,0.0603950209915638
2409,495.5,0.0250028539448977
2410,495.7,0.0189519356936216
2411,495.9,0.0359630100429058
2412,496.1,0.0203219540417194
2413,496.2,0.098527230322361
2414,496.5,0.0181527566164732
2415,496.6,0.0462381541728973
2416,496.8,0.123872585594654
2417,497.0,0.0614225380122662
2418,497.3,0.123872585594654
2419,497.5,0.0637058988213539
2420,497.7,0.0638200715184212
2421,497.8,0.0372188612818718
2422,498.0,0.0189519356936216
2423,498.2,0.126041784882545
2424,498.3,0.0173535794019699
2425,498.5,0.0182669255882502
2426,498.7,0.151843816041946
2427,498.8,0.0413289181888103
2428,499.0,0.16280397772789
2429,499.3,0.0375613644719124
2430,499.5,0.15983559191227
2431,499.7,0.0602808557450771
2432,500.0,0.0847128704190254
2433,500.1,0.0565133020281792
2434,500.4,0.0865395590662956
2435,500.5,0.0178102515637875
2436,500.6,0.0792327895760536
2437,500.9,0.162118956446648
2438,501.1,0.164059817790985
2439,501.2,0.0189519356936216
2440,501.3,0.120105035603046
2441,501.6,0.134033560752869
2442,501.7,0.0413289181888103
2443,502.1,0.237241700291634
2444,502.2,0.0721543580293655
2445,502.4,0.071583516895771
2446,502.5,0.0180385895073414
2447,502.7,0.163488984107971
2448,502.8,0.244776800274849
2449,503.0,1.80876815319061
2450,503.2,35.9025001525879
2451,503.3,1.88697338104248
2452,503.4,0.516839802265167
2453,503.6,0.124900102615356
2454,503.9,0.388743013143539
2455,504.1,1.90900790691376
2456,504.2,17.5682163238525
2457,504.4,0.198766976594925
2458,504.6,0.0173535794019699
2459,504.8,0.152528822422028
2460,505.0,0.714465141296387
2461,505.2,13.0054798126221
2462,505.4,0.51786732673645
2463,505.6,0.076606921851635
2464,505.8,0.191688552498817
2465,505.9,0.341591507196426
2466,506.1,1.90295696258545
2467,506.2,2.91083455085754
2468,506.4,0.282566517591476
2469,506.7,0.123530082404613
2470,506.8,0.0399588979780674
2471,507.0,0.292156636714935
2472,507.2,1.38919973373413
2473,507.3,0.356090873479843
2474,507.5,0.0558282919228077
2475,507.7,0.108231529593468
2476,507.9,0.0876812413334846
2477,508.2,0.330403000116348
2478,508.4,0.110286563634872
2479,508.6,0.126498460769653
2480,508.7,0.0833428502082825
2481,509.1,0.140655323863029
2482,509.2,0.175933331251144
2483,509.4,0.0371046923100948
2484,509.6,0.0682726353406906
2485,509.8,0.0397305637598038
2486,510.0,0.103664800524712
2487,510.3,0.255622774362564
2488,510.5,0.0373330302536488
2489,510.6,0.104235641658306
2490,510.9,0.0969288721680641
2491,511.1,0.0441831275820732
2492,511.2,0.100239753723145
2493,511.5,0.149446278810501
2494,511.8,0.0690718144178391
2495,511.9,0.0510332211852074
2496,512.1,0.080260306596756
2497,512.5,0.17718917131424
2498,512.7,0.0345929898321629
2499,512.9,0.0770635902881622
2500,513.1,0.115195795893669
2501,513.3,0.0349354967474937
2502,513.4,0.171024084091187
2503,513.7,0.0630208924412727
2504,513.9,0.13289187848568
2505,514.1,0.0533165894448757
2506,514.3,0.100125588476658
2507,514.4,0.126612633466721
2508,514.6,0.0237470027059317
2509,514.8,0.0800319686532021
2510,515.1,0.11371161043644
2511,515.2,0.0794611275196075
2512,515.4,0.0798036307096481
2513,515.6,0.0608516968786716
2514,515.8,0.0678159594535828
2515,516.0,0.0447539687156677
2516,516.2,0.138714462518692
2517,516.3,0.0183810945600271
2518,516.5,0.0446397997438908
2519,516.7,0.109601549804211
2520,516.9,0.0994405746459961
2521,517.0,0.193515241146088
2522,517.2,0.192145228385925
2523,517.5,0.0778627693653107
2524,517.7,0.0442972928285599
2525,517.8,0.18826350569725
2526,518.1,0.138714462518692
2527,518.3,0.127411797642708
2528,518.4,0.0685009732842445
2529,518.5,0.131864368915558
2530,518.8,0.252996921539307
2531,518.9,0.0842561945319176
2532,519.0,0.342733174562454
2533,519.3,0.085055373609066
2534,519.5,0.098527230322361
2535,519.7,0.0841420218348503
2536,519.9,0.0207786280661821
2537,520.1,0.148304596543312
2538,520.3,0.134490236639977
2539,520.4,0.109601549804211
2540,520.8,0.16463066637516
2541,521.0,0.284507364034653
2542,521.2,0.231875792145729
2543,521.4,0.264071226119995
2544,521.5,0.0963580310344696
2545,521.6,0.173307448625565
2546,521.9,0.129695177078247
2547,522.3,0.0780911073088646
2548,522.5,0.105719834566116
2549,522.7,0.0387030467391014
2550,522.8,0.0621075481176376
2551,523.0,0.0640484094619751
2552,523.2,0.147733762860298
2553,523.4,0.162233129143715
2554,523.5,0.0191802717745304
2555,523.7,0.0560566261410713
2556,523.9,0.0494348667562008
2557,524.1,0.176618337631226
2558,524.2,0.0454389788210392
2559,524.5,0.0619933791458607
2560,524.7,0.152186319231987
2561,524.9,0.0855120420455933
2562,525.1,0.140883669257164
2563,525.2,0.131636038422585
2564,525.4,0.0181527566164732
2565,525.6,0.0433839485049248
2566,526.0,0.134033560752869
2567,526.2,0.0367621891200542
2568,526.3,0.0969288721680641
2569,526.5,0.0408722460269928
2570,526.6,0.127183467149734
2571,526.8,0.0238611716777086
2572,527.0,0.0967005342245102
2573,527.2,0.0189519356936216
2574,527.4,0.15686722099781
2575,527.7,0.0176960844546556
2576,527.9,0.0566274672746658
2577,528.1,0.0658750981092453
2578,528.4,0.132321044802666
2579,528.6,0.0810594782233238
2580,528.9,0.0665601119399071
2581,529.1,0.0940746665000916
2582,529.2,0.0208927951753139
2583,529.3,0.100582256913185
2584,529.5,0.0500057078897953
2585,529.7,0.0176960844546556
2586,529.9,0.0171252433210611
2587,530.1,0.0538874305784702
2588,530.2,0.102180615067482
2589,530.4,0.0393880568444729
2590,530.5,0.17239411175251
2591,530.8,0.0956730246543884
2592,531.0,0.105605661869049
2593,531.2,0.0581116564571857
2594,531.3,0.0489781945943832
2595,531.7,0.0469231642782688
2596,531.8,0.0779769346117973
2597,532.0,0.0434981174767017
2598,532.2,0.0726110264658928
2599,532.4,0.10777486115694
2600,532.5,0.141111999750137
2601,532.8,0.21669140458107
2602,533.0,0.664916098117828
2603,533.1,0.377440333366394
2604,533.4,0.0981847271323204
2605,533.5,0.119876697659492
2606,533.7,0.0204361230134964
2607,534.0,0.262701213359833
2608,534.1,0.431213617324829
2609,534.4,0.111656583845615
2610,534.5,0.18529511988163
2611,534.7,0.136088594794273
2612,534.9,1.18837761878967
2613,535.1,2.21143960952759
2614,535.2,1.00091338157654
2615,535.4,0.250713557004929
2616,535.6,0.213494688272476
2617,535.8,0.228336572647095
2618,536.0,0.720858573913574
2619,536.2,0.993492424488068
2620,536.3,0.215892225503922
2621,536.5,0.115195795893669
2622,536.8,0.336225599050522
2623,536.9,0.363511830568314
2624,537.1,0.507363855838776
2625,537.3,0.169197395443916
2626,537.6,0.11850667744875
2627,537.8,0.0922479704022408
2628,538.0,0.0633633956313133
2629,538.2,0.0872245654463768
2630,538.4,0.168398216366768
2631,538.7,0.0415572561323643
2632,538.8,0.166685700416565
2633,539.0,0.0955588519573212
2634,539.2,0.104121476411819
2635,539.7,0.0205502919852734
2636,540.0,0.0389313846826553
2637,540.2,0.0671309530735016
2638,540.5,0.0693001449108124
2639,540.7,0.0429272763431072
2640,541.1,0.0397305637598038
2641,541.3,0.0783194452524185
2642,541.6,0.0218061413615942
2643,541.8,0.103436462581158
2644,542.0,0.0726110264658928
2645,542.1,0.0607375279068947
2646,542.3,0.0220344793051481
2647,542.6,0.0591391697525978
2648,542.8,0.0364196822047234
2649,543.0,0.0635917335748672
2650,543.1,0.0206644590944052
2651,543.2,0.17753167450428
2652,543.4,0.0428131073713303
2653,543.5,0.1074323579669
2654,543.7,0.108688205480576
2655,544.1,0.0879095792770386
2656,544.3,0.0376755334436893
2657,544.4,0.113939948379993
2658,544.7,0.0885945856571198
2659,545.0,0.0460098199546337
2660,545.1,0.0368763543665409
2661,545.3,0.0753510668873787
2662,545.5,0.11850667744875
2663,545.7,0.123872585594654
2664,545.8,0.0213494691997766
2665,546.0,0.100582256913185
2666,546.2,0.118963353335857
2667,546.7,0.0691859796643257
2668,546.8,0.0395022258162498
2669,546.9,0.171480759978294
2670,547.1,0.135403588414192
2671,547.6,0.0352779999375343
2672,547.7,0.0395022258162498
2673,548.0,0.0904212817549706
2674,548.2,0.106176503002644
2675,548.3,0.0178102515637875
2676,548.4,0.0895079374313354
2677,548.7,0.246375158429146
2678,548.9,0.702934145927429
2679,549.1,4.0049090385437
2680,549.3,4.75396728515625
2681,549.4,1.39159727096558
2682,549.6,0.324352085590363
2683,549.9,0.440347075462341
