#"+ Scan (rt: 4.980-38.001 min, 5725 scans) REDWAX251018_2.D "
#Point,X(Thompsons),Y(Counts)
0,45.0,0.0108296945691109
1,45.1,294.430755615234
2,45.3,5.14969444274902
3,45.6,2.86061143875122
4,45.8,14.2831439971924
5,46.0,40.7718772888184
6,46.1,34.7161560058594
7,46.3,6.65868997573853
8,46.6,3.9902184009552
9,46.8,18.7991275787354
10,46.9,34.9972038269043
11,47.0,89.5428848266602
12,47.2,14.1907424926758
13,47.4,1.79283845424652
14,47.6,4.3119649887085
15,47.8,10.8169431686401
16,47.9,8.09152793884277
17,48.1,16.5210475921631
18,48.2,5.71842813491821
19,48.3,5.77100419998169
20,48.5,2.3617467880249
21,48.7,7.80960702896118
22,48.8,9.69956302642822
23,49.0,37.3776435852051
24,49.1,29.6399993896484
25,49.3,6.44908285140991
26,49.5,0.836681246757507
27,49.7,4.54759836196899
28,49.9,85.9213943481445
29,50.1,345.043151855469
30,50.2,36.0897827148438
31,50.4,1.1018340587616
32,50.7,1.68227076530457
33,50.9,74.7753677368164
34,51.1,750.679992675781
35,51.2,40.9586029052734
36,51.3,2.51650643348694
37,51.5,0.236331880092621
38,51.7,3.53572058677673
39,51.9,67.8857650756836
40,52.1,324.057464599609
41,52.2,49.8473358154297
42,52.4,1.61729252338409
43,52.7,0.361397385597229
44,52.9,54.476505279541
45,53.1,1308.43493652344
46,53.2,54.5428810119629
47,53.4,0.11912664026022
48,53.6,0.259912669658661
49,53.8,6.90672492980957
50,54.0,307.758422851563
51,54.1,1137.32507324219
52,54.3,6.37816572189331
53,54.9,0.969606995582581
54,55.1,13425.138671875
55,55.2,51.0227088928223
56,55.7,0.0525764189660549
57,55.9,21.3708305358887
58,56.1,6134.7822265625
59,56.2,122.822883605957
60,56.4,0.0965938866138458
61,56.6,0.178165942430496
62,56.9,13.1044540405273
63,57.1,33493.78125
64,57.2,137.756851196289
65,57.5,3.28069877624512
66,57.7,9.17641925811768
67,57.9,59.793888092041
68,58.1,1623.55285644531
69,58.2,95.9439315795898
70,58.4,1.60436677932739
71,58.6,3.04716157913208
72,58.8,13.952488899231
73,59.0,328.938354492188
74,59.1,295.118255615234
75,59.3,7.63720512390137
76,59.6,2.85484719276428
77,59.7,4.90655040740967
78,59.9,38.9744987487793
79,60.1,75.5830535888672
80,60.2,17.2574672698975
81,60.3,7.0193886756897
82,60.5,1.59650659561157
83,60.7,7.21764183044434
84,60.9,66.1958084106445
85,61.0,167.856597900391
86,61.2,17.9292583465576
87,61.3,5.16803503036499
88,61.6,3.38637542724609
89,61.8,21.2801742553711
90,62.0,87.0069885253906
91,62.1,42.2721405029297
92,62.2,23.4475116729736
93,62.4,3.24104809761047
94,62.7,5.97467231750488
95,62.9,90.3855056762695
96,63.0,329.656433105469
97,63.2,39.2876853942871
98,63.5,4.16227054595947
99,63.7,12.7963314056396
100,63.9,55.4389533996582
101,64.1,104.295372009277
102,64.2,39.593189239502
103,64.4,4.75283861160278
104,64.7,2.85834050178528
105,64.9,85.5470733642578
106,65.1,786.159118652344
107,65.2,50.247859954834
108,65.4,0.859388649463654
109,65.6,1.8337117433548
110,65.8,21.5994758605957
111,66.0,219.194229125977
112,66.1,241.772232055664
113,66.3,7.54742336273193
114,66.9,14.4136247634888
115,67.1,3890.82421875
116,67.2,40.2331886291504
117,67.8,4.11790370941162
118,68.0,397.048736572266
119,68.1,1752.07788085938
120,68.3,5.28820943832397
121,68.6,0.20908297598362
122,68.9,12.0688209533691
123,69.1,9008.353515625
124,69.2,99.5442810058594
125,69.5,0.313013106584549
126,69.7,1.78724884986877
127,69.9,31.6083850860596
128,70.1,4692.21435546875
129,70.2,150.601226806641
130,70.4,2.66951966285706
131,70.6,3.49344968795776
132,70.8,12.6574668884277
133,71.0,194.137115478516
134,71.1,20924.443359375
135,71.3,5.94602632522583
136,71.4,1.43493449687958
137,71.6,1.03965067863464
138,71.8,11.726113319397
139,71.9,21.7669868469238
140,72.1,1088.81799316406
141,72.2,63.962272644043
142,72.4,1.84436678886414
143,72.7,1.73624455928802
144,72.9,45.7489967346191
145,73.1,10406.9697265625
146,73.2,25.1021842956543
147,73.5,0.563668131828308
148,73.7,3.84262013435364
149,73.9,66.3706512451172
150,74.1,1013.78533935547
151,74.2,27.8679485321045
152,74.4,1.33344984054565
153,74.6,1.79999995231628
154,74.8,18.5806121826172
155,75.0,542.706359863281
156,75.1,321.727691650391
157,75.3,4.32296943664551
158,75.5,2.19528388977051
159,75.6,1.99161577224731
160,75.8,30.2312660217285
161,75.9,55.5741500854492
162,76.1,157.606460571289
163,76.2,42.1413116455078
164,76.4,2.05222702026367
165,76.9,81.6251525878906
166,77.1,1864.52587890625
167,77.2,27.5331001281738
168,77.4,0.162620082497597
169,77.7,1.10812222957611
170,77.9,93.6111755371094
171,78.1,1042.72033691406
172,78.2,52.4917030334473
173,78.4,0.114410482347012
174,78.7,0.126462876796722
175,78.9,39.6922264099121
176,79.1,2581.01440429688
177,79.2,33.9098701477051
178,79.7,1.66812229156494
179,79.9,78.5606994628906
180,80.1,528.254821777344
181,80.2,89.0324859619141
182,80.4,1.07388651371002
183,80.9,15.4819211959839
184,81.1,3536.76782226563
185,81.2,71.8777313232422
186,81.8,7.3456768989563
187,82.0,454.382873535156
188,82.1,2467.8193359375
189,82.3,12.1278600692749
190,82.5,2.23790383338928
191,82.8,4.69799137115479
192,83.0,409.054840087891
193,83.1,7004.16259765625
194,83.3,3.61484718322754
195,83.5,0.844017446041107
196,83.6,0.593013107776642
197,83.8,8.53467273712158
198,83.9,35.4848899841309
199,84.1,2610.30224609375
200,84.2,143.983749389648
201,84.4,3.57048034667969
202,84.7,3.2197380065918
203,84.8,6.66969442367554
204,85.0,176.628128051758
205,85.1,14011.4501953125
206,85.3,9.37607002258301
207,85.6,2.35895204544067
208,85.8,12.8620090484619
209,86.0,107.222534179688
210,86.1,886.150207519531
211,86.3,9.60663795471191
212,86.4,4.38445425033569
213,86.7,8.3086462020874
214,86.9,97.743408203125
215,87.0,220.778686523438
216,87.2,36.601921081543
217,87.4,3.71650648117065
218,87.6,11.386549949646
219,87.8,40.4462890625
220,88.0,86.7942352294922
221,88.1,56.5823593139648
222,88.3,7.6684718132019
223,88.4,5.2022705078125
224,88.7,12.2321395874023
225,88.9,178.876861572266
226,89.0,329.142364501953
227,89.2,40.7311782836914
228,89.4,4.57135391235352
229,89.6,11.3425331115723
230,89.8,32.6847152709961
231,90.0,52.4314422607422
232,90.1,35.4295196533203
233,90.3,3.80471611022949
234,90.6,0.15755458176136
235,90.9,31.9996509552002
236,91.1,3309.01586914063
237,91.2,13.2794761657715
238,91.7,0.955458521842957
239,91.9,94.7624435424805
240,92.1,572.21240234375
241,92.2,69.4936218261719
242,92.4,1.41152834892273
243,92.7,0.183056771755219
244,92.9,39.1338005065918
245,93.1,2084.2353515625
246,93.2,72.1935348510742
247,93.6,0.120698690414429
248,93.8,9.12890815734863
249,94.0,316.622528076172
250,94.1,457.362091064453
251,94.3,14.4434938430786
252,94.5,0.362969428300858
253,94.8,0.343930125236511
254,95.0,578.361572265625
255,95.1,2443.18481445313
256,95.3,2.02148461341858
257,95.7,1.11231446266174
258,95.9,78.4169464111328
259,96.0,1239.58056640625
260,96.1,2221.55029296875
261,96.3,8.9075984954834
262,96.6,1.90480351448059
263,96.7,1.83825325965881
264,96.9,41.566463470459
265,97.1,6462.6943359375
266,97.2,140.196502685547
267,97.4,1.17624449729919
268,97.7,2.21187782287598
269,97.9,43.9124908447266
270,98.1,1748.76684570313
271,98.2,126.485412597656
272,98.4,1.51755464076996
273,98.6,2.83388638496399
274,98.8,9.09292602539063
275,98.9,19.2896060943604
276,99.1,3789.95288085938
277,99.2,132.921569824219
278,99.5,3.39877724647522
279,99.7,5.05537128448486
280,99.9,23.5254154205322
281,100.0,35.2614860534668
282,100.1,286.376770019531
283,100.3,8.18550205230713
284,100.5,6.03999996185303
285,100.6,3.84611344337463
286,100.8,24.5062007904053
287,100.9,30.3654155731201
288,101.1,71.4454116821289
289,101.2,27.7551097869873
290,101.4,6.89973783493042
291,101.6,4.06847143173218
292,101.8,39.9828834533691
293,102.0,130.088912963867
294,102.1,87.8157196044922
295,102.3,7.85781669616699
296,102.6,2.35475993156433
297,102.7,4.06655025482178
298,102.9,250.964019775391
299,103.0,614.698364257813
300,103.2,34.1998252868652
301,103.4,0.763144075870514
302,103.6,3.50532746315002
303,103.8,43.9383392333984
304,104.0,239.878082275391
305,104.1,183.776245117188
306,104.2,50.9689064025879
307,104.4,1.13834059238434
308,104.7,0.208558946847916
309,104.9,58.1535377502441
310,105.1,2423.06640625
311,105.2,38.6754570007324
312,105.5,0.0653275102376938
313,105.7,2.75528383255005
314,105.9,86.5430603027344
315,106.1,549.803161621094
316,106.2,97.7654113769531
317,106.4,1.82672488689423
318,106.6,0.31266376376152
319,106.8,2.70707416534424
320,107.0,604.807678222656
321,107.1,1088.201171875
322,107.3,2.32681226730347
323,107.6,0.206812232732773
324,107.8,12.4642791748047
325,108.0,276.895385742188
326,108.1,417.056945800781
327,108.3,10.3762445449829
328,108.4,2.08296942710876
329,108.7,0.35144105553627
330,108.9,36.5259399414063
331,109.1,1485.77905273438
332,109.2,176.121566772461
333,109.4,0.0941484719514847
334,109.6,0.471615731716156
335,109.8,11.200174331665
336,109.9,41.206111907959
337,110.1,712.018005371094
338,110.2,120.925064086914
339,110.3,16.3722267150879
340,110.6,1.46253275871277
341,110.8,7.24960708618164
342,111.0,217.940963745117
343,111.1,2800.10034179688
344,111.3,9.61310005187988
345,111.5,0.729082942008972
346,111.7,2.61554574966431
347,111.9,32.4298706054688
348,112.1,1105.58459472656
349,112.2,117.286636352539
350,112.3,16.8740615844727
351,112.6,3.72558951377869
352,112.8,10.2866373062134
353,112.9,23.4744110107422
354,113.1,2140.27954101563
355,113.2,115.99772644043
356,113.4,1.95353710651398
357,113.6,3.91231441497803
358,113.8,13.9758949279785
359,114.0,49.4111785888672
360,114.1,196.38427734375
361,114.3,8.16471576690674
362,114.5,0.318602621555328
363,114.8,15.3231439590454
364,115.0,882.593017578125
365,115.1,516.53662109375
366,115.3,0.922969460487366
367,115.6,1.30288207530975
368,115.8,26.4482097625732
369,116.0,242.224105834961
370,116.1,178.380783081055
371,116.3,5.41432332992554
372,116.4,1.93659389019012
373,116.7,1.19668126106262
374,116.8,8.51318740844727
375,117.0,702.828125
376,117.1,591.019897460938
377,117.2,49.6822700500488
378,117.5,0.848034918308258
379,117.7,4.99877738952637
380,117.8,19.5306549072266
381,118.0,256.110931396484
382,118.1,241.259216308594
383,118.2,68.7972030639648
384,118.4,1.99930131435394
385,118.7,0.467423588037491
386,118.9,95.3755493164063
387,119.0,956.506225585938
388,119.1,1066.1318359375
389,119.3,0.710218369960785
390,119.5,0.0593886449933052
391,119.7,2.7093448638916
392,119.8,12.8455896377563
393,120.0,320.354583740234
394,120.1,405.343231201172
395,120.3,10.5486459732056
396,120.4,1.98043668270111
397,120.6,0.0958951935172081
398,120.8,4.74532747268677
399,121.0,510.04296875
400,121.1,916.106018066406
401,121.3,2.66375541687012
402,121.5,0.13117903470993
403,121.7,1.91231441497803
404,121.9,63.9325752258301
405,122.1,426.297637939453
406,122.2,126.62287902832
407,122.4,2.56768560409546
408,122.6,0.232663750648499
409,122.8,5.66794776916504
410,123.0,268.293273925781
411,123.1,731.979370117188
412,123.3,12.8875112533569
413,123.6,0.832663774490356
414,123.8,10.8639297485352
415,124.0,130.805236816406
416,124.1,373.872314453125
417,124.3,21.1879482269287
418,124.5,2.95772933959961
419,124.8,9.69886493682861
420,125.0,167.72802734375
421,125.1,1159.59899902344
422,125.3,16.0379047393799
423,125.6,4.42165946960449
424,125.7,5.32227087020874
425,125.9,53.2115287780762
426,126.1,833.945129394531
427,126.2,122.033187866211
428,126.4,6.78951978683472
429,126.6,2.12157201766968
430,126.8,18.900785446167
431,127.0,229.686813354492
432,127.1,1352.85375976563
433,127.2,179.779739379883
434,127.4,2.25537109375
435,127.6,1.39947593212128
436,127.8,12.1009607315063
437,128.0,573.175537109375
438,128.1,577.488708496094
439,128.3,5.82445430755615
440,128.5,1.28209602832794
441,128.8,14.291877746582
442,128.9,83.357551574707
443,129.1,930.6875
444,129.2,50.0829696655273
445,129.4,1.59650659561157
446,129.6,0.98235809803009
447,129.8,20.959300994873
448,130.0,193.739212036133
449,130.1,195.593185424805
450,130.3,8.24558925628662
451,130.4,2.40000009536743
452,130.7,1.7851527929306
453,130.8,7.57641935348511
454,131.0,599.9716796875
455,131.1,622.224426269531
456,131.3,1.54323148727417
457,131.4,0.615021824836731
458,131.7,5.26742362976074
459,131.9,96.4508285522461
460,132.1,388.221130371094
461,132.2,81.973274230957
462,132.4,1.82340610027313
463,132.7,1.21537113189697
464,132.9,127.304107666016
465,133.0,2469.84033203125
466,133.2,65.5215682983398
467,133.4,0.153187766671181
468,133.6,0.468646287918091
469,133.8,22.3472480773926
470,134.0,428.848907470703
471,134.1,404.303741455078
472,134.3,9.62917041778564
473,134.5,0.82567685842514
474,134.8,2.79877734184265
475,135.0,955.031982421875
476,135.1,1132.21813964844
477,135.3,4.638427734375
478,135.4,0.329781651496887
479,135.7,1.851353764534
480,135.9,68.2529220581055
481,136.1,513.073913574219
482,136.2,124.348121643066
483,136.4,2.88751101493835
484,136.6,0.764541506767273
485,136.8,9.379563331604
486,137.0,321.624267578125
487,137.1,457.761383056641
488,137.2,130.511260986328
489,137.4,2.5168559551239
490,137.7,3.47720527648926
491,137.9,41.4015731811523
492,138.1,265.853637695313
493,138.2,102.11109161377
494,138.4,6.18218326568604
495,138.7,5.56244564056396
496,138.9,62.8503074645996
497,139.1,499.880340576172
498,139.2,117.330833435059
499,139.4,1.63091707229614
500,139.6,2.83458518981934
501,139.7,3.53152847290039
502,139.9,30.5399131774902
503,140.1,464.636505126953
504,140.2,201.482269287109
505,140.3,20.5799121856689
506,140.5,1.95737993717194
507,140.7,3.14480352401733
508,140.9,70.8707427978516
509,141.1,1367.60302734375
510,141.2,266.626037597656
511,141.3,7.8176417350769
512,141.5,1.02480351924896
513,141.7,4.47580766677856
514,141.9,76.8179931640625
515,142.1,486.653442382813
516,142.2,72.8627090454102
517,142.3,9.1846284866333
518,142.5,1.06707417964935
519,142.7,2.80611348152161
520,142.9,74.1407852172852
521,143.0,325.408020019531
522,143.1,490.868469238281
523,143.3,5.11668109893799
524,143.6,1.92698693275452
525,143.8,18.9212226867676
526,144.0,161.463760375977
527,144.1,150.676513671875
528,144.2,65.7619247436523
529,144.4,3.36436676979065
530,144.7,2.4183406829834
531,144.9,63.3395614624023
532,145.1,924.878784179688
533,145.2,105.663932800293
534,145.5,1.15004372596741
535,145.7,4.40436697006226
536,145.9,73.0897827148438
537,146.1,268.674926757813
538,146.2,74.9683837890625
539,146.4,1.44174671173096
540,146.5,1.62288212776184
541,146.8,6.56436681747437
542,147.0,2643.90087890625
543,147.1,1413.23388671875
544,147.3,3.73519659042358
545,147.6,0.755982518196106
546,147.8,9.25432300567627
547,147.9,71.4917068481445
548,148.1,873.730834960938
549,148.2,84.603141784668
550,148.4,1.75545847415924
551,148.5,1.64331877231598
552,148.8,8.00768566131592
553,148.9,67.8104782104492
554,149.1,946.389892578125
555,149.2,101.735374450684
556,149.3,11.3444538116455
557,149.6,1.2213100194931
558,149.8,18.2167682647705
559,149.9,47.2997398376465
560,150.1,211.481399536133
561,150.2,85.0745849609375
562,150.4,4.60192155838013
563,150.7,5.79266357421875
564,150.9,59.8510055541992
565,151.0,115.000175476074
566,151.1,225.538513183594
567,151.3,16.4389514923096
568,151.5,1.437903881073
569,151.7,4.92593908309937
570,151.9,78.5718765258789
571,152.1,381.743041992188
572,152.2,76.7454986572266
573,152.4,2.11930131912231
574,152.6,2.26689958572388
575,152.8,15.0473365783691
576,153.0,245.969436645508
577,153.1,263.244537353516
578,153.2,108.880348205566
579,153.4,3.70008730888367
580,153.7,5.8918776512146
581,153.9,56.8295211791992
582,154.1,350.759826660156
583,154.2,368.139373779297
584,154.4,4.02427959442139
585,154.5,3.69624447822571
586,154.8,10.9278602600098
587,155.0,282.858001708984
588,155.1,475.657470703125
589,155.2,527.430541992188
590,155.4,3.01030564308167
591,155.7,5.37257623672485
592,155.8,13.3163318634033
593,156.0,167.52507019043
594,156.1,172.747421264648
595,156.2,102.437553405762
596,156.4,4.41414833068848
597,156.6,1.48366808891296
598,156.8,13.0904808044434
599,156.9,50.0583419799805
600,157.1,585.31982421875
601,157.2,95.7624435424805
602,157.5,1.72296941280365
603,157.7,4.57362461090088
604,157.9,51.65869140625
605,158.0,102.067077636719
606,158.1,193.708297729492
607,158.3,14.3820085525513
608,158.6,1.89956331253052
609,158.8,10.9477729797363
610,158.9,47.638427734375
611,159.1,576.404907226563
612,159.2,122.288909912109
613,159.4,1.93344974517822
614,159.7,3.89851522445679
615,159.9,47.8931007385254
616,160.0,81.7933654785156
617,160.1,178.711608886719
618,160.3,15.2618341445923
619,160.4,5.34515285491943
620,160.6,1.17973804473877
621,160.8,21.2780780792236
622,161.0,361.813446044922
623,161.1,402.400695800781
624,161.3,11.9393882751465
625,161.6,1.83668124675751
626,161.7,5.16890811920166
627,161.9,70.5689086914063
628,162.1,215.199295043945
629,162.2,87.8592147827148
630,162.4,5.5975546836853
631,162.7,5.12209606170654
632,162.8,20.7533626556396
633,163.0,525.918579101563
634,163.1,337.505340576172
635,163.3,13.4496068954468
636,163.6,3.18218350410461
637,163.8,28.6649780273438
638,163.9,49.4524002075195
639,164.1,156.448913574219
640,164.2,64.8283004760742
641,164.4,6.4539737701416
642,164.7,4.57624435424805
643,164.9,143.81623840332
644,165.0,343.042083740234
645,165.1,338.151092529297
646,165.3,5.49187755584717
647,165.5,1.23109173774719
648,165.7,5.51703071594238
649,165.9,66.5121383666992
650,166.1,228.24104309082
651,166.2,67.9058532714844
652,166.4,4.61921405792236
653,166.7,5.67650651931763
654,166.9,63.8656768798828
655,167.1,319.883483886719
656,167.2,95.3528366088867
657,167.4,3.85397386550903
658,167.7,4.9114408493042
659,167.9,41.6908302307129
660,168.0,68.0071640014648
661,168.2,469.263397216797
662,168.3,17.5580787658691
663,168.4,7.08786010742188
664,168.7,4.27563333511353
665,168.9,48.3533630371094
666,169.1,430.268829345703
667,169.2,481.73974609375
668,169.3,16.462532043457
669,169.6,2.08489084243774
670,169.8,13.2129259109497
671,170.0,111.419212341309
672,170.2,201.818862915039
673,170.3,15.8386030197144
674,170.6,3.77414846420288
675,170.8,10.6358079910278
676,170.9,36.4043655395508
677,171.1,352.880187988281
678,171.2,101.766815185547
679,171.4,1.28506553173065
680,171.5,1.99912667274475
681,171.8,13.4737119674683
682,172.0,95.9778137207031
683,172.1,147.221481323242
684,172.3,13.8899564743042
685,172.4,4.58689975738525
686,172.7,3.69344973564148
687,172.9,39.5470733642578
688,173.1,352.437042236328
689,173.2,130.102005004883
690,173.4,3.42759823799133
691,173.7,4.44052410125732
692,173.9,38.9268112182617
693,174.0,63.4083824157715
694,174.1,152.010833740234
695,174.3,19.4868125915527
696,174.4,6.5268120765686
697,174.7,3.69362449645996
698,174.8,9.24960708618164
699,175.0,204.619735717773
700,175.1,391.975891113281
701,175.3,18.4985160827637
702,175.5,1.05187773704529
703,175.7,8.10427951812744
704,175.9,96.3813095092773
705,176.1,251.201919555664
706,176.2,77.2118759155273
707,176.4,4.87004375457764
708,176.7,5.02689933776855
709,176.9,241.568389892578
710,177.0,769.413452148438
711,177.2,47.640697479248
712,177.3,12.0223579406738
713,177.5,1.29746723175049
714,177.7,6.65379905700684
715,177.9,118.093795776367
716,178.1,361.036499023438
717,178.2,58.8206100463867
718,178.4,2.61414837837219
719,178.6,3.25327515602112
720,178.8,23.0599117279053
721,179.0,438.495727539063
722,179.1,246.578521728516
723,179.3,6.41362428665161
724,179.6,2.98253273963928
725,179.7,4.93816614151001
726,179.9,55.6368560791016
727,180.1,176.313537597656
728,180.2,55.9790382385254
729,180.3,14.2316160202026
730,180.6,3.85799121856689
731,180.8,17.4864635467529
732,181.0,155.175369262695
733,181.1,217.782363891602
734,181.3,13.4513540267944
735,181.6,3.20820951461792
736,181.8,11.967511177063
737,181.9,23.448034286499
738,182.1,161.955108642578
739,182.2,315.35546875
740,182.4,6.24069881439209
741,182.6,1.71842789649963
742,182.8,9.59388637542725
743,182.9,30.0279483795166
744,183.1,291.938873291016
745,183.2,450.969970703125
746,183.4,4.17886447906494
747,183.7,4.51091718673706
748,183.9,33.5453262329102
749,184.1,137.671264648438
750,184.2,93.3119659423828
751,184.4,6.31091690063477
752,184.6,2.21938872337341
753,184.8,12.2964191436768
754,185.0,121.491180419922
755,185.1,226.830749511719
756,185.3,17.3081226348877
757,185.6,3.41432309150696
758,185.7,3.94375538825989
759,185.9,33.2667236328125
760,186.1,107.21607208252
761,186.2,60.279125213623
762,186.4,4.13659381866455
763,186.5,3.55353713035583
764,186.8,11.9191265106201
765,187.0,121.992492675781
766,187.1,245.148651123047
767,187.3,21.6532745361328
768,187.6,2.41275119781494
769,187.7,3.06655025482178
770,187.9,33.0401763916016
771,188.1,117.119827270508
772,188.2,75.8567657470703
773,188.4,6.79930114746094
774,188.6,1.16751086711884
775,188.8,14.9100437164307
776,189.0,241.794067382813
777,189.1,354.772766113281
778,189.3,17.8260269165039
779,189.6,2.83353710174561
780,189.8,17.0211353302002
781,190.0,116.742706298828
782,190.1,140.841049194336
783,190.3,21.0735378265381
784,190.6,2.52786016464233
785,190.7,4.26724910736084
786,190.9,248.721923828125
787,191.0,1807.76000976563
788,191.1,257.198425292969
789,191.3,6.69414854049683
790,191.6,2.27615714073181
791,191.8,17.3793888092041
792,192.0,542.972778320313
793,192.1,267.996520996094
794,192.3,10.9757204055786
795,192.6,3.29397368431091
796,192.8,16.7406120300293
797,192.9,85.9917907714844
798,193.0,3475.33056640625
799,193.2,24.3800868988037
800,193.5,2.0211353302002
801,193.7,4.15336227416992
802,193.9,115.744804382324
803,194.0,699.1337890625
804,194.2,36.9624443054199
805,194.5,2.7383406162262
806,194.6,1.4539737701416
807,194.8,12.9516153335571
808,194.9,86.3395614624023
809,195.1,602.500061035156
810,195.2,65.9386901855469
811,195.4,1.81222712993622
812,195.7,4.70550203323364
813,195.9,40.8436698913574
814,196.1,162.560531616211
815,196.2,287.266723632813
816,196.4,6.22934484481812
817,196.7,4.92628812789917
818,196.9,34.0059394836426
819,197.1,262.359130859375
820,197.2,383.317565917969
821,197.4,3.30829691886902
822,197.6,3.34497809410095
823,197.8,12.0588645935059
824,198.0,57.0433197021484
825,198.2,136.264984130859
826,198.3,23.9933624267578
827,198.6,2.97834062576294
828,198.8,10.3973798751831
829,199.0,88.9573822021484
830,199.1,166.15754699707
831,199.3,21.5792140960693
832,199.5,1.92209601402283
833,199.7,7.62951946258545
834,199.8,12.2296943664551
835,200.0,79.2543258666992
836,200.1,64.6365051269531
837,200.2,67.3364181518555
838,200.4,14.7547597885132
839,200.6,4.09711790084839
840,200.8,17.1545848846436
841,201.0,95.8625335693359
842,201.1,106.12174987793
843,201.2,109.816421508789
844,201.4,7.12995624542236
845,201.7,6.66183423995972
846,201.9,39.0800018310547
847,202.1,157.198608398438
848,202.2,76.8062896728516
849,202.4,3.90253281593323
850,202.5,4.22672510147095
851,202.8,14.7067251205444
852,202.9,38.5671615600586
853,203.1,252.089782714844
854,203.2,129.375717163086
855,203.4,5.5458517074585
856,203.7,5.18794775009155
857,203.9,32.3289070129395
858,204.1,110.080001831055
859,204.2,50.8379020690918
860,204.3,28.6183414459229
861,204.5,2.44384288787842
862,204.7,5.32017469406128
863,204.9,75.1133651733398
864,205.0,160.348815917969
865,205.1,231.612930297852
866,205.3,18.7961578369141
867,205.6,4.98602628707886
868,205.8,17.1648902893066
869,206.0,79.8286437988281
870,206.1,45.590217590332
871,206.3,3.97746729850769
872,206.5,0.229344978928566
873,206.8,9.72419166564941
874,207.0,18677.5703125
875,207.1,627.369812011719
876,207.3,0.298340618610382
877,207.5,0.0854148492217064
878,207.7,4.23877716064453
879,207.9,86.5884704589844
880,208.0,4103.61962890625
881,208.2,21.7549343109131
882,208.4,1.79580783843994
883,208.6,1.49240171909332
884,208.8,17.3510913848877
885,209.0,2129.10473632813
886,209.1,535.407348632813
887,209.3,3.6800000667572
888,209.5,0.485240161418915
889,209.7,3.41414856910706
890,209.9,87.165412902832
891,210.1,408.566802978516
892,210.2,220.522277832031
893,210.4,3.58480358123779
894,210.7,5.27720546722412
895,210.9,54.3753700256348
896,211.1,306.570129394531
897,211.2,313.544281005859
898,211.4,4.39179039001465
899,211.7,3.72087335586548
900,211.9,29.4744110107422
901,212.0,39.4524002075195
902,212.2,118.507598876953
903,212.3,26.9330997467041
904,212.6,3.80366802215576
905,212.8,13.8812227249146
906,212.9,22.496244430542
907,213.1,161.894317626953
908,213.2,90.8759841918945
909,213.4,5.13676834106445
910,213.7,4.21572065353394
911,213.9,22.1617469787598
912,214.1,70.8466339111328
913,214.2,52.6831436157227
914,214.4,4.98113536834717
915,214.5,3.79895186424255
916,214.8,11.0017471313477
917,215.0,90.8943252563477
918,215.1,109.168731689453
919,215.2,107.549522399902
920,215.4,5.75755453109741
921,215.7,4.89781665802002
922,215.9,23.9579048156738
923,216.1,85.8207855224609
924,216.2,66.8144989013672
925,216.4,5.32261991500854
926,216.5,4.54724884033203
927,216.7,2.86864638328552
928,216.9,27.1542358398438
929,217.1,139.855026245117
930,217.2,76.6316146850586
931,217.3,34.2688217163086
932,217.6,3.42969441413879
933,217.8,8.97467231750488
934,218.0,42.7914428710938
935,218.2,68.5620956420898
936,218.3,26.4537982940674
937,218.6,5.55423593521118
938,218.8,12.4164190292358
939,219.0,81.3495178222656
940,219.1,109.809783935547
941,219.3,22.1273365020752
942,219.6,4.12401723861694
943,219.8,12.0146722793579
944,219.9,16.2396507263184
945,220.1,55.9968566894531
946,220.2,29.4391269683838
947,220.4,2.64786028862
948,220.6,2.90707421302795
949,220.8,13.6979913711548
950,221.0,970.811157226563
951,221.1,1173.1416015625
952,221.2,36.551441192627
953,221.4,2.51510906219482
954,221.7,3.91703057289124
955,221.9,57.2571182250977
956,222.0,225.670562744141
957,222.1,310.420074462891
958,222.3,11.3365936279297
959,222.6,3.11563324928284
960,222.8,15.0288209915161
961,222.9,55.5907440185547
962,223.1,362.697113037109
963,223.2,72.7551116943359
964,223.4,3.34951972961426
965,223.7,4.64733600616455
966,223.8,9.34480381011963
967,224.0,66.3987808227539
968,224.2,244.695190429688
969,224.3,37.9213981628418
970,224.5,3.20925760269165
971,224.7,5.40296936035156
972,224.9,33.3689079284668
973,225.1,168.884368896484
974,225.2,303.345153808594
975,225.4,6.31720542907715
976,225.7,5.26969432830811
977,225.9,24.1488208770752
978,226.0,35.8585166931152
979,226.2,119.062187194824
980,226.3,24.5046291351318
981,226.4,7.49170303344727
982,226.6,2.06096076965332
983,226.8,9.7095193862915
984,227.0,68.6527481079102
985,227.2,149.570129394531
986,227.3,29.5645408630371
987,227.5,3.20262002944946
988,227.7,2.40471625328064
989,227.9,23.7343235015869
990,228.0,31.7821826934814
991,228.2,105.72541809082
992,228.3,30.2953720092773
993,228.5,3.41816592216492
994,228.8,6.27248907089233
995,229.0,79.122444152832
996,229.2,294.235809326172
997,229.3,46.9207000732422
998,229.6,4.15458536148071
999,229.8,10.4071617126465
1000,230.0,63.7442779541016
1001,230.1,64.1895217895508
1002,230.2,104.81135559082
1003,230.4,13.3510913848877
1004,230.7,7.48541498184204
1005,230.9,23.7096939086914
1006,231.1,129.10270690918
1007,231.2,123.992141723633
1008,231.4,8.47039318084717
1009,231.5,4.78567695617676
1010,231.8,7.58864641189575
1011,232.0,37.163143157959
1012,232.2,68.4761581420898
1013,232.3,19.0859394073486
1014,232.4,10.2831439971924
1015,232.6,2.66777300834656
1016,232.8,12.1449785232544
1017,232.9,16.7397384643555
1018,233.1,72.891357421875
1019,233.2,52.2069854736328
1020,233.4,8.38917064666748
1021,233.6,2.09432315826416
1022,233.8,9.22480392456055
1023,233.9,12.0186901092529
1024,234.1,41.9105682373047
1025,234.2,20.2761573791504
1026,234.3,14.6455898284912
1027,234.6,6.66864633560181
1028,234.8,20.4319648742676
1029,235.0,76.4525756835938
1030,235.1,76.3619232177734
1031,235.3,15.2289953231812
1032,235.6,4.56576442718506
1033,235.8,11.0511789321899
1034,236.0,45.4382514953613
1035,236.1,35.0255012512207
1036,236.2,47.728385925293
1037,236.4,8.99842834472656
1038,236.6,3.6008734703064
1039,236.8,23.2013969421387
1040,237.0,114.720352172852
1041,237.1,140.417114257813
1042,237.3,25.6752834320068
1043,237.6,10.6541481018066
1044,237.8,17.9336242675781
1045,238.0,50.1093444824219
1046,238.2,159.131011962891
1047,238.3,79.910041809082
1048,238.5,7.34689950942993
1049,238.8,11.3818340301514
1050,239.0,67.7273330688477
1051,239.2,292.143585205078
1052,239.3,97.1117935180664
1053,239.6,3.9610481262207
1054,239.8,9.70637512207031
1055,240.0,38.9626197814941
1056,240.1,38.5919647216797
1057,240.2,82.0013961791992
1058,240.4,6.70724868774414
1059,240.5,5.21187782287598
1060,240.8,9.96296977996826
1061,240.9,18.1182537078857
1062,241.1,91.4282989501953
1063,241.2,82.3958053588867
1064,241.4,7.58620071411133
1065,241.7,5.01222705841064
1066,241.9,18.0747604370117
1067,242.1,55.2752838134766
1068,242.2,53.4162445068359
1069,242.4,8.95126628875732
1070,242.6,2.11930131912231
1071,242.8,8.63074207305908
1072,243.0,44.529956817627
1073,243.2,124.807510375977
1074,243.3,34.7977294921875
1075,243.4,11.4083843231201
1076,243.7,4.11528396606445
1077,243.9,16.135721206665
1078,244.1,56.3152847290039
1079,244.2,54.185676574707
1080,244.4,10.9987773895264
1081,244.7,4.81275129318237
1082,244.8,5.85676860809326
1083,245.0,39.9325752258301
1084,245.2,85.7559814453125
1085,245.3,27.4958953857422
1086,245.4,11.9708299636841
1087,245.7,5.08820962905884
1088,245.8,4.28681230545044
1089,246.0,26.2684707641602
1090,246.2,42.8157196044922
1091,246.3,14.2834930419922
1092,246.4,10.5591268539429
1093,246.7,7.81641912460327
1094,246.8,8.92401790618896
1095,247.0,42.6679458618164
1096,247.2,55.8309173583984
1097,247.3,19.2614841461182
1098,247.6,5.79458522796631
1099,247.8,9.53834056854248
1100,248.0,25.1753711700439
1101,248.1,27.5556335449219
1102,248.3,7.23842811584473
1103,248.4,5.99668121337891
1104,248.6,3.33484721183777
1105,248.8,45.6365051269531
1106,249.0,313.755096435547
1107,249.1,76.1187744140625
1108,249.3,4.88000011444092
1109,249.5,3.73816585540771
1110,249.7,11.3262882232666
1111,249.9,53.3848037719727
1112,250.0,88.3330993652344
1113,250.2,35.0284729003906
1114,250.4,6.42305660247803
1115,250.7,7.31947612762451
1116,250.8,22.3227939605713
1117,251.0,393.805419921875
1118,251.1,131.587951660156
1119,251.3,5.23213958740234
1120,251.4,3.70235800743103
1121,251.7,7.34654998779297
1122,251.8,17.4565944671631
1123,252.0,101.082794189453
1124,252.1,65.8165969848633
1125,252.2,151.344100952148
1126,252.4,5.46340608596802
1127,252.6,4.47371196746826
1128,252.8,23.0146732330322
1129,252.9,102.022010803223
1130,253.0,441.304107666016
1131,253.3,213.722091674805
1132,253.4,5.53519630432129
1133,253.7,7.3441047668457
1134,253.9,51.3439292907715
1135,254.1,124.696594238281
1136,254.2,83.6281204223633
1137,254.4,5.73240184783936
1138,254.6,4.93711805343628
1139,254.8,16.7245407104492
1140,255.0,93.6606140136719
1141,255.1,137.982711791992
1142,255.3,30.4165935516357
1143,255.6,4.07930135726929
1144,255.8,8.94620132446289
1145,256.0,42.5605239868164
1146,256.2,103.292747497559
1147,256.3,40.8876838684082
1148,256.5,4.40611362457275
1149,256.8,5.06200885772705
1150,257.0,42.5725746154785
1151,257.2,370.201934814453
1152,257.3,74.9213943481445
1153,257.5,4.25432300567627
1154,257.7,2.20000004768372
1155,257.9,12.8274240493774
1156,258.0,21.106201171875
1157,258.2,106.741836547852
1158,258.3,38.1640167236328
1159,258.4,15.0323143005371
1160,258.6,2.37013101577759
1161,258.8,7.02393007278442
1162,258.9,9.75772953033447
1163,259.1,58.5582542419434
1164,259.2,70.5730972290039
1165,259.4,11.2894325256348
1166,259.5,6.85065507888794
1167,259.7,3.23615717887878
1168,259.9,12.9594755172729
1169,260.0,13.5682096481323
1170,260.2,38.3463745117188
1171,260.3,22.0791263580322
1172,260.5,3.19126629829407
1173,260.7,5.54829692840576
1174,260.9,15.1580781936646
1175,261.1,32.6022720336914
1176,261.2,32.4791259765625
1177,261.4,9.60122299194336
1178,261.7,4.37152814865112
1179,261.9,9.61851501464844
1180,262.1,23.1715278625488
1181,262.2,18.3365936279297
1182,262.4,7.74864625930786
1183,262.7,8.02934455871582
1184,262.9,27.9261131286621
1185,263.1,56.8801765441895
1186,263.2,22.0646286010742
1187,263.3,17.3561573028564
1188,263.5,2.47895193099976
1189,263.7,5.74532747268677
1190,263.8,6.31842803955078
1191,264.0,26.5643672943115
1192,264.2,40.1811370849609
1193,264.3,15.7668123245239
1194,264.6,4.89834070205688
1195,264.8,25.1696071624756
1196,265.0,390.525939941406
1197,265.1,170.412231445313
1198,265.3,7.38515281677246
1199,265.6,2.9886462688446
1200,265.8,21.9926643371582
1201,266.0,104.078773498535
1202,266.2,128.02165222168
1203,266.3,69.4249801635742
1204,266.4,8.78480339050293
1205,266.7,8.66724872589111
1206,266.9,174.91162109375
1207,267.0,809.447875976563
1208,267.1,375.436676025391
1209,267.3,92.5641937255859
1210,267.4,3.31895208358765
1211,267.7,9.99231433868408
1212,267.9,112.801223754883
1213,268.0,270.726470947266
1214,268.2,71.7966842651367
1215,268.4,7.92017459869385
1216,268.7,7.41572046279907
1217,268.8,17.3902187347412
1218,269.0,227.929428100586
1219,269.1,184.939208984375
1220,269.3,15.514760017395
1221,269.4,6.55668115615845
1222,269.6,1.72052407264709
1223,269.8,15.3652400970459
1224,270.0,60.8665504455566
1225,270.2,101.884368896484
1226,270.3,31.4314403533936
1227,270.5,6.00698709487915
1228,270.7,3.81310033798218
1229,270.9,23.7215728759766
1230,271.0,37.5881233215332
1231,271.2,135.992492675781
1232,271.3,40.1014862060547
1233,271.4,14.7834062576294
1234,271.6,2.21397376060486
1235,271.8,6.12663745880127
1236,272.0,31.8553714752197
1237,272.2,84.8504791259766
1238,272.3,46.4492568969727
1239,272.5,5.94200849533081
1240,272.7,2.12209606170654
1241,272.9,12.3082971572876
1242,273.1,69.4419250488281
1243,273.2,104.093101501465
1244,273.4,20.1690826416016
1245,273.7,5.72279453277588
1246,273.8,4.82794761657715
1247,274.0,24.794584274292
1248,274.2,48.8174667358398
1249,274.3,31.4094314575195
1250,274.5,8.73327541351318
1251,274.8,9.35406112670898
1252,275.0,20.3114414215088
1253,275.2,31.6197376251221
1254,275.3,20.7434062957764
1255,275.6,6.69903945922852
1256,275.8,7.01030588150024
1257,276.0,15.8232316970825
1258,276.2,22.1881217956543
1259,276.3,7.95860242843628
1260,276.4,7.78707408905029
1261,276.7,6.29205226898193
1262,276.9,15.6122274398804
1263,277.1,31.5937118530273
1264,277.2,25.8651523590088
1265,277.4,5.4894323348999
1266,277.6,5.51091718673706
1267,277.8,7.28157186508179
1268,278.0,21.4038429260254
1269,278.2,32.4859390258789
1270,278.3,18.7631435394287
1271,278.5,3.83755469322205
1272,278.7,8.82358074188232
1273,278.9,46.125415802002
1274,279.1,115.579734802246
1275,279.2,47.7065505981445
1276,279.4,8.97729301452637
1277,279.7,7.90462875366211
1278,279.9,31.1668128967285
1279,280.1,60.7753715515137
1280,280.2,24.8436679840088
1281,280.3,65.208381652832
1282,280.6,3.0761570930481
1283,280.8,21.7112655639648
1284,281.0,3927.173828125
1285,281.1,1006.91076660156
1286,281.3,32.6441917419434
1287,281.6,2.32034945487976
1288,281.8,17.0393009185791
1289,281.9,92.6232299804688
1290,282.0,1280.81188964844
1291,282.2,61.2642784118652
1292,282.4,3.30951976776123
1293,282.7,6.75283861160278
1294,282.9,96.4988632202148
1295,283.0,1072.60278320313
1296,283.2,39.2709159851074
1297,283.4,3.70794749259949
1298,283.7,5.08943223953247
1299,283.9,69.9329223632813
1300,284.1,210.018341064453
1301,284.2,34.7325782775879
1302,284.3,17.4773807525635
1303,284.5,2.60698699951172
1304,284.7,6.27807855606079
1305,284.9,45.0703926086426
1306,285.1,126.041748046875
1307,285.2,56.1533622741699
1308,285.4,7.29414844512939
1309,285.5,5.11056756973267
1310,285.8,10.722620010376
1311,285.9,11.6974668502808
1312,286.1,39.0013961791992
1313,286.2,35.2854156494141
1314,286.4,11.0331878662109
1315,286.7,5.79179048538208
1316,286.9,16.3724021911621
1317,287.1,33.8499565124512
1318,287.2,17.6988639831543
1319,287.3,20.5800876617432
1320,287.5,5.44855880737305
1321,287.8,5.77362442016602
1322,288.0,14.0950222015381
1323,288.1,10.5558080673218
1324,288.3,20.0541477203369
1325,288.4,4.6684718132019
1326,288.5,6.1596508026123
1327,288.8,6.89659404754639
1328,289.0,14.9977293014526
1329,289.2,23.5238418579102
1330,289.3,14.9273366928101
1331,289.5,5.56052398681641
1332,289.7,2.4716157913208
1333,289.9,8.17257595062256
1334,290.1,14.4490833282471
1335,290.2,16.5358943939209
1336,290.4,7.24524021148682
1337,290.7,5.52611351013184
1338,290.9,12.193187713623
1339,291.0,11.3669872283936
1340,291.2,28.5685596466064
1341,291.3,16.0876865386963
1342,291.5,5.25572061538696
1343,291.7,2.09030556678772
1344,291.9,10.6848907470703
1345,292.1,23.8047161102295
1346,292.2,15.1215724945068
1347,292.3,19.1425323486328
1348,292.5,4.22882080078125
1349,292.7,8.90620040893555
1350,292.9,22.2976417541504
1351,293.1,54.0740623474121
1352,293.2,26.0057640075684
1353,293.3,23.5198249816895
1354,293.6,4.97292566299438
1355,293.8,8.45222663879395
1356,293.9,7.78917026519775
1357,294.1,37.2323150634766
1358,294.3,89.3524856567383
1359,294.4,20.2293453216553
1360,294.7,5.77921390533447
1361,294.8,6.328209400177
1362,295.0,192.268997192383
1363,295.1,291.325408935547
1364,295.3,130.087509155273
1365,295.6,3.37711787223816
1366,295.8,12.13170337677
1367,296.0,86.1959838867188
1368,296.1,120.699035644531
1369,296.3,36.313362121582
1370,296.4,13.3565063476563
1371,296.7,7.13659381866455
1372,296.9,36.3916168212891
1373,297.1,112.368385314941
1374,297.2,72.1044540405273
1375,297.4,10.6473360061646
1376,297.7,6.437903881073
1377,297.9,19.5138874053955
1378,298.0,20.2986907958984
1379,298.2,47.1652412414551
1380,298.3,17.94899559021
1381,298.4,11.8274240493774
1382,298.7,8.21048069000244
1383,298.8,7.95266389846802
1384,299.0,36.4150199890137
1385,299.2,53.6634063720703
1386,299.3,28.6256771087646
1387,299.5,5.92681217193604
1388,299.7,2.68838429450989
1389,299.9,10.964017868042
1390,300.1,26.4611358642578
1391,300.2,27.5289077758789
1392,300.4,7.27685594558716
1393,300.5,6.76786041259766
1394,300.8,6.41711807250977
1395,301.0,16.9631443023682
1396,301.2,27.32785987854
1397,301.3,10.2675981521606
1398,301.4,11.0080347061157
1399,301.7,4.44279479980469
1400,301.9,7.42218351364136
1401,302.0,6.982008934021
1402,302.2,17.6139736175537
1403,302.3,13.7032318115234
1404,302.5,3.31423592567444
1405,302.7,5.44349336624146
1406,302.9,9.90480327606201
1407,303.1,17.6852397918701
1408,303.2,20.460262298584
1409,303.4,8.41659355163574
1410,303.7,4.96733617782593
1411,303.8,4.15458536148071
1412,304.0,13.0890827178955
1413,304.2,17.4623584747314
1414,304.3,13.0934495925903
1415,304.6,6.4359827041626
1416,304.7,3.63179039955139
1417,304.9,10.1617469787598
1418,305.1,21.7629699707031
1419,305.2,20.1954593658447
1420,305.4,5.15703058242798
1421,305.5,5.05065488815308
1422,305.8,6.13886451721191
1423,306.0,14.4024457931519
1424,306.1,11.2672491073608
1425,306.3,27.0653266906738
1426,306.4,11.0389518737793
1427,306.6,6.90829706192017
1428,306.9,14.157205581665
1429,307.1,32.3096961975098
1430,307.2,18.0786018371582
1431,307.3,20.7683849334717
1432,307.5,3.49205231666565
1433,307.7,4.44768571853638
1434,307.9,10.2022705078125
1435,308.1,25.1853275299072
1436,308.3,82.3736267089844
1437,308.4,22.3720531463623
1438,308.7,8.54672527313232
1439,308.9,20.9310035705566
1440,309.0,23.4536247253418
1441,309.2,69.7060241699219
1442,309.3,142.714584350586
1443,309.5,8.8372049331665
1444,309.7,3.67144107818604
1445,309.9,11.7573795318604
1446,310.1,31.431791305542
1447,310.3,50.388298034668
1448,310.4,24.035457611084
1449,310.7,12.6983404159546
1450,310.9,50.9987754821777
1451,311.1,119.025505065918
1452,311.2,35.3917922973633
1453,311.3,26.6041927337646
1454,311.6,6.90986919403076
1455,311.7,5.87196493148804
1456,311.9,24.219388961792
1457,312.0,21.5669860839844
1458,312.2,45.8780784606934
1459,312.3,22.5503921508789
1460,312.5,4.57676839828491
1461,312.7,10.7493448257446
1462,312.8,16.8925762176514
1463,313.0,116.370826721191
1464,313.1,95.6971206665039
1465,313.3,19.2897815704346
1466,313.6,6.67074251174927
1467,313.8,14.040699005127
1468,313.9,16.522970199585
1469,314.1,44.9168548583984
1470,314.2,28.7158069610596
1471,314.4,6.50305700302124
1472,314.6,7.65886449813843
1473,314.8,12.2270746231079
1474,315.0,26.3112659454346
1475,315.1,31.1970310211182
1476,315.3,16.7893447875977
1477,315.5,5.73764181137085
1478,315.8,6.67318773269653
1479,316.0,12.3337993621826
1480,316.2,18.0932750701904
1481,316.3,11.5425329208374
1482,316.5,5.36908292770386
1483,316.8,6.32890844345093
1484,316.9,4.64803504943848
1485,317.1,13.657642364502
1486,317.3,16.2434940338135
1487,317.4,8.32139778137207
1488,317.6,2.81327509880066
1489,317.8,5.29484701156616
1490,318.0,9.03144073486328
1491,318.2,14.2756328582764
1492,318.3,6.6363320350647
1493,318.4,7.5301308631897
1494,318.7,5.44157218933105
1495,318.9,8.53572082519531
1496,319.1,16.4604358673096
1497,319.2,19.0901317596436
1498,319.4,5.78567695617676
1499,319.5,5.57711791992188
1500,319.8,5.27598237991333
1501,320.0,11.0978164672852
1502,320.2,22.9959831237793
1503,320.3,10.6978168487549
1504,320.4,12.2602615356445
1505,320.7,5.67668104171753
1506,320.8,3.91336250305176
1507,321.0,18.2758083343506
1508,321.2,29.0597381591797
1509,321.3,12.2789516448975
1510,321.4,11.5573797225952
1511,321.7,5.2536244392395
1512,321.8,3.41921401023865
1513,322.0,13.3703060150146
1514,322.1,12.3790397644043
1515,322.3,60.6841926574707
1516,322.4,20.1456775665283
1517,322.6,11.358078956604
1518,322.7,6.71877717971802
1519,322.9,30.9462013244629
1520,323.0,29.0171184539795
1521,323.2,71.5048065185547
1522,323.3,124.690483093262
1523,323.6,9.66480350494385
1524,323.8,10.3783407211304
1525,324.0,24.0031433105469
1526,324.2,35.1304817199707
1527,324.3,25.1311798095703
1528,324.4,25.6965942382813
1529,324.7,13.5484714508057
1530,324.9,126.318428039551
1531,325.0,149.848388671875
1532,325.1,116.584976196289
1533,325.3,16.2724895477295
1534,325.6,6.69746732711792
1535,325.7,8.07161617279053
1536,325.9,53.0684700012207
1537,326.0,49.2400016784668
1538,326.1,58.7187767028809
1539,326.3,8.54532718658447
1540,326.4,7.32838439941406
1541,326.7,12.2777290344238
1542,326.9,216.845764160156
1543,327.0,577.840698242188
1544,327.1,207.878952026367
1545,327.3,7.19231462478638
1546,327.6,4.31545829772949
1547,327.7,7.22777271270752
1548,327.9,116.095367431641
1549,328.0,209.049774169922
1550,328.2,25.1528377532959
1551,328.5,6.06288194656372
1552,328.7,13.1888208389282
1553,328.8,28.9255886077881
1554,329.0,132.912139892578
1555,329.1,71.0536270141602
1556,329.3,9.01554584503174
1557,329.5,2.49659395217896
1558,329.7,9.22270774841309
1559,329.9,25.0716152191162
1560,330.0,18.1161575317383
1561,330.1,28.015022277832
1562,330.3,11.8536243438721
1563,330.5,3.82672500610352
1564,330.7,7.21065521240234
1565,330.9,15.2779035568237
1566,331.0,10.5910921096802
1567,331.2,20.4681224822998
1568,331.3,6.90148448944092
1569,331.4,9.35248947143555
1570,331.7,4.92349338531494
1571,331.9,7.98130989074707
1572,332.1,12.307074546814
1573,332.2,8.4185152053833
1574,332.3,12.13170337677
1575,332.5,5.29746723175049
1576,332.8,5.53624439239502
1577,333.0,11.4583406448364
1578,333.2,18.5654144287109
1579,333.3,15.5710039138794
1580,333.5,6.15266370773315
1581,333.7,2.45310044288635
1582,333.9,8.51755428314209
1583,334.0,8.78602600097656
1584,334.2,22.737642288208
1585,334.3,11.8658514022827
1586,334.4,13.7613973617554
1587,334.7,6.57554578781128
1588,334.9,8.44611358642578
1589,335.1,19.6693458557129
1590,335.2,13.3131875991821
1591,335.3,21.5137119293213
1592,335.5,6.58602619171143
1593,335.8,5.32122278213501
1594,336.0,10.2819213867188
1595,336.2,30.9079475402832
1596,336.4,59.7411346435547
1597,336.5,10.4525766372681
1598,336.8,7.25851535797119
1599,337.0,15.3701305389404
1600,337.2,41.8494338989258
1601,337.4,117.111442565918
1602,337.5,11.5648908615112
1603,337.8,5.27580785751343
1604,338.0,12.4190397262573
1605,338.2,26.6806983947754
1606,338.3,51.5572052001953
1607,338.6,11.3121395111084
1608,338.7,6.41903924942017
1609,338.9,42.8138008117676
1610,339.0,43.5877723693848
1611,339.1,87.673713684082
1612,339.3,30.149694442749
1613,339.5,3.78812217712402
1614,339.7,9.33222675323486
1615,339.8,9.124192237854
1616,340.0,36.1390380859375
1617,340.1,37.7855033874512
1618,340.3,12.4104804992676
1619,340.5,3.91266369819641
1620,340.7,10.931004524231
1621,340.9,149.010650634766
1622,341.0,1261.95751953125
1623,341.2,24.5558071136475
1624,341.4,2.00558948516846
1625,341.6,3.70200872421265
1626,341.7,4.86532735824585
1627,341.9,102.717903137207
1628,342.1,383.725952148438
1629,342.2,45.0826187133789
1630,342.4,3.63109159469604
1631,342.6,6.42480325698853
1632,342.8,28.4380779266357
1633,343.0,228.605941772461
1634,343.1,137.090133666992
1635,343.3,7.67231464385986
1636,343.5,2.16663765907288
1637,343.7,8.28995609283447
1638,343.9,39.7021827697754
1639,344.1,64.9528350830078
1640,344.2,27.1289081573486
1641,344.5,8.02270698547363
1642,344.7,8.91458511352539
1643,344.9,25.4455890655518
1644,345.1,40.7509155273438
1645,345.2,23.4653282165527
1646,345.4,7.98270750045776
1647,345.7,6.00960683822632
1648,345.8,4.56943225860596
1649,346.0,14.284366607666
1650,346.2,20.8006992340088
1651,346.3,8.72174644470215
1652,346.4,9.02026176452637
1653,346.7,5.53886461257935
1654,346.8,3.63615727424622
1655,347.0,12.1123142242432
1656,347.1,9.87475967407227
1657,347.3,19.708646774292
1658,347.4,9.55441093444824
1659,347.7,5.23965072631836
1660,347.9,7.23947620391846
1661,348.0,6.99458503723145
1662,348.2,20.5972061157227
1663,348.3,17.4459381103516
1664,348.5,8.1451530456543
1665,348.8,5.6911792755127
1666,349.0,11.2296943664551
1667,349.2,22.3020095825195
1668,349.3,18.9664630889893
1669,349.5,7.24244546890259
1670,349.8,4.38323163986206
1671,350.0,10.0454149246216
1672,350.2,23.5325756072998
1673,350.4,50.028995513916
1674,350.5,10.7193012237549
1675,350.8,5.99860239028931
1676,351.0,12.5346727371216
1677,351.2,33.8125762939453
1678,351.3,35.9273376464844
1679,351.4,75.304801940918
1680,351.6,5.82462882995605
1681,351.9,6.39458513259888
1682,352.0,6.47563314437866
1683,352.2,20.9025325775146
1684,352.3,22.0667247772217
1685,352.4,40.6611366271973
1686,352.7,9.33711814880371
1687,352.9,17.8691711425781
1688,353.0,15.361047744751
1689,353.2,39.5067253112793
1690,353.4,27.7074241638184
1691,353.5,5.12244558334351
1692,353.7,8.14689922332764
1693,353.9,14.2345848083496
1694,354.0,10.7778167724609
1695,354.1,19.2588653564453
1696,354.3,7.46497821807861
1697,354.5,1.993537068367
1698,354.7,7.67912673950195
1699,354.8,11.8372049331665
1700,355.0,831.337646484375
1701,355.1,654.369445800781
1702,355.3,6.68611335754395
1703,355.6,3.62183403968811
1704,355.8,17.1982536315918
1705,355.9,79.7696075439453
1706,356.1,443.370819091797
1707,356.2,38.630916595459
1708,356.4,3.98707413673401
1709,356.6,2.02165937423706
1710,356.8,21.185676574707
1711,357.0,240.205413818359
1712,357.1,203.526107788086
1713,357.3,5.68419218063354
1714,357.5,3.40838432312012
1715,357.7,6.28122282028198
1716,357.9,41.4894332885742
1717,358.1,84.5489959716797
1718,358.2,30.3147602081299
1719,358.4,6.60419225692749
1720,358.7,7.13991260528564
1721,358.8,9.2022705078125
1722,359.0,39.5086479187012
1723,359.1,37.2276000976563
1724,359.3,8.71650695800781
1725,359.4,7.68698692321777
1726,359.7,4.99056768417358
1727,359.8,4.49222707748413
1728,360.0,12.5119647979736
1729,360.2,21.1507415771484
1730,360.3,7.64454126358032
1731,360.4,8.58602619171143
1732,360.7,5.62759828567505
1733,360.9,8.45519638061523
1734,361.1,16.6496067047119
1735,361.2,21.999475479126
1736,361.4,11.1072492599487
1737,361.6,4.15126657485962
1738,361.9,5.92349338531494
1739,362.1,17.006986618042
1740,362.3,24.6396503448486
1741,362.4,15.299388885498
1742,362.6,5.68192148208618
1743,362.8,2.41886472702026
1744,363.0,10.5088205337524
1745,363.2,28.0160694122314
1746,363.3,18.5828819274902
1747,363.4,16.8295192718506
1748,363.6,2.50375556945801
1749,363.8,4.86864614486694
1750,363.9,3.38340616226196
1751,364.1,17.6635799407959
1752,364.2,21.1063747406006
1753,364.4,50.4543228149414
1754,364.5,10.8097820281982
1755,364.6,6.18550205230713
1756,364.9,5.78497838973999
1757,365.1,21.3579044342041
1758,365.3,97.2765045166016
1759,365.4,81.745849609375
1760,365.6,5.66986894607544
1761,365.9,5.9308295249939
1762,366.1,16.8857650756836
1763,366.3,45.470043182373
1764,366.4,55.6482086181641
1765,366.7,8.79668140411377
1766,366.9,12.3772926330566
1767,367.0,12.0480346679688
1768,367.2,36.9706535339355
1769,367.3,18.3124885559082
1770,367.4,27.5262889862061
1771,367.6,6.50480365753174
1772,367.9,7.54393005371094
1773,368.1,16.7046279907227
1774,368.3,19.5201740264893
1775,368.5,11.3809604644775
1776,368.7,9.14008712768555
1777,368.9,44.4483833312988
1778,369.1,106.090827941895
1779,369.2,34.5708312988281
1780,369.3,15.7818336486816
1781,369.5,3.24122262001038
1782,369.7,7.07703065872192
1783,369.8,7.65641927719116
1784,370.0,33.2235794067383
1785,370.2,41.7290840148926
1786,370.3,14.8335371017456
1787,370.5,3.84698700904846
1788,370.7,12.4431438446045
1789,370.9,41.2719650268555
1790,371.0,36.9512672424316
1791,371.1,47.2144966125488
1792,371.3,7.52523994445801
1793,371.5,7.09659385681152
1794,371.7,9.16366767883301
1795,371.9,19.6200866699219
1796,372.1,25.6993885040283
1797,372.2,17.4841918945313
1798,372.4,8.51301288604736
1799,372.7,9.82392978668213
1800,372.9,22.7659397125244
1801,373.0,32.8075103759766
1802,373.2,17.6513538360596
1803,373.4,4.75563335418701
1804,373.6,5.91930150985718
1805,373.7,3.40087342262268
1806,373.9,10.2653274536133
1807,374.1,18.1166820526123
1808,374.2,17.098690032959
1809,374.4,8.51406097412109
1810,374.7,6.3315281867981
1811,374.8,3.58550214767456
1812,375.0,11.2393016815186
1813,375.2,17.8843669891357
1814,375.3,8.55965042114258
1815,375.4,10.4480352401733
1816,375.6,4.73694324493408
1817,375.9,5.85327529907227
1818,376.1,15.0515279769897
1819,376.3,22.9301319122314
1820,376.4,8.84227085113525
1821,376.5,8.88436698913574
1822,376.8,4.74026203155518
1823,377.0,9.31947612762451
1824,377.1,9.18165969848633
1825,377.3,21.1213970184326
1826,377.4,9.07371139526367
1827,377.5,8.21484756469727
1828,377.8,4.99353694915771
1829,378.0,8.99318790435791
1830,378.2,23.831090927124
1831,378.3,25.8904800415039
1832,378.4,33.5603485107422
1833,378.6,7.70462894439697
1834,378.9,6.1613974571228
1835,379.1,19.0490837097168
1836,379.2,19.5793895721436
1837,379.4,80.9544067382813
1838,379.5,13.8249778747559
1839,379.6,6.97589540481567
1840,379.8,2.34078598022461
1841,380.0,7.59545850753784
1842,380.2,18.4108295440674
1843,380.4,55.2562446594238
1844,380.5,18.6433181762695
1845,380.8,7.08786010742188
1846,381.0,11.2911787033081
1847,381.1,11.1767683029175
1848,381.3,23.737642288208
1849,381.4,17.5009613037109
1850,381.5,11.1467247009277
1851,381.7,2.66864633560181
1852,381.9,6.748122215271
1853,382.0,5.10410499572754
1854,382.2,12.3310041427612
1855,382.4,13.5856771469116
1856,382.6,11.3708295822144
1857,382.8,17.9343223571777
1858,383.0,32.4338874816895
1859,383.1,26.0478610992432
1860,383.3,11.7236680984497
1861,383.6,8.28262042999268
1862,383.7,4.11720514297485
1863,383.9,12.0438432693481
1864,384.1,18.0955467224121
1865,384.2,10.4819211959839
1866,384.4,3.20087337493896
1867,384.6,9.59091663360596
1868,384.7,10.6812229156494
1869,384.9,68.3661117553711
1870,385.0,60.175895690918
1871,385.1,59.785327911377
1872,385.3,6.88000011444092
1873,385.6,7.00593900680542
1874,385.8,19.3000869750977
1875,386.0,39.5725746154785
1876,386.1,29.141658782959
1877,386.3,8.16052436828613
1878,386.6,6.47772932052612
1879,386.8,38.3549346923828
1880,387.0,175.441925048828
1881,387.1,78.4054183959961
1882,387.2,24.5266380310059
1883,387.5,4.80978155136108
1884,387.7,12.0815715789795
1885,387.9,42.4936256408691
1886,388.1,65.8033218383789
1887,388.2,25.806812286377
1888,388.4,8.27161598205566
1889,388.7,11.9161567687988
1890,388.9,31.2436676025391
1891,389.0,23.2663764953613
1892,389.1,37.0845413208008
1893,389.3,7.49397373199463
1894,389.4,8.55650615692139
1895,389.7,7.25589513778687
1896,389.8,4.83912658691406
1897,390.0,16.7891712188721
1898,390.2,23.9757213592529
1899,390.4,20.8532752990723
1900,390.5,10.4634065628052
1901,390.8,6.41729259490967
1902,391.0,10.4181661605835
1903,391.2,21.2165946960449
1904,391.3,12.4200868606567
1905,391.4,15.2796506881714
1906,391.6,5.24419212341309
1907,391.9,4.73554563522339
1908,392.1,14.2195634841919
1909,392.2,13.3888206481934
1910,392.4,42.7402610778809
1911,392.5,15.6696939468384
1912,392.7,5.45799112319946
1913,393.0,7.39528369903564
1914,393.2,30.5200004577637
1915,393.3,40.4695205688477
1916,393.4,70.2689971923828
1917,393.6,7.05187749862671
1918,393.9,4.60855913162231
1919,394.1,12.3554582595825
1920,394.3,32.950740814209
1921,394.4,52.3371162414551
1922,394.6,6.44052410125732
1923,394.9,5.00506544113159
1924,395.1,11.1563320159912
1925,395.3,21.3861999511719
1926,395.4,25.0964183807373
1927,395.6,5.6544976234436
1928,395.9,4.59510898590088
1929,396.0,3.35668110847473
1930,396.2,11.824803352356
1931,396.4,13.9007863998413
1932,396.5,5.30218362808228
1933,396.7,8.07999992370605
1934,396.9,10.3972053527832
1935,397.1,16.7421836853027
1936,397.2,13.7414846420288
1937,397.5,9.39842796325684
1938,397.7,5.97903919219971
1939,397.8,3.02026200294495
1940,398.0,8.75179004669189
1941,398.2,10.5870742797852
1942,398.3,7.83458518981934
1943,398.6,8.0747594833374
1944,398.8,30.6331882476807
1945,398.9,35.824104309082
1946,399.1,86.3634948730469
1947,399.2,21.156681060791
1948,399.4,3.10410475730896
1949,399.6,6.91930150985718
1950,399.8,18.3772926330566
1951,399.9,15.8939733505249
1952,400.1,36.1863746643066
1953,400.2,9.89310073852539
1954,400.3,6.98445415496826
1955,400.6,4.94899559020996
1956,400.7,6.0744104385376
1957,400.9,172.596160888672
1958,401.0,289.352325439453
1959,401.1,173.919830322266
1960,401.3,4.32593870162964
1961,401.5,1.64279472827911
1962,401.7,12.5748472213745
1963,401.9,91.4861145019531
1964,402.1,158.347595214844
1965,402.2,25.5760707855225
1966,402.3,10.9110918045044
1967,402.6,6.51144123077393
1968,402.8,32.9718780517578
1969,403.0,99.654670715332
1970,403.1,50.6034927368164
1971,403.2,29.5020084381104
1972,403.4,3.87213969230652
1973,403.6,6.88017463684082
1974,403.7,5.56279468536377
1975,403.9,23.8413982391357
1976,404.1,37.475284576416
1977,404.2,17.9907417297363
1978,404.3,21.9923152923584
1979,404.5,9.81624412536621
1980,404.7,4.42969417572021
1981,404.9,12.5196504592896
1982,405.1,21.2588653564453
1983,405.3,20.6667251586914
1984,405.4,8.17781639099121
1985,405.5,8.54340648651123
1986,405.8,5.18672466278076
1987,405.9,3.37554574012756
1988,406.1,14.2082099914551
1989,406.2,17.5627956390381
1990,406.4,52.6833190917969
1991,406.5,13.3594760894775
1992,406.6,7.96751070022583
1993,406.9,5.45869016647339
1994,407.0,4.42148494720459
1995,407.2,24.8085594177246
1996,407.4,64.4393005371094
1997,407.5,24.2649784088135
1998,407.7,2.62113547325134
1999,407.9,4.16087341308594
2000,408.0,3.76925754547119
2001,408.2,27.5671615600586
2002,408.4,107.40576171875
2003,408.5,19.9385147094727
2004,408.6,6.75213956832886
2005,408.9,4.71179056167603
2006,409.1,12.9966812133789
2007,409.3,34.7357215881348
2008,409.4,32.6045417785645
2009,409.6,6.31807851791382
2010,409.9,4.3455023765564
2011,410.1,10.9682092666626
2012,410.3,22.4013977050781
2013,410.4,13.6670742034912
2014,410.5,13.9535369873047
2015,410.8,4.75598239898682
2016,411.0,7.84000015258789
2017,411.2,11.1535367965698
2018,411.4,12.9973802566528
2019,411.5,4.64593887329102
2020,411.6,6.64209604263306
2021,411.9,5.10235786437988
2022,412.1,7.85257625579834
2023,412.3,10.77414894104
2024,412.5,9.41397380828857
2025,412.7,8.55528354644775
2026,412.9,16.5783405303955
2027,413.1,23.5535373687744
2028,413.2,18.8274230957031
2029,413.4,4.2924017906189
2030,413.6,6.12628841400146
2031,413.8,8.40908336639404
2032,414.0,13.9886465072632
2033,414.1,12.1671619415283
2034,414.3,2.27720522880554
2035,414.5,3.00366806983948
2036,414.6,2.00192141532898
2037,414.8,13.3622703552246
2038,414.9,59.345329284668
2039,415.1,849.715270996094
2040,415.2,70.1902160644531
2041,415.4,1.90986895561218
2042,415.6,2.86305665969849
2043,415.7,2.47580790519714
2044,415.9,68.8869857788086
2045,416.1,307.572570800781
2046,416.2,58.3206977844238
2047,416.3,10.3109169006348
2048,416.6,4.06410503387451
2049,416.7,4.29519653320313
2050,416.9,68.9807891845703
2051,417.1,200.923675537109
2052,417.2,44.739387512207
2053,417.3,12.1832313537598
2054,417.5,1.27930128574371
2055,417.7,7.36139726638794
2056,417.9,30.2059383392334
2057,418.0,26.780086517334
2058,418.1,55.0330123901367
2059,418.3,12.2665500640869
2060,418.4,9.68069839477539
2061,418.6,3.67720532417297
2062,418.8,11.8950214385986
2063,418.9,9.65100479125977
2064,419.1,25.8604373931885
2065,419.2,21.8420963287354
2066,419.4,9.36925792694092
2067,419.7,5.57379913330078
2068,419.9,6.32000017166138
2069,420.1,12.4796504974365
2070,420.2,9.94934463500977
2071,420.4,24.3406105041504
2072,420.5,9.16960716247559
2073,420.6,8.90899562835693
2074,420.9,6.20890808105469
2075,421.1,9.47406101226807
2076,421.2,9.32873344421387
2077,421.4,33.2043685913086
2078,421.5,20.3467254638672
2079,421.7,3.03772926330566
2080,421.9,5.40279483795166
2081,422.0,3.45187783241272
2082,422.2,11.5250654220581
2083,422.4,22.3269863128662
2084,422.5,24.0394763946533
2085,422.7,6.22235822677612
2086,422.9,2.65240168571472
2087,423.1,6.31091690063477
2088,423.2,4.62305688858032
2089,423.4,12.5884714126587
2090,423.5,6.93467235565186
2091,423.6,5.55266380310059
2092,423.8,2.13886451721191
2093,424.0,5.29834079742432
2094,424.2,8.2766809463501
2095,424.4,8.26375579833984
2096,424.5,6.90358066558838
2097,424.8,4.76331901550293
2098,425.0,5.95213985443115
2099,425.2,7.251877784729
2100,425.4,6.98707437515259
2101,425.6,5.66410493850708
2102,425.8,4.71039295196533
2103,425.9,2.1889955997467
2104,426.1,6.50567674636841
2105,426.3,7.2730131149292
2106,426.5,6.70532751083374
2107,426.7,6.77606964111328
2108,426.9,10.0090827941895
2109,427.0,6.61641931533813
2110,427.2,12.4696941375732
2111,427.3,4.21502161026001
2112,427.4,5.76960706710815
2113,427.7,5.26882076263428
2114,427.8,3.05257630348206
2115,428.0,8.14323139190674
2116,428.2,9.69082927703857
2117,428.4,5.72960710525513
2118,428.6,4.04122257232666
2119,428.7,3.77816605567932
2120,428.9,70.2562408447266
2121,429.1,320.890319824219
2122,429.2,49.404541015625
2123,429.4,3.49834060668945
2124,429.7,6.66061115264893
2125,429.8,14.3100433349609
2126,430.0,93.5984268188477
2127,430.1,59.7109184265137
2128,430.2,49.3236694335938
2129,430.4,7.4913535118103
2130,430.7,7.90515279769897
2131,430.9,42.7753715515137
2132,431.1,106.201568603516
2133,431.2,43.2534484863281
2134,431.5,5.90323162078857
2135,431.6,2.5329258441925
2136,431.8,12.6324892044067
2137,431.9,13.7084712982178
2138,432.1,37.6833190917969
2139,432.2,27.7648906707764
2140,432.4,11.2871618270874
2141,432.7,8.69100475311279
2142,432.9,13.8144979476929
2143,433.1,21.7790393829346
2144,433.3,20.7701301574707
2145,433.5,10.7751960754395
2146,433.7,6.5444540977478
2147,433.9,6.31563329696655
2148,434.0,4.85781669616699
2149,434.2,14.974497795105
2150,434.4,19.9598255157471
2151,434.5,13.0749349594116
2152,434.8,5.85397386550903
2153,434.9,2.69641923904419
2154,435.1,8.79598236083984
2155,435.3,19.2006988525391
2156,435.5,27.4151973724365
2157,435.6,10.347074508667
2158,435.8,2.25502181053162
2159,436.0,5.29799127578735
2160,436.2,9.78655052185059
2161,436.3,7.86655044555664
2162,436.5,24.568733215332
2163,436.6,7.58078622817993
2164,436.9,4.66864633560181
2165,437.1,6.73135375976563
2166,437.2,5.51912641525269
2167,437.4,11.8646287918091
2168,437.5,7.42148494720459
2169,437.6,6.50043678283691
2170,437.8,1.74882102012634
2171,438.0,4.80419206619263
2172,438.2,7.40436697006226
2173,438.4,8.00296974182129
2174,438.5,7.24349355697632
2175,438.8,4.54969453811646
2176,439.0,5.89414834976196
2177,439.2,6.64663743972778
2178,439.4,6.42410469055176
2179,439.5,5.69554567337036
2180,439.8,4.45344972610474
2181,440.0,4.98689937591553
2182,440.2,6.32925748825073
2183,440.4,6.19650650024414
2184,440.5,2.74218344688416
2185,440.7,6.47912645339966
2186,440.8,3.43965077400208
2187,441.0,7.88454151153564
2188,441.2,9.13607025146484
2189,441.3,3.59528374671936
2190,441.4,5.37903928756714
2191,441.7,5.31248903274536
2192,441.9,5.70515298843384
2193,442.1,8.8118782043457
2194,442.3,9.514235496521
2195,442.5,7.8511791229248
2196,442.7,8.41746711730957
2197,442.9,13.609956741333
2198,443.1,17.8445415496826
2199,443.2,7.59004354476929
2200,443.3,8.65414810180664
2201,443.5,3.26515293121338
2202,443.7,6.06777286529541
2203,443.8,3.65187764167786
2204,444.0,9.39074230194092
2205,444.2,12.3428821563721
2206,444.3,5.11720514297485
2207,444.5,8.53956317901611
2208,444.7,11.9170303344727
2209,444.9,27.9390392303467
2210,445.1,33.7909164428711
2211,445.2,19.3580780029297
2212,445.4,5.06445407867432
2213,445.6,8.26602649688721
2214,445.7,5.07318782806396
2215,445.9,13.4810476303101
2216,446.1,18.170654296875
2217,446.2,8.20349311828613
2218,446.3,11.2352838516235
2219,446.6,10.6036682128906
2220,446.8,21.4679470062256
2221,447.0,32.6567687988281
2222,447.1,18.1654148101807
2223,447.2,21.0186901092529
2224,447.5,8.71004390716553
2225,447.7,9.16768550872803
2226,447.9,12.3856763839722
2227,448.0,8.27772903442383
2228,448.2,20.6358070373535
2229,448.4,17.6340618133545
2230,448.5,7.06707429885864
2231,448.6,10.3468999862671
2232,448.8,4.89292573928833
2233,449.0,9.90078639984131
2234,449.2,17.296594619751
2235,449.4,19.0564193725586
2236,449.5,14.8370304107666
2237,449.7,6.05606985092163
2238,450.0,6.38602638244629
2239,450.2,9.74550247192383
2240,450.3,6.72820949554443
2241,450.5,19.9245414733887
2242,450.6,8.4359827041626
2243,450.9,4.16436672210693
2244,451.1,5.95633172988892
2245,451.3,7.8207859992981
2246,451.5,10.9166812896729
2247,451.6,5.00087356567383
2248,451.9,4.52576398849487
2249,452.1,6.25572061538696
2250,452.3,8.31912708282471
2251,452.4,3.81799125671387
2252,452.6,6.33205223083496
2253,452.8,4.94113540649414
2254,453.0,4.59318780899048
2255,453.2,5.98689937591553
2256,453.4,6.65379905700684
2257,453.6,6.08663749694824
2258,453.7,2.0468122959137
2259,453.9,3.81135368347168
2260,454.0,2.24751091003418
2261,454.2,5.65484714508057
2262,454.4,5.68279457092285
2263,454.5,5.27720546722412
2264,454.7,2.32820963859558
2265,454.9,5.12174654006958
2266,455.0,3.04489088058472
2267,455.2,5.65921401977539
2268,455.3,3.39650654792786
2269,455.5,5.68209600448608
2270,455.6,4.88768577575684
2271,455.9,4.0158953666687
2272,456.0,2.35737991333008
2273,456.2,6.91580772399902
2274,456.3,3.66812229156494
2275,456.5,8.36908340454102
2276,456.6,3.12192130088806
2277,456.8,7.41694307327271
2278,457.0,9.32820987701416
2279,457.2,11.080174446106
2280,457.4,6.93973779678345
2281,457.5,3.23266386985779
2282,457.7,5.66550207138062
2283,457.8,3.07563328742981
2284,458.0,6.86165952682495
2285,458.2,9.25781631469727
2286,458.4,6.34637546539307
2287,458.5,3.96262001991272
2288,458.7,14.0574674606323
2289,458.9,27.7561569213867
2290,459.1,39.1818351745605
2291,459.2,12.5858516693115
2292,459.3,10.7657642364502
2293,459.6,8.14008712768555
2294,459.8,12.5455017089844
2295,460.0,18.6789512634277
2296,460.2,18.9727516174316
2297,460.3,4.74585151672363
2298,460.4,5.7093448638916
2299,460.7,11.5042791366577
2300,460.9,81.5654144287109
2301,461.1,178.884185791016
2302,461.2,44.3861999511719
2303,461.4,2.41921401023865
2304,461.6,6.08960676193237
2305,461.8,22.2592144012451
2306,462.0,62.7799110412598
2307,462.1,36.9299545288086
2308,462.2,34.8127517700195
2309,462.4,5.63860273361206
2310,462.6,9.84471607208252
2311,462.8,21.7463760375977
2312,463.0,39.1907424926758
2313,463.2,40.7304801940918
2314,463.3,17.4682960510254
2315,463.6,12.0448904037476
2316,463.7,5.71248912811279
2317,463.9,12.9643669128418
2318,464.1,16.255895614624
2319,464.3,15.5827074050903
2320,464.5,11.2132749557495
2321,464.6,9.95074272155762
2322,464.9,7.35336256027222
2323,465.0,4.22655010223389
2324,465.2,9.24052429199219
2325,465.3,8.22707462310791
2326,465.5,4.18375539779663
2327,465.7,5.81973791122437
2328,465.9,5.37379932403564
2329,466.1,5.45432329177856
2330,466.3,7.31353712081909
2331,466.5,5.93991279602051
2332,466.6,5.25973796844482
2333,466.8,2.51248908042908
2334,467.0,4.81589508056641
2335,467.1,2.6445415019989
2336,467.3,6.24052381515503
2337,467.5,5.23144102096558
2338,467.6,2.05903935432434
2339,467.8,4.04331874847412
2340,468.0,3.92436671257019
2341,468.2,5.27807855606079
2342,468.4,6.14113521575928
2343,468.6,5.36087322235107
2344,468.7,2.02532744407654
2345,468.9,4.26235818862915
2346,469.0,2.42794752120972
2347,469.2,5.7821831703186
2348,469.3,2.99755454063416
2349,469.5,5.22515296936035
2350,469.6,4.54550218582153
2351,469.9,3.84838438034058
2352,470.1,5.74340629577637
2353,470.3,7.33659410476685
2354,470.5,7.26393032073975
2355,470.7,5.75720500946045
2356,470.9,5.10777282714844
2357,471.1,6.0691704750061
2358,471.2,3.92087340354919
2359,471.4,7.39650678634644
2360,471.6,5.77938842773438
2361,471.7,5.25903940200806
2362,472.0,5.58567667007446
2363,472.2,7.51248931884766
2364,472.3,3.75999999046326
2365,472.5,7.25834083557129
2366,472.7,9.06375503540039
2367,472.8,7.46672487258911
2368,473.0,22.3608741760254
2369,473.1,11.4041919708252
2370,473.2,19.2153720855713
2371,473.4,8.43004322052002
2372,473.6,3.23109173774719
2373,473.8,9.12366771697998
2374,474.0,12.8862886428833
2375,474.1,14.1095199584961
2376,474.3,5.28943252563477
2377,474.5,1.89449787139893
2378,474.7,5.34288215637207
2379,474.8,9.57956314086914
2380,475.0,200.659912109375
2381,475.1,352.488037109375
2382,475.3,17.1921405792236
2383,475.6,3.71283841133118
2384,475.7,2.84524011611938
2385,475.9,42.8602638244629
2386,476.1,163.270050048828
2387,476.2,94.7011337280273
2388,476.4,5.03999996185303
2389,476.6,6.19074249267578
2390,476.8,16.9839305877686
2391,477.0,70.34130859375
2392,477.2,97.2534484863281
2393,477.3,23.8539733886719
2394,477.5,3.51737999916077
2395,477.7,9.18707466125488
2396,477.8,7.26480340957642
2397,478.0,26.730655670166
2398,478.1,16.9365940093994
2399,478.2,30.20436668396
2400,478.4,14.4055891036987
2401,478.7,9.00227069854736
2402,478.8,5.45694303512573
2403,479.0,12.1685590744019
2404,479.2,14.6324892044067
2405,479.4,11.287859916687
2406,479.5,6.01135349273682
2407,479.8,5.52576398849487
2408,480.0,5.82829713821411
2409,480.2,9.35737991333008
2410,480.4,7.49344968795776
2411,480.6,6.51179027557373
2412,480.8,4.49205255508423
2413,481.0,5.02148485183716
2414,481.2,5.41606998443604
2415,481.4,6.1418342590332
2416,481.5,2.52716159820557
2417,481.6,4.5994758605957
2418,481.8,2.14235806465149
2419,482.0,4.64663743972778
2420,482.2,6.5089955329895
2421,482.3,2.82829689979553
2422,482.5,5.45048046112061
2423,482.6,2.80174660682678
2424,482.8,4.38986921310425
2425,483.0,4.66951942443848
2426,483.1,2.26847171783447
2427,483.3,5.4716157913208
2428,483.4,4.95685577392578
2429,483.7,4.79475975036621
2430,483.8,1.76034939289093
2431,484.0,4.15388631820679
2432,484.2,5.68052387237549
2433,484.3,3.2020959854126
2434,484.5,6.71877717971802
2435,484.7,5.65013122558594
2436,484.8,3.95930123329163
2437,485.1,4.8176417350769
2438,485.3,7.10061120986938
2439,485.5,6.12104797363281
2440,485.6,4.76873350143433
2441,485.9,4.28419208526611
2442,486.1,5.29362440109253
2443,486.3,6.51807880401611
2444,486.5,6.68558931350708
2445,486.6,3.45449781417847
2446,486.8,6.84419202804565
2447,487.0,9.39161586761475
2448,487.1,6.47056770324707
2449,487.3,10.2012224197388
2450,487.5,8.01903915405273
2451,487.7,5.79598236083984
2452,487.8,2.91091704368591
2453,488.0,8.38620090484619
2454,488.2,8.65484714508057
2455,488.3,5.34270763397217
2456,488.5,1.46183407306671
2457,488.7,3.93187761306763
2458,488.9,40.0130996704102
2459,489.0,129.794235229492
2460,489.1,355.107238769531
2461,489.3,17.9318771362305
2462,489.6,3.1613974571228
2463,489.8,12.9262886047363
2464,489.9,27.4557209014893
2465,490.1,172.091186523438
2466,490.2,84.3280334472656
2467,490.4,6.27196502685547
2468,490.6,2.17537117004395
2469,490.8,16.5205230712891
2470,491.0,76.0698699951172
2471,491.1,108.463928222656
2472,491.3,19.751091003418
2473,491.4,7.63965082168579
2474,491.6,2.64593887329102
2475,491.8,13.2665500640869
2476,492.0,29.7868995666504
2477,492.2,37.7851524353027
2478,492.3,15.1558074951172
2479,492.5,3.54323148727417
2480,492.7,7.09921407699585
2481,492.9,12.0262012481689
2482,493.1,16.5835800170898
2483,493.2,16.7170314788818
2484,493.4,6.61903953552246
2485,493.7,4.66288232803345
2486,493.9,5.4733624458313
2487,494.0,3.34969425201416
2488,494.2,7.84855890274048
2489,494.3,6.51982545852661
2490,494.5,4.71458530426025
2491,494.7,1.85502183437347
2492,494.9,4.84925746917725
2493,495.1,6.46637535095215
2494,495.2,3.07161569595337
2495,495.3,5.49414825439453
2496,495.5,2.13152837753296
2497,495.7,4.14235830307007
2498,495.8,2.00139737129211
2499,496.0,4.52803516387939
2500,496.2,5.33432292938232
2501,496.4,5.38864612579346
2502,496.6,4.86305665969849
2503,496.7,3.62655019760132
2504,497.0,4.36995649337769
2505,497.1,2.53537106513977
2506,497.3,4.8544979095459
2507,497.4,2.81799125671387
2508,497.6,5.51144123077393
2509,497.7,3.94812226295471
2510,498.0,3.83999991416931
2511,498.1,2.95353722572327
2512,498.3,6.16873359680176
2513,498.4,3.02497816085815
2514,498.5,6.3119649887085
2515,498.7,4.74323129653931
2516,498.9,1.95947599411011
2517,499.1,5.4380784034729
2518,499.3,6.08786010742188
2519,499.5,6.49414825439453
2520,499.6,3.33152842521667
2521,499.7,4.60751104354858
2522,499.9,4.60716152191162
2523,500.2,6.62602615356445
2524,500.4,7.54480361938477
2525,500.5,4.06130981445313
2526,500.7,6.79266357421875
2527,500.9,6.0726637840271
2528,501.1,8.19248867034912
2529,501.3,10.8670740127563
2530,501.4,5.18375539779663
2531,501.6,9.24017429351807
2532,501.8,5.89816570281982
2533,502.0,5.23965072631836
2534,502.2,8.34445381164551
2535,502.3,4.76034927368164
2536,502.5,8.76489067077637
2537,502.7,10.5233192443848
2538,502.9,26.3044548034668
2539,503.1,48.778865814209
2540,503.2,33.3025321960449
2541,503.4,6.02078580856323
2542,503.6,6.49816608428955
2543,503.7,4.29310035705566
2544,503.9,14.6331882476807
2545,504.1,22.8029689788818
2546,504.2,13.2157201766968
2547,504.3,13.8103055953979
2548,504.6,7.56576442718506
2549,504.8,11.9206991195679
2550,504.9,10.2089080810547
2551,505.1,22.6798248291016
2552,505.2,11.3372926712036
2553,505.3,13.5226202011108
2554,505.5,3.54724884033203
2555,505.7,8.46358108520508
2556,505.8,4.81152820587158
2557,506.0,10.594934463501
2558,506.2,11.3620958328247
2559,506.3,4.86655044555664
2560,506.4,7.09344959259033
2561,506.6,3.60524010658264
2562,506.8,7.80454158782959
2563,507.0,10.897292137146
2564,507.1,4.50585174560547
2565,507.2,8.96052360534668
2566,507.5,5.77921390533447
2567,507.7,5.44000005722046
2568,507.9,6.04139757156372
2569,508.0,3.54288220405579
2570,508.2,6.64786005020142
2571,508.4,5.69222688674927
2572,508.5,2.28576421737671
2573,508.7,5.09799146652222
2574,508.9,4.92995643615723
2575,509.0,2.77432322502136
2576,509.2,5.74689960479736
2577,509.4,4.12366819381714
2578,509.5,2.21310043334961
2579,509.6,3.97048044204712
2580,509.9,3.78043675422668
2581,510.1,4.5107421875
2582,510.2,2.52611351013184
2583,510.3,5.33379936218262
2584,510.5,2.48244547843933
2585,510.7,4.47441053390503
2586,510.9,4.23039293289185
2587,511.0,2.05676865577698
2588,511.1,4.39842796325684
2589,511.4,4.44454145431519
2590,511.6,4.17502164840698
2591,511.7,1.84087336063385
2592,511.9,3.90427947044373
2593,512.1,4.96244525909424
2594,512.2,3.10777282714844
2595,512.4,5.86008739471436
2596,512.6,5.99737977981567
2597,512.7,4.4041919708252
2598,513.0,3.71615719795227
2599,513.2,5.02427959442139
2600,513.4,5.42305660247803
2601,513.5,4.93589496612549
2602,513.7,3.91406106948853
2603,514.0,4.01869010925293
2604,514.2,5.26323127746582
2605,514.4,7.20489072799683
2606,514.5,3.76611351966858
2607,514.6,5.79755449295044
2608,514.9,5.03912687301636
2609,515.1,5.60052394866943
2610,515.2,3.19126629829407
2611,515.4,7.43074226379395
2612,515.5,3.16087341308594
2613,515.7,6.31388664245605
2614,515.9,4.89903926849365
2615,516.0,2.51179027557373
2616,516.2,5.76681232452393
2617,516.4,6.48192119598389
2618,516.5,3.85729265213013
2619,516.7,7.58759832382202
2620,516.9,6.43161582946777
2621,517.0,3.80716156959534
2622,517.2,7.6525764465332
2623,517.4,6.74515295028687
2624,517.6,5.14445400238037
2625,517.8,6.0742359161377
2626,518.0,5.31912660598755
2627,518.1,3.16122269630432
2628,518.3,6.35406112670898
2629,518.5,7.1098690032959
2630,518.7,9.50462913513184
2631,518.9,13.7425327301025
2632,519.1,15.9264631271362
2633,519.2,12.309868812561
2634,519.4,6.84489059448242
2635,519.7,7.95737981796265
2636,519.8,4.5975546836853
2637,520.0,9.80768585205078
2638,520.2,9.3477725982666
2639,520.3,3.1987771987915
2640,520.5,6.06742334365845
2641,520.7,9.82847118377686
2642,520.8,10.1151094436646
2643,521.0,28.3095188140869
2644,521.1,25.2700443267822
2645,521.3,5.75458526611328
2646,521.4,5.42620086669922
2647,521.7,7.33344984054565
2648,521.9,12.544454574585
2649,522.1,17.0211353302002
2650,522.2,6.05799150466919
2651,522.3,7.0742359161377
2652,522.6,5.18689966201782
2653,522.8,8.44786071777344
2654,523.0,11.4731874465942
2655,523.1,5.88890838623047
2656,523.2,7.72331857681274
2657,523.5,4.68873357772827
2658,523.7,4.3633189201355
2659,523.8,3.72017478942871
2660,524.0,6.23039293289185
2661,524.2,6.22183418273926
2662,524.4,5.26620101928711
2663,524.6,5.40908288955688
2664,524.8,4.90882110595703
2665,525.0,4.09921407699585
2666,525.2,4.76943254470825
2667,525.3,2.5442795753479
2668,525.5,4.78497838973999
2669,525.7,4.40349340438843
2670,525.9,3.7659387588501
2671,526.1,3.8999125957489
2672,526.3,5.2216591835022
2673,526.4,3.04995632171631
2674,526.6,5.16034936904907
2675,526.8,4.80279493331909
2676,527.0,4.09991264343262
2677,527.2,4.60314416885376
2678,527.4,5.55528402328491
2679,527.6,5.54008722305298
2680,527.8,4.58847141265869
2681,528.0,4.07930135726929
2682,528.2,5.29030561447144
2683,528.3,3.40663766860962
2684,528.5,6.35248899459839
2685,528.6,5.45606994628906
2686,528.8,2.18742346763611
2687,529.0,3.79248905181885
2688,529.1,2.63877725601196
2689,529.3,7.95371198654175
2690,529.4,3.92506551742554
2691,529.6,8.9470739364624
2692,529.7,4.72558975219727
2693,529.9,2.21938872337341
2694,530.1,4.51563310623169
2695,530.3,7.32908296585083
2696,530.4,4.64401769638062
2697,530.6,8.62986946105957
2698,530.7,3.17537117004395
2699,530.9,5.03668117523193
2700,531.1,5.78427934646606
2701,531.3,6.3669867515564
2702,531.4,3.35423588752747
2703,531.6,6.38550233840942
2704,531.7,5.82602596282959
2705,532.0,4.40331888198853
2706,532.1,2.48244547843933
2707,532.3,5.50200891494751
2708,532.5,6.69030570983887
2709,532.7,9.09938907623291
2710,532.8,5.05030584335327
2711,533.0,15.4298686981201
2712,533.1,7.67109155654907
2713,533.2,11.8131008148193
2714,533.4,3.22200870513916
2715,533.6,6.92104816436768
2716,533.8,8.05414867401123
2717,533.9,4.59510898590088
2718,534.1,9.51528358459473
2719,534.2,4.10899543762207
2720,534.3,5.50672483444214
2721,534.5,2.41379904747009
2722,534.7,9.98427963256836
2723,534.9,44.213623046875
2724,535.1,103.426025390625
2725,535.2,48.0099563598633
2726,535.4,6.30235815048218
2727,535.7,7.51842784881592
2728,535.8,11.0950222015381
2729,536.0,46.602970123291
2730,536.1,47.1545867919922
2731,536.3,14.9435806274414
2732,536.6,5.5442795753479
2733,536.8,12.1233186721802
2734,536.9,11.365065574646
2735,537.1,36.8052406311035
2736,537.2,13.9002618789673
2737,537.3,12.3245410919189
2738,537.6,4.88052415847778
2739,537.7,3.2438428401947
2740,537.9,11.7830572128296
2741,538.1,14.3411350250244
2742,538.2,11.9654150009155
2743,538.4,5.14026212692261
2744,538.6,2.38724899291992
2745,538.8,6.07318782806396
2746,538.9,3.66026210784912
2747,539.1,7.54742336273193
2748,539.2,6.95231437683105
2749,539.4,2.37397384643555
2750,539.6,4.14847183227539
2751,539.7,2.06026196479797
2752,539.9,4.56611347198486
2753,540.0,4.84768581390381
2754,540.3,5.39039278030396
2755,540.4,3.21938872337341
2756,540.5,5.78270721435547
2757,540.7,2.21082973480225
2758,540.8,4.03877735137939
2759,541.1,4.09362459182739
2760,541.3,4.66934490203857
2761,541.4,4.84419202804565
2762,541.6,2.42934489250183
2763,541.8,3.73624444007874
2764,542.0,3.88925766944885
2765,542.1,2.63580775260925
2766,542.3,6.56873369216919
2767,542.4,3.82235813140869
2768,542.6,8.35947608947754
2769,542.8,4.56995630264282
2770,543.0,3.65781664848328
2771,543.2,5.30742359161377
2772,543.4,6.44716167449951
2773,543.6,5.82917022705078
2774,543.8,4.66131019592285
2775,543.9,4.29956340789795
2776,544.2,8.94270706176758
2777,544.4,15.1521396636963
2778,544.5,9.31458473205566
2779,544.6,13.8190393447876
2780,544.8,2.91685581207275
2781,544.9,4.237380027771
2782,545.2,6.46305656433105
2783,545.4,9.1666374206543
2784,545.6,9.81624412536621
2785,545.7,5.97484731674194
2786,545.9,2.03353714942932
2787,546.1,4.30393028259277
2788,546.3,7.43563318252563
2789,546.5,9.1065502166748
2790,546.7,9.69729232788086
2791,546.9,9.27720546722412
2792,547.1,9.07144069671631
2793,547.2,9.79056739807129
2794,547.5,7.33502197265625
2795,547.7,6.99336242675781
2796,547.8,3.3715283870697
2797,548.0,7.47703075408936
2798,548.2,7.96209621429443
2799,548.4,5.33519649505615
2800,548.5,2.68489074707031
2801,548.8,9.44401741027832
2802,549.0,87.197380065918
2803,549.2,251.710739135742
2804,549.3,38.6050643920898
2805,549.4,8.20978164672852
2806,549.7,4.19283819198608
2807,549.9,24.0611362457275
