#"+ Scan (rt: 4.977-55.031 min, 4985 scans) 080206GRSSPLT.D "
#Point,X(Thompsons),Y(Counts)
0,50.1,2973.93408203125
1,50.9,9.74142456054688
2,51.1,15098.9013671875
3,51.2,6.36810445785522
4,51.9,15.3079233169556
5,52.1,7566.6005859375
6,52.2,24.6543636322021
7,52.9,0.402206629514694
8,53.1,29946.857421875
9,53.2,6.06258773803711
10,54.1,32344.83984375
11,54.2,13.2906723022461
12,55.1,186467.15625
13,56.1,79903.90625
14,56.2,18.5949840545654
15,57.1,177036.546875
16,57.2,186.330596923828
17,57.9,123.526382446289
18,58.1,24539.9453125
19,58.2,131.857772827148
20,58.9,167.548248291016
21,59.1,8509.4248046875
22,59.2,23.6180534362793
23,59.9,31.9913749694824
24,60.0,9786.359375
25,60.2,5.64814424514771
26,60.9,100.045135498047
27,61.0,2351.21240234375
28,61.2,22.3628883361816
29,61.9,79.2421264648438
30,62.0,2997.06323242188
31,62.2,22.1652965545654
32,62.4,0.080842524766922
33,62.9,31.3079242706299
34,63.1,10448.345703125
35,63.2,6.49047136306763
36,63.9,137.789169311523
37,64.0,5873.5849609375
38,64.2,74.0487442016602
39,64.9,3.10952854156494
40,65.1,23962.087890625
41,65.2,15.0858573913574
42,65.9,16.7995986938477
43,66.1,12211.7880859375
44,66.2,20.2282848358154
45,67.1,94590.84375
46,67.2,2.93299889564514
47,68.1,54377.078125
48,68.2,15.8571710586548
49,69.1,140974.6875
50,69.2,2.3492476940155
51,70.1,79719.2265625
52,70.2,122.025276184082
53,71.1,122792.4765625
54,71.2,44.9424285888672
55,71.9,155.25537109375
56,72.1,11808.341796875
57,72.2,203.767700195313
58,72.9,7.48766279220581
59,73.0,15191.025390625
60,73.9,55.1899681091309
61,74.0,5029.3955078125
62,74.2,8.79739189147949
63,74.9,42.5426292419434
64,75.0,5431.9150390625
65,75.2,11.681845664978
66,75.9,84.6491470336914
67,76.1,6281.6591796875
68,76.2,58.0800399780273
69,77.1,51008.70703125
70,77.2,0.910130381584167
71,77.9,3.82748246192932
72,78.1,17892.41015625
73,78.2,2.80621862411499
74,79.1,64872.44140625
75,80.1,25159.203125
76,80.2,7.59739208221436
77,81.1,97079.09375
78,82.1,81138.375
79,82.2,1.58696091175079
80,83.1,121761.6875
81,83.2,13.2120361328125
82,83.9,0.393380135297775
83,84.1,51630.4609375
84,84.2,32.2988967895508
85,85.1,82606.2890625
86,85.2,37.0940818786621
87,85.9,66.6734237670898
88,86.1,9048.646484375
89,86.2,74.1424255371094
90,87.0,4735.9189453125
91,87.1,2170.10229492188
92,87.7,0.500902712345123
93,87.9,289.20703125
94,88.0,2765.42504882813
95,88.2,89.0122375488281
96,88.9,165.21484375
97,89.1,10748.3583984375
98,89.2,15.2639923095703
99,89.7,3.0110330581665
100,89.9,503.222473144531
101,90.1,2968.05322265625
102,90.2,1134.84094238281
103,91.1,75885.4296875
104,91.9,3.03931784629822
105,92.1,19683.810546875
106,92.2,19.7305927276611
107,93.1,45039.71484375
108,93.2,5.76088285446167
109,93.9,0.790972948074341
110,94.1,27977.615234375
111,94.2,86.5889663696289
112,95.1,84153.765625
113,96.1,68946.78125
114,96.9,14.9313945770264
115,97.1,114944.734375
116,97.9,3.86339020729065
117,98.1,38571.83203125
118,98.2,21.1333999633789
119,98.9,0.914744257926941
120,99.1,28048.748046875
121,99.2,44.5650939941406
122,99.9,58.6986961364746
123,100.1,5492.341796875
124,100.2,108.886054992676
125,100.5,0.0846539586782455
126,100.7,0.588365077972412
127,100.9,84.0633926391602
128,101.1,7349.36962890625
129,101.2,57.1622886657715
130,101.9,210.439926147461
131,102.1,7038.54443359375
132,102.2,351.959869384766
133,102.9,155.964294433594
134,103.1,15200.6357421875
135,103.2,36.0912742614746
136,103.9,102.67041015625
137,104.1,13565.7724609375
138,104.2,26.2339019775391
139,105.1,57357.25390625
140,105.2,1.86720156669617
141,105.9,2.16268801689148
142,106.1,26275.375
143,106.2,28.4168510437012
144,107.1,54309.2890625
145,107.2,3.8884654045105
146,107.9,1.71574723720551
147,108.1,25618.404296875
148,108.2,40.721565246582
149,109.1,53359.91796875
150,109.2,8.68244743347168
151,109.9,0.690872609615326
152,110.1,36176.51953125
153,110.2,14.8585758209229
154,111.1,65317.6875
155,111.2,20.5149440765381
156,111.9,2.6212637424469
157,112.1,25682.623046875
158,112.2,65.2284851074219
159,112.9,5.14543628692627
160,113.1,21569.669921875
161,113.2,78.1311950683594
162,113.7,0.321364104747772
163,113.9,83.9939804077148
164,114.1,6315.818359375
165,114.2,285.987152099609
166,114.9,7.58756256103516
167,115.1,44157.54296875
168,115.2,2.9987964630127
169,115.9,87.6603775024414
170,116.1,14883.6416015625
171,116.2,32.7219657897949
172,116.9,6.57953882217407
173,117.1,36260.671875
174,117.2,3.27522563934326
175,117.9,17.4324970245361
176,118.1,20171.1796875
177,118.2,24.6124382019043
178,118.9,1.43009030818939
179,119.1,48449.9140625
180,119.2,5.04774332046509
181,119.9,1.91474425792694
182,120.1,41887.5234375
183,120.2,15.2184553146362
184,121.1,87923.921875
185,121.2,1.78936815261841
186,121.9,1.19498491287231
187,122.1,28817.19140625
188,122.2,38.8900718688965
189,123.0,907.520141601563
190,123.1,35744.296875
191,124.0,1027.54968261719
192,124.1,24769.275390625
193,125.0,2896.54736328125
194,125.1,34555.65234375
195,126.0,2315.18334960938
196,126.1,21090.9375
197,126.3,0.448946833610535
198,127.0,4332.25244140625
199,127.1,22576.03515625
200,127.3,1.43711137771606
201,127.8,0.110531598329544
202,128.0,8518.947265625
203,128.1,29659.310546875
204,128.3,0.93640923500061
205,128.9,12.7791376113892
206,129.1,35422.78515625
207,129.2,22.2264785766602
208,129.4,0.0736208632588387
209,129.7,0.130792379379272
210,129.9,18.7221660614014
211,130.1,22166.087890625
212,130.2,32.956470489502
213,130.4,0.139418259263039
214,130.8,0.589368104934692
215,131.0,3601.24975585938
216,131.1,34061.21875
217,131.3,1.29388165473938
218,131.8,0.990972936153412
219,132.0,2370.611328125
220,132.1,26664.4609375
221,132.3,0.757673025131226
222,133.0,6235.65087890625
223,133.1,50972.52734375
224,134.0,1015.53979492188
225,134.1,62958.71875
226,134.3,0.260180532932281
227,134.8,0.126379132270813
228,135.0,1032.52844238281
229,135.1,79435.8984375
230,135.9,0.906118333339691
231,136.1,24333.486328125
232,136.2,59.360481262207
233,137.0,1608.64050292969
234,137.1,23097.0390625
235,138.0,959.650573730469
236,138.1,16711.689453125
237,138.3,1.014643907547
238,139.0,2992.74438476563
239,139.1,18701.12890625
240,139.3,2.12397193908691
241,139.8,0.770912766456604
242,140.0,1373.83044433594
243,140.1,14590.4404296875
244,140.3,10.1163492202759
245,140.8,0.252156466245651
246,141.0,2735.708984375
247,141.1,31802.447265625
248,141.3,2.00361084938049
249,141.8,0.723370134830475
250,142.0,2741.49487304688
251,142.1,18914.578125
252,142.3,4.84152460098267
253,142.5,0.0363089255988598
254,142.7,0.0754262804985046
255,142.9,11.201003074646
256,143.1,32467.1875
257,143.2,97.1416244506836
258,143.4,0.293681055307388
259,143.7,0.285456359386444
260,143.9,13.8409223556519
261,144.1,28877.990234375
262,144.2,51.430492401123
263,144.3,3.15927791595459
264,144.7,0.393179535865784
265,144.9,10.8421268463135
266,145.1,40779.57421875
267,145.2,24.502908706665
268,145.4,0.338615834712982
269,145.7,0.168304920196533
270,145.9,11.4904718399048
271,146.1,44366.02734375
272,146.2,18.8850555419922
273,146.4,0.364894688129425
274,146.7,0.370511531829834
275,146.9,14.1498498916626
276,147.1,50369.7890625
277,147.2,18.6252765655518
278,147.4,0.16810430586338
279,147.6,0.170712143182755
280,147.8,1.04393184185028
281,148.0,354.095672607422
282,148.1,51258.24609375
283,148.3,1.30431294441223
284,148.7,0.425877630710602
285,148.9,6.81384134292603
286,149.1,54804.21875
287,149.2,25.9013042449951
288,149.4,0.538014054298401
289,149.8,0.324974924325943
290,150.0,448.020263671875
291,150.1,17064.794921875
292,150.3,1.75967907905579
293,150.6,0.364092290401459
294,150.7,0.0587763302028179
295,150.9,6.38676023483276
296,151.1,17220.787109375
297,151.2,127.752059936523
298,151.3,3.15526580810547
299,151.5,0.0483450368046761
300,151.8,0.694884657859802
301,152.0,1847.63696289063
302,152.1,23225.306640625
303,152.3,1.60080242156982
304,152.9,12.6142425537109
305,153.1,23265.474609375
306,153.2,169.168899536133
307,153.8,0.826078236103058
308,154.0,1562.48669433594
309,154.1,18885.220703125
310,154.3,2.13500499725342
311,154.5,0.123370110988617
312,154.8,2.0820460319519
313,155.0,1206.93823242188
314,155.1,25228.771484375
315,155.2,1251.98840332031
316,155.4,0.531996011734009
317,155.7,0.333199590444565
318,155.9,14.7221660614014
319,156.1,22912.7578125
320,156.2,707.850952148438
321,156.5,0.459378123283386
322,156.7,0.664593756198883
323,156.9,18.8014049530029
324,157.1,35111.97265625
325,157.2,107.350250244141
326,157.4,0.370712131261826
327,157.7,0.631695091724396
328,157.9,12.0341024398804
329,158.0,523.462158203125
330,158.1,33458.015625
331,158.3,3.5907723903656
332,158.6,0.347642928361893
333,158.8,2.89568710327148
334,159.0,369.11474609375
335,159.1,36251.046875
336,159.3,4.01263809204102
337,159.5,0.324172526597977
338,159.8,2.46780347824097
339,159.9,6.45717144012451
340,160.1,47297.62109375
341,160.2,60.6216659545898
342,160.4,1.19037115573883
343,160.7,1.4276829957962
344,160.9,10.7466402053833
345,161.1,43967.09765625
346,161.2,38.1963882446289
347,161.4,0.607422292232513
348,161.6,0.243931800127029
349,161.7,0.30411234498024
350,161.9,5.77271795272827
351,162.1,36389.1953125
352,162.2,122.975128173828
353,162.4,0.713540613651276
354,162.6,0.24292878806591
355,162.8,5.51795387268066
356,163.0,860.646545410156
357,163.1,34943.53125
358,163.3,2.07823467254639
359,163.6,0.312938809394836
360,163.8,2.08385157585144
361,164.0,501.909332275391
362,164.1,12432.955078125
363,164.3,3.64794373512268
364,164.5,0.168706119060516
365,164.7,0.298294872045517
366,164.9,27.740421295166
367,165.1,28756.24609375
368,165.2,166.831695556641
369,165.4,0.137211635708809
370,165.6,0.0308926776051521
371,165.8,1.85857570171356
372,166.0,864.375305175781
373,166.1,15256.4248046875
374,166.3,4.15265798568726
375,166.6,0.301103323698044
376,166.8,2.27683043479919
377,167.0,1117.84069824219
378,167.1,19909.37109375
379,167.3,5.85255765914917
380,167.5,0.0948846563696861
381,167.7,0.285857558250427
382,167.9,8.65757274627686
383,168.1,17452.83203125
384,168.2,2225.88134765625
385,168.3,7.70511531829834
386,168.5,0.410832494497299
387,168.8,2.02427291870117
388,169.0,415.802398681641
389,169.1,22767.33203125
390,169.2,2047.38134765625
391,169.4,1.22286856174469
392,169.6,0.354663997888565
393,169.8,2.12437319755554
394,170.0,464.873413085938
395,170.1,26369.283203125
396,170.3,8.04533576965332
397,170.5,0.461183547973633
398,170.8,3.1911735534668
399,171.0,272.175537109375
400,171.1,32575.203125
401,171.3,6.25035095214844
402,171.6,0.465396195650101
403,171.8,3.21604824066162
404,171.9,9.15827465057373
405,172.1,32629.56640625
406,172.2,68.7183532714844
407,172.3,7.18615865707397
408,172.6,0.516349017620087
409,172.7,0.509729206562042
410,172.9,9.11334037780762
411,173.1,29599.255859375
412,173.2,107.954460144043
413,173.4,1.58836507797241
414,173.7,0.809227705001831
415,173.9,8.54543590545654
416,174.1,41090.3828125
417,174.2,141.565093994141
418,174.4,1.56208622455597
419,174.7,0.89227682352066
420,174.9,8.79077243804932
421,175.0,94.0246734619141
422,175.1,36663.265625
423,175.3,5.98836517333984
424,175.5,0.381143420934677
425,175.7,1.01745235919952
426,175.9,9.56710147857666
427,176.1,30494.498046875
428,176.2,615.177551269531
429,176.4,1.13580739498138
430,176.7,1.28224670886993
431,176.9,33.0411224365234
432,177.1,27588.240234375
433,177.2,892.298095703125
434,177.5,0.13620862364769
435,177.7,0.659378111362457
436,177.9,17.9723167419434
437,178.1,19303.318359375
438,178.2,536.816223144531
439,178.4,0.559478461742401
440,178.6,0.0762286856770515
441,178.8,7.36690092086792
442,179.0,993.562866210938
443,179.1,18717.248046875
444,179.3,1.67662990093231
445,179.5,0.0328986942768097
446,179.7,0.832898676395416
447,179.9,13.5149450302124
448,180.1,15716.939453125
449,180.2,977.212219238281
450,180.4,1.15325975418091
451,180.6,0.497693091630936
452,180.8,4.68365097045898
453,181.0,345.719543457031
454,181.1,19012.56640625
455,181.3,10.6680040359497
456,181.4,0.937011003494263
457,181.7,0.615847527980804
458,181.9,7.61444330215454
459,182.1,18922.75
460,182.2,2555.79565429688
461,182.3,13.5446338653564
462,182.5,0.506720185279846
463,182.8,2.51935815811157
464,183.0,199.260986328125
465,183.1,24610.423828125
466,183.3,15.737211227417
467,183.4,1.819859623909
468,183.7,0.896288871765137
469,183.9,11.2698097229004
470,184.1,25465.69921875
471,184.2,685.912536621094
472,184.3,11.0657978057861
473,184.5,0.626078248023987
474,184.7,1.41003012657166
475,184.9,10.8172521591187
476,185.1,25215.888671875
477,185.2,199.045333862305
478,185.4,1.45115351676941
479,185.5,0.831494510173798
480,185.8,3.1311936378479
481,186.0,80.2615814208984
482,186.1,27011.45703125
483,186.3,7.74102306365967
484,186.5,0.952256798744202
485,186.8,4.32156467437744
486,187.0,83.7725143432617
487,187.1,23325.0625
488,187.3,5.01464414596558
489,187.4,2.08124375343323
490,187.6,0.353460371494293
491,187.8,2.81023073196411
492,188.0,37.2764282226563
493,188.1,32375.853515625
494,188.2,865.9267578125
495,188.4,1.1017050743103
496,188.5,1.21985960006714
497,188.7,0.953259766101837
498,188.9,13.8124370574951
499,189.1,33178.3046875
500,189.2,777.340209960938
501,189.4,1.23490476608276
502,189.6,0.629087269306183
503,189.8,3.1813440322876
504,190.0,55.3177528381348
505,190.1,27369.638671875
506,190.3,5.95586776733398
507,190.5,0.113139420747757
508,190.7,0.177933797240257
509,190.9,68.6581726074219
510,191.1,35725.08203125
511,191.2,2275.8271484375
512,191.4,0.0521564707159996
513,191.6,0.184754267334938
514,191.8,6.00942850112915
515,192.0,865.285827636719
516,192.1,15534.3828125
517,192.3,12.7600803375244
518,192.9,150.39176940918
519,193.1,22539.529296875
520,193.2,242.979141235352
521,193.7,0.35526579618454
522,193.9,46.405216217041
523,194.0,724.567504882813
524,194.1,18065.560546875
525,194.3,7.12096309661865
526,194.5,0.10672015696764
527,194.8,9.57311916351318
528,195.0,587.173950195313
529,195.1,19155.412109375
530,195.3,6.74122381210327
531,195.5,0.186559677124023
532,195.8,4.77271795272827
533,196.0,151.223876953125
534,196.1,22609.421875
535,196.3,28.4932804107666
536,196.5,0.712136387825012
537,196.8,4.4850549697876
538,197.0,116.722564697266
539,197.1,22661.064453125
540,197.3,19.1243724822998
541,197.5,0.474022060632706
542,197.7,1.13741219043732
543,197.9,9.75446319580078
544,198.1,21040.767578125
545,198.2,870.506103515625
546,198.4,3.43851566314697
547,198.7,1.38736212253571
548,198.9,9.35947799682617
549,199.1,18486.052734375
550,199.2,458.642333984375
551,199.4,3.23009037971497
552,199.7,1.20561683177948
553,199.9,10.3935804367065
554,200.0,34.9604797363281
555,200.1,22159.802734375
556,200.3,8.58515548706055
557,200.4,4.20160484313965
558,200.7,1.53259778022766
559,200.9,8.38194561004639
560,201.1,17450.41796875
561,201.2,1198.41882324219
562,201.4,1.86720156669617
563,201.6,0.870611846446991
564,201.8,4.21484470367432
565,202.0,37.7109336853027
566,202.1,31744.08984375
567,202.3,9.31935787200928
568,202.6,0.99779337644577
569,202.7,1.30190575122833
570,202.9,13.5799398422241
571,203.1,21876.70703125
572,203.2,2960.18286132813
573,203.4,1.49207627773285
574,203.5,0.911534607410431
575,203.8,3.12337017059326
576,204.0,27.4698085784912
577,204.1,24016.27734375
578,204.3,12.5175523757935
579,204.5,1.15325975418091
580,204.8,5.3225679397583
581,205.0,59.2262802124023
582,205.1,15894.2685546875
583,205.2,4342.36767578125
584,205.4,1.92076230049133
585,205.7,1.39999997615814
586,205.9,11.7047138214111
587,206.1,11587.55859375
588,206.2,1331.81469726563
589,206.4,0.198796391487122
590,206.9,16.9979934692383
591,207.0,84534.8828125
592,207.2,105.802207946777
593,207.9,43.1759262084961
594,208.1,31113.8125
595,208.2,961.265197753906
596,208.9,71.2216644287109
597,209.1,26661.482421875
598,209.2,343.137023925781
599,209.7,0.412036120891571
600,209.9,27.6549644470215
601,210.1,18801.857421875
602,210.2,2731.05883789063
603,210.3,36.063793182373
604,210.6,0.351053148508072
605,210.8,5.74623870849609
606,211.0,437.444946289063
607,211.1,19692.5390625
608,211.3,25.9715137481689
609,211.5,0.181544631719589
610,211.8,6.07582759857178
611,212.0,88.2932815551758
612,212.1,17686.96875
613,212.3,132.3037109375
614,212.5,0.314944833517075
615,212.7,2.45777320861816
616,212.9,22.4858570098877
617,213.0,57.7993965148926
618,213.1,15503.775390625
619,213.3,33.0972900390625
620,213.5,0.441524565219879
621,213.7,1.55987966060638
622,213.9,10.0322971343994
623,214.1,13980.05859375
624,214.2,3926.37841796875
625,214.4,2.99177527427673
626,214.6,0.604814469814301
627,214.8,7.91113328933716
628,215.0,49.4884643554688
629,215.1,15606.783203125
630,215.2,2573.23706054688
631,215.4,2.64192581176758
632,215.6,0.519157469272614
633,215.8,4.42166519165039
634,216.0,25.8762283325195
635,216.1,24526.267578125
636,216.3,14.552056312561
637,216.5,1.37111330032349
638,216.8,4.72477436065674
639,217.0,28.4770317077637
640,217.1,19385.283203125
641,217.3,14.5458374023438
642,217.5,0.783951878547668
643,217.7,1.72537612915039
644,217.9,9.81364059448242
645,218.1,10180.037109375
646,218.2,11159.3271484375
647,218.3,30.8752250671387
648,218.5,0.941624879837036
649,218.7,1.9767302274704
650,218.9,11.4355068206787
651,219.1,9622.05078125
652,219.2,6411.56396484375
653,219.3,21.9348049163818
654,219.5,1.73861587047577
655,219.8,5.15907716751099
656,220.0,40.4405212402344
657,220.1,11871.884765625
658,220.3,38.2180557250977
659,220.5,0.512537598609924
660,220.7,1.45596790313721
661,220.9,17.4437313079834
662,221.0,153.234909057617
663,221.1,13929.11328125
664,221.3,26.322566986084
665,221.4,2.11755275726318
666,221.7,1.61564695835114
667,221.9,10.7739219665527
668,222.1,13308.2763671875
669,222.2,2409.06909179688
670,222.4,3.06258773803711
671,222.6,1.89227688312531
672,222.8,13.4529590606689
673,223.0,160.742630004883
674,223.1,14108.2958984375
675,223.3,24.5566692352295
676,223.4,2.61865592002869
677,223.7,2.52657985687256
678,223.9,10.4304914474487
679,224.0,44.1510543823242
680,224.1,16297.75390625
681,224.3,185.570907592773
682,224.5,1.08886659145355
683,224.7,3.36609840393066
684,224.9,13.3141422271729
685,225.0,46.8122367858887
686,225.1,14712.951171875
687,225.3,54.1673011779785
688,225.5,1.05035102367401
689,225.7,2.45035099983215
690,225.9,9.24674034118652
691,226.1,11419.8544921875
692,226.2,4002.8525390625
693,226.4,3.7572717666626
694,226.7,2.85997986793518
695,226.9,14.6848545074463
696,227.1,9578.8955078125
697,227.2,3045.2705078125
698,227.4,4.13299894332886
699,227.7,1.78916752338409
700,227.9,10.2419261932373
701,228.1,9750.142578125
702,228.2,6801.708984375
703,228.4,3.014643907547
704,228.6,1.84433305263519
705,228.7,1.05055165290833
706,228.9,10.4230690002441
707,229.1,8922.8779296875
708,229.2,4944.50537109375
709,229.4,3.68545627593994
710,229.6,0.604212641716003
711,229.8,3.30972909927368
712,230.0,19.9428291320801
713,230.2,21707.384765625
714,230.3,19.4144439697266
715,230.6,2.0856568813324
716,230.8,4.10631895065308
717,231.0,18.8443336486816
718,231.2,16799.921875
719,231.3,30.2619857788086
720,231.5,1.10972917079926
721,231.7,1.65616846084595
722,231.9,7.50351047515869
723,232.0,10.664192199707
724,232.2,19459.25390625
725,232.3,36.8629875183105
726,232.5,1.50090265274048
727,232.7,2.32437300682068
728,232.9,8.18375110626221
729,233.1,6055.43896484375
730,233.2,7862.6181640625
731,233.3,44.3582763671875
732,233.5,1.91474425792694
733,233.8,3.77512526512146
734,234.0,35.1103324890137
735,234.1,8280.5703125
736,234.2,2831.90698242188
737,234.4,5.39478445053101
738,234.6,1.00040125846863
739,234.8,5.80260801315308
740,235.0,64.3418273925781
741,235.1,10622.0791015625
742,235.3,48.993782043457
743,235.4,4.60300922393799
744,235.6,1.14363086223602
745,235.8,5.30712127685547
746,236.0,38.7360076904297
747,236.1,12728.5302734375
748,236.3,81.5727157592773
749,236.4,4.97171497344971
750,236.7,4.81203603744507
751,236.9,26.2573719024658
752,237.1,8006.35498046875
753,237.2,3092.31005859375
754,237.4,3.86359071731567
755,237.6,1.01404213905334
756,237.8,5.84994983673096
757,238.0,34.1301918029785
758,238.2,12624.7080078125
759,238.3,300.511138916016
760,238.5,2.43169498443604
761,238.8,7.84553670883179
762,239.0,48.924373626709
763,239.1,12506.2626953125
764,239.3,96.1610870361328
765,239.5,2.23470401763916
766,239.7,1.45376133918762
767,239.9,9.54884624481201
768,240.0,20.053560256958
769,240.2,12042.771484375
770,240.3,272.448760986328
771,240.4,4.94523572921753
772,240.7,2.62046146392822
773,240.9,10.1987962722778
774,241.1,5829.7109375
775,241.2,4949.1962890625
776,241.4,3.42326974868774
777,241.5,2.59719157218933
778,241.7,1.36168503761292
779,241.9,9.11695098876953
780,242.1,4291.896484375
781,242.2,9931.53515625
782,242.4,5.18655967712402
783,242.7,2.44794392585754
784,242.9,8.30230712890625
785,243.1,4317.74755859375
786,243.2,7304.00146484375
787,243.3,36.5540618896484
788,243.5,1.86840522289276
789,243.7,1.47021067142487
790,243.9,7.56349039077759
791,244.0,11.6230688095093
792,244.2,19825.328125
793,244.3,41.2800407409668
794,244.5,2.69067192077637
795,244.8,3.78014039993286
796,245.0,15.9731197357178
797,245.2,14330.39453125
798,245.3,65.0108337402344
799,245.4,5.71594762802124
800,245.7,2.6469407081604
801,245.9,7.51033115386963
802,246.1,1405.07165527344
803,246.2,16458.607421875
804,246.4,5.9989972114563
805,246.7,2.69849538803101
806,246.9,8.392578125
807,247.0,10.9763288497925
808,247.2,12561.1650390625
809,247.3,103.517951965332
810,247.6,3.07803416252136
811,247.8,5.46980953216553
812,248.0,24.6908721923828
813,248.1,5204.13720703125
814,248.2,4538.97119140625
815,248.4,5.27261781692505
816,248.6,1.61344027519226
817,248.8,15.9753255844116
818,249.0,414.303314208984
819,249.1,5823.34619140625
820,249.2,3244.07788085938
821,249.4,3.64974927902222
822,249.7,4.54764270782471
823,249.9,18.7346038818359
824,250.1,4564.06591796875
825,250.2,6130.45458984375
826,250.3,208.163284301758
827,250.6,2.81083250045776
828,250.8,29.1506519317627
829,251.0,498.645751953125
830,251.1,5138.84423828125
831,251.2,3980.9404296875
832,251.4,2.92276835441589
833,251.7,4.65957880020142
834,251.9,31.6996994018555
835,252.1,4501.30126953125
836,252.2,6436.00634765625
837,252.3,428.867797851563
838,252.5,1.23711133003235
839,252.7,4.97352075576782
840,252.8,15.7935810089111
841,253.0,470.687469482422
842,253.2,9886.04296875
843,253.3,331.785949707031
844,253.4,3.28024077415466
845,253.7,3.76128387451172
846,253.9,18.2750244140625
847,254.1,3011.69213867188
848,254.2,7631.38037109375
849,254.4,5.12778329849243
850,254.6,1.55305922031403
851,254.8,9.8587760925293
852,255.0,84.3410263061523
853,255.2,8811.2705078125
854,255.3,68.0102310180664
855,255.5,2.23009037971497
856,255.7,1.21785354614258
857,255.9,10.5203609466553
858,256.1,2056.994140625
859,256.2,10800.53125
860,256.4,4.80942821502686
861,256.5,3.6373119354248
862,256.8,5.47983932495117
863,257.0,21.4549655914307
864,257.1,2103.06982421875
865,257.2,7774.98876953125
866,257.4,5.84674024581909
867,257.6,0.841925799846649
868,257.8,3.30551648139954
869,258.0,12.8523569107056
870,258.1,764.052185058594
871,258.2,17596.884765625
872,258.4,6.18375110626221
873,258.7,2.27863597869873
874,258.8,3.00842523574829
875,259.0,12.6090269088745
876,259.2,12408.125
877,259.3,167.387969970703
878,259.5,2.79598808288574
879,259.8,3.9594783782959
880,260.0,12.0274820327759
881,260.2,15938.6962890625
882,260.3,312.992370605469
883,260.5,4.09769296646118
884,260.8,4.13821458816528
885,261.0,12.3877630233765
886,261.2,10599.5732421875
887,261.3,252.594375610352
888,261.4,8.37251758575439
889,261.7,2.07362079620361
890,261.8,2.46138405799866
891,262.0,15.1470413208008
892,262.2,8067.53857421875
893,262.3,265.259765625
894,262.5,3.15325975418091
895,262.8,5.32437324523926
896,263.0,32.5522575378418
897,263.1,2573.26879882813
898,263.2,4689.93115234375
899,263.4,7.97632884979248
900,263.6,1.1360080242157
901,263.8,4.67422246932983
902,264.0,17.6692085266113
903,264.2,8440.25390625
904,264.3,426.14404296875
905,264.6,3.0501503944397
906,264.8,15.4852561950684
907,264.9,28.2166500091553
908,265.1,4148.26708984375
909,265.2,4440.2529296875
910,265.4,5.36328983306885
911,265.7,3.36048150062561
912,265.8,5.75265789031982
913,266.0,90.0764312744141
914,266.2,8855.3251953125
915,266.3,690.580139160156
916,266.5,0.243731200695038
917,266.7,2.28104305267334
918,266.9,167.265197753906
919,267.1,6855.193359375
920,267.2,4292.859375
921,267.3,441.993194580078
922,267.5,0.094684049487114
923,267.7,2.21965909004211
924,267.9,83.7727203369141
925,268.0,273.119750976563
926,268.2,9309.421875
927,268.3,309.391967773438
928,268.4,1.89027082920074
929,268.6,0.71033102273941
930,268.8,17.2403202056885
931,269.0,354.294494628906
932,269.2,8143.3212890625
933,269.3,97.9317932128906
934,269.4,1.90411233901978
935,269.6,0.865997970104218
936,269.8,8.8886661529541
937,270.0,49.1925773620605
938,270.1,1145.56689453125
939,270.2,10368.376953125
940,270.4,3.38756275177002
941,270.6,2.47963881492615
942,270.8,12.9309930801392
943,271.0,78.9323959350586
944,271.2,8661.13671875
945,271.3,113.940223693848
946,271.5,1.11133396625519
947,271.7,2.91695094108582
948,271.9,13.9209632873535
949,272.1,295.929779052734
950,272.2,15939.9287109375
951,272.4,7.54583740234375
952,272.7,2.81584763526917
953,272.9,13.4722166061401
954,273.1,337.347229003906
955,273.2,9440.9765625
956,273.3,457.996185302734
957,273.5,1.52056169509888
958,273.7,2.30952858924866
959,273.8,2.36850547790527
960,274.0,13.4507522583008
961,274.2,12885.603515625
962,274.3,935.311157226563
963,274.5,3.77231693267822
964,274.8,3.8284854888916
965,275.0,12.4734201431274
966,275.1,287.174133300781
967,275.2,8685.541015625
968,275.4,11.208625793457
969,275.7,2.26800394058228
970,275.9,7.57352066040039
971,276.1,1023.39636230469
972,276.2,6093.1748046875
973,276.4,13.2742223739624
974,276.7,2.90571713447571
975,276.8,3.76990962028503
976,277.0,20.9981937408447
977,277.2,5739.1982421875
978,277.3,171.819458007813
979,277.5,2.21745228767395
980,277.7,2.28284859657288
981,277.9,7.424072265625
982,278.1,658.133422851563
983,278.2,6813.01513671875
984,278.4,14.1235704421997
985,278.6,1.42166495323181
986,278.8,6.99679040908813
987,279.0,40.8244743347168
988,279.2,5994.541015625
989,279.3,111.638519287109
990,279.4,11.5965900421143
991,279.7,2.83289861679077
992,279.9,8.0294885635376
993,280.1,919.070983886719
994,280.2,6892.734375
995,280.4,16.7384147644043
996,280.6,0.45737212896347
997,280.8,2.57673025131226
998,281.0,4730.56640625
999,281.1,13197.6806640625
1000,281.3,363.078826904297
1001,281.7,0.85135406255722
1002,281.9,47.8770294189453
1003,282.1,4668.68212890625
1004,282.2,6032.73583984375
1005,282.3,323.161285400391
1006,282.5,0.767301917076111
1007,282.7,1.09648942947388
1008,282.9,56.4543647766113
1009,283.0,304.186370849609
1010,283.2,8902.17578125
1011,283.3,121.33179473877
1012,283.6,0.856569707393646
1013,283.8,8.43008995056152
1014,284.0,60.7113342285156
1015,284.2,10327.509765625
1016,284.3,382.1552734375
1017,284.4,5.42006015777588
1018,284.6,1.04974925518036
1019,284.8,13.9500503540039
1020,285.0,105.052757263184
1021,285.2,7171.544921875
1022,285.3,390.114959716797
1023,285.6,2.73019051551819
1024,285.8,9.69468402862549
1025,286.0,29.9891681671143
1026,286.2,12317.189453125
1027,286.3,1599.01708984375
1028,286.5,4.12898683547974
1029,286.8,8.58435344696045
1030,287.0,24.4535598754883
1031,287.2,7213.2783203125
1032,287.3,1273.67907714844
1033,287.5,1.93319964408875
1034,287.7,4.00240707397461
1035,287.9,9.38896656036377
1036,288.1,66.1422271728516
1037,288.2,11298.8017578125
1038,288.4,12.7480440139771
1039,288.5,4.56890678405762
1040,288.7,2.1765296459198
1041,288.9,11.23570728302
1042,289.1,131.77653503418
1043,289.2,6988.73193359375
1044,289.4,15.8028087615967
1045,289.7,3.40060186386108
1046,289.9,8.02708148956299
1047,290.1,350.179351806641
1048,290.2,4887.66357421875
1049,290.3,498.752655029297
1050,290.5,2.93620872497559
1051,290.7,3.66539621353149
1052,290.8,5.03329992294312
1053,291.0,20.4804420471191
1054,291.2,4430.76611328125
1055,291.3,278.491058349609
1056,291.5,2.54082250595093
1057,291.7,3.0549647808075
1058,291.9,7.18575716018677
1059,292.1,282.068206787109
1060,292.2,5312.53955078125
1061,292.3,642.363098144531
1062,292.5,2.43590784072876
1063,292.7,3.80020070075989
1064,292.9,15.1899700164795
1065,293.1,573.234497070313
1066,293.2,4371.10302734375
1067,293.4,13.5400199890137
1068,293.7,3.33219647407532
1069,293.9,7.70110321044922
1070,294.1,345.491882324219
1071,294.2,5317.23486328125
1072,294.3,987.8232421875
1073,294.5,5.21444320678711
1074,294.7,3.99117350578308
1075,294.9,24.3570709228516
1076,295.1,772.633911132813
1077,295.2,5057.35986328125
1078,295.4,12.9516553878784
1079,295.7,3.72818446159363
1080,295.8,3.9388165473938
1081,296.0,22.7354068756104
1082,296.2,6148.93310546875
1083,296.3,871.657958984375
1084,296.5,4.49648952484131
1085,296.8,11.6559677124023
1086,297.0,27.658374786377
1087,297.2,4740.1328125
1088,297.3,577.328369140625
1089,297.5,4.01303911209106
1090,297.8,6.01624870300293
1091,298.0,14.8926782608032
1092,298.2,7466.02587890625
1093,298.3,1418.93017578125
1094,298.5,5.1412239074707
1095,298.7,2.54182553291321
1096,298.9,11.1787357330322
1097,299.1,193.267196655273
1098,299.2,4663.333984375
1099,299.3,1344.591796875
1100,299.5,2.39478445053101
1101,299.7,3.6812436580658
1102,299.9,7.49869585037231
1103,300.1,47.6844520568848
1104,300.2,7208.45654296875
1105,300.3,4464.57080078125
1106,300.5,4.41925764083862
1107,300.8,4.6970911026001
1108,301.0,11.9632902145386
1109,301.2,4441.0400390625
1110,301.3,2616.642578125
1111,301.4,13.6158475875854
1112,301.7,3.06940817832947
1113,301.9,6.20601797103882
1114,302.1,32.5701103210449
1115,302.3,9195.2587890625
1116,302.4,15.4407224655151
1117,302.5,4.86619853973389
1118,302.8,4.27021074295044
1119,303.0,13.0345039367676
1120,303.2,3741.48486328125
1121,303.3,1946.06958007813
1122,303.4,26.9544639587402
1123,303.7,2.8479437828064
1124,303.9,6.02888679504395
1125,304.1,190.575119018555
1126,304.2,3698.60009765625
1127,304.3,763.272033691406
1128,304.5,4.6064190864563
1129,304.8,4.22988986968994
1130,304.9,3.61083245277405
1131,305.1,187.319961547852
1132,305.2,3589.18115234375
1133,305.4,19.4928779602051
1134,305.7,2.88565707206726
1135,305.9,5.52597808837891
1136,306.0,5.44172525405884
1137,306.2,4066.26196289063
1138,306.3,1098.20166015625
1139,306.5,5.10631895065308
1140,306.8,5.27803421020508
1141,307.0,16.7891674041748
1142,307.2,3401.759765625
1143,307.3,496.111145019531
1144,307.5,4.4545636177063
1145,307.7,1.39518558979034
1146,307.9,6.89067220687866
1147,308.0,8.75305938720703
1148,308.2,4271.80810546875
1149,308.3,1187.09228515625
1150,308.4,33.3654975891113
1151,308.7,5.47562694549561
1152,308.9,10.7927780151367
1153,309.1,210.856567382813
1154,309.2,4249.4609375
1155,309.4,12
1156,309.5,4.76008033752441
1157,309.7,1.87662994861603
1158,309.9,7.56710147857666
1159,310.1,133.383148193359
1160,310.2,5676.75732421875
1161,310.4,66.6543655395508
1162,310.7,7.07321977615356
1163,310.9,16.3863582611084
1164,311.1,297.661193847656
1165,311.2,3053.78247070313
1166,311.3,1072.77978515625
1167,311.5,2.41865587234497
1168,311.7,3.86659979820251
1169,311.9,8.41043090820313
1170,312.1,87.3049163818359
1171,312.2,7550.380859375
1172,312.4,12.5901708602905
1173,312.7,7.36950874328613
1174,312.9,16.7648944854736
1175,313.1,183.322570800781
1176,313.2,5225.52587890625
1177,313.4,11.3955869674683
1178,313.7,4.18274831771851
1179,313.8,2.94684052467346
1180,314.0,13.5041122436523
1181,314.1,33.9789352416992
1182,314.3,9782.3125
1183,314.4,22.4280834197998
1184,314.6,2.15045142173767
1185,314.8,6.58796405792236
1186,315.0,24.9733200073242
1187,315.2,2717.75024414063
1188,315.3,3271.00170898438
1189,315.5,2.80962896347046
1190,315.6,3.44653964042664
1191,315.9,6.31614828109741
1192,316.0,8.31574726104736
1193,316.2,2427.60229492188
1194,316.3,5096.59375
1195,316.4,31.3241729736328
1196,316.7,4.23811435699463
1197,316.8,2.72437310218811
1198,317.0,11.3125371932983
1199,317.1,30.3747234344482
1200,317.3,4614.66552734375
1201,317.4,27.1909732818604
1202,317.5,4.94262790679932
1203,317.8,3.59117341041565
1204,318.0,8.9889669418335
1205,318.2,2761.84155273438
1206,318.3,1153.90026855469
1207,318.5,3.67101311683655
1208,318.7,3.31193590164185
1209,318.9,5.82587766647339
1210,319.1,97.4126358032227
1211,319.2,2180.44262695313
1212,319.3,841.055358886719
1213,319.5,5.41163492202759
1214,319.8,3.59157466888428
1215,319.9,3.21845531463623
1216,320.1,64.4024047851563
1217,320.2,4242.99951171875
1218,320.4,34.3821449279785
1219,320.7,3.65015053749084
1220,320.9,5.70250749588013
1221,321.1,82.6966934204102
1222,321.2,3088.50512695313
1223,321.4,14.6164493560791
1224,321.5,4.86138391494751
1225,321.8,3.60361075401306
1226,322.0,7.95626878738403
1227,322.2,2682.58764648438
1228,322.3,1924.81420898438
1229,322.5,6.50872611999512
1230,322.8,7.61464405059814
1231,323.0,22.0778331756592
1232,323.2,2190.86669921875
1233,323.3,1534.43969726563
1234,323.5,3.55827474594116
1235,323.7,3.89448356628418
1236,323.8,3.28144431114197
1237,324.0,12.7729187011719
1238,324.2,2528.05786132813
1239,324.3,2519.80297851563
1240,324.5,2.56228685379028
1241,324.7,9.97191619873047
1242,324.9,83.7037124633789
1243,325.0,186.25456237793
1244,325.2,3022.4853515625
1245,325.3,1092.95703125
1246,325.5,1.61364090442657
1247,325.7,7.46058177947998
1248,325.9,29.7235698699951
1249,326.1,201.196594238281
1250,326.3,6474.47802734375
1251,326.4,25.4423274993896
1252,326.7,6.9410228729248
1253,326.8,29.6866607666016
1254,327.0,551.0068359375
1255,327.1,1016.05938720703
1256,327.2,4205.3369140625
1257,327.4,6.17492485046387
1258,327.6,2.17131400108337
1259,327.8,24.9504508972168
1260,328.0,82.2658004760742
1261,328.1,149.591567993164
1262,328.3,8258.033203125
1263,328.4,20.3408222198486
1264,328.7,11.120361328125
1265,328.8,18.977933883667
1266,329.0,84.7133407592773
1267,329.1,179.458984375
1268,329.3,5032.06591796875
1269,329.4,18.4463386535645
1270,329.7,7.10671997070313
1271,329.9,18.3927783966064
1272,330.1,41.265998840332
1273,330.3,6202.60302734375
1274,330.4,48.683650970459
1275,330.7,7.31073236465454
1276,330.9,18.3867607116699
1277,331.1,140.990570068359
1278,331.3,3790.59692382813
1279,331.4,70.3095321655273
1280,331.7,5.89067220687866
1281,331.9,9.40842533111572
1282,332.0,13.8284854888916
1283,332.2,1687.43591308594
1284,332.3,1622.35363769531
1285,332.5,6.35646963119507
1286,332.8,5.78475427627563
1287,333.0,16.899097442627
1288,333.1,48.5877647399902
1289,333.3,2491.41235351563
1290,333.4,26.0772323608398
1291,333.7,4.43751239776611
1292,333.8,2.29909729957581
1293,334.0,9.62888622283936
1294,334.1,25.5131397247314
1295,334.3,3539.50341796875
1296,334.4,78.9137420654297
1297,334.7,4.20140409469604
1298,334.8,2.58676028251648
1299,335.0,12.1851558685303
1300,335.2,1246.52294921875
1301,335.3,1372.43688964844
1302,335.5,3.89749240875244
1303,335.6,3.33039116859436
1304,335.8,2.01083254814148
1305,336.0,7.99959897994995
1306,336.2,1472.56042480469
1307,336.3,2360.49853515625
1308,336.5,5.35205602645874
1309,336.7,4.53741216659546
1310,336.8,3.38996982574463
1311,337.0,10.2756271362305
1312,337.2,1108.72534179688
1313,337.3,1910.27600097656
1314,337.5,5.25897693634033
1315,337.8,3.79137420654297
1316,337.9,3.30451345443726
1317,338.1,44.8062171936035
1318,338.3,3950.43359375
1319,338.4,153.022674560547
1320,338.6,2.47301912307739
1321,338.8,11.8108320236206
1322,339.0,50.2744216918945
1323,339.2,1729.70849609375
1324,339.3,1598.84497070313
1325,339.5,2.76629900932312
1326,339.7,4.3540620803833
1327,339.8,4.42647933959961
1328,340.0,15.3175525665283
1329,340.2,1339.8515625
1330,340.3,4092.17407226563
1331,340.5,2.20260787010193
1332,340.7,2.48345041275024
1333,340.9,111.864395141602
1334,341.1,2311.58056640625
1335,341.2,2065.98486328125
1336,341.3,1558.80883789063
1337,341.5,0.849147439002991
1338,341.7,3.87602806091309
1339,341.9,54.1608810424805
1340,342.1,363.842926025391
1341,342.2,1675.29443359375
1342,342.3,5214.5478515625
1343,342.5,1.53119361400604
1344,342.7,6.93701124191284
1345,342.9,56.9390182495117
1346,343.1,675.923767089844
1347,343.3,4357.458984375
1348,343.4,34.7346038818359
1349,343.5,3.01283860206604
1350,343.8,11.4772319793701
1351,344.0,34.8032112121582
1352,344.2,944.446350097656
1353,344.3,4364.998046875
1354,344.5,6.53179550170898
1355,344.8,15.5969905853271
1356,344.9,25.449348449707
1357,345.1,155.570114135742
1358,345.3,3364.6826171875
1359,345.4,59.417049407959
1360,345.7,4.50852537155151
1361,345.9,14.2952861785889
1362,346.1,111.675025939941
1363,346.3,2756.720703125
1364,346.4,67.9446334838867
1365,346.5,6.64954853057861
1366,346.7,2.4447340965271
1367,346.9,14.2629890441895
1368,347.1,76.2645950317383
1369,347.3,2101.970703125
1370,347.4,43.8322982788086
1371,347.6,2.02768301963806
1372,347.8,4.95666980743408
1373,348.0,11.882848739624
1374,348.1,23.7159481048584
1375,348.3,2957.99731445313
1376,348.4,106.866195678711
1377,348.7,4.56048154830933
1378,348.9,9.31855583190918
1379,349.1,33.3063201904297
1380,349.3,2123.0244140625
1381,349.4,62.5446357727051
1382,349.7,3.93159484863281
1383,349.8,2.36850547790527
1384,350.0,9.23550605773926
1385,350.2,656.739440917969
1386,350.3,2550.71606445313
1387,350.5,7.41544628143311
1388,350.7,2.55767297744751
1389,350.9,7.67803430557251
1390,351.1,37.8377113342285
1391,351.3,2254.05859375
1392,351.4,239.146438598633
1393,351.7,3.54222679138184
1394,351.9,5.34984970092773
1395,352.0,5.82106304168701
1396,352.2,545.148254394531
1397,352.3,2725.50366210938
1398,352.4,201.31755065918
1399,352.6,2.21865606307983
1400,352.8,7.86559677124023
1401,353.0,17.3514537811279
1402,353.2,708.347229003906
1403,353.3,1915.92761230469
1404,353.4,91.6070175170898
1405,353.7,3.89608836174011
1406,353.9,6.87321949005127
1407,354.0,5.62186574935913
1408,354.2,521.68505859375
1409,354.3,3868.92358398438
1410,354.5,3.68585753440857
1411,354.8,11.5243730545044
1412,355.0,161.426879882813
1413,355.1,1387.05859375
1414,355.3,3537.16479492188
1415,355.4,13.1003007888794
1416,355.6,1.89408218860626
1417,355.8,10.6485452651978
1418,356.0,57.810432434082
1419,356.1,149.76008605957
1420,356.3,5596.1484375
1421,356.4,130.56428527832
1422,356.7,3.88124370574951
1423,356.9,29.3039112091064
1424,357.0,40.9065208435059
1425,357.2,1365.34924316406
1426,357.3,2610.28735351563
1427,357.5,2.30371117591858
1428,357.7,4.02587747573853
1429,357.8,5.18956851959229
1430,358.0,21.9687061309814
1431,358.2,440.634094238281
1432,358.3,3785.14013671875
1433,358.5,4.69087266921997
1434,358.7,4.98114347457886
1435,358.9,14.3404216766357
1436,359.1,44.7883644104004
1437,359.3,2417.92431640625
1438,359.4,230.227081298828
1439,359.6,4.96228694915771
1440,359.9,6.53340005874634
1441,360.1,30.9025077819824
1442,360.2,465.986358642578
1443,360.3,1827.05236816406
1444,360.5,10.3089265823364
1445,360.8,5.11213636398315
1446,360.9,4.13380146026611
1447,361.1,24.6437320709229
1448,361.3,1647.02404785156
1449,361.4,78.6316986083984
1450,361.6,1.9755265712738
1451,361.8,3.54603815078735
1452,362.0,7.30511522293091
1453,362.1,12.6128387451172
1454,362.3,2349.740234375
1455,362.4,221.092071533203
1456,362.6,1.72637915611267
1457,362.8,4.66459369659424
1458,363.0,9.66940784454346
1459,363.2,387.882049560547
1460,363.3,1438.65454101563
1461,363.5,6.79959869384766
1462,363.7,1.46659982204437
1463,363.9,5.27281856536865
1464,364.1,15.7303915023804
1465,364.2,288.956481933594
1466,364.3,2372.84057617188
1467,364.5,8.0090274810791
1468,364.7,4.03329992294312
1469,364.8,2.7634904384613
1470,365.0,8.68224716186523
1471,365.2,296.419067382813
1472,365.3,1490.7685546875
1473,365.4,284.005615234375
1474,365.6,3.38014030456543
1475,365.9,4.82046127319336
1476,366.1,16.1667003631592
1477,366.3,2536.02319335938
1478,366.4,308.648345947266
1479,366.7,5.24774312973022
1480,366.9,8.08706092834473
1481,367.1,29.3911743164063
1482,367.3,2090.3955078125
1483,367.4,191.956466674805
1484,367.6,3.88746237754822
1485,367.9,5.9179539680481
1486,368.1,20.3985958099365
1487,368.3,3459.98876953125
1488,368.4,282.037902832031
1489,368.5,9.63229656219482
1490,368.8,8.55847549438477
1491,368.9,7.39739227294922
1492,369.1,40.2994995117188
1493,369.3,2381.2734375
1494,369.4,319.167510986328
1495,369.7,4.59759283065796
1496,369.9,7.76008033752441
1497,370.1,16.4072208404541
1498,370.2,114.753257751465
1499,370.3,4190.689453125
1500,370.5,11.519157409668
1501,370.8,8.77412223815918
1502,371.0,18.5520553588867
1503,371.1,18.3560676574707
1504,371.3,2292.7158203125
1505,371.4,501.634704589844
1506,371.7,5.2022066116333
1507,371.9,7.53219652175903
1508,372.1,15.5472421646118
1509,372.3,2482.35278320313
1510,372.4,757.255187988281
1511,372.6,6.12076234817505
1512,372.8,3.56529593467712
1513,373.0,12.0589771270752
1514,373.2,136.134399414063
1515,373.3,1941.66015625
1516,373.5,10.7279844284058
1517,373.8,4.65315961837769
1518,374.0,7.36048126220703
1519,374.1,11.7584753036499
1520,374.3,1617.05432128906
1521,374.4,215.751251220703
1522,374.5,9.88786315917969
1523,374.8,4.70130395889282
1524,374.9,3.29307913780212
1525,375.1,17.6471405029297
1526,375.3,1255.86560058594
1527,375.4,144.50732421875
1528,375.6,2.4497492313385
1529,375.8,3.53400206565857
1530,376.0,5.66339015960693
1531,376.2,146.792984008789
1532,376.3,1952.20727539063
1533,376.5,9.87241744995117
1534,376.8,3.74162483215332
1535,377.0,8.00240707397461
1536,377.2,184.757873535156
1537,377.3,1328.59924316406
1538,377.5,10.3823471069336
1539,377.8,3.55325984954834
1540,378.0,7.12276840209961
1541,378.2,147.31233215332
1542,378.3,2008.21423339844
1543,378.5,11.7650957107544
1544,378.8,4.32878637313843
1545,379.0,7.64252758026123
1546,379.2,133.833694458008
1547,379.3,1556.9345703125
1548,379.5,9.15987968444824
1549,379.6,4.28345012664795
1550,379.8,1.71494483947754
1551,380.0,6.32276821136475
1552,380.2,128.088668823242
1553,380.3,2150.45629882813
1554,380.5,59.2353057861328
1555,380.6,4.84453344345093
1556,380.9,6.64132404327393
1557,381.1,19.2914752960205
1558,381.2,135.804412841797
1559,381.3,1637.91796875
1560,381.5,18.9520568847656
1561,381.6,4.06359100341797
1562,381.9,4.59277820587158
1563,382.1,11.0475425720215
1564,382.3,2112.82958984375
1565,382.4,725.54443359375
1566,382.6,3.85115337371826
1567,382.8,10.9683046340942
1568,383.0,17.3562679290771
1569,383.2,182.594985961914
1570,383.3,1456.85815429688
1571,383.4,533.227661132813
1572,383.7,4.70270824432373
1573,383.8,3.30952858924866
1574,384.0,10.1514539718628
1575,384.2,64.7911758422852
1576,384.3,3297.99365234375
1577,384.5,18.8916759490967
1578,384.8,22.1915740966797
1579,385.0,36.7071228027344
1580,385.2,203.657775878906
1581,385.3,2050.63452148438
1582,385.5,7.61765289306641
1583,385.7,9.05135440826416
1584,385.9,13.7652959823608
1585,386.1,19.1977939605713
1586,386.3,1569.41979980469
1587,386.4,1025.73559570313
1588,386.7,12.340220451355
1589,386.9,32.0351066589355
1590,387.1,64.8513565063477
1591,387.3,1338.30712890625
1592,387.4,397.742218017578
1593,387.6,2.94343018531799
1594,387.8,9.59859561920166
1595,388.0,18.0908718109131
1596,388.2,172.168502807617
1597,388.3,1101.76867675781
1598,388.4,310.853973388672
1599,388.7,10.8373117446899
1600,388.9,19.575927734375
1601,389.1,40.8956871032715
1602,389.3,1005.36309814453
1603,389.4,184.443939208984
1604,389.7,5.79438304901123
1605,389.8,3.72617864608765
1606,390.0,11.601203918457
1607,390.2,88.650749206543
1608,390.3,1172.88403320313
1609,390.4,514.057983398438
1610,390.6,6.39157485961914
1611,390.8,3.80982947349548
1612,391.0,13.193380355835
1613,391.2,94.2258758544922
1614,391.3,812.874206542969
1615,391.4,347.696685791016
1616,391.6,5.77652978897095
1617,391.8,2.58014035224915
1618,392.0,7.04192590713501
1619,392.2,62.904712677002
1620,392.3,1150.66979980469
1621,392.4,577.939636230469
1622,392.6,2.76168513298035
1623,392.8,5.32718133926392
1624,392.9,4.18635892868042
1625,393.1,18.4988975524902
1626,393.2,68.2278823852539
1627,393.3,1256.72961425781
1628,393.5,17.6698093414307
1629,393.8,3.52878642082214
1630,394.0,7.00521564483643
1631,394.2,69.4501495361328
1632,394.3,1765.71008300781
1633,394.5,78.5905685424805
1634,394.6,4.98415231704712
1635,394.8,2.31614851951599
1636,395.0,6.93600797653198
1637,395.1,10.9897689819336
1638,395.3,833.816467285156
1639,395.4,587.945617675781
1640,395.6,4.4341025352478
1641,395.9,4.12196588516235
1642,396.0,3.39578747749329
1643,396.2,41.0529594421387
1644,396.3,1094.78356933594
1645,396.4,1268.93762207031
1646,396.7,5.32076215744019
1647,396.8,2.91654968261719
1648,397.0,8.78816413879395
1649,397.2,64.9815444946289
1650,397.4,1607.12060546875
1651,397.5,20.7209625244141
1652,397.8,4.6655969619751
1653,398.0,6.35045146942139
1654,398.1,4.97291898727417
1655,398.3,909.703918457031
1656,398.4,1847.67224121094
1657,398.6,6.27382135391235
1658,398.8,18.161283493042
1659,399.0,36.0449333190918
1660,399.1,35.278636932373
1661,399.3,1053.26599121094
1662,399.4,754.914733886719
1663,399.6,3.08625888824463
1664,399.8,8.8383150100708
1665,400.0,15.8786363601685
1666,400.2,70.9438323974609
1667,400.4,1972.99035644531
1668,400.5,46.9328002929688
1669,400.7,23.0084247589111
1670,400.9,108.46459197998
1671,401.1,447.543823242188
1672,401.2,503.783142089844
1673,401.3,1044.16528320313
1674,401.5,8.56088256835938
1675,401.7,7.31233692169189
1676,401.9,50.2812423706055
1677,402.0,42.1737213134766
1678,402.2,329.813629150391
1679,402.3,1105.11389160156
1680,402.5,15.8537616729736
1681,402.8,27.5949840545654
1682,403.0,91.3059158325195
1683,403.2,445.369720458984
1684,403.3,756.916748046875
1685,403.5,6.6766300201416
1686,403.7,7.2132396697998
1687,403.8,7.95807409286499
1688,404.0,29.1175518035889
1689,404.2,117.490875244141
1690,404.3,1346.18200683594
1691,404.5,28.0306911468506
1692,404.8,13.6184549331665
1693,404.9,13.3189573287964
1694,405.1,84.3592758178711
1695,405.2,76.7650985717773
1696,405.3,961.865600585938
1697,405.5,17.3907718658447
1698,405.8,6.38796377182007
1699,406.0,12.5717153549194
1700,406.2,73.4020080566406
1701,406.3,1314.74865722656
1702,406.5,51.7293891906738
1703,406.7,6.13239717483521
1704,406.8,3.99137401580811
1705,407.0,14.725977897644
1706,407.2,66.9879608154297
1707,407.4,968.360656738281
1708,407.5,36.7578735351563
1709,407.8,4.80461406707764
1710,408.0,7.62888669967651
1711,408.2,42.8682060241699
1712,408.4,1394.68884277344
1713,408.5,105.588768005371
1714,408.7,2.56890678405762
1715,408.9,6.85837507247925
1716,409.1,13.2972917556763
1717,409.2,39.6054153442383
1718,409.4,1026.05651855469
1719,409.5,46.0202598571777
1720,409.6,4.90531587600708
1721,409.9,4.54122352600098
1722,410.0,3.78355073928833
1723,410.2,21.8627891540527
1724,410.4,1845.32336425781
1725,410.5,36.2858581542969
1726,410.8,5.09608840942383
1727,410.9,3.45777320861816
1728,411.1,10.3620862960815
1729,411.2,25.509126663208
1730,411.4,1251.69250488281
1731,411.5,41.0571708679199
1732,411.7,4.53941822052002
1733,412.0,5.72096300125122
1734,412.1,4.43049144744873
1735,412.3,392.875213623047
1736,412.4,1672.890625
1737,412.6,9.60280799865723
1738,412.9,11.5269813537598
1739,413.0,8.41384124755859
1740,413.2,65.8409194946289
1741,413.4,1282.26599121094
1742,413.5,36.1131401062012
1743,413.8,5.34684038162231
1744,414.0,8.61404228210449
1745,414.2,36.0405197143555
1746,414.3,385.642120361328
1747,414.4,1168.26232910156
1748,414.7,16.9356060028076
1749,414.9,54.9905700683594
1750,415.0,93.3390197753906
1751,415.2,755.616821289063
1752,415.3,829.514953613281
1753,415.5,7.30992984771729
1754,415.8,13.6950855255127
1755,416.0,51.1889686584473
1756,416.2,288.760894775391
1757,416.3,653.47119140625
1758,416.4,274.901702880859
1759,416.6,4.0599799156189
1760,416.8,13.9753255844116
1761,416.9,21.6038112640381
1762,417.1,127.518753051758
1763,417.3,962.177307128906
1764,417.4,65.2812423706055
1765,417.5,6.70531606674194
1766,417.8,7.98535585403442
1767,418.0,22.434103012085
1768,418.2,104.144432067871
1769,418.3,571.6083984375
1770,418.4,558.943420410156
1771,418.6,7.34262800216675
1772,418.9,17.6457366943359
1773,419.1,40.7797393798828
1774,419.3,594.311157226563
1775,419.4,299.603210449219
1776,419.6,2.73681044578552
1777,419.8,5.78876638412476
1778,420.0,11.3474426269531
1779,420.2,41.4978942871094
1780,420.4,1030.44213867188
1781,420.5,80.8142395019531
1782,420.8,5.93259763717651
1783,421.0,13.3628883361816
1784,421.2,42.5167503356934
1785,421.4,774.3193359375
1786,421.5,38.8306922912598
1787,421.6,5.13279819488525
1788,421.9,5.95125389099121
1789,422.0,4.4752254486084
1790,422.2,25.2282848358154
1791,422.3,324.078033447266
1792,422.4,812.230102539063
1793,422.6,7.07723188400269
1794,422.9,6.08144426345825
1795,423.1,11.61745262146
1796,423.3,266.051544189453
1797,423.4,582.168090820313
1798,423.6,7.86499500274658
1799,423.8,1.72477436065674
1800,424.0,5.35085248947144
1801,424.1,4.42347049713135
1802,424.3,228.822463989258
1803,424.4,1170.1630859375
1804,424.6,7.77031087875366
1805,424.9,5.28906726837158
1806,425.1,9.23650932312012
1807,425.2,18.174524307251
1808,425.4,907.532775878906
1809,425.5,69.7045135498047
1810,425.7,2.63771319389343
1811,425.9,4.72999000549316
1812,426.1,8.66339015960693
1813,426.3,183.750457763672
1814,426.4,1361.68811035156
1815,426.6,11.3025074005127
1816,426.9,9.24052143096924
1817,427.1,14.7837514877319
1818,427.3,245.287658691406
1819,427.4,770.265197753906
1820,427.6,6.06459379196167
1821,427.8,5.76068210601807
1822,427.9,3.92597794532776
1823,428.1,10.943229675293
1824,428.3,193.72216796875
1825,428.4,977.619079589844
1826,428.6,17.6649951934814
1827,428.9,29.5131397247314
1828,429.1,135.346237182617
1829,429.3,881.33984375
1830,429.4,209.727188110352
1831,429.7,5.37332010269165
1832,429.9,17.6052150726318
1833,430.1,47.3997993469238
1834,430.3,555.223876953125
1835,430.4,297.217864990234
1836,430.5,35.6986961364746
1837,430.8,11.7991971969604
1838,431.0,34.5594787597656
1839,431.1,39.650951385498
1840,431.3,588.470825195313
1841,431.4,147.894882202148
1842,431.6,3.32176518440247
1843,431.8,5.97231674194336
1844,432.0,14.0379133224487
1845,432.2,54.5111351013184
1846,432.4,802.543823242188
1847,432.5,80.9480438232422
1848,432.8,6.72276830673218
1849,433.0,13.3777332305908
1850,433.1,10.2587766647339
1851,433.3,270.275817871094
1852,433.4,366.440521240234
1853,433.6,6.20922756195068
1854,433.8,2.84092283248901
1855,434.0,6.28806400299072
1856,434.2,23.2491474151611
1857,434.4,690.326965332031
1858,434.5,126.170509338379
1859,434.8,5.31554651260376
1860,434.9,3.10110330581665
1861,435.1,9.83269786834717
1862,435.2,16.9195594787598
1863,435.4,514.823486328125
1864,435.5,81.9640960693359
1865,435.8,4.61424255371094
1866,436.0,5.43309926986694
1867,436.2,16.9263782501221
1868,436.3,153.371520996094
1869,436.4,690.108520507813
1870,436.6,9.05636882781982
1871,436.8,2.03289866447449
1872,437.0,6.3432297706604
1873,437.1,4.75346040725708
1874,437.3,143.238510131836
1875,437.4,486.361877441406
1876,437.6,7.25697088241577
1877,437.8,1.99217653274536
1878,438.0,5.01263809204102
1879,438.1,4.12417268753052
1880,438.3,105.804412841797
1881,438.4,916.421691894531
1882,438.6,8.56830501556396
1883,438.9,4.96609830856323
1884,439.1,8.17432308197021
1885,439.3,113.137809753418
1886,439.4,627.360473632813
1887,439.6,7.32878637313843
1888,439.9,4.57151460647583
1889,440.1,7.37572717666626
1890,440.3,70.7953872680664
1891,440.4,1059.22082519531
1892,440.6,9.97231674194336
1893,440.8,3.04413247108459
1894,441.0,8.19137382507324
1895,441.2,18.4419250488281
1896,441.3,107.38355255127
1897,441.4,631.485656738281
1898,441.6,8.0928783416748
1899,441.8,4.7660984992981
1900,441.9,3.07622861862183
1901,442.1,8.7584753036499
1902,442.2,9.42066192626953
1903,442.4,663.142028808594
1904,442.5,198.591781616211
1905,442.8,8.32798385620117
1906,443.0,10.9259777069092
1907,443.2,27.4395179748535
1908,443.4,453.40380859375
1909,443.5,102.195182800293
1910,443.6,11.4050149917603
1911,443.9,6.5648946762085
1912,444.0,4.10551643371582
1913,444.2,24.3315944671631
1914,444.3,120.374320983887
1915,444.4,400.876831054688
1916,444.6,8.96890640258789
1917,444.8,12.0690069198608
1918,445.0,19.1025066375732
1919,445.2,54.785758972168
1920,445.3,179.022872924805
1921,445.4,220.379745483398
1922,445.6,8.6459379196167
1923,445.9,7.28385162353516
1924,446.0,5.2828483581543
1925,446.2,26.2361087799072
1926,446.4,475.1630859375
1927,446.5,159.54362487793
1928,446.8,9.01043128967285
1929,447.0,14.4483451843262
1930,447.2,42.4351043701172
1931,447.3,126.642730712891
1932,447.4,305.991760253906
1933,447.6,5.95005035400391
1934,447.8,6.36108303070068
1935,447.9,3.48004007339478
1936,448.1,9.89588737487793
1937,448.3,124.016448974609
1938,448.4,470.774719238281
1939,448.6,4.4339017868042
1940,448.8,6.60461378097534
1941,449.0,8.2210636138916
1942,449.1,7.64232683181763
1943,449.3,111.920364379883
1944,449.4,328.320159912109
1945,449.6,11.0014038085938
1946,449.9,4.59518575668335
1947,450.0,3.59157466888428
1948,450.2,15.2411231994629
1949,450.3,88.2328948974609
1950,450.4,503.439331054688
1951,450.6,11.6365098953247
1952,450.9,5.13339996337891
1953,451.1,12.6162490844727
1954,451.2,10.9673023223877
1955,451.4,348.777923583984
1956,451.5,104.904716491699
1957,451.7,5.78435325622559
1958,452.0,5.9584755897522
1959,452.1,4.86078214645386
1960,452.3,62.822868347168
1961,452.4,477.253173828125
1962,452.5,195.890472412109
1963,452.7,2.84052157402039
1964,452.9,5.0599799156189
1965,453.1,9.0511531829834
1966,453.3,62.436107635498
1967,453.4,325.474609375
1968,453.5,157.437316894531
1969,453.8,5.01745223999023
1970,454.0,5.2318959236145
1971,454.2,9.98615837097168
1972,454.4,499.785369873047
1973,454.5,292.119567871094
1974,454.6,18.3516540527344
1975,454.9,5.60381126403809
1976,455.1,8.65095329284668
1977,455.2,8.96609783172607
1978,455.4,347.587158203125
1979,455.5,177.985549926758
1980,455.6,13.9765291213989
1981,455.9,4.1727180480957
1982,456.1,8.18936824798584
1983,456.3,43.0653953552246
1984,456.5,564.589538574219
1985,456.6,23.9360084533691
1986,456.9,8.07522583007813
1987,457.1,11.2886657714844
1988,457.3,73.5556640625
1989,457.4,321.644134521484
1990,457.6,16.0200595855713
1991,457.7,6.84112358093262
1992,458.0,6.87963914871216
1993,458.1,5.50531578063965
1994,458.3,62.7378120422363
1995,458.4,322.453948974609
1996,458.6,40.9414253234863
1997,458.9,22.0557670593262
1998,459.1,35.0383148193359
1999,459.3,162.525375366211
2000,459.4,162.167907714844
2001,459.6,8.36108303070068
2002,459.8,9.21424293518066
2003,459.9,5.92036104202271
2004,460.1,15.4202604293823
2005,460.3,81.827880859375
2006,460.4,159.892272949219
2007,460.5,253.160278320313
2008,460.8,56.3360061645508
2009,461.0,94.5749282836914
2010,461.2,193.383148193359
2011,461.3,263.630889892578
2012,461.5,41.9303894042969
2013,461.7,8.232497215271
2014,461.9,28.8936805725098
2015,462.1,38.6874618530273
2016,462.3,147.996795654297
2017,462.4,313.763702392578
2018,462.6,31.0024070739746
2019,462.9,32.3550643920898
2020,463.1,45.5723152160645
2021,463.3,181.589767456055
2022,463.4,189.655364990234
2023,463.6,14.0549650192261
2024,463.9,12.7273817062378
2025,464.0,8.82527542114258
2026,464.2,23.8547649383545
2027,464.3,78.9380111694336
2028,464.4,341.887268066406
2029,464.6,19.6318950653076
2030,464.9,16.3356075286865
2031,465.1,19.7905712127686
2032,465.3,80.0082244873047
2033,465.4,167.661178588867
2034,465.5,103.818656921387
2035,465.7,4.71915769577026
2036,465.9,8.2631893157959
2037,466.1,11.8459377288818
2038,466.3,43.366096496582
2039,466.4,458.77734375
2040,466.6,23.1478443145752
2041,466.9,7.80300903320313
2042,467.0,4.74302911758423
2043,467.2,15.159478187561
2044,467.4,221.590972900391
2045,467.5,152.368103027344
2046,467.7,6.43129396438599
2047,468.0,5.28425264358521
2048,468.1,4.17372131347656
2049,468.3,27.5731201171875
2050,468.4,240.237518310547
2051,468.5,286.698486328125
2052,468.7,7.89267826080322
2053,469.0,6.11755275726318
2054,469.2,10.9011030197144
2055,469.3,33.5542640686035
2056,469.5,310.313934326172
2057,469.6,25.4822463989258
2058,469.9,4.85436296463013
2059,470.1,9.51474380493164
2060,470.3,30.7743225097656
2061,470.5,376.297882080078
2062,470.6,25.2800407409668
2063,470.7,8.47663021087646
2064,471.0,9.14543628692627
2065,471.2,16.2004013061523
2066,471.4,149.562881469727
2067,471.5,121.131797790527
2068,471.7,6.94463396072388
2069,471.9,2.94122362136841
2070,472.1,9.31634902954102
2071,472.2,7.53941822052002
2072,472.4,154.206024169922
2073,472.5,118.862991333008
2074,472.8,19.2200603485107
2075,472.9,7.42086267471313
2076,473.1,26.1247749328613
2077,473.2,36.563892364502
2078,473.4,150.308120727539
2079,473.5,36.6112327575684
2080,473.6,17.9404220581055
2081,473.9,8.58254718780518
2082,474.0,4.95045137405396
2083,474.2,18.5626888275146
2084,474.3,39.8684043884277
2085,474.5,191.537612915039
2086,474.6,73.1793365478516
2087,474.9,58.9632911682129
2088,475.1,181.783142089844
2089,475.2,405.841522216797
2090,475.4,65.0730209350586
2091,475.7,8.3540620803833
2092,475.8,8.28605842590332
2093,476.0,41.3707122802734
2094,476.2,102.970314025879
2095,476.4,292.375122070313
2096,476.5,49.0784339904785
2097,476.7,8.66840553283691
2098,476.9,34.4383163452148
2099,477.0,32.9131393432617
2100,477.2,147.457168579102
2101,477.3,223.34423828125
2102,477.5,16.8094291687012
2103,477.7,7.96850538253784
2104,477.9,14.9087257385254
2105,478.1,24.3977928161621
2106,478.3,106.20320892334
2107,478.4,218.783554077148
2108,478.6,11.5279836654663
2109,478.8,12.1877632141113
2110,479.0,24.2046146392822
2111,479.2,63.5945854187012
2112,479.4,208.907730102539
2113,479.5,54.2521553039551
2114,479.7,7.69769287109375
2115,480.0,11.4812440872192
2116,480.2,23.7713146209717
2117,480.4,205.65837097168
2118,480.5,145.643936157227
2119,480.7,10.674222946167
2120,480.9,5.03731203079224
2121,481.1,16.6810436248779
2122,481.3,46.1275825500488
2123,481.4,112.461181640625
2124,481.5,117.096488952637
2125,481.7,3.09929800033569
2126,481.9,6.16429281234741
2127,482.1,8.74443340301514
2128,482.3,23.519157409668
2129,482.4,122.069007873535
2130,482.5,224.307922363281
2131,482.7,8.0393180847168
2132,483.0,7.24653959274292
2133,483.2,12.5747241973877
2134,483.3,20.1841526031494
2135,483.5,189.517349243164
2136,483.6,36.4036102294922
2137,483.8,2.72076225280762
2138,484.0,5.31013059616089
2139,484.2,9.24072170257568
2140,484.4,104.911735534668
2141,484.5,173.721160888672
2142,484.7,9.48826503753662
2143,485.0,6.88766288757324
2144,485.2,11.477632522583
2145,485.4,92.5065231323242
2146,485.5,65.4952850341797
2147,485.6,26.7991981506348
2148,485.9,5.70070219039917
2149,486.0,2.66439318656921
2150,486.2,9.31775283813477
2151,486.4,89.8377151489258
2152,486.5,64.7121353149414
2153,486.6,39.6665992736816
2154,486.8,9.78495502471924
2155,487.0,19.1807422637939
2156,487.2,45.9448356628418
2157,487.4,106.839721679688
2158,487.5,34.7648963928223
2159,487.8,9.64112377166748
2160,488.0,8.89889621734619
2161,488.2,18.553258895874
2162,488.4,104.43009185791
2163,488.5,71.1237716674805
2164,488.8,33.0862579345703
2165,489.0,69.9412231445313
2166,489.2,248.531600952148
2167,489.3,158.309524536133
2168,489.5,9.86800384521484
2169,489.8,12.7021064758301
2170,490.0,34.8459396362305
2171,490.2,87.9057159423828
2172,490.3,184.304916381836
2173,490.5,34.5203628540039
2174,490.7,9.06479454040527
2175,490.9,26.2994976043701
2176,491.1,73.8565673828125
2177,491.3,210.341827392578
2178,491.4,52.7249755859375
2179,491.5,15.5779342651367
2180,491.8,9.33821487426758
2181,492.0,18.8836517333984
2182,492.2,38.013240814209
2183,492.3,75.5047149658203
2184,492.4,138.021667480469
2185,492.6,15.2222671508789
2186,492.9,12.1542625427246
2187,493.0,10.4042129516602
2188,493.2,38.4339027404785
2189,493.4,129.771514892578
2190,493.5,49.5277824401855
2191,493.7,8.35045146942139
2192,494.0,9.10611820220947
2193,494.2,16.3588771820068
2194,494.4,110.982345581055
2195,494.5,89.1961898803711
2196,494.6,30.708324432373
2197,494.8,4.03731203079224
2198,495.0,10.4862585067749
2199,495.2,17.0148448944092
2200,495.3,26.2286853790283
2201,495.5,123.306922912598
2202,495.6,27.3434295654297
2203,495.9,5.88104295730591
2204,496.1,7.81143426895142
2205,496.3,21.6910724639893
2206,496.5,166.856964111328
2207,496.6,38.0399208068848
2208,496.7,11.3983955383301
2209,497.0,6.88004016876221
2210,497.2,10.0098295211792
2211,497.4,61.0479431152344
2212,497.5,60.6696090698242
2213,497.6,34.8906707763672
2214,497.8,5.88686037063599
2215,498.0,2.71233701705933
2216,498.2,8.80862617492676
2217,498.3,17.4098300933838
2218,498.5,117.227684020996
2219,498.6,42.1404228210449
2220,498.8,7.18214654922485
2221,499.1,8.39277839660645
2222,499.3,25.2788372039795
2223,499.5,74.0808410644531
2224,499.6,24.8784351348877
2225,499.8,7.32758283615112
