#"+ Scan (rt: 0.088-65.997 min, 11533 scans) 170221_WC12_1.D "
#Point,X(Thompsons),Y(Counts)
0,50.1,36.9575119018555
1,50.2,51.9782371520996
2,50.4,0.496401637792587
3,50.6,0.0130061563104391
4,50.9,0.780889630317688
5,51.1,54.076301574707
6,51.2,76.7948532104492
7,51.4,0.651955246925354
8,51.7,0.0262724347412586
9,51.9,0.311107248067856
10,52.1,11.0135259628296
11,52.2,17.1041355133057
12,52.4,0.412555277347565
13,52.7,0.0613023489713669
14,52.9,0.498395919799805
15,53.0,3.55033373832703
16,53.2,30.6118087768555
17,53.3,6.00641632080078
18,53.4,0.680742204189301
19,53.6,0.0195092335343361
20,53.9,0.18338680267334
21,54.1,36.4333648681641
22,54.2,93.4396057128906
23,54.4,0.343969464302063
24,54.7,0.0153472647070885
25,54.9,0.566895008087158
26,55.1,42.635913848877
27,55.2,77.7651062011719
28,55.4,1.61050891876221
29,55.5,0.106997311115265
30,55.9,0.223532468080521
31,56.1,18.1674327850342
32,56.2,37.2492828369141
33,56.4,1.06017518043518
34,56.9,0.391225188970566
35,57.1,23.2952404022217
36,57.2,47.6933135986328
37,57.4,1.83698952198029
38,57.5,0.135437443852425
39,57.9,0.0834128186106682
40,58.1,2.91702079772949
41,58.2,3.07899069786072
42,58.3,0.79745078086853
43,58.7,0.0304344054311514
44,59.0,3.49319338798523
45,59.2,19.7981452941895
46,59.3,3.03711080551147
47,59.4,0.279719054698944
48,59.8,0.0319084376096725
49,60.0,0.826671302318573
50,60.1,1.16205668449402
51,60.2,1.28206014633179
52,60.4,0.0430070236325264
53,60.6,0.0367640666663647
54,60.9,0.0872279554605484
55,61.1,2.68317008018494
56,61.2,1.79979193210602
57,61.5,0.076389491558075
58,61.9,0.143414556980133
59,62.1,1.29393911361694
60,62.2,1.04595506191254
61,62.4,0.0821989104151726
62,62.7,0.0306945294141769
63,63.0,3.03095459938049
64,63.2,16.6522159576416
65,63.3,2.18165254592896
66,63.4,0.31648313999176
67,63.7,0.0283534210175276
68,63.9,3.92742562294006
69,64.1,42.1131553649902
70,64.2,12.5018644332886
71,64.3,2.21078634262085
72,64.5,0.036677360534668
73,64.8,0.0143934795632958
74,65.0,9.59429454803467
75,65.1,34.6270713806152
76,65.2,54.7232284545898
77,65.4,0.739443361759186
78,65.8,0.0430937297642231
79,66.0,2.07422184944153
80,66.2,8.69045352935791
81,66.3,1.40067636966705
82,66.4,0.310500293970108
83,66.6,0.0280065890401602
84,66.8,0.103268884122372
85,67.0,3.91832137107849
86,67.2,23.9668769836426
87,67.3,5.66183996200562
88,67.5,0.0142200645059347
89,67.6,0.0584409944713116
90,67.9,0.0941645726561546
91,68.1,2.11731553077698
92,68.2,2.28414106369019
93,68.4,0.244429036974907
94,68.6,0.0133529873564839
95,68.8,0.0600884407758713
96,69.0,4.10812473297119
97,69.2,25.5788612365723
98,69.3,7.51755809783936
99,69.5,0.10821121931076
100,69.9,0.15277898311615
101,70.1,3.80516767501831
102,70.2,4.83109331130981
103,70.4,0.353420615196228
104,70.6,0.0452614240348339
105,70.9,0.392092257738113
106,71.1,32.6284561157227
107,71.2,61.9112129211426
108,71.4,0.712130427360535
109,71.5,0.0658978596329689
110,71.9,0.0566201321780682
111,72.1,2.07040667533875
112,72.2,2.64848685264587
113,72.4,0.170727476477623
114,72.6,0.047255702316761
115,72.9,0.972340226173401
116,73.1,114.914421081543
117,73.2,791.146728515625
118,73.4,0.695048987865448
119,73.6,0.0138732334598899
120,73.8,0.0433538556098938
121,74.0,7.24338865280151
122,74.2,86.4614562988281
123,74.3,9.84409999847412
124,74.5,0.0317350216209888
125,74.8,0.102228388190269
126,75.0,11.4657068252563
127,75.2,109.968002319336
128,75.3,8.4922399520874
129,75.4,0.315876185894012
130,75.6,0.0298274513334036
131,75.9,1.06641805171967
132,76.1,26.9386978149414
133,76.2,21.7913818359375
134,76.3,8.08566761016846
135,76.5,0.0576606243848801
136,76.7,0.0437006838619709
137,76.9,1.59802305698395
138,77.1,174.806991577148
139,77.2,236.833343505859
140,77.4,0.85268360376358
141,77.8,0.202028959989548
142,78.0,21.5608253479004
143,78.2,240.611114501953
144,78.3,29.2758178710938
145,78.5,0.139425992965698
146,78.6,0.137518420815468
147,78.9,1.67293846607208
148,79.1,404.090179443359
149,79.2,210.970687866211
150,79.4,0.0831526890397072
151,79.8,0.103615708649158
152,80.0,7.60782098770142
153,80.2,24.7562637329102
154,80.3,4.60886144638062
155,80.5,0.0972860455513
156,80.8,0.194398686289787
157,81.0,51.5263175964355
158,81.1,567.075500488281
159,81.3,5.5212869644165
160,81.5,0.032688807696104
161,81.7,0.01708141900599
162,81.9,1.84895515441895
163,82.1,15.7140378952026
164,82.2,13.815746307373
165,82.4,0.638428866863251
166,82.7,0.014306771568954
167,82.9,0.977282583713531
168,83.0,5.09355783462524
169,83.2,31.2446022033691
170,83.3,7.23445749282837
171,83.5,0.0580074563622475
172,83.7,0.0583542883396149
173,83.9,0.285094946622849
174,84.1,2.10769104957581
175,84.2,1.62854421138763
176,84.4,0.0857539251446724
177,84.6,0.0448278859257698
178,84.9,5.5056791305542
179,85.1,81.7684936523438
180,85.2,36.1483573913574
181,85.4,0.370762169361115
182,85.5,0.0613890588283539
183,85.9,0.0620827190577984
184,86.1,0.559698283672333
185,86.2,0.707188069820404
186,86.4,0.0630365014076233
187,86.7,0.044134221971035
188,86.9,0.635827600955963
189,87.1,6.57227087020874
190,87.2,5.00173425674438
191,87.4,0.26671290397644
192,87.6,0.0521113313734531
193,87.9,0.157634615898132
194,88.1,0.657244443893433
195,88.2,0.302870035171509
196,88.3,0.21260729432106
197,88.6,0.0273129288107157
198,88.9,1.83473515510559
199,89.1,20.7565250396729
200,89.2,15.9087839126587
201,89.4,0.249111250042915
202,89.6,0.0312147755175829
203,89.9,0.0553195178508759
204,90.0,0.479753762483597
205,90.2,0.135090604424477
206,90.3,0.330616503953934
207,90.8,0.146275907754898
208,91.0,16.0789909362793
209,91.2,124.745338439941
210,91.3,20.8736667633057
211,91.5,0.0476892404258251
212,91.9,0.339634090662003
213,92.1,6.41012763977051
214,92.2,6.81661319732666
215,92.4,0.39165872335434
216,92.6,0.0321685597300529
217,92.8,0.0295673292130232
218,93.0,2.2245728969574
219,93.2,8.79259490966797
220,93.3,2.03728437423706
221,93.6,0.061735887080431
222,93.8,0.0802046284079552
223,94.0,4.52466821670532
224,94.2,17.9482345581055
225,94.3,3.35116624832153
226,94.5,0.0601751506328583
227,94.9,0.332263946533203
228,95.1,6.0337290763855
229,95.2,5.84592056274414
230,95.3,5.00242757797241
231,95.5,0.274516612291336
232,95.7,0.151651784777641
233,95.9,6.25821542739868
234,96.1,158.634872436523
235,96.2,122.010665893555
236,96.4,2.39755487442017
237,96.6,0.266973048448563
238,96.8,4.27547025680542
239,97.0,16.9559516906738
240,97.2,20.7760334014893
241,97.3,6.33512544631958
242,97.5,0.141073435544968
243,97.7,0.0280065890401602
244,97.9,0.26099020242691
245,98.1,1.46804821491241
246,98.2,2.35758256912231
247,98.4,0.20280933380127
248,98.9,0.0970259234309196
249,99.0,0.144455045461655
250,99.2,0.413422346115112
251,99.4,0.13881903886795
252,99.7,0.0150871416553855
253,99.9,0.0138732334598899
254,100.1,0.0460417941212654
255,100.3,0.0976328775286674
256,100.4,0.0446544699370861
257,100.6,0.0139599414542317
258,100.9,0.0961588472127914
259,101.1,0.129021063446999
260,101.2,0.129974856972694
261,101.4,0.0180352032184601
262,101.6,0.014046648517251
263,101.8,0.0978929996490479
264,101.9,0.108037807047367
265,102.1,1.12165093421936
266,102.2,0.860313892364502
267,102.4,0.041186161339283
268,102.8,0.290904372930527
269,103.0,16.1487045288086
270,103.1,42.778636932373
271,103.3,2.9979190826416
272,103.4,0.344316303730011
273,103.6,0.014566894620657
274,103.8,0.233157023787498
275,103.9,1.72591698169708
276,104.1,32.3286209106445
277,104.2,27.9716472625732
278,104.4,0.929766774177551
279,104.6,0.0131795713678002
280,104.8,0.308332622051239
281,105.0,23.5411434173584
282,105.2,340.993072509766
283,105.3,11.2446889877319
284,105.5,0.0139599414542317
285,105.9,1.11991679668427
286,106.1,14.2998352050781
287,106.2,9.23541164398193
288,106.3,3.29558658599854
289,106.6,0.0330356359481812
290,106.9,0.45859706401825
291,107.1,5.65022087097168
292,107.2,4.73163986206055
293,107.4,0.308332622051239
294,107.6,0.0130061563104391
295,108.0,0.276597589254379
296,108.2,1.01109862327576
297,108.3,0.440388441085815
298,108.8,0.032688807696104
299,109.0,0.391918838024139
300,109.2,1.3070319890976
301,109.3,0.430677175521851
302,109.4,0.14237405359745
303,109.7,0.0299141593277454
304,109.9,0.0691927522420883
305,110.0,0.171767964959145
306,110.2,1.24399554729462
307,110.3,0.310587018728256
308,110.7,0.0468221642076969
309,110.9,0.175669819116592
310,111.1,1.39356625080109
311,111.2,1.85268354415894
312,111.4,0.217116102576256
313,111.9,0.0752622932195663
314,112.1,0.304690897464752
315,112.2,0.42061910033226
316,112.4,0.013092864304781
317,112.6,0.0560131780803204
318,112.9,0.0728344768285751
319,113.1,0.42772912979126
320,113.3,0.619439840316772
321,113.4,0.0568802580237389
322,113.8,0.0194225274026394
323,114.1,0.103615708649158
324,114.2,0.014046648517251
325,114.5,0.0166478808969259
326,114.7,0.0360704064369202
327,114.9,1.47853982448578
328,115.1,27.3001823425293
329,115.2,16.4299831390381
330,115.3,3.68256306648254
331,115.6,0.0371108986437321
332,115.8,0.0306078214198351
333,116.0,0.296973913908005
334,116.2,0.915026426315308
335,116.3,0.358969926834106
336,116.7,0.0282667130231857
337,116.9,0.87236624956131
338,117.1,16.7985782623291
339,117.2,13.7976245880127
340,117.4,0.124772392213345
341,117.6,0.0374577306210995
342,117.8,0.0147403106093407
343,118.0,1.82831871509552
344,118.2,5.04439449310303
345,118.3,1.36738061904907
346,118.5,0.102315098047256
347,118.7,0.0348564982414246
348,118.9,1.90913033485413
349,119.0,13.9312410354614
350,119.1,64.6580276489258
351,119.3,4.05488586425781
352,119.4,0.26922744512558
353,119.9,0.271221697330475
354,120.0,0.771785318851471
355,120.1,2.41368246078491
356,120.3,0.846614062786102
357,120.5,0.104829616844654
358,120.8,0.22084453701973
359,121.0,19.2451229095459
360,121.1,40.4440307617188
361,121.2,36.6698188781738
362,121.4,0.375877916812897
363,121.6,0.032688807696104
364,121.8,0.221711605787277
365,122.0,20.1206111907959
366,122.1,47.380298614502
367,122.2,49.4965744018555
368,122.4,0.377525359392166
369,122.6,0.0142200645059347
370,122.8,0.086794413626194
371,123.0,2.23861956596375
372,123.2,7.81210422515869
373,123.3,1.19127714633942
374,123.5,0.0287002511322498
375,123.7,0.0133529873564839
376,123.8,0.117055408656597
377,124.1,0.0422266535460949
378,124.2,0.134310245513916
379,124.5,0.0152605567127466
380,124.9,0.872539639472961
381,125.1,4.1619701385498
382,125.2,3.59845662117004
383,125.4,0.356021851301193
384,125.7,0.105956822633743
385,125.9,0.378912687301636
386,126.1,0.839417338371277
387,126.2,0.786178767681122
388,126.4,0.125552758574486
389,126.9,0.236451923847198
390,127.1,1.18009185791016
391,127.2,0.93332177400589
392,127.4,0.0564467199146748
393,127.7,0.0431804396212101
394,127.9,0.443509936332703
395,128.1,2.86577653884888
396,128.2,3.37240958213806
397,128.4,0.145842358469963
398,128.6,0.0134396944195032
399,128.8,0.0564467199146748
400,129.0,1.32454693317413
401,129.2,5.19769334793091
402,129.3,1.31986474990845
403,129.8,0.0292204972356558
404,130.0,0.66929680109024
405,130.1,0.842452108860016
406,130.2,1.21416807174683
407,130.4,0.083846352994442
408,130.7,0.0829792767763138
409,130.9,0.790167331695557
410,131.1,15.0952053070068
411,131.2,13.5844964981079
412,131.4,0.251712471246719
413,131.6,0.0790774300694466
414,131.9,0.428682923316956
415,132.1,4.84071779251099
416,132.2,3.93054723739624
417,132.4,0.350819379091263
418,132.6,0.0274863429367542
419,132.8,0.467267841100693
420,132.9,4.61623191833496
421,133.1,191.581115722656
422,133.2,86.7372741699219
423,133.3,5.38047361373901
424,133.6,0.0267059747129679
425,133.8,0.543744027614594
426,134.0,11.7405700683594
427,134.1,19.4647541046143
428,134.3,3.45417499542236
429,134.5,0.11506112664938
430,134.8,0.222145155072212
431,134.9,1.09529173374176
432,135.1,107.114540100098
433,135.2,152.454605102539
434,135.4,0.491025745868683
435,135.7,0.013092864304781
436,135.9,1.56342673301697
437,136.1,17.8355159759521
438,136.2,13.5527620315552
439,136.3,6.95577907562256
440,136.5,0.090002603828907
441,136.6,0.0969392210245132
442,136.9,2.80048561096191
443,137.1,69.836296081543
444,137.2,34.8544158935547
445,137.3,5.37579107284546
446,137.8,0.0817653685808182
447,137.9,0.234370931982994
448,138.1,1.97919011116028
449,138.2,1.36937487125397
450,138.4,0.0283534210175276
451,138.7,0.0628630891442299
452,138.9,1.73181307315826
453,139.1,20.1580677032471
454,139.2,12.7337207794189
455,139.4,0.13309633731842
456,139.5,0.045694962143898
457,139.8,0.0174282491207123
458,139.9,0.0416196994483471
459,140.2,0.173675537109375
460,140.3,0.0435272678732872
461,140.6,0.0164744649082422
462,140.8,0.0841064751148224
463,141.0,0.684904217720032
464,141.2,2.16318392753601
465,141.3,0.591606676578522
466,141.6,0.0415329933166504
467,142.0,0.159195348620415
468,142.1,0.163097202777863
469,142.2,0.305384546518326
470,142.4,0.017601665109396
471,142.5,0.0503771789371967
472,142.7,0.0130061563104391
473,142.9,0.0841931849718094
474,143.1,0.415590047836304
475,143.2,0.754617214202881
476,143.5,0.0585277043282986
477,144.1,0.236798748373985
478,144.2,0.227434322237968
479,144.8,0.131015345454216
480,145.0,2.65759134292603
481,145.2,10.9242172241211
482,145.3,2.17896461486816
483,145.4,0.291944861412048
484,146.0,0.230989336967468
485,146.1,0.255961149930954
486,146.2,0.487730860710144
487,146.4,0.013786525465548
488,146.6,0.0435272678732872
489,146.7,0.0174282491207123
490,146.9,1.72149479389191
491,147.1,140.821029663086
492,147.2,280.122161865234
493,147.4,0.368247628211975
494,147.5,0.0461285002529621
495,147.7,0.0156073877587914
496,147.9,0.851036131381989
497,148.1,35.6008834838867
498,148.2,44.2985343933105
499,148.4,1.21520853042603
500,148.8,0.140726611018181
501,149.0,26.6290645599365
502,149.1,406.028442382813
503,149.3,3.00606942176819
504,149.6,0.0504638850688934
505,149.9,1.52224051952362
506,150.1,21.1628379821777
507,150.2,14.8897075653076
508,150.4,0.373883634805679
509,150.7,0.0921702906489372
510,150.9,1.85805952548981
511,151.1,29.1852073669434
512,151.2,17.311107635498
513,151.3,4.12824058532715
514,151.6,0.0318217277526855
515,151.7,0.0708401948213577
516,152.0,2.71542525291443
517,152.2,9.93392848968506
518,152.3,2.2217116355896
519,152.4,0.325934261083603
520,152.7,0.11315356194973
521,152.9,3.22648048400879
522,153.1,37.4555625915527
523,153.2,23.1950054168701
524,153.4,0.187635481357574
525,153.6,0.0464753322303295
526,153.7,0.013786525465548
527,153.9,0.547125637531281
528,154.1,3.33798670768738
529,154.2,2.92846608161926
530,154.4,0.304257363080978
531,154.5,0.173935666680336
532,154.7,0.0580941662192345
533,154.9,3.67779421806335
534,155.1,35.1071701049805
535,155.2,20.7983169555664
536,155.4,0.307552248239517
537,155.6,0.0469088703393936
538,155.7,0.0302609894424677
539,155.9,0.298361212015152
540,156.1,1.96176195144653
541,156.2,1.51209568977356
542,156.4,0.14566895365715
543,156.5,0.0656377375125885
544,156.8,0.0918234661221504
545,157.0,0.504118621349335
546,157.2,0.971993386745453
547,157.3,0.173935666680336
548,157.5,0.0344229601323605
549,157.9,0.0465620383620262
550,158.1,0.289430320262909
551,158.2,0.294806212186813
552,158.5,0.0620827190577984
553,158.8,0.013786525465548
554,159.0,1.07014656066895
555,159.1,3.53646063804626
556,159.3,0.716986060142517
557,159.5,0.0131795713678002
558,160.0,0.0658978596329689
559,160.2,0.130061566829681
560,160.3,0.0564467199146748
561,160.7,0.0524581633508205
562,160.9,1.74221801757813
563,161.1,10.5349864959717
564,161.2,3.58423662185669
565,161.5,0.0287869591265917
566,161.7,0.0132662793621421
567,161.9,0.291511327028275
568,162.1,1.50836730003357
569,162.2,0.832740843296051
570,162.3,0.350819379091263
571,162.5,0.0756091251969337
572,162.7,0.0933841988444328
573,162.9,5.82823181152344
574,163.1,43.1545143127441
575,163.2,12.7581720352173
576,163.5,0.0745686292648315
577,163.7,0.0521113313734531
578,163.9,0.357929408550262
579,164.1,1.31240785121918
580,164.2,0.786352217197418
581,164.4,0.101448021829128
582,164.7,0.097546175122261
583,164.9,2.62637639045715
584,165.1,21.4162845611572
585,165.2,10.6145839691162
586,165.4,0.307552248239517
587,165.7,0.0966790914535522
588,165.9,5.07508897781372
589,166.1,61.9734687805176
590,166.2,33.8349952697754
591,166.4,0.168299660086632
592,166.5,0.0620827190577984
593,166.8,0.104829616844654
594,167.0,2.46085143089294
595,167.2,6.22890853881836
596,167.3,0.660192489624023
597,167.8,0.014046648517251
598,168.0,0.0738749653100967
599,168.2,0.152432158589363
600,168.3,0.120003469288349
601,168.6,0.0292204972356558
602,168.9,0.0566201321780682
603,169.1,0.106910601258278
604,169.2,0.171507850289345
605,169.4,0.0142200645059347
606,169.6,0.0141333565115929
607,169.8,0.0414462834596634
608,170.0,0.0606953948736191
609,170.2,0.160929501056671
610,170.4,0.0150871416553855
611,170.7,0.0284401290118694
612,170.8,0.0154339717701077
613,171.0,0.102575220167637
614,171.2,0.240093648433685
615,171.3,0.0325153917074203
616,172.0,0.0715338587760925
617,172.1,0.0876614898443222
618,172.3,0.0303476974368095
619,172.6,0.0293072052299976
620,172.8,0.0284401290118694
621,173.0,0.183213382959366
622,173.2,0.8056880235672
623,173.3,0.37769877910614
624,174.0,0.0594814866781235
625,174.2,0.0580074563622475
626,174.3,0.0159542188048363
627,174.6,0.0169947110116482
628,174.9,0.147576525807381
629,175.1,0.769530892372131
630,175.2,0.690540194511414
631,175.4,0.0567068420350552
632,175.6,0.0287002511322498
633,175.8,0.11176623404026
634,176.0,3.85120964050293
635,176.1,4.4983959197998
636,176.2,4.65785121917725
637,176.4,0.243648663163185
638,176.5,0.137605130672455
639,176.7,0.013092864304781
640,176.9,4.36755418777466
641,177.0,24.2229251861572
642,177.1,63.1948318481445
643,177.3,0.82285612821579
644,177.7,0.0343362540006638
645,177.9,1.42954993247986
646,178.1,10.5309982299805
647,178.2,5.37561798095703
648,178.4,0.141853809356689
649,178.7,0.102575220167637
650,178.9,3.10743093490601
651,179.1,30.0169944763184
652,179.2,13.1748895645142
653,179.4,0.0669383481144905
654,179.7,0.0434405617415905
655,179.8,0.013786525465548
656,180.0,0.697650194168091
657,180.2,1.55362868309021
658,180.3,0.350472569465637
659,180.7,0.0150871416553855
660,180.9,0.574351847171783
661,181.1,4.09546518325806
662,181.2,3.09373092651367
663,181.4,0.0514176711440086
664,181.6,0.0144801875576377
665,181.9,0.0874880775809288
666,182.1,0.115581378340721
667,182.2,0.16205669939518
668,182.5,0.0152605567127466
669,183.0,0.109338417649269
670,183.1,0.105523280799389
671,183.2,0.198473945260048
672,183.4,0.0131795713678002
673,183.7,0.0324286818504333
674,184.1,0.0569669641554356
675,184.2,0.0443943478167057
676,184.5,0.0508107170462608
677,185.1,0.168212950229645
678,185.2,0.0722275227308273
679,185.4,0.0554929338395596
680,185.8,0.0352900363504887
681,185.9,0.0134396944195032
682,186.0,0.0773432776331902
683,186.2,0.0285268351435661
684,186.6,0.0276597589254379
685,186.9,0.0403190851211548
686,187.2,0.0296540353447199
687,187.4,0.0643371194601059
688,187.9,0.0320818535983562
689,188.1,0.0156940948218107
690,188.2,0.0492499768733978
691,188.8,0.0417931154370308
692,189.0,2.25145244598389
693,189.2,4.88493871688843
694,189.3,0.690887033939362
695,189.6,0.0489898547530174
696,189.8,0.0287002511322498
697,190.0,0.146969571709633
698,190.2,0.321859002113342
699,190.3,0.231422871351242
700,190.7,0.111072577536106
701,190.9,7.06000185012817
702,191.1,260.711944580078
703,191.2,57.3581047058105
704,191.4,0.0728344768285751
705,191.8,0.217029392719269
706,192.0,14.3900108337402
707,192.1,52.3711090087891
708,192.3,4.32107877731323
709,192.6,0.0711870267987251
710,192.8,0.565941214561462
711,193.0,35.1937065124512
712,193.1,407.269927978516
713,193.3,5.0835862159729
714,193.7,0.0133529873564839
715,193.9,2.0303475856781
716,194.1,44.5923004150391
717,194.2,24.0063304901123
718,194.3,3.81297159194946
719,194.6,0.0312147755175829
720,194.8,0.282667130231857
721,195.0,11.6046133041382
722,195.1,40.4703025817871
723,195.3,2.60261845588684
724,195.4,0.161189630627632
725,195.7,0.0277464669197798
726,196.0,0.375964611768723
727,196.1,0.656897604465485
728,196.3,0.175669819116592
729,196.6,0.0307812355458736
730,196.8,0.0972860455513
731,197.0,3.54313707351685
732,197.1,10.3142290115356
733,197.3,1.11653518676758
734,197.4,0.12052371352911
735,197.7,0.0160409267991781
736,197.9,0.17220151424408
737,198.1,1.03190839290619
738,198.2,1.11436748504639
739,198.4,0.0705800727009773
740,198.5,0.0434405617415905
741,198.9,0.0626896694302559
742,199.1,0.626723289489746
743,199.2,0.195352464914322
744,199.5,0.028613543137908
745,199.7,0.0154339717701077
746,200.0,0.405792087316513
747,200.1,0.432237923145294
748,200.4,0.0963322669267654
749,200.6,0.0556663498282433
750,200.8,0.0443943478167057
751,201.0,0.141767099499702
752,201.1,0.314142018556595
753,201.3,0.0505505949258804
754,201.5,0.0134396944195032
755,201.8,0.0624295510351658
756,202.0,0.423133611679077
757,202.1,0.710916519165039
758,202.2,0.281973481178284
759,202.4,0.0135264024138451
760,202.7,0.0333824679255486
761,203.0,7.45868396759033
762,203.2,38.1510429382324
763,203.3,4.21356105804443
764,203.6,0.0299141593277454
765,203.8,0.0152605567127466
766,204.0,0.193878442049026
767,204.2,0.585277020931244
768,204.3,0.218416720628738
769,204.4,0.076476201415062
770,204.6,0.0267059747129679
771,204.8,0.242521464824677
772,204.9,1.0012139081955
773,205.1,18.5988903045654
774,205.2,13.2833604812622
775,205.4,0.154773265123367
776,205.6,0.030174283310771
777,205.9,0.377612084150314
778,206.0,0.794676125049591
779,206.1,1.44307637214661
780,206.3,0.0769097357988358
781,206.6,0.0217636339366436
782,206.8,0.0851469710469246
783,207.0,21.7644157409668
784,207.2,3226.31640625
785,207.3,4.75678491592407
786,207.6,0.028613543137908
787,207.8,0.166131973266602
788,208.0,30.5698432922363
789,208.2,648.631225585938
790,208.3,6.33737945556641
791,208.7,0.0619960129261017
792,208.9,3.35185980796814
793,209.1,258.469085693359
794,209.2,213.543228149414
795,209.4,0.286829113960266
796,209.8,0.0133529873564839
797,210.0,9.067458152771
798,210.2,45.0646858215332
799,210.3,4.21503496170044
800,210.4,0.409000247716904
801,210.6,0.0161276329308748
802,210.9,3.15832829475403
803,211.1,113.465187072754
804,211.2,73.7224502563477
805,211.3,5.44481039047241
806,211.5,0.0132662793621421
807,211.7,0.0543657317757607
808,211.9,0.873320043087006
809,212.1,9.74490547180176
810,212.2,7.50724029541016
811,212.4,0.254833966493607
812,212.7,0.0677187219262123
813,212.8,0.13881903886795
814,213.0,14.6165781021118
815,213.2,69.8464431762695
816,213.3,6.53992891311646
817,213.4,0.323766589164734
818,213.7,0.01708141900599
819,213.9,0.185120955109596
820,214.1,1.00190758705139
821,214.2,1.48460936546326
822,214.4,0.0465620383620262
823,214.7,0.106563776731491
824,214.9,3.82563090324402
825,215.1,44.7860069274902
826,215.2,32.1571159362793
827,215.4,0.363131880760193
828,215.5,0.0491632707417011
829,215.9,0.0285268351435661
830,216.1,0.559177994728088
831,216.2,0.409347087144852
832,216.4,0.0416196994483471
833,216.9,0.0280065890401602
834,217.1,0.236885458230972
835,217.2,0.196653082966805
836,217.7,0.0156940948218107
837,217.9,0.0489031486213207
838,218.2,0.0991936177015305
839,218.6,0.0399722531437874
840,218.8,0.0130061563104391
841,219.0,0.35307377576828
842,219.2,1.14228737354279
843,219.3,0.32792854309082
844,220.0,0.315702766180038
845,220.2,0.642937660217285
846,220.3,0.159975722432137
847,220.4,0.129714727401733
848,220.7,0.0136131104081869
849,220.9,0.602531850337982
850,221.1,70.5518112182617
851,221.2,259.838897705078
852,221.4,0.717679679393768
853,221.8,0.0295673292130232
854,222.0,5.01604080200195
855,222.2,57.195873260498
856,222.3,10.3566284179688
857,222.6,0.168126240372658
858,222.9,0.802306413650513
859,223.1,34.6953964233398
860,223.2,38.092342376709
861,223.4,0.223619177937508
862,223.9,0.220584407448769
863,224.1,2.37431716918945
864,224.2,2.61649179458618
865,224.4,0.368941307067871
866,224.7,0.0155206797644496
867,224.9,1.14827013015747
868,225.0,8.82103538513184
869,225.2,196.412292480469
870,225.3,5.79060077667236
871,225.7,0.0146536026149988
872,225.9,1.23913991451263
873,226.1,20.541576385498
874,226.2,19.6856842041016
875,226.4,0.449752897024155
876,226.7,0.0461285002529621
877,226.9,1.14133358001709
878,227.1,18.8188667297363
879,227.2,14.1990804672241
880,227.4,0.106650479137897
881,228.0,0.349692195653915
882,228.2,0.681609272956848
883,228.3,0.199341014027596
884,228.9,0.0752622932195663
885,229.1,1.25205934047699
886,229.2,1.08913552761078
887,229.4,0.0591346584260464
888,230.0,0.221451491117477
889,230.2,0.653082430362701
890,230.3,0.329229176044464
891,230.7,0.0141333565115929
892,231.0,0.116448454558849
893,231.2,0.352640241384506
894,231.3,0.0541923195123672
895,231.7,0.033642590045929
896,232.0,0.042660191655159
897,232.2,0.0178617872297764
898,232.5,0.0157808028161526
899,232.9,0.0152605567127466
900,233.1,0.124425560235977
901,233.2,0.0705800727009773
902,233.5,0.028613543137908
903,233.7,0.0147403106093407
904,234.0,0.0267926827073097
905,234.1,0.0741350874304771
906,234.5,0.0155206797644496
907,234.7,0.0300008673220873
908,234.8,0.0131795713678002
909,235.0,0.718113243579865
910,235.1,0.55883115530014
911,235.2,0.795196413993835
912,235.5,0.0455215461552143
913,235.6,0.0130061563104391
914,235.8,0.0361571125686169
915,236.1,0.0410994552075863
916,236.4,0.0260990206152201
917,236.7,0.0418798215687275
918,236.9,0.263157904148102
919,237.1,1.54209661483765
920,237.2,0.971473157405853
921,237.3,0.35420098900795
922,237.5,0.05575305595994
923,237.8,0.0428336076438427
924,238.0,0.107604265213013
925,238.2,0.0835862308740616
926,238.3,0.0274863429367542
927,238.5,0.0521113313734531
928,238.8,0.0888753980398178
929,239.0,0.0896557718515396
930,239.1,0.33070319890976
931,239.3,0.0569669641554356
932,239.5,0.0136998174712062
933,239.7,0.0299141593277454
934,240.0,0.0135264024138451
935,240.2,0.0306945294141769
936,240.4,0.0319084376096725
937,240.8,0.0153472647070885
938,241.0,0.0326020978391171
939,241.2,0.0456082560122013
940,241.3,0.0131795713678002
941,241.7,0.033642590045929
942,241.9,0.013092864304781
943,242.0,0.116881988942623
944,242.2,0.0746553391218185
945,242.9,0.0588745325803757
946,243.2,0.119830049574375
947,243.4,0.0606953948736191
948,243.5,0.0139599414542317
949,243.7,0.0361571125686169
950,244.0,0.0508974231779575
951,244.1,0.047255702316761
952,244.9,0.0169947110116482
953,245.1,0.0642504096031189
954,245.3,0.0326020978391171
955,245.9,0.0341628380119801
956,246.2,0.0456082560122013
957,246.7,0.0303476974368095
958,247.0,0.014306771568954
959,247.2,0.0136131104081869
960,247.4,0.0287002511322498
961,247.6,0.0227174200117588
962,247.8,0.0294806212186813
963,248.0,0.0263591427356005
964,248.2,0.0721408128738403
965,248.6,0.0347697921097279
966,248.8,0.481227785348892
967,249.0,24.4360523223877
968,249.1,40.855110168457
969,249.3,0.471169680356979
970,249.5,0.0307812355458736
971,249.8,0.15850168466568
972,250.0,2.20124864578247
973,250.1,3.69773697853088
974,250.3,0.268967300653458
975,250.5,0.0550593957304955
976,250.7,0.0495101027190685
977,250.9,4.12035036087036
978,251.1,41.9373970031738
979,251.2,13.2006416320801
980,251.4,0.0437006838619709
981,251.8,0.0991936177015305
982,252.0,1.74351859092712
983,252.2,3.30928635597229
984,252.3,0.54790598154068
985,252.4,0.228041276335716
986,252.7,0.144628450274467
987,252.8,0.365039438009262
988,253.0,15.8348217010498
989,253.1,39.8554573059082
990,253.3,1.71273732185364
991,253.5,0.0313014835119247
992,253.7,0.0232376661151648
993,253.9,0.259776294231415
994,254.1,1.67085754871368
995,254.2,1.21382117271423
996,254.5,0.0278331749141216
997,254.8,0.0799445062875748
998,255.0,1.44160234928131
999,255.2,3.15980219841003
1000,255.3,0.419318467378616
1001,255.8,0.019075695425272
1002,256.0,0.013786525465548
1003,256.2,0.0443076379597187
1004,256.3,0.0710136145353317
1005,256.8,0.0296540353447199
1006,257.1,0.117055408656597
1007,257.3,0.102228388190269
1008,257.7,0.0210699737071991
1009,258.5,0.0139599414542317
1010,258.7,0.0276597589254379
1011,259.1,0.0265325587242842
1012,259.2,0.0141333565115929
1013,259.4,0.0322552658617496
1014,260.1,0.0157808028161526
1015,260.3,0.0350299142301083
1016,260.6,0.0174282491207123
1017,260.8,0.0130061563104391
1018,261.1,0.0308679435402155
1019,261.3,0.0132662793621421
1020,262.3,0.0141333565115929
1021,262.6,0.032688807696104
1022,263.0,0.0433538556098938
1023,263.2,0.093037374317646
1024,263.6,0.0134396944195032
1025,263.8,0.0131795713678002
1026,264.5,0.0151738487184048
1027,264.8,0.204456776380539
1028,265.0,19.0319080352783
1029,265.1,70.2524948120117
1030,265.3,1.58865869045258
1031,265.7,0.0132662793621421
1032,265.9,0.893349528312683
1033,266.1,8.54478454589844
1034,266.2,6.44073534011841
1035,266.4,0.123124942183495
1036,266.7,0.0708401948213577
1037,266.8,0.521807014942169
1038,267.0,34.9830055236816
1039,267.1,214.86083984375
1040,267.3,1.64761984348297
1041,267.8,0.382294297218323
1042,268.0,16.6138896942139
1043,268.1,40.0837593078613
1044,268.3,1.94771528244019
1045,268.4,0.23558484017849
1046,268.7,0.104742914438248
1047,268.8,0.220237582921982
1048,269.0,16.1281547546387
1049,269.1,60.3963394165039
1050,269.3,3.90462160110474
1051,269.4,0.155727043747902
1052,269.6,0.0135264024138451
1053,269.8,0.0418798215687275
1054,270.0,1.3911384344101
1055,270.1,3.37423038482666
1056,270.3,0.799531757831573
1057,270.5,0.0590479485690594
1058,270.7,0.119483225047588
1059,270.9,1.54305040836334
1060,271.1,14.407265663147
1061,271.2,6.47637224197388
1062,271.3,1.64345788955688
1063,271.5,0.0144801875576377
1064,271.8,0.0138732334598899
1065,272.0,0.0867077112197876
1066,272.1,0.117228820919991
1067,272.2,0.321165353059769
1068,272.4,0.0136131104081869
1069,272.9,0.124859102070332
1070,273.1,0.253359913825989
1071,273.2,0.139599412679672
1072,273.3,0.0563600100576878
1073,273.7,0.0357235744595528
1074,274.1,0.109858669340611
1075,274.2,0.0283534210175276
1076,274.4,0.0890488177537918
1077,274.5,0.0142200645059347
1078,274.8,0.0703199505805969
1079,275.1,0.0358102843165398
1080,275.4,0.0461285002529621
1081,276.0,0.0135264024138451
1082,276.2,0.0489898547530174
1083,276.4,0.0131795713678002
1084,276.7,0.0202896036207676
1085,277.1,0.0263591427356005
1086,277.3,0.0561865940690041
1087,277.5,0.0300875753164291
1088,278.1,0.0319084376096725
1089,278.4,0.080811582505703
1090,278.9,0.416370421648026
1091,279.1,2.75227618217468
1092,279.2,3.1108992099762
1093,279.4,0.0922570005059242
1094,279.7,0.013092864304781
1095,280.0,0.164657935500145
1096,280.2,0.376918405294418
1097,280.5,0.0670250579714775
1098,280.8,0.617358863353729
1099,281.0,34.9060974121094
1100,281.2,1412.66796875
1101,281.3,12.0297403335571
1102,281.5,0.0147403106093407
1103,281.7,0.030174283310771
1104,281.9,1.83837687969208
1105,282.1,176.092346191406
1106,282.2,206.600448608398
1107,282.4,0.520246267318726
1108,282.7,0.0565334260463715
1109,282.9,1.78617882728577
1110,283.1,134.674331665039
1111,283.2,189.781066894531
1112,283.4,0.321078658103943
1113,283.6,0.033729299902916
1114,283.8,0.0690193325281143
1115,284.0,9.39400005340576
1116,284.2,52.0673713684082
1117,284.3,7.22760772705078
1118,284.5,0.194745510816574
1119,284.9,2.35619521141052
1120,285.1,71.824592590332
1121,285.2,47.3860244750977
1122,285.4,0.15277898311615
1123,285.7,0.0626896694302559
1124,285.8,0.0412728674709797
1125,286.0,3.85320377349854
1126,286.2,11.2468566894531
1127,286.3,1.78470480442047
1128,286.6,0.0309546515345573
1129,286.8,0.116535156965256
1130,287.0,7.15616035461426
1131,287.2,24.6901931762695
1132,287.3,4.03190851211548
1133,287.5,0.0163010489195585
1134,288.0,0.160495966672897
1135,288.2,0.513049483299255
1136,288.3,0.213214248418808
1137,288.8,0.0569669641554356
1138,289.0,1.49874269962311
1139,289.2,3.52527523040771
1140,289.3,0.482875227928162
1141,289.7,0.0134396944195032
1142,290.0,0.0300008673220873
1143,290.2,0.0807248800992966
1144,290.5,0.0162143409252167
1145,290.9,0.0287002511322498
1146,291.1,0.0432671457529068
1147,291.4,0.0313014835119247
1148,291.9,0.0343362540006638
1149,292.5,0.0322552658617496
1150,292.7,0.0205497276037931
1151,292.9,0.0410127453505993
1152,293.1,0.242174625396729
1153,293.2,0.255961149930954
1154,293.3,0.120176881551743
1155,293.6,0.0376311466097832
1156,294.0,0.0296540353447199
1157,294.2,0.0402323752641678
1158,294.4,0.014306771568954
1159,294.6,0.050203762948513
1160,294.8,0.0867077112197876
1161,295.0,5.0887885093689
1162,295.2,45.5388870239258
1163,295.3,11.056360244751
1164,296.0,1.6125899553299
1165,296.1,3.96063470840454
1166,296.2,6.97788953781128
1167,296.4,0.631232142448425
1168,296.6,0.0290470831096172
1169,296.8,0.0303476974368095
1170,297.0,2.03901839256287
1171,297.2,9.2482442855835
1172,297.3,2.11792254447937
1173,297.8,0.0295673292130232
1174,298.0,0.0608688108623028
1175,298.2,0.303563684225082
1176,298.3,0.0555796399712563
1177,298.5,0.0590479485690594
1178,298.7,0.0492499768733978
1179,298.9,0.897338092327118
1180,299.1,53.8036918640137
1181,299.2,54.7504539489746
1182,299.3,7.84531354904175
1183,299.8,0.0644238293170929
1184,300.0,4.7201075553894
1185,300.2,18.6973037719727
1186,300.3,4.12251806259155
1187,300.6,0.0135264024138451
1188,300.8,0.0628630891442299
1189,301.0,2.36677360534668
1190,301.2,10.1980400085449
1191,301.3,2.07526230812073
1192,301.5,0.014306771568954
1193,301.9,0.0705800727009773
1194,302.0,0.111419402062893
1195,302.3,0.141246855258942
1196,302.4,0.013092864304781
1197,302.6,0.0261857286095619
1198,302.8,0.0274863429367542
1199,303.0,0.0578340403735638
1200,303.2,0.14566895365715
1201,303.3,0.0424000695347786
1202,303.7,0.0130061563104391
1203,304.0,0.0139599414542317
1204,304.3,0.0142200645059347
1205,304.8,0.0136131104081869
1206,305.0,0.0158675108104944
1207,305.5,0.0220237579196692
1208,306.1,0.0298274513334036
1209,306.9,0.0348564982414246
1210,307.3,0.0446544699370861
1211,307.4,0.0306078214198351
1212,307.8,0.0133529873564839
1213,308.2,0.0134396944195032
1214,308.5,0.0149137256667018
1215,309.2,0.0589612424373627
1216,309.4,0.0896557718515396
1217,309.7,0.0132662793621421
1218,309.9,0.035203330218792
1219,310.1,0.027139512822032
1220,310.8,0.0575739182531834
1221,311.0,0.375097543001175
1222,311.1,0.911644816398621
1223,311.3,0.131882429122925
1224,312.0,0.013786525465548
1225,312.2,0.0332957617938519
1226,312.6,0.0329489298164845
1227,312.8,0.0404057912528515
1228,313.0,0.684037089347839
1229,313.2,1.62160754203796
1230,313.3,0.312841415405273
1231,313.9,0.014306771568954
1232,314.1,0.0857539251446724
1233,314.3,0.0161276329308748
1234,314.9,0.0560998879373074
1235,315.1,0.0757825374603271
1236,315.7,0.0183820333331823
1237,316.0,0.0139599414542317
1238,316.6,0.0133529873564839
1239,316.9,0.0136998174712062
1240,317.1,0.013092864304781
1241,317.3,0.0147403106093407
1242,318.2,0.0344229601323605
1243,318.8,0.0131795713678002
1244,319.2,0.0184687413275242
1245,319.7,0.0465620383620262
1246,320.0,0.0149137256667018
1247,320.5,0.0457816682755947
1248,321.2,0.0172548331320286
1249,321.9,0.0143934795632958
1250,322.7,0.0196826495230198
1251,323.0,0.31787046790123
1252,323.2,0.58649092912674
1253,323.3,0.0430937297642231
1254,323.5,0.0298274513334036
1255,323.7,0.0159542188048363
1256,324.1,0.013092864304781
1257,324.5,0.0150004336610436
1258,324.7,0.126506552100182
1259,324.9,4.17549657821655
1260,325.1,34.9524841308594
1261,325.2,12.9724273681641
1262,325.5,0.0264458507299423
1263,325.7,0.0907829701900482
1264,325.9,0.519812703132629
1265,326.1,3.04274678230286
1266,326.2,2.28682899475098
1267,326.4,0.277898192405701
1268,326.7,0.137345016002655
1269,326.9,5.70874881744385
1270,327.1,83.3877563476563
1271,327.2,24.2090530395508
1272,327.3,1.16231679916382
1273,327.7,0.106216944754124
1274,327.9,2.49700856208801
1275,328.1,16.3471775054932
1276,328.2,6.98820781707764
1277,328.4,0.165004774928093
1278,328.6,0.153125807642937
1279,328.8,0.358189553022385
1280,329.0,5.82363653182983
1281,329.1,10.2149486541748
1282,329.3,0.930547118186951
1283,329.5,0.0168212950229645
1284,329.8,0.041186161339283
1285,330.0,0.10248851031065
1286,330.2,0.262464225292206
1287,330.3,0.0605219788849354
1288,330.8,0.0645972415804863
1289,331.0,0.679268181324005
1290,331.2,2.06789207458496
1291,331.3,0.281366527080536
1292,332.0,0.0758692473173141
1293,332.2,0.134657070040703
1294,332.3,0.091303214430809
1295,332.9,0.0328622199594975
1296,333.1,0.0136131104081869
1297,333.2,0.0836729407310486
1298,333.8,0.0130061563104391
1299,334.4,0.0181219112128019
1300,334.6,0.0149137256667018
1301,335.4,0.0130061563104391
1302,336.0,0.0149137256667018
1303,336.4,0.0153472647070885
1304,336.9,0.0164744649082422
1305,337.3,0.0300875753164291
1306,337.6,0.0157808028161526
1307,337.8,0.0189889874309301
1308,338.6,0.0131795713678002
1309,338.8,0.0718806907534599
1310,339.0,2.24937129020691
1311,339.1,5.86560297012329
1312,339.3,0.991242527961731
1313,339.5,0.013786525465548
1314,340.0,0.144628450274467
1315,340.2,0.39686119556427
1316,340.3,0.238966450095177
1317,340.7,0.10959853976965
1318,340.9,2.93965148925781
1319,341.0,22.5940341949463
1320,341.1,211.237930297852
1321,341.3,3.22934198379517
1322,341.6,0.0459550842642784
1323,341.7,0.0284401290118694
1324,341.9,2.73189973831177
1325,342.1,43.3327827453613
1326,342.2,28.8695907592773
1327,342.4,0.353333920240402
1328,342.7,0.139772832393646
1329,342.8,0.318390697240829
1330,343.0,13.7886934280396
1331,343.1,55.6877670288086
1332,343.3,4.4143762588501
1333,343.6,0.0136998174712062
1334,343.8,0.162143409252167
1335,344.0,2.00745677947998
1336,344.2,5.3058180809021
1337,344.3,0.868984639644623
1338,344.5,0.0159542188048363
1339,344.7,0.057313796132803
1340,344.8,0.138038665056229
1341,345.0,5.70085859298706
1342,345.2,15.6470994949341
1343,345.3,3.07985782623291
1344,345.6,0.0174282491207123
1345,345.8,0.0136998174712062
1346,346.0,0.21945720911026
1347,346.2,1.09780633449554
1348,346.3,0.297407448291779
1349,346.7,0.0293072052299976
1350,346.9,0.0162143409252167
1351,347.1,0.154599845409393
1352,347.3,0.177837505936623
1353,347.5,0.0201161876320839
1354,347.7,0.0131795713678002
1355,347.9,0.0142200645059347
1356,348.2,0.0417064093053341
1357,348.5,0.0287869591265917
1358,349.1,0.0135264024138451
1359,349.4,0.0144801875576377
1360,349.9,0.0432671457529068
1361,350.7,0.0254053585231304
1362,351.0,0.0136131104081869
1363,351.2,0.0227174200117588
1364,351.6,0.0147403106093407
1365,351.8,0.0143934795632958
1366,352.0,0.0302609894424677
1367,352.4,0.0168212950229645
1368,352.9,0.0332957617938519
1369,353.0,0.116448454558849
1370,353.2,0.0867077112197876
1371,353.5,0.013786525465548
1372,353.9,0.0264458507299423
1373,354.0,0.0135264024138451
1374,354.2,0.0265325587242842
1375,354.3,0.0588745325803757
1376,354.5,0.0131795713678002
1377,354.8,0.302089661359787
1378,355.0,11.8765277862549
1379,355.2,360.617614746094
1380,355.3,15.3131017684937
1381,355.5,0.113933928310871
1382,355.9,0.93384200334549
1383,356.1,51.4501876831055
1384,356.2,66.979621887207
1385,356.3,10.5633401870728
1386,356.6,0.0339027121663094
1387,356.8,0.120437003672123
1388,357.0,8.3675537109375
1389,357.2,87.9869918823242
1390,357.3,12.0769968032837
1391,357.4,0.304777592420578
1392,357.6,0.018555449321866
1393,357.8,0.0608688108623028
1394,357.9,0.729298532009125
1395,358.1,8.36668682098389
1396,358.2,10.7678833007813
1397,358.4,0.76961761713028
1398,358.6,0.108124509453773
1399,358.9,1.06910610198975
1400,359.1,23.7880859375
1401,359.2,34.746208190918
1402,359.4,0.790947735309601
1403,359.7,0.0460417941212654
1404,359.9,0.168559789657593
1405,360.1,3.04231333732605
1406,360.2,3.9135525226593
1407,360.4,0.409086972475052
1408,360.7,0.0655510276556015
1409,360.9,0.0707534924149513
1410,361.1,1.64042317867279
1411,361.2,1.77109169960022
1412,361.4,0.156247287988663
1413,361.7,0.0163877569139004
1414,362.2,0.0139599414542317
1415,362.3,0.0437873937189579
1416,363.0,0.208965569734573
1417,363.1,0.413248926401138
1418,363.3,0.120003469288349
1419,363.4,0.0422266535460949
1420,363.7,0.0158675108104944
1421,364.2,0.0322552658617496
1422,364.4,0.0415329933166504
1423,364.7,0.0165611729025841
1424,365.0,0.0174282491207123
1425,365.2,0.0305211134254932
1426,365.4,0.0147403106093407
1427,366.2,0.0142200645059347
1428,366.4,0.0154339717701077
1429,366.8,0.014566894620657
1430,367.4,0.0144801875576377
1431,367.7,0.0150004336610436
1432,368.0,0.0425734855234623
1433,368.2,0.0135264024138451
1434,368.5,0.0135264024138451
1435,368.8,0.0874013677239418
1436,369.0,2.10422277450562
1437,369.2,10.6949625015259
1438,369.3,4.75548410415649
1439,369.5,0.082372322678566
1440,369.9,0.0307812355458736
1441,370.1,0.392092257738113
1442,370.2,0.449406057596207
1443,370.3,0.40717938542366
1444,370.8,0.0469955764710903
1445,370.9,0.226914077997208
1446,371.1,1.45365476608276
1447,371.2,1.45634269714355
1448,371.4,0.0745686292648315
1449,371.9,0.0480360686779022
1450,372.2,0.0725743547081947
1451,372.3,0.0481227785348892
1452,372.6,0.0282667130231857
1453,372.8,0.128847658634186
1454,373.0,5.95135688781738
1455,373.2,26.2714824676514
1456,373.3,6.7216682434082
1457,373.6,0.0749154612421989
1458,373.8,0.0525448694825172
1459,374.0,0.616665244102478
1460,374.2,1.9714732170105
1461,374.3,0.848608314990997
1462,374.5,0.014566894620657
1463,374.9,0.0446544699370861
1464,375.1,0.508193850517273
1465,375.2,0.51729816198349
1466,375.4,0.0549726858735085
1467,375.9,0.0221971739083529
1468,376.3,0.0131795713678002
1469,376.5,0.014566894620657
1470,377.1,0.0282667130231857
1471,377.3,0.0769964456558228
1472,377.7,0.0208965577185154
1473,378.1,0.0148270176723599
1474,379.2,0.047168992459774
1475,379.4,0.0138732334598899
1476,379.6,0.0371976085007191
1477,379.8,0.0175149571150541
1478,380.5,0.013092864304781
1479,382.1,0.0274863429367542
1480,382.7,0.014566894620657
1481,382.9,0.0346830822527409
1482,383.2,0.0548859797418118
1483,383.3,0.0138732334598899
1484,383.5,0.0134396944195032
1485,384.8,0.118789561092854
1486,385.0,0.84123820066452
1487,385.2,2.0269660949707
1488,385.3,0.130495101213455
1489,385.5,0.0144801875576377
1490,385.7,0.0153472647070885
1491,385.8,0.091389924287796
1492,386.0,0.0422266535460949
1493,386.1,0.151911899447441
1494,386.4,0.0592213645577431
1495,386.6,0.0134396944195032
1496,386.8,0.284227877855301
1497,387.0,2.47567844390869
1498,387.1,5.42400074005127
1499,387.3,0.709615886211395
1500,387.5,0.0132662793621421
1501,387.8,0.0450013019144535
1502,388.0,0.1112459897995
1503,388.1,0.0866210013628006
1504,388.2,0.183646932244301
1505,388.5,0.0186421573162079
1506,389.0,0.0599150247871876
1507,389.1,0.163270607590675
1508,389.4,0.0900893062353134
1509,389.6,0.0344229601323605
1510,390.1,0.0308679435402155
1511,390.8,0.0488164387643337
1512,391.2,0.028613543137908
1513,392.0,0.033642590045929
1514,392.5,0.0279198829084635
1515,393.0,0.0147403106093407
1516,394.4,0.0202028956264257
1517,394.8,0.0149137256667018
1518,395.3,0.014306771568954
1519,395.9,0.0327755138278008
1520,396.7,0.0329489298164845
1521,397.2,0.0133529873564839
1522,397.8,0.057227086275816
1523,398.2,0.0144801875576377
1524,398.5,0.0394520089030266
1525,398.8,0.0865342915058136
1526,399.0,1.73276686668396
1527,399.2,3.53316569328308
1528,399.3,0.608254551887512
1529,399.5,0.0130061563104391
1530,399.6,0.0466487482190132
1531,399.8,0.0146536026149988
1532,400.0,0.114801004528999
1533,400.2,0.165698423981667
1534,400.3,0.0767363235354424
1535,400.6,0.11341368407011
1536,400.8,0.844272971153259
1537,401.0,20.9407787322998
1538,401.1,54.820255279541
1539,401.3,2.87938952445984
1540,401.7,0.193705022335052
1541,401.8,0.354721248149872
1542,402.0,6.57868719100952
1543,402.1,7.16136312484741
1544,402.2,6.58094167709351
1545,402.4,0.200468227267265
1546,402.7,0.061822596937418
1547,402.9,1.64389145374298
1548,403.0,2.93661665916443
1549,403.1,9.48747062683105
1550,403.3,1.06390357017517
1551,403.6,0.026619266718626
1552,403.8,0.0350299142301083
1553,404.0,0.095812015235424
1554,404.2,0.293072044849396
1555,404.4,0.0370241925120354
1556,404.9,0.048729732632637
1557,405.1,1.32723486423492
1558,405.2,2.14462852478027
1559,405.4,0.0392785929143429
1560,405.7,0.0174282491207123
1561,406.0,0.137258306145668
1562,406.2,0.649960994720459
1563,406.3,0.211046561598778
1564,406.8,0.0162143409252167
1565,407.0,0.0418798215687275
1566,407.2,0.239833518862724
1567,407.4,0.0195959415286779
1568,407.7,0.0214168038219213
1569,407.9,0.0150871416553855
1570,408.3,0.0317350216209888
1571,409.0,0.0339894220232964
1572,409.3,0.0701465383172035
1573,409.7,0.0285268351435661
1574,410.3,0.0228041280061007
1575,410.6,0.0147403106093407
1576,410.8,0.0274863429367542
1577,411.4,0.0178617872297764
1578,412.1,0.047168992459774
1579,413.1,0.0701465383172035
1580,413.3,0.132662788033485
1581,413.4,0.0151738487184048
1582,413.7,0.0331223458051682
1583,414.4,0.0141333565115929
1584,414.6,0.0610422268509865
1585,414.8,0.119743347167969
1586,415.0,9.09589862823486
1587,415.2,75.5909118652344
1588,415.3,10.3976411819458
1589,415.5,0.0493366867303848
1590,415.7,0.0130061563104391
1591,415.9,1.62186765670776
1592,416.1,14.3613977432251
1593,416.2,17.4573841094971
1594,416.4,0.813838541507721
1595,416.6,0.0788173079490662
1596,416.8,0.162316828966141
1597,417.0,4.54140281677246
1598,417.2,20.527702331543
1599,417.3,5.22821474075317
1600,417.5,0.0415329933166504
1601,417.8,0.0634700432419777
1602,417.9,0.0935576185584068
1603,418.1,0.472817122936249
1604,418.3,0.916327059268951
1605,418.4,0.140726611018181
1606,418.6,0.0141333565115929
1607,418.8,0.0273129288107157
1608,419.0,0.484696090221405
1609,419.2,1.93991160392761
1610,419.3,0.566981732845306
1611,419.4,0.156073868274689
1612,419.6,0.0152605567127466
1613,419.9,0.0133529873564839
1614,420.0,0.0310413595288992
1615,420.2,0.0897424817085266
1616,420.5,0.019075695425272
1617,420.7,0.0610422268509865
1618,421.2,0.187201946973801
1619,421.3,0.0428336076438427
1620,422.4,0.0329489298164845
1621,422.7,0.0270528048276901
1622,423.0,0.0176883731037378
1623,423.4,0.0141333565115929
1624,423.9,0.0319084376096725
1625,424.3,0.0526315793395042
1626,425.7,0.0321685597300529
1627,426.1,0.036677360534668
1628,427.0,0.0135264024138451
1629,427.3,0.0262724347412586
1630,428.0,0.0136131104081869
1631,428.6,0.0300875753164291
1632,428.9,1.07456862926483
1633,429.1,32.416805267334
1634,429.2,63.4286842346191
1635,429.4,1.01838207244873
1636,429.7,0.0171681270003319
1637,429.9,1.17081415653229
1638,430.1,13.9656639099121
1639,430.2,21.6928806304932
1640,430.4,0.857886075973511
1641,430.5,0.097546175122261
1642,430.7,0.0498569309711456
1643,430.9,1.12217116355896
1644,431.1,12.4628458023071
1645,431.2,18.4878177642822
1646,431.4,1.19240438938141
1647,431.8,0.035203330218792
1648,432.0,0.221017941832542
1649,432.2,1.08566725254059
1650,432.3,0.657938063144684
1651,432.6,0.0597416125237942
1652,432.8,0.085407093167305
1653,433.0,1.74629318714142
1654,433.2,9.54365730285645
1655,433.3,4.95101022720337
1656,433.5,0.0586144104599953
1657,433.7,0.0265325587242842
1658,433.9,0.0132662793621421
1659,434.1,0.398595333099365
1660,434.2,0.508454024791718
1661,434.4,0.119396515190601
1662,434.8,0.0304344054311514
1663,435.0,0.0395387150347233
1664,435.2,0.120350301265717
1665,435.3,0.146622732281685
1666,435.7,0.0149137256667018
1667,436.4,0.0139599414542317
1668,436.6,0.0135264024138451
1669,436.9,0.0157808028161526
1670,437.3,0.0340761281549931
1671,437.5,0.013786525465548
1672,438.0,0.0165611729025841
1673,438.7,0.0163010489195585
1674,439.9,0.0231509581208229
1675,440.2,0.0138732334598899
1676,440.5,0.0293939132243395
1677,440.7,0.0132662793621421
1678,440.9,0.0364172384142876
1679,441.1,0.0147403106093407
1680,441.5,0.0130061563104391
1681,442.0,0.0134396944195032
1682,442.2,0.0470822863280773
1683,442.9,0.0158675108104944
1684,443.1,0.0332957617938519
1685,443.5,0.0152605567127466
1686,443.7,0.0132662793621421
1687,443.9,0.0138732334598899
1688,444.4,0.0132662793621421
1689,444.9,0.0545391477644444
1690,445.0,0.128674238920212
1691,445.3,0.11506112664938
1692,445.4,0.0737015530467033
1693,446.0,0.0132662793621421
1694,446.2,0.0144801875576377
1695,446.8,0.0158675108104944
1696,447.1,0.125899598002434
1697,447.3,0.0678921341896057
1698,447.9,0.014566894620657
1699,448.2,0.0276597589254379
1700,449.4,0.0131795713678002
1701,450.3,0.0389317609369755
1702,450.5,0.038151390850544
1703,451.0,0.0280065890401602
1704,451.9,0.0176883731037378
1705,452.3,0.013092864304781
1706,452.8,0.017601665109396
1707,453.0,0.0274863429367542
1708,453.6,0.0144801875576377
1709,455.8,0.0289603751152754
1710,456.5,0.0294806212186813
1711,457.3,0.028613543137908
1712,457.4,0.0150871416553855
1713,457.6,0.0171681270003319
1714,457.9,0.0150004336610436
1715,458.2,0.0142200645059347
1716,458.6,0.0302609894424677
1717,458.7,0.0130061563104391
1718,458.9,0.0746553391218185
1719,459.0,0.0580074563622475
1720,459.2,0.224486261606216
1721,459.3,0.085493803024292
1722,459.6,0.0194225274026394
1723,460.0,0.0358102843165398
1724,460.3,0.0147403106093407
1725,460.7,0.0291337892413139
1726,460.9,1.48643028736115
1727,461.1,7.64874696731567
1728,461.2,5.19543933868408
1729,461.4,0.300875753164291
1730,461.6,0.0300008673220873
1731,461.9,0.0466487482190132
1732,462.1,0.481487900018692
1733,462.2,0.382987946271896
1734,462.5,0.0705800727009773
1735,462.7,0.0144801875576377
1736,462.9,0.10769097507
1737,463.1,0.254833966493607
1738,463.2,0.152952402830124
1739,463.4,0.0273996349424124
1740,463.9,0.0276597589254379
1741,464.1,0.0299141593277454
1742,464.4,0.0287869591265917
1743,464.6,0.0159542188048363
1744,464.9,0.0158675108104944
1745,465.1,0.0359837003052235
1746,465.9,0.0131795713678002
1747,466.9,0.014046648517251
1748,467.5,0.0347697921097279
1749,467.7,0.0130061563104391
1750,468.5,0.0142200645059347
1751,468.7,0.0169080030173063
1752,469.1,0.0264458507299423
1753,469.6,0.0163010489195585
1754,470.0,0.014306771568954
1755,470.3,0.013786525465548
1756,471.0,0.0136131104081869
1757,471.8,0.014566894620657
1758,472.6,0.0306945294141769
1759,472.8,0.0358102843165398
1760,473.0,0.0175149571150541
1761,473.2,0.110552325844765
1762,473.6,0.0319951437413692
1763,473.9,0.0259256046265364
1764,474.1,0.013786525465548
1765,474.7,0.0295673292130232
1766,474.9,1.25544095039368
1767,475.1,14.1761903762817
1768,475.2,14.4691753387451
1769,475.3,9.76857757568359
1770,475.5,0.194485396146774
1771,475.8,0.107777684926987
1772,476.0,1.44845223426819
1773,476.2,4.99956655502319
1774,476.3,2.19110369682312
1775,476.5,0.102575220167637
1776,476.7,0.0287002511322498
1777,476.9,0.0996271595358849
1778,477.1,1.20480358600616
1779,477.2,1.63920927047729
1780,477.4,0.179745078086853
1781,477.7,0.0136131104081869
1782,477.9,0.026619266718626
1783,478.1,0.0508974231779575
1784,478.3,0.013786525465548
1785,478.5,0.0130061563104391
1786,479.0,0.044134221971035
1787,479.2,0.0760426595807076
1788,479.4,0.12078383564949
1789,479.6,0.0297407433390617
1790,479.8,0.0136131104081869
1791,481.0,0.0147403106093407
1792,481.7,0.0316483117640018
1793,483.1,0.0183820333331823
1794,483.7,0.0141333565115929
1795,484.0,0.027139512822032
1796,484.7,0.013092864304781
1797,485.3,0.0138732334598899
1798,485.5,0.0303476974368095
1799,485.7,0.032688807696104
1800,485.9,0.0280065890401602
1801,486.2,0.0132662793621421
1802,486.5,0.014046648517251
1803,487.0,0.0182953272014856
1804,487.7,0.0240180343389511
1805,488.3,0.0188155733048916
1806,488.5,0.0155206797644496
1807,488.7,0.0186421573162079
1808,488.9,0.720454335212708
1809,489.0,2.80057215690613
1810,489.2,26.6708583831787
1811,489.3,14.1804389953613
1812,489.5,0.0880950316786766
1813,489.7,0.0991069078445435
1814,489.9,0.165698423981667
1815,490.1,3.33876705169678
1816,490.2,6.9771089553833
1817,490.4,0.848434925079346
1818,490.5,0.161102920770645
1819,490.8,0.0295673292130232
1820,491.0,0.634960532188416
1821,491.2,3.69062685966492
1822,491.3,1.44775855541229
1823,491.4,0.490071982145309
1824,491.7,0.013092864304781
1825,491.9,0.0143934795632958
1826,492.2,0.100754357874393
1827,492.3,0.0567068420350552
1828,492.4,0.047168992459774
1829,492.9,0.0981531292200089
1830,493.0,0.0171681270003319
1831,493.2,0.427208870649338
1832,493.3,0.238446190953255
1833,493.5,0.116881988942623
1834,493.7,0.0135264024138451
1835,494.3,0.0291337892413139
1836,494.5,0.0279198829084635
1837,494.7,0.0318217277526855
1838,495.3,0.0432671457529068
1839,495.5,0.0281800050288439
1840,495.7,0.0134396944195032
1841,496.5,0.0155206797644496
1842,496.8,0.0135264024138451
1843,497.4,0.014046648517251
1844,497.5,0.0324286818504333
1845,498.9,0.0321685597300529
1846,499.8,0.0181219112128019
1847,500.0,0.0184687413275242
1848,500.5,0.0163010489195585
1849,500.9,0.0509841330349445
1850,501.2,0.0709269046783447
1851,501.4,0.0594814866781235
1852,501.7,0.0132662793621421
1853,502.2,0.0296540353447199
1854,502.5,0.0224572960287333
1855,502.7,0.0521113313734531
1856,502.9,0.357149064540863
1857,503.1,3.32966279983521
1858,503.2,5.85606527328491
1859,503.4,0.615971565246582
1860,503.7,0.0139599414542317
1861,504.0,0.119916759431362
1862,504.2,0.520332932472229
1863,504.3,0.291944861412048
1864,504.4,0.0730078890919685
1865,504.6,0.0331223458051682
1866,504.8,0.014306771568954
1867,505.0,0.084019772708416
1868,505.1,0.133616581559181
1869,505.3,0.362785041332245
1870,505.4,0.0421399474143982
1871,506.0,0.0281800050288439
1872,506.2,0.0172548331320286
1873,506.4,0.0174282491207123
1874,506.9,0.0293939132243395
1875,507.1,0.583369433879852
1876,507.2,0.637388348579407
1877,507.3,0.796843826770782
1878,508.0,0.0418798215687275
1879,508.2,0.0410994552075863
1880,508.3,0.103008754551411
1881,508.9,0.0135264024138451
1882,509.4,0.0447411760687828
1883,510.2,0.0310413595288992
1884,510.9,0.0141333565115929
1885,511.2,0.0439608097076416
1886,511.7,0.013092864304781
1887,512.0,0.0229775421321392
1888,512.2,0.0136131104081869
1889,512.5,0.014306771568954
1890,513.0,0.0141333565115929
1891,514.2,0.0173415411263704
1892,514.4,0.0287869591265917
1893,514.9,0.014306771568954
1894,515.3,0.0627763792872429
1895,516.0,0.013092864304781
1896,516.2,0.0150871416553855
1897,516.7,0.0294806212186813
1898,516.9,0.0388450548052788
1899,517.5,0.0143934795632958
1900,517.8,0.0202896036207676
1901,518.0,0.0153472647070885
1902,518.4,0.014306771568954
1903,518.6,0.0131795713678002
1904,518.8,0.0419665314257145
1905,519.1,0.0136131104081869
1906,519.9,0.0268793888390064
1907,520.0,0.01708141900599
1908,520.2,0.0321685597300529
1909,520.4,0.0142200645059347
1910,520.8,0.0275730509310961
1911,521.1,0.0300875753164291
1912,521.3,0.0425734855234623
1913,521.7,0.0134396944195032
1914,522.2,0.0186421573162079
1915,522.6,0.0309546515345573
1916,523.0,0.027139512822032
1917,523.6,0.0431804396212101
1918,523.9,0.0157808028161526
1919,524.1,0.0305211134254932
1920,524.4,0.0141333565115929
1921,524.7,0.0304344054311514
1922,526.4,0.0172548331320286
1923,526.8,0.0357235744595528
1924,527.5,0.0574872121214867
1925,528.1,0.013786525465548
1926,528.7,0.0147403106093407
1927,528.9,0.0332957617938519
1928,529.8,0.0133529873564839
1929,530.0,0.0162143409252167
1930,530.8,0.0197693575173616
1931,531.2,0.0300875753164291
1932,531.9,0.0136998174712062
1933,533.1,0.0429203137755394
1934,533.3,0.0327755138278008
1935,533.9,0.0329489298164845
1936,534.2,0.0418798215687275
1937,534.6,0.0132662793621421
1938,534.9,0.260209828615189
1939,535.1,1.76120698451996
1940,535.2,2.04794931411743
1941,535.4,0.155206799507141
1942,535.7,0.0353767462074757
1943,535.9,0.0421399474143982
1944,536.1,0.058787826448679
1945,536.3,0.309546530246735
1946,536.4,0.0445677638053894
1947,536.7,0.0300008673220873
1948,536.9,0.0281800050288439
1949,537.1,0.0682389661669731
1950,537.4,0.0293072052299976
1951,537.7,0.0163010489195585
1952,538.3,0.0130061563104391
1953,538.5,0.0313881896436214
1954,539.0,0.0135264024138451
1955,539.2,0.0306945294141769
1956,539.8,0.0153472647070885
1957,540.4,0.013786525465548
1958,540.9,0.013786525465548
1959,541.3,0.0171681270003319
1960,542.2,0.013092864304781
1961,542.4,0.0300008673220873
1962,543.2,0.0224572960287333
1963,543.7,0.013786525465548
1964,543.9,0.0312147755175829
1965,544.2,0.0130061563104391
1966,544.5,0.0154339717701077
1967,544.7,0.0152605567127466
1968,545.0,0.014306771568954
1969,545.4,0.0155206797644496
1970,546.8,0.0135264024138451
1971,547.3,0.0177750810980797
1972,547.6,0.0306078214198351
1973,547.8,0.0130061563104391
1974,548.3,0.0150871416553855
1975,548.5,0.01708141900599
1976,548.9,0.23610508441925
1977,549.1,3.03104138374329
1978,549.3,7.48001384735107
1979,549.4,1.90930378437042
1980,549.7,0.0306945294141769
1981,549.9,0.0567935481667519
#"+ Scan (rt: 5.043-54.995 min, 8741 scans) 170221_WC12_1.D "
#Point,X(Thompsons),Y(Counts)
0,50.2,29.3251342773438
1,50.3,4.80471324920654
2,50.6,0.0171605087816715
3,50.9,0.674751162528992
4,51.1,26.709644317627
5,51.2,29.9510345458984
6,51.4,0.712504267692566
7,51.7,0.03466422483325
8,51.9,0.23487015068531
9,52.1,2.45486783981323
10,52.2,2.14677953720093
11,52.4,0.18785035610199
12,52.9,0.169317007064819
13,53.1,2.36140036582947
14,53.2,2.26404309272766
15,53.4,0.0950692147016525
16,53.9,0.215650379657745
17,54.1,14.2240018844604
18,54.2,20.152042388916
19,54.4,0.216680020093918
20,54.9,0.599702537059784
21,55.1,29.1901378631592
22,55.2,47.7666168212891
23,55.4,1.47568929195404
24,55.8,0.0196773819625378
25,56.0,2.69053888320923
26,56.2,34.8113479614258
27,56.3,10.2067270278931
28,56.5,0.058345727622509
29,56.9,0.333600282669067
30,57.1,20.0132713317871
31,57.2,37.5541687011719
32,57.4,1.49765467643738
33,57.5,0.102505430579185
34,58.1,0.19402813911438
35,58.2,0.189108803868294
36,58.9,0.148381188511848
37,59.1,1.94817531108856
38,59.2,1.75792241096497
39,59.4,0.115433014929295
40,59.9,0.107996799051762
41,60.1,1.54913628101349
42,60.2,1.14060175418854
43,60.4,0.0567440800368786
44,60.8,0.0203638020902872
45,61.0,0.28326278924942
46,61.2,0.188079163432121
47,61.5,0.0177325252443552
48,61.9,0.0177325252443552
49,62.1,0.113488160073757
50,62.2,0.0409564115107059
51,62.7,0.020478205755353
52,63.0,0.863859951496124
53,63.2,2.89314723014832
54,63.3,0.619494318962097
55,63.5,0.0369522944092751
56,63.8,0.287266910076141
57,64.0,14.8317127227783
58,64.1,23.3589973449707
59,64.3,1.369065284729
60,64.8,0.0189909618347883
61,65.0,5.84818649291992
62,65.2,35.3532791137695
63,65.3,6.73755884170532
64,65.5,0.0187621545046568
65,65.8,0.0191053654998541
66,66.0,0.581169188022614
67,66.2,1.5761353969574
68,66.3,0.385539412498474
69,66.6,0.0179613325744867
70,66.8,0.0361514687538147
71,67.0,1.58528769016266
72,67.2,7.33211326599121
73,67.3,1.47580373287201
74,67.4,0.309461146593094
75,68.0,0.172749117016792
76,68.2,0.314952522516251
77,68.3,0.201349958777428
78,68.5,0.0207070130854845
79,68.9,0.512412786483765
80,69.1,9.31186389923096
81,69.2,12.4990272521973
82,69.4,0.665484488010406
83,69.9,0.128818213939667
84,70.0,0.495252251625061
85,70.2,3.61960864067078
86,70.3,1.30877470970154
87,70.6,0.0773366913199425
88,70.7,0.0205926094204187
89,70.9,0.286580473184586
90,71.1,35.3646049499512
91,71.2,68.7699356079102
92,71.4,0.557602107524872
93,72.0,0.236700609326363
94,72.2,0.701178371906281
95,72.3,0.333714663982391
96,72.5,0.0185333490371704
97,72.9,1.15147006511688
98,73.1,117.819473266602
99,73.2,309.455108642578
100,73.4,0.751744627952576
101,73.6,0.0183045417070389
102,73.9,0.795789957046509
103,74.0,3.4500629901886
104,74.2,25.5683555603027
105,74.3,4.5867748260498
106,74.5,0.0418716408312321
107,74.8,0.0938107743859291
108,75.0,7.85470771789551
109,75.2,39.7265777587891
110,75.3,5.47054100036621
111,75.5,0.048964649438858
112,75.9,0.558746159076691
113,76.1,7.88445234298706
114,76.2,7.99004697799683
115,76.4,0.426610231399536
116,76.7,0.0367234870791435
117,76.9,2.05834579467773
118,77.1,133.980087280273
119,77.2,142.565155029297
120,77.4,1.02974486351013
121,77.8,0.162109598517418
122,78.0,21.5396404266357
123,78.2,140.684814453125
124,78.3,27.5231666564941
125,78.5,0.144491478800774
126,78.7,0.104907907545567
127,78.9,2.01796126365662
128,79.1,327.322387695313
129,79.2,167.296081542969
130,79.4,0.0624642483890057
131,79.8,0.0977004915475845
132,79.9,0.553826808929443
133,80.1,7.03008794784546
134,80.2,5.08431529998779
135,80.4,0.365290015935898
136,80.7,0.0562864653766155
137,80.9,2.9668231010437
138,81.1,357.824737548828
139,81.2,142.406021118164
140,81.4,0.169889032840729
141,81.9,0.62487131357193
142,82.1,4.05788803100586
143,82.2,3.52579808235168
144,82.4,0.177325248718262
145,82.9,0.49582427740097
146,83.1,8.03271961212158
147,83.2,10.4793500900269
148,83.4,0.548907458782196
149,83.6,0.0172749105840921
150,84.0,0.114517793059349
151,84.2,1.0020592212677
152,84.3,0.36631965637207
153,84.6,0.0201349966228008
154,84.9,5.13980102539063
155,85.1,60.5026893615723
156,85.2,27.7883529663086
157,85.4,0.448461264371872
158,85.9,0.0201349966228008
159,86.2,0.041414026170969
160,86.8,0.0358082614839077
161,87.0,0.545475363731384
162,87.2,1.01887655258179
163,87.3,0.219768911600113
164,87.6,0.0191053654998541
165,87.9,0.0191053654998541
166,88.0,0.127788588404655
167,88.2,0.144949093461037
168,88.8,0.0193341728299856
169,89.0,3.07310366630554
170,89.2,14.864089012146
171,89.3,2.36792135238647
172,89.6,0.0227662734687328
173,90.1,0.0362658724188805
174,90.3,0.0354650504887104
175,90.8,0.0613202154636383
176,90.9,1.61937987804413
177,91.1,47.9749450683594
178,91.2,53.9569854736328
179,91.4,1.07928156852722
180,91.9,0.153414934873581
181,92.1,2.21988320350647
182,92.2,1.92506575584412
183,92.4,0.137512877583504
184,92.8,0.0390115529298782
185,93.0,0.430614352226257
186,93.1,1.22034096717834
187,93.3,0.439881026744843
188,93.9,0.388971507549286
189,94.1,6.66720056533813
190,94.2,5.15581750869751
191,94.4,0.160507947206497
192,94.9,0.0952980220317841
193,95.1,2.97322964668274
194,95.2,4.44949102401733
195,95.4,0.601418614387512
196,95.7,0.238187849521637
197,95.9,7.47751951217651
198,96.1,91.2465362548828
199,96.2,70.0533142089844
200,96.4,2.80185341835022
201,96.6,0.291271030902863
202,96.8,1.83880567550659
203,97.0,4.53563642501831
204,97.2,7.15776205062866
205,97.3,2.59306716918945
206,97.6,0.0653243362903595
207,97.9,0.0940395817160606
208,98.1,0.615833401679993
209,98.2,0.842466533184052
210,98.4,0.0884338170289993
211,99.0,0.0971284732222557
212,99.2,0.224116235971451
213,99.3,0.0177325252443552
214,99.7,0.0199061892926693
215,100.1,0.0633794739842415
216,100.3,0.019562978297472
217,100.9,0.0530831702053547
218,101.2,0.017846928909421
219,101.6,0.0185333490371704
220,101.8,0.0189909618347883
221,102.0,0.0755062326788902
222,102.2,0.182931020855904
223,102.3,0.0192197691649199
224,102.9,1.06990051269531
225,103.1,9.37352752685547
226,103.2,5.43656349182129
227,103.4,0.17011784017086
228,103.6,0.0192197691649199
229,103.9,0.677039265632629
230,104.1,8.04850673675537
231,104.2,7.31220674514771
232,104.4,0.309461146593094
233,104.6,0.0173893142491579
234,104.8,0.3681500852108
235,105.0,25.3062572479248
236,105.2,150.84635925293
237,105.3,12.1065092086792
238,105.5,0.0184189453721046
239,105.8,0.019562978297472
240,106.0,0.904244363307953
241,106.1,2.19414258003235
242,106.3,0.589978277683258
243,106.8,0.0915227085351944
244,107.0,0.231895670294762
245,107.1,0.737673044204712
246,107.3,0.132021501660347
247,108.1,0.0558288507163525
248,108.3,0.0787095278501511
249,108.8,0.0221942570060492
250,109.1,0.243908017873764
251,109.2,0.113831371068954
252,109.3,0.206726923584938
253,110.0,0.0378675200045109
254,110.2,0.304541826248169
255,110.4,0.0368378907442093
256,110.9,0.133508756756783
257,111.1,0.762727379798889
258,111.3,1.09850132465363
259,111.4,0.154558971524239
260,111.9,0.0993021428585052
261,112.1,0.325820833444595
262,112.2,0.394348472356796
263,112.4,0.0172749105840921
264,112.9,0.0367234870791435
265,113.1,0.0755062326788902
266,113.2,0.225374668836594
267,113.4,0.0187621545046568
268,114.1,0.100102961063385
269,114.8,0.0669259801506996
270,115.0,2.02665591239929
271,115.2,6.01944875717163
272,115.3,0.877588391304016
273,115.9,0.0363802760839462
274,116.1,0.0211646258831024
275,116.3,0.0361514687538147
276,116.9,0.199633911252022
277,117.1,2.05731606483459
278,117.2,1.62590098381042
279,117.4,0.0367234870791435
280,118.0,0.192769706249237
281,118.2,0.663768470287323
282,118.3,0.176638826727867
283,118.5,0.0411852188408375
284,118.9,1.13316559791565
285,119.1,13.5408992767334
286,119.2,8.33703231811523
287,119.4,0.118064291775227
288,119.9,0.0561720617115498
289,120.1,0.221599355340004
290,120.2,0.208786174654961
291,120.5,0.038782749325037
292,120.8,0.271021634340286
293,121.0,11.5057773590088
294,121.1,30.3267364501953
295,121.3,3.17103314399719
296,121.9,1.99199175834656
297,122.1,26.4634475708008
298,122.2,20.5330047607422
299,122.4,0.339320451021194
300,122.6,0.0187621545046568
301,122.9,0.100102961063385
302,123.1,0.852534055709839
303,123.2,0.725088655948639
304,123.4,0.0422148481011391
305,124.2,0.0531975738704205
306,124.9,0.186706319451332
307,125.1,0.538382351398468
308,125.2,0.351447194814682
309,125.5,0.0369522944092751
310,125.9,0.129047021269798
311,126.0,0.0550280287861824
312,126.1,0.114860996603966
313,126.4,0.0731037631630898
314,126.9,0.0396979749202728
315,127.1,0.0932387635111809
316,127.3,0.17171947658062
317,127.4,0.0171605087816715
318,127.8,0.0541128031909466
319,127.9,0.103763870894909
320,128.1,0.443198710680008
321,128.2,0.518361747264862
322,128.4,0.0600617788732052
323,128.8,0.0176181215792894
324,129.0,0.30316898226738
325,129.1,0.507493436336517
326,129.4,0.199519500136375
327,129.9,0.0361514687538147
328,130.1,0.0543416067957878
329,130.3,0.0765358656644821
330,130.5,0.0359226651489735
331,130.8,0.0372955054044724
332,131.0,0.785951256752014
333,131.1,1.84784352779388
334,131.3,0.286351680755615
335,131.8,0.0202494002878666
336,132.0,0.094840407371521
337,132.1,0.318727821111679
338,132.3,0.124585285782814
339,132.6,0.0362658724188805
340,132.8,0.499599575996399
341,133.0,32.0599479675293
342,133.1,97.4989166259766
343,133.3,5.30454158782959
344,133.6,0.0352362431585789
345,133.8,0.0912939012050629
346,134.0,1.3916027545929
347,134.1,2.13625454902649
348,134.3,0.507150232791901
349,134.6,0.0552568361163139
350,134.8,0.218396067619324
351,135.0,10.7670745849609
352,135.2,87.118522644043
353,135.3,9.77428245544434
354,135.5,0.0520535409450531
355,135.9,0.25180184841156
356,136.1,2.70506811141968
357,136.2,1.8850245475769
358,136.3,1.10307741165161
359,136.6,0.072989359498024
360,136.8,0.314380496740341
361,137.0,12.7366437911987
362,137.1,35.1983757019043
363,137.3,3.44434285163879
364,137.8,0.0526255592703819
365,138.1,0.389314711093903
366,138.2,0.10536552220583
367,138.3,0.109598442912102
368,138.7,0.0227662734687328
369,138.9,0.817984223365784
370,139.1,9.49307823181152
371,139.2,5.15741920471191
372,139.4,0.0545704141259193
373,139.9,0.0418716408312321
374,140.1,0.0751630216836929
375,140.8,0.0639514923095703
376,141.1,0.468481868505478
377,141.2,0.299508064985275
378,141.5,0.0348930321633816
379,142.0,0.0589177422225475
380,142.3,0.0598329715430737
381,143.0,0.0739045888185501
382,143.2,0.466994613409042
383,143.3,0.137627273797989
384,143.5,0.0183045417070389
385,144.2,0.0355794541537762
386,144.8,0.0350074358284473
387,144.9,0.0255119558423758
388,145.1,0.50520533323288
389,145.2,0.574648201465607
390,145.4,0.0213934332132339
391,146.0,0.0199061892926693
392,146.2,0.117377877235413
393,146.3,0.0243679210543633
394,146.6,0.0193341728299856
395,146.8,0.370781362056732
396,147.0,11.2476835250854
397,147.2,126.39274597168
398,147.3,8.58585929870605
399,147.7,0.0205926094204187
400,147.9,0.581970036029816
401,148.1,8.60016059875488
402,148.2,8.54147148132324
403,148.4,0.643061459064484
404,148.8,0.125271707773209
405,149.0,29.5847148895264
406,149.1,216.962707519531
407,149.3,2.86260151863098
408,149.9,0.5227090716362
409,150.1,5.07962465286255
410,150.2,3.11348819732666
411,150.4,0.101819016039371
412,150.6,0.0179613325744867
413,150.8,0.103763870894909
414,151.0,2.78377771377563
415,151.1,4.86923694610596
416,151.2,4.85665273666382
417,151.4,0.0958700403571129
418,151.7,0.0370666980743408
419,151.9,0.0384395383298397
420,152.1,1.25740766525269
421,152.2,1.16519844532013
422,152.7,0.0406132005155087
423,152.9,1.86855053901672
424,153.1,17.3207874298096
425,153.2,11.1528425216675
426,153.4,0.164512068033218
427,153.7,0.0378675200045109
428,153.8,0.0192197691649199
429,154.0,0.543873727321625
430,154.2,1.35110402107239
431,154.3,0.373183846473694
432,154.7,0.0943827927112579
433,154.9,1.9758608341217
434,155.1,18.0732173919678
435,155.2,11.0757350921631
436,155.4,0.287038087844849
437,155.7,0.0212790295481682
438,156.0,0.696945428848267
439,156.2,1.65713310241699
440,156.3,0.47809174656868
441,156.5,0.0266559887677431
442,156.7,0.0736757814884186
443,156.9,0.134309574961662
444,157.0,0.0950692147016525
445,157.1,0.154215767979622
446,157.3,0.0219654496759176
447,158.0,0.113716967403889
448,158.2,0.158219888806343
449,158.3,0.043244481086731
450,158.9,0.0983869135379791
451,159.1,0.423635751008987
452,159.3,0.564123094081879
453,159.4,0.0398123785853386
454,160.3,0.0728749558329582
455,160.9,0.174350753426552
456,161.0,0.767074704170227
457,161.2,0.267589509487152
458,161.9,0.0559432543814182
459,162.0,0.0390115529298782
460,162.2,0.0764214619994164
461,162.7,0.0187621545046568
462,162.9,2.72508859634399
463,163.1,11.5826568603516
464,163.2,3.94382786750793
465,163.5,0.0556000471115112
466,164.0,0.0678412094712257
467,164.2,0.119437135756016
468,164.3,0.0250543411821127
469,164.7,0.0250543411821127
470,164.9,0.42592379450798
471,165.1,2.66216683387756
472,165.2,1.06418025493622
473,165.3,0.614231765270233
474,165.5,0.079739160835743
475,165.7,0.110399268567562
476,165.8,0.349845558404922
477,166.0,20.9283828735352
478,166.1,52.8245048522949
479,166.3,3.55554294586182
480,166.4,0.165312886238098
481,166.9,0.110742479562759
482,167.1,0.844754576683044
483,167.2,0.531174898147583
484,167.4,0.0433588847517967
485,168.0,0.0543416067957878
486,168.2,0.0741333961486816
487,168.5,0.0179613325744867
488,168.9,0.0172749105840921
489,169.3,0.0740189924836159
490,169.8,0.0171605087816715
491,170.0,0.0203638020902872
492,171.0,0.0358082614839077
493,171.2,0.0175037179142237
494,172.0,0.0176181215792894
495,172.2,0.0171605087816715
496,173.0,0.0966708585619926
497,173.2,0.760210514068604
498,173.3,0.324791222810745
499,173.9,0.0429012700915337
500,174.9,0.0407276041805744
501,175.1,0.0570872910320759
502,175.9,0.0186477527022362
503,176.1,0.671090245246887
504,176.2,0.369980543851852
505,176.7,0.0351218394935131
506,176.9,2.92884111404419
507,177.1,17.8605422973633
508,177.2,5.59832954406738
509,177.4,0.0200205929577351
510,177.8,0.0709301009774208
511,177.9,0.075620636343956
512,178.1,0.762841761112213
513,178.2,0.465049773454666
514,178.8,0.0958700403571129
515,179.0,1.91774392127991
516,179.1,4.22262907028198
517,179.3,0.453495025634766
518,179.7,0.017846928909421
519,180.0,0.0925523415207863
520,180.2,0.130534261465073
521,180.3,0.0573160983622074
522,181.0,0.261754959821701
523,181.2,0.408763289451599
524,181.3,0.0393547639250755
525,181.8,0.0172749105840921
526,182.1,0.0569728873670101
527,183.1,0.0351218394935131
528,183.3,0.0171605087816715
529,185.7,0.0177325252443552
530,186.1,0.0180757343769073
531,188.3,0.0172749105840921
532,188.7,0.0181901380419731
533,189.1,0.262441366910934
534,189.2,0.188193574547768
535,189.6,0.0196773819625378
536,190.4,0.0369522944092751
537,190.8,1.14105939865112
538,191.0,42.2738800048828
539,191.1,110.730239868164
540,191.3,2.44502925872803
541,191.9,1.20523965358734
542,192.1,7.83342885971069
543,192.2,5.02230882644653
544,192.5,0.0918659195303917
545,192.7,0.0552568361163139
546,192.9,6.2218279838562
547,193.1,128.364379882813
548,193.2,71.2277755737305
549,193.4,0.341494113206863
550,193.8,0.0935819670557976
551,194.0,3.74442291259766
552,194.1,10.8392629623413
553,194.3,1.49845552444458
554,194.7,0.0187621545046568
555,194.9,0.711817860603333
556,195.1,5.99782609939575
557,195.2,3.6006178855896
558,195.4,0.0646379142999649
559,195.7,0.0177325252443552
560,196.0,0.113259352743626
561,196.1,0.0176181215792894
562,196.2,0.0741333961486816
563,196.4,0.0176181215792894
564,196.8,0.0175037179142237
565,197.0,0.775883793830872
566,197.2,1.76581621170044
567,197.3,0.269076764583588
568,197.9,0.0745910108089447
569,198.2,0.152499720454216
570,198.3,0.0185333490371704
571,199.1,0.0380963273346424
572,199.5,0.0171605087816715
573,200.0,0.0189909618347883
574,201.0,0.0239103082567453
575,201.8,0.0393547639250755
576,202.0,0.0205926094204187
577,202.3,0.0406132005155087
578,203.0,0.842580914497375
579,203.2,1.86706328392029
580,203.3,0.263356596231461
581,203.6,0.0193341728299856
582,204.2,0.0202494002878666
583,204.9,0.160279139876366
584,205.1,1.29710555076599
585,205.2,1.2242306470871
586,205.4,0.0189909618347883
587,206.1,0.225031465291977
588,206.2,0.133279949426651
589,206.8,0.0824848413467407
590,207.0,26.0394687652588
591,207.1,1665.2490234375
592,207.3,5.69877576828003
593,207.6,0.0377531163394451
594,207.8,0.199519500136375
595,208.0,36.5810546875
596,208.1,303.068542480469
597,208.3,6.70861434936523
598,208.7,0.0817984193563461
599,208.9,4.05880355834961
600,209.1,140.738586425781
601,209.2,91.324333190918
602,209.4,0.265301465988159
603,209.9,0.420089244842529
604,210.1,5.95046329498291
605,210.2,4.5740761756897
606,210.4,0.135339200496674
607,210.8,0.242763981223106
608,211.0,19.8072299957275
609,211.1,43.6262435913086
610,211.2,37.7308082580566
611,211.4,0.222743391990662
612,211.6,0.0359226651489735
613,211.8,0.0184189453721046
614,212.0,0.751401424407959
615,212.1,1.19711709022522
616,212.2,1.18544793128967
617,212.4,0.0552568361163139
618,212.8,0.101933419704437
619,213.0,8.89577865600586
620,213.2,32.3926315307617
621,213.3,4.79967975616455
622,213.5,0.0217366442084312
623,213.7,0.0225374680012465
624,213.9,0.0785951241850853
625,214.1,0.360256254673004
626,214.2,0.282576352357864
627,214.7,0.0535407848656178
628,214.9,2.86317348480225
629,215.1,38.2828063964844
630,215.2,28.405101776123
631,215.4,0.414826691150665
632,215.9,0.0175037179142237
633,216.1,0.278572231531143
634,216.3,0.272852063179016
635,216.4,0.017846928909421
636,217.0,0.0171605087816715
637,217.2,0.106852762401104
638,218.1,0.0193341728299856
639,218.8,0.0171605087816715
640,219.2,0.041414026170969
641,219.3,0.0542272068560123
642,219.9,0.0176181215792894
643,220.1,0.0442741103470325
644,220.3,0.0205926094204187
645,220.5,0.0358082614839077
646,220.8,0.13545361161232
647,221.0,7.16771554946899
648,221.1,29.2651863098145
649,221.2,62.3727264404297
650,221.4,0.773366868495941
651,221.7,0.0193341728299856
652,221.9,0.207413345575333
653,222.1,5.03111791610718
654,222.2,6.61663436889648
655,222.4,0.294359922409058
656,222.6,0.0446173213422298
657,222.9,0.392746835947037
658,223.1,7.40876340866089
659,223.2,6.85573720932007
660,223.4,0.163368031382561
661,224.0,0.0482782274484634
662,224.1,0.170689851045609
663,224.4,0.0800823718309402
664,224.8,0.129390224814415
665,225.0,8.62201118469238
666,225.2,58.8034553527832
667,225.3,4.98089456558228
668,225.8,0.0386683456599712
669,226.0,1.15318608283997
670,226.2,3.90046906471252
671,226.3,0.865919232368469
672,226.4,0.16016474366188
673,226.9,0.373641461133957
674,227.1,3.15913510322571
675,227.2,2.18258786201477
676,228.0,0.0798535645008087
677,228.1,0.046333372592926
678,228.2,0.140716165304184
679,229.0,0.184761464595795
680,229.2,0.34858712553978
681,229.3,0.110628075897694
682,230.0,0.0991877391934395
683,230.2,0.429927915334702
684,230.4,0.153414934873581
685,231.0,0.110628075897694
686,231.2,0.0553712397813797
687,231.9,0.0197917856276035
688,233.2,0.0175037179142237
689,235.2,0.0396979749202728
690,236.9,0.0398123785853386
691,237.1,0.0950692147016525
692,237.3,0.0527399629354477
693,237.9,0.0176181215792894
694,238.2,0.017846928909421
695,238.5,0.0172749105840921
696,239.2,0.0599473752081394
697,241.0,0.0249399375170469
698,241.2,0.0191053654998541
699,242.1,0.0189909618347883
700,242.9,0.0572016946971416
701,243.2,0.123326852917671
702,243.4,0.0589177422225475
703,243.5,0.0184189453721046
704,243.8,0.0203638020902872
705,244.0,0.0599473752081394
706,247.4,0.0172749105840921
707,248.0,0.0171605087816715
708,248.2,0.017846928909421
709,248.6,0.0216222405433655
710,248.9,1.71719479560852
711,249.1,8.06406593322754
712,249.2,2.14128828048706
713,249.4,0.0220798533409834
714,249.7,0.0177325252443552
715,250.0,0.19780345261097
716,250.1,0.283377200365067
717,250.3,0.0189909618347883
718,250.8,0.241734355688095
719,251.0,3.87163949012756
720,251.1,5.91271018981934
721,251.3,0.319414258003235
722,251.9,0.0523967519402504
723,252.1,0.172062695026398
724,252.2,0.0573160983622074
725,252.4,0.0932387635111809
726,252.7,0.0543416067957878
727,252.9,0.848529934883118
728,253.1,12.8160390853882
729,253.2,4.69236946105957
730,253.4,0.0628074556589127
731,254.0,0.539755165576935
732,254.1,1.09300994873047
733,254.3,0.0771078839898109
734,254.8,0.0379819236695766
735,255.0,0.273881703615189
736,255.1,0.500171601772308
737,255.3,0.0200205929577351
738,256.3,0.0193341728299856
739,257.1,0.0363802760839462
740,257.3,0.0175037179142237
741,263.2,0.0236815009266138
742,264.8,0.148953214287758
743,265.0,5.92598104476929
744,265.1,14.0215082168579
745,265.3,0.797277212142944
746,265.9,0.0565152727067471
747,266.1,0.416771531105042
748,266.2,0.545932948589325
749,266.4,0.0208214167505503
750,266.6,0.0194485764950514
751,266.8,0.618579089641571
752,267.0,20.408763885498
753,267.1,60.2722816467285
754,267.3,1.8146665096283
755,267.7,0.0172749105840921
756,268.0,3.5450177192688
757,268.1,5.68642044067383
758,268.3,0.422834903001785
759,268.5,0.0589177422225475
760,268.8,0.0988445281982422
761,269.0,4.99931335449219
762,269.1,12.4835834503174
763,269.3,1.66754376888275
764,269.5,0.0547992214560509
765,270.0,0.156160622835159
766,270.2,0.159135103225708
767,270.3,0.0620066337287426
768,270.6,0.0179613325744867
769,270.8,0.112916141748428
770,270.9,0.169660225510597
771,271.1,1.86386001110077
772,271.2,1.1959730386734
773,272.1,0.0419860444962978
774,272.3,0.0181901380419731
775,272.9,0.0380963273346424
776,273.1,0.0972428768873215
777,273.4,0.0177325252443552
778,273.6,0.0187621545046568
779,274.4,0.0193341728299856
780,275.3,0.0187621545046568
781,276.0,0.017846928909421
782,279.0,0.0550280287861824
783,279.2,0.189108803868294
784,279.3,0.0614346191287041
785,280.4,0.0179613325744867
786,280.8,0.716050803661346
787,281.0,40.543872833252
788,281.2,566.733764648438
789,281.3,14.2556915283203
790,281.5,0.0194485764950514
791,281.8,0.138313695788383
792,282.0,15.8799905776978
793,282.2,115.363342285156
794,282.3,6.83251333236694
795,282.5,0.0739045888185501
796,282.8,0.183846235275269
797,283.0,12.4355335235596
798,283.1,43.0981597900391
799,283.2,54.3007659912109
800,283.4,0.403500735759735
801,283.8,0.0354650504887104
802,284.0,2.24768328666687
803,284.2,8.74625301361084
804,284.3,1.97277200222015
805,284.5,0.122297219932079
806,284.8,0.29721999168396
807,285.0,10.8152389526367
808,285.1,31.4222621917725
809,285.3,3.0928955078125
810,285.7,0.0366090834140778
811,285.9,0.161880791187286
812,286.1,1.38325130939484
813,286.2,0.893376052379608
814,286.9,0.414025843143463
815,287.1,3.43233036994934
816,287.2,3.37467098236084
817,287.4,0.0783663168549538
818,288.0,0.077565498650074
819,288.1,0.0957556366920471
820,288.3,0.0226518698036671
821,289.0,0.274568140506744
822,289.1,0.617892682552338
823,289.3,0.123670063912868
824,290.0,0.0179613325744867
825,290.2,0.0358082614839077
826,291.9,0.0208214167505503
827,293.1,0.0441597066819668
828,294.8,0.0348930321633816
829,295.0,0.978492140769958
830,295.1,2.7046103477478
831,295.2,4.60954141616821
832,295.4,0.219540104269981
833,296.1,0.27170804142952
834,296.2,0.238874271512032
835,296.4,0.0183045417070389
836,296.9,0.020478205755353
837,297.1,0.349731147289276
838,297.2,0.394119679927826
839,298.2,0.0176181215792894
840,298.5,0.0194485764950514
841,298.8,0.129047021269798
842,299.0,4.83583116531372
843,299.2,20.8795337677002
844,299.3,2.93673491477966
845,299.8,0.0366090834140778
846,300.0,0.512183964252472
847,300.2,1.11348819732666
848,300.3,0.350875198841095
849,300.9,0.0692140460014343
850,301.1,0.402585506439209
851,301.2,0.370666980743408
852,301.4,0.0575449019670486
853,302.3,0.017846928909421
854,303.3,0.0351218394935131
855,307.4,0.0227662734687328
856,308.2,0.0177325252443552
857,309.4,0.0211646258831024
858,310.9,0.0386683456599712
859,311.1,0.043244481086731
860,313.0,0.0370666980743408
861,313.1,0.131907105445862
862,315.0,0.0419860444962978
863,315.1,0.0203638020902872
864,318.2,0.0203638020902872
865,323.0,0.0212790295481682
866,323.2,0.0543416067957878
867,324.8,0.157075852155685
868,325.0,2.62098169326782
869,325.1,4.84338188171387
870,325.3,0.357510596513748
871,325.5,0.0348930321633816
872,325.7,0.0172749105840921
873,326.1,0.111772105097771
874,326.2,0.206154897809029
875,326.6,0.0355794541537762
876,326.8,0.643061459064484
877,327.0,10.5373525619507
878,327.1,18.567325592041
879,327.3,0.7430499792099
880,327.8,0.0996453464031219
881,328.0,0.998055160045624
882,328.1,1.09392523765564
883,328.2,0.660221934318542
884,328.7,0.0173893142491579
885,328.9,0.135339200496674
886,329.1,0.988902866840363
887,329.3,0.273080885410309
888,330.1,0.0183045417070389
889,330.8,0.0454181432723999
890,331.0,0.686077117919922
891,331.2,2.37650156021118
892,331.3,0.234183728694916
893,332.0,0.0812264010310173
894,332.2,0.140372961759567
895,332.3,0.101132594048977
896,332.9,0.020478205755353
897,333.3,0.0629218593239784
898,338.8,0.0186477527022362
899,338.9,0.153300538659096
900,339.2,0.311291605234146
901,339.3,0.0344354175031185
902,340.0,0.038782749325037
903,340.4,0.0176181215792894
904,340.7,0.123441256582737
905,340.8,0.491362541913986
906,341.0,16.4497203826904
907,341.1,54.2926445007324
908,341.3,3.09518361091614
909,341.7,0.0385539419949055
910,341.9,1.00812268257141
911,342.0,3.00537705421448
912,342.2,9.24081897735596
913,342.3,1.23910307884216
914,342.5,0.0189909618347883
915,342.7,0.103763870894909
916,342.9,0.97471684217453
917,343.1,8.36975193023682
918,343.2,6.19791793823242
919,343.4,0.0624642483890057
920,344.0,0.129504635930061
921,344.2,0.359913051128387
922,344.3,0.0776799023151398
923,344.6,0.0185333490371704
924,344.8,0.041414026170969
925,345.0,0.591236710548401
926,345.1,1.6542729139328
927,345.3,0.381535291671753
928,346.0,0.176982045173645
929,346.2,0.826907694339752
930,346.3,0.252831488847733
931,347.3,0.078251913189888
932,354.3,0.0227662734687328
933,354.8,0.325020015239716
934,355.0,13.4052171707153
935,355.2,106.778175354004
936,355.3,10.9603023529053
937,355.6,0.0789383351802826
938,355.8,0.187278345227242
939,356.0,5.0401554107666
940,356.2,24.4618473052979
941,356.3,4.22571802139282
942,356.5,0.0171605087816715
943,356.7,0.039125956594944
944,356.9,0.823818802833557
945,357.1,11.8794183731079
946,357.2,13.2425355911255
947,357.4,0.274453729391098
948,357.6,0.0419860444962978
949,357.9,0.0972428768873215
950,358.1,0.494909048080444
951,358.2,0.569385647773743
952,358.4,0.0577737092971802
953,358.8,0.115318611264229
954,359.0,1.80151009559631
955,359.2,6.92186260223389
956,359.3,2.3244481086731
957,359.5,0.0191053654998541
958,360.1,0.260382115840912
959,360.2,0.273767292499542
960,361.0,0.0207070130854845
961,361.2,0.163024827837944
962,361.3,0.0398123785853386
963,362.3,0.0183045417070389
964,363.1,0.0946116000413895
965,363.3,0.0546848177909851
966,364.4,0.0183045417070389
967,368.8,0.0175037179142237
968,369.0,0.128932610154152
969,369.1,0.268619149923325
970,369.3,0.152270913124084
971,369.5,0.0313465259969234
972,370.2,0.0541128031909466
973,370.7,0.0191053654998541
974,371.1,0.0426724627614021
975,371.3,0.11394577473402
976,371.9,0.0184189453721046
977,372.9,0.135682418942451
978,373.1,1.34561264514923
979,373.2,1.43049991130829
980,373.4,0.0656675472855568
981,374.0,0.0208214167505503
982,374.1,0.0918659195303917
983,374.3,0.0205926094204187
984,375.3,0.0191053654998541
985,379.4,0.0183045417070389
986,384.9,0.0175037179142237
987,385.1,0.126873359084129
988,386.2,0.0189909618347883
989,386.8,0.0371811017394066
990,387.0,0.20638370513916
991,387.2,0.258322834968567
992,387.4,0.0203638020902872
993,388.0,0.0177325252443552
994,389.1,0.0179613325744867
995,389.4,0.0363802760839462
996,399.0,0.0716165229678154
997,399.1,0.0909506902098656
998,399.3,0.0171605087816715
999,400.5,0.0207070130854845
1000,400.7,0.0542272068560123
1001,400.9,1.67120468616486
1002,401.1,9.12309837341309
1003,401.2,4.35728168487549
1004,401.4,0.111314497888088
1005,402.0,0.63265073299408
1006,402.2,0.809403955936432
1007,402.3,0.199290692806244
1008,402.5,0.019562978297472
1009,402.9,0.14163139462471
1010,403.0,0.113373756408691
1011,403.1,0.515158474445343
1012,403.4,0.0553712397813797
1013,404.2,0.0171605087816715
1014,405.0,0.211646258831024
1015,405.2,3.34870147705078
1016,405.3,0.640086948871613
1017,405.7,0.0229950807988644
1018,406.0,0.145521104335785
1019,406.2,0.85756778717041
1020,406.3,0.278457850217819
1021,407.0,0.0552568361163139
1022,407.1,0.275025755167007
1023,408.3,0.0418716408312321
1024,409.7,0.0172749105840921
1025,414.7,0.0408420078456402
1026,414.9,0.916485548019409
1027,415.1,8.48129463195801
1028,415.2,9.51984882354736
1029,415.4,0.202837198972702
1030,415.6,0.0393547639250755
1031,415.8,0.0265415851026773
1032,416.0,0.642832636833191
1033,416.1,0.63265073299408
1034,416.3,1.31541013717651
1035,416.5,0.0377531163394451
1036,416.7,0.0179613325744867
1037,416.9,0.0800823718309402
1038,417.1,1.03786754608154
1039,417.2,1.24573850631714
1040,417.4,0.0750486180186272
1041,417.9,0.0402699932456017
1042,418.2,0.147694766521454
1043,418.5,0.017846928909421
1044,418.7,0.0185333490371704
1045,419.2,0.122526027262211
1046,419.3,0.0265415851026773
1047,419.4,0.0399267822504044
1048,420.1,0.0171605087816715
1049,421.2,0.0406132005155087
1050,422.7,0.0176181215792894
1051,428.6,0.0205926094204187
1052,428.9,0.761468946933746
1053,429.1,8.5225944519043
1054,429.2,12.3794755935669
1055,429.4,0.715364396572113
1056,429.8,0.0376387126743793
1057,430.0,0.518704950809479
1058,430.2,2.18830800056458
1059,430.3,0.58620297908783
1060,430.8,0.0554856434464455
1061,431.0,0.272165656089783
1062,431.2,1.55062353610992
1063,431.3,0.509895920753479
1064,431.4,0.0661251544952393
1065,432.0,0.0188765581697226
1066,432.2,0.0614346191287041
1067,432.3,0.0176181215792894
1068,432.8,0.0187621545046568
1069,433.0,0.141745790839195
1070,433.2,0.680242538452148
1071,433.3,0.349387943744659
1072,434.0,0.0192197691649199
1073,437.5,0.0181901380419731
1074,442.2,0.0172749105840921
1075,445.5,0.0347786284983158
1076,448.2,0.0183045417070389
1077,451.0,0.0177325252443552
1078,453.6,0.0191053654998541
1079,458.6,0.0216222405433655
1080,458.8,0.0203638020902872
1081,460.9,0.0668115764856339
1082,461.1,0.330854594707489
1083,461.2,0.204896464943886
1084,461.4,0.0177325252443552
1085,462.1,0.0191053654998541
1086,469.1,0.0173893142491579
1087,472.9,0.0181901380419731
1088,474.9,0.0589177422225475
1089,475.1,1.22697627544403
1090,475.2,0.744537234306335
1091,475.3,0.821988344192505
1092,476.0,0.0523967519402504
1093,476.2,0.108912020921707
1094,476.3,0.0378675200045109
1095,476.5,0.0418716408312321
1096,477.1,0.102047823369503
1097,477.5,0.0176181215792894
1098,477.9,0.0175037179142237
1099,479.0,0.0208214167505503
1100,479.3,0.0652099326252937
1101,479.4,0.0433588847517967
1102,485.8,0.0176181215792894
1103,488.9,0.107424780726433
1104,489.1,1.26049649715424
1105,489.3,1.973801612854
1106,489.4,0.297792017459869
1107,489.6,0.0363802760839462
1108,490.1,0.101361401379108
1109,490.2,0.224230632185936
1110,490.4,0.0995309427380562
1111,491.0,0.0172749105840921
1112,491.2,0.149525225162506
1113,491.4,0.0396979749202728
1114,493.2,0.0388971529901028
1115,493.4,0.0180757343769073
1116,494.3,0.0172749105840921
1117,495.5,0.0176181215792894
1118,495.7,0.0177325252443552
1119,501.4,0.0211646258831024
1120,502.9,0.0172749105840921
1121,503.1,0.104450292885303
1122,503.2,0.29104220867157
1123,503.4,0.0171605087816715
1124,504.0,0.0199061892926693
1125,504.2,0.0541128031909466
1126,504.6,0.0255119558423758
1127,505.2,0.0173893142491579
1128,507.0,0.0242535173892975
1129,507.4,0.017846928909421
1130,516.7,0.0207070130854845
1131,520.0,0.0225374680012465
1132,528.1,0.0181901380419731
1133,528.8,0.0172749105840921
1134,534.1,0.0356938578188419
1135,534.6,0.0175037179142237
1136,535.0,0.0402699932456017
1137,535.2,0.0834000706672668
1138,536.2,0.0173893142491579
1139,539.0,0.017846928909421
1140,539.8,0.0202494002878666
1141,543.9,0.0201349966228008
1142,546.8,0.017846928909421
1143,548.9,0.0210502222180367
1144,549.1,0.0803111791610718
1145,549.2,0.208557367324829
1146,549.5,0.0740189924836159
1147,549.6,0.0177325252443552
