#"+ Scan (rt: 0.088-65.997 min, 11533 scans) 190221_WL15_1.D "
#Point,X(Thompsons),Y(Counts)
0,50.2,554.305541992188
1,50.3,19.3536815643311
2,50.5,0.032688807696104
3,50.8,0.0725743547081947
4,51.0,13.3242864608765
5,51.2,726.786010742188
6,51.3,30.8133182525635
7,51.6,0.0285268351435661
8,51.7,0.014306771568954
9,51.9,1.1383855342865
10,52.1,54.3940849304199
11,52.2,351.459899902344
12,52.4,1.34197521209717
13,52.6,0.0267059747129679
14,52.8,0.12243128567934
15,53.0,7.64605903625488
16,53.2,363.947540283203
17,53.3,35.9321060180664
18,53.8,0.0704933702945709
19,54.0,9.27364921569824
20,54.2,282.910705566406
21,54.3,57.0943374633789
22,54.5,0.138125374913216
23,54.7,0.0415329933166504
24,54.9,0.191537320613861
25,55.1,50.8306579589844
26,55.2,1653.79919433594
27,55.4,0.728084623813629
28,55.9,0.156507417559624
29,56.1,52.4942321777344
30,56.2,1073.48681640625
31,56.4,1.46007108688354
32,56.6,0.0141333565115929
33,56.9,0.140639901161194
34,57.1,38.9345359802246
35,57.2,2454.21826171875
36,57.4,1.65958559513092
37,57.8,0.306771874427795
38,58.0,11.4089136123657
39,58.2,226.405960083008
40,58.3,27.6212615966797
41,58.6,0.148010060191154
42,58.8,0.287956297397614
43,59.0,6.64831352233887
44,59.2,38.1902351379395
45,59.3,6.11601495742798
46,59.6,0.0948582366108894
47,59.7,0.0133529873564839
48,59.9,1.16361749172211
49,60.1,42.8760070800781
50,60.2,41.2693138122559
51,60.4,0.431370854377747
52,60.8,0.115754790604115
53,61.0,4.8338680267334
54,61.2,43.8397636413574
55,61.3,3.10248851776123
56,61.5,0.0704066604375839
57,61.7,0.026619266718626
58,61.9,1.01274597644806
59,62.1,35.0606079101563
60,62.2,67.4972686767578
61,62.4,0.579814434051514
62,62.7,0.0458683781325817
63,62.9,1.78522503376007
64,63.1,101.353332519531
65,63.2,236.605392456055
66,63.3,23.3416290283203
67,63.5,0.15850168466568
68,63.8,0.603485643863678
69,64.0,72.5785980224609
70,64.1,708.277038574219
71,64.3,5.21867704391479
72,64.5,0.0134396944195032
73,64.7,0.0157808028161526
74,64.9,1.44021499156952
75,65.1,129.541229248047
76,65.2,303.918853759766
77,65.4,1.10482966899872
78,65.5,0.0658111497759819
79,65.8,0.076389491558075
80,66.0,13.3655595779419
81,66.2,155.326278686523
82,66.3,20.6856842041016
83,66.5,0.257695317268372
84,67.0,4.06147575378418
85,67.2,723.396789550781
86,67.3,54.1678657531738
87,67.5,0.0436139777302742
88,67.8,0.0756091251969337
89,68.0,5.07058000564575
90,68.2,288.810791015625
91,68.3,48.0573120117188
92,68.4,2.2209312915802
93,68.6,0.0188155733048916
94,68.9,0.317350208759308
95,69.0,1.98482620716095
96,69.2,984.994445800781
97,69.3,94.5287399291992
98,69.5,0.0624295510351658
99,69.7,0.0160409267991781
100,69.9,0.560305237770081
101,70.1,53.6824760437012
102,70.2,747.126953125
103,70.4,2.39495372772217
104,70.6,0.0131795713678002
105,70.8,0.0595681965351105
106,71.0,3.2796323299408
107,71.1,39.7494163513184
108,71.2,1495.6982421875
109,71.4,1.40128326416016
110,71.5,0.0443076379597187
111,71.8,0.044134221971035
112,71.9,0.13144887983799
113,72.1,12.9217901229858
114,72.2,81.3450088500977
115,72.4,1.13352990150452
116,72.6,0.044220931828022
117,72.8,0.0991069078445435
118,73.0,12.8474807739258
119,73.2,904.819030761719
120,73.3,33.537239074707
121,73.4,0.786612331867218
122,73.6,0.0512442551553249
123,73.8,0.212087050080299
124,74.0,22.7153377532959
125,74.2,271.121398925781
126,74.3,18.2799797058105
127,74.6,0.0865342915058136
128,74.8,0.194918930530548
129,75.0,25.907829284668
130,75.2,251.47412109375
131,75.3,22.516170501709
132,75.5,0.283620923757553
133,75.7,0.0134396944195032
134,75.9,3.1627504825592
135,76.1,91.6288070678711
136,76.2,183.153732299805
137,76.4,3.15711426734924
138,76.6,0.122951529920101
139,76.9,0.594554781913757
140,77.1,267.497619628906
141,77.2,945.371826171875
142,77.4,0.0874013677239418
143,77.6,0.0174282491207123
144,77.8,0.117662362754345
145,78.0,18.3672065734863
146,78.2,2133.2080078125
147,78.3,43.7834892272949
148,78.5,0.079424262046814
149,79.0,14.9754619598389
150,79.2,1415.34338378906
151,79.3,8.31934452056885
152,79.8,0.121824331581593
153,80.0,21.8992462158203
154,80.1,59.2328109741211
155,80.2,113.909561157227
156,80.4,3.10439610481262
157,80.8,0.0130061563104391
158,81.1,504.04638671875
159,81.2,786.794067382813
160,81.9,2.30573129653931
161,82.1,94.5655975341797
162,82.2,357.343872070313
163,82.4,2.35758256912231
164,82.6,0.0749154612421989
165,82.8,0.294979631900787
166,82.9,0.895257115364075
167,83.1,70.1918869018555
168,83.2,668.144653320313
169,83.4,1.20697128772736
170,83.7,0.0402323752641678
171,83.9,0.464579910039902
172,84.0,5.14844369888306
173,84.2,497.220764160156
174,84.3,97.1898880004883
175,84.5,0.380039870738983
176,84.8,0.415590047836304
177,85.0,27.573657989502
178,85.2,986.57470703125
179,85.3,183.326797485352
180,85.4,1.23133611679077
181,85.6,0.0357235744595528
182,85.8,0.0449145920574665
183,86.0,5.25275278091431
184,86.2,81.8451385498047
185,86.3,27.2759037017822
186,86.5,0.111592821776867
187,86.7,0.0143934795632958
188,86.9,2.01040482521057
189,87.1,28.0309543609619
190,87.2,25.33642578125
191,87.4,1.13431024551392
192,87.7,0.229948848485947
193,87.9,1.71429812908173
194,88.1,16.0121383666992
195,88.2,31.1385593414307
196,88.4,1.01040494441986
197,88.7,0.329749405384064
198,88.9,5.14055299758911
199,89.1,84.6545562744141
200,89.2,101.399719238281
201,89.4,1.61891961097717
202,89.6,0.304257363080978
203,89.7,0.10959853976965
204,89.9,1.14488863945007
205,90.0,2.5581374168396
206,90.2,12.8629150390625
207,90.3,3.13431024551392
208,90.5,0.0912165120244026
209,90.7,0.0422266535460949
210,90.9,1.04794931411743
211,91.1,168.283706665039
212,91.2,1480.36901855469
213,91.4,0.566721558570862
214,91.8,0.0881817415356636
215,92.0,11.6212606430054
216,92.2,587.027648925781
217,92.3,31.0234107971191
218,92.5,0.125899598002434
219,92.7,0.0584409944713116
220,92.9,1.12676668167114
221,93.1,75.1803512573242
222,93.2,158.804992675781
223,93.4,1.95846700668335
224,93.6,0.176797017455101
225,93.7,0.0408393293619156
226,93.9,2.01291942596436
227,94.1,93.2408752441406
228,94.2,138.872970581055
229,94.4,3.39764165878296
230,94.6,0.258649080991745
231,94.9,0.866036593914032
232,95.1,75.0351181030273
233,95.2,390.231079101563
234,95.4,1.60660707950592
235,95.7,0.129194483160973
236,95.9,2.54461121559143
237,96.1,246.279724121094
238,96.2,392.320129394531
239,96.4,2.20038151741028
240,96.6,0.262290805578232
241,96.7,0.667736053466797
242,96.9,15.3790864944458
243,97.1,90.5998458862305
244,97.2,569.925415039063
245,97.4,1.90548861026764
246,97.6,0.0952050611376762
247,97.8,0.331136733293533
248,98.0,9.07248783111572
249,98.1,48.1734161376953
250,98.2,260.764862060547
251,98.4,2.69123387336731
252,98.5,0.153385937213898
253,98.8,0.0670250579714775
254,99.0,4.7512354850769
255,99.2,189.80143737793
256,99.3,87.3921813964844
257,99.5,0.234891176223755
258,99.8,0.22162489593029
259,100.0,3.12390542030334
260,100.2,35.8242416381836
261,100.3,21.3444023132324
262,100.4,1.54573833942413
263,100.6,0.0939044505357742
264,100.8,0.545218050479889
265,101.0,5.28552865982056
266,101.2,27.1546859741211
267,101.3,5.98604011535645
268,101.5,0.255354195833206
269,101.7,0.179918497800827
270,101.9,1.74707365036011
271,102.1,49.3969497680664
272,102.2,79.05029296875
273,102.4,0.815139174461365
274,102.6,0.0548859797418118
275,102.8,0.412988811731339
276,103.0,26.1309280395508
277,103.2,260.256927490234
278,103.3,16.100061416626
279,103.6,0.231336161494255
280,103.8,0.536894142627716
281,104.0,21.0834121704102
282,104.2,302.419921875
283,104.3,26.3263683319092
284,104.4,2.41038751602173
285,104.6,0.0715338587760925
286,104.9,1.39876878261566
287,105.1,236.81462097168
288,105.2,625.804382324219
289,105.4,0.35992369055748
290,105.8,0.105089738965034
291,106.0,13.3646059036255
292,106.2,243.189102172852
293,106.3,31.5364608764648
294,106.6,0.186508283019066
295,106.8,0.261683851480484
296,107.0,12.7439517974854
297,107.2,114.729301452637
298,107.3,26.0223712921143
299,107.5,0.14731639623642
300,107.7,0.0283534210175276
301,107.9,1.16344404220581
302,108.1,27.5773868560791
303,108.2,37.8146171569824
304,108.4,1.7764675617218
305,108.5,0.246596723794937
306,108.8,0.176016643643379
307,109.0,6.97676229476929
308,109.2,208.788177490234
309,109.3,58.7774200439453
310,109.5,0.17792421579361
311,109.7,0.0195959415286779
312,109.9,0.912425220012665
313,110.1,47.7710037231445
314,110.2,125.033386230469
315,110.4,3.52631568908691
316,110.6,0.0291337892413139
317,110.8,0.082372322678566
318,111.0,4.57686614990234
319,111.2,231.36408996582
320,111.3,91.9602890014648
321,111.5,0.0788173079490662
322,111.8,0.116881988942623
323,112.0,5.40284395217896
324,112.2,113.389488220215
325,112.3,61.1927528381348
326,112.5,0.36399894952774
327,112.8,0.106477066874504
328,113.0,3.08896207809448
329,113.2,107.213386535645
330,113.3,73.5190353393555
331,113.5,0.114801004528999
332,113.8,0.0410127453505993
333,113.9,0.167605996131897
334,114.1,3.28526830673218
335,114.3,24.5229339599609
336,114.4,0.740657269954681
337,114.5,0.160322546958923
338,114.8,0.345356792211533
339,115.0,21.2554416656494
340,115.2,299.964111328125
341,115.3,20.2436485290527
342,115.5,0.0476892404258251
343,115.8,0.0715338587760925
344,116.0,7.8660364151001
345,116.2,50.527702331543
346,116.3,9.79502296447754
347,116.6,0.143674671649933
348,116.7,0.035116620361805
349,116.9,1.98768746852875
350,117.1,82.8384628295898
351,117.2,221.643463134766
352,117.4,1.01404666900635
353,117.6,0.0325153917074203
354,117.8,0.132662788033485
355,118.0,7.7445592880249
356,118.2,109.408996582031
357,118.3,17.3675537109375
358,118.5,0.290384113788605
359,118.8,0.44004163146019
360,119.0,26.1311016082764
361,119.2,411.461029052734
362,119.3,37.5199851989746
363,119.4,1.03529000282288
364,119.6,0.0141333565115929
365,119.8,0.159542188048363
366,120.0,8.6875057220459
367,120.2,130.269485473633
368,120.3,25.0097103118896
369,120.5,0.249197959899902
370,120.8,0.388797372579575
371,121.0,24.2973213195801
372,121.2,125.751152038574
373,121.3,27.8238964080811
374,121.5,0.146362617611885
375,121.7,0.229168474674225
376,121.9,4.15720129013062
377,122.1,86.5055923461914
378,122.2,89.7803726196289
379,122.4,1.34665739536285
380,122.7,0.0648573637008667
381,122.9,0.910257518291473
382,123.1,38.3197784423828
383,123.2,125.349868774414
384,123.4,2.92430424690247
385,123.6,0.0159542188048363
386,123.9,0.452267408370972
387,124.1,21.0254917144775
388,124.2,54.5669822692871
389,124.4,4.01005792617798
390,124.6,0.0584409944713116
391,124.8,0.317957162857056
392,125.0,7.40726613998413
393,125.2,106.915458679199
394,125.3,55.0238456726074
395,125.5,0.708575367927551
396,125.8,0.581288456916809
397,126.0,8.15000438690186
398,126.2,151.234710693359
399,126.3,47.5645523071289
400,126.4,3.68915295600891
401,126.7,0.199687853455544
402,126.8,0.182086184620857
403,127.0,6.11991691589355
404,127.2,202.860321044922
405,127.3,63.4896392822266
406,127.5,0.211046561598778
407,127.7,0.0457816682755947
408,127.9,0.913379013538361
409,128.1,84.177490234375
410,128.2,911.514953613281
411,128.3,30.9955787658691
412,128.5,0.0999739840626717
413,128.7,0.13500389456749
414,129.0,8.3717155456543
415,129.2,186.392868041992
416,129.3,16.0404052734375
417,129.5,0.0510708391666412
418,129.8,0.0694528743624687
419,130.0,4.73241996765137
420,130.2,32.1779251098633
421,130.3,7.66582870483398
422,130.5,0.0354634523391724
423,130.7,0.110552325844765
424,130.9,1.49232637882233
425,131.1,55.3224678039551
426,131.2,93.5715789794922
427,131.4,1.55813753604889
428,131.7,0.0513309650123119
429,131.9,1.24243474006653
430,132.1,27.3956470489502
431,132.2,49.2203254699707
432,132.4,1.4429897069931
433,132.7,0.112286485731602
434,132.9,3.84921526908875
435,133.1,269.115661621094
436,133.2,200.572967529297
437,133.4,1.16032254695892
438,133.7,0.133963406085968
439,133.8,1.07092690467834
440,134.0,21.1139335632324
441,134.2,236.440124511719
442,134.3,26.6948757171631
443,134.5,0.332610756158829
444,134.8,0.324026703834534
445,135.0,18.7401371002197
446,135.2,306.551727294922
447,135.3,36.8917007446289
448,135.6,0.0796843841671944
449,135.7,0.0150004336610436
450,135.9,2.06624460220337
451,136.1,31.560998916626
452,136.2,36.9745063781738
453,136.4,2.53186511993408
454,136.6,0.0714471489191055
455,136.8,0.582502365112305
456,137.0,32.8336944580078
457,137.2,194.548599243164
458,137.3,30.7468128204346
459,137.5,0.0762160792946815
460,137.7,0.0268793888390064
461,137.9,0.91363912820816
462,138.1,17.058614730835
463,138.2,34.9575119018555
464,138.4,3.37206268310547
465,138.6,0.0479493625462055
466,138.8,0.362524926662445
467,139.0,20.4216594696045
468,139.2,152.427474975586
469,139.3,24.0618228912354
470,139.5,0.0948582366108894
471,139.7,0.0410994552075863
472,139.9,0.463712811470032
473,140.1,12.5958557128906
474,140.3,59.5511131286621
475,140.4,4.1157546043396
476,140.7,0.113587096333504
477,140.8,0.0349432080984116
478,141.0,4.66738939285278
479,141.2,188.83837890625
480,141.3,46.9694786071777
481,141.5,0.123385071754456
482,141.8,0.0851469710469246
483,142.0,4.17870473861694
484,142.2,102.000778198242
485,142.3,20.9528312683105
486,142.5,0.0744819194078445
487,142.7,0.0292204972356558
488,142.9,0.617879152297974
489,143.1,16.9360103607178
490,143.2,18.6113758087158
491,143.3,8.4455041885376
492,143.5,0.0788173079490662
493,143.7,0.0596549026668072
494,143.9,0.237839236855507
495,144.1,6.57651948928833
496,144.2,9.14861679077148
497,144.4,0.585277020931244
498,144.6,0.055839765816927
499,144.8,0.146882861852646
500,145.0,7.23029565811157
501,145.1,23.173849105835
502,145.2,52.3768310546875
503,145.4,1.65325582027435
504,145.7,0.0294806212186813
505,145.8,0.0705800727009773
506,146.0,2.5003035068512
507,146.2,22.4923267364502
508,146.3,7.03121471405029
509,146.6,0.10795109719038
510,146.8,0.442642837762833
511,147.0,22.2518863677979
512,147.2,436.773345947266
513,147.3,21.6222152709961
514,147.4,1.29645359516144
515,147.7,0.0331223458051682
516,147.9,1.59984397888184
517,148.1,48.3648643493652
518,148.2,73.3562850952148
519,148.4,2.06242966651917
520,148.6,0.0665048137307167
521,148.8,0.298274517059326
522,149.0,33.4071807861328
523,149.2,305.302429199219
524,149.3,17.8773956298828
525,149.5,0.0432671457529068
526,149.7,0.109338417649269
527,149.9,2.22370576858521
528,150.1,34.7279968261719
529,150.2,44.4155883789063
530,150.4,1.03485655784607
531,150.6,0.0155206797644496
532,150.8,0.414809674024582
533,151.0,20.4946670532227
534,151.2,164.119216918945
535,151.3,29.4400424957275
536,151.5,0.203416287899017
537,151.6,0.0724009349942207
538,151.8,0.120176881551743
539,152.0,9.28188705444336
540,152.2,197.647445678711
541,152.3,22.3911380767822
542,152.5,0.275817215442657
543,152.8,0.445244073867798
544,153.0,26.5311717987061
545,153.2,227.343963623047
546,153.3,23.9670505523682
547,153.5,0.0163877569139004
548,153.7,0.014046648517251
549,153.9,0.898205161094666
550,154.1,41.5954208374023
551,154.2,189.91259765625
552,154.3,36.7467269897461
553,154.5,0.148530304431915
554,154.7,0.189889878034592
555,154.9,5.35957670211792
556,155.1,93.0142211914063
557,155.2,149.503860473633
558,155.4,2.18104577064514
559,155.6,0.0780369341373444
560,155.9,1.06589782238007
561,156.1,18.9589004516602
562,156.2,53.5022964477539
563,156.4,1.70562732219696
564,156.6,0.0150004336610436
565,156.8,0.276684284210205
566,157.0,3.833087682724
567,157.2,17.454174041748
568,157.3,5.08219909667969
569,157.4,0.779328882694244
570,157.6,0.0142200645059347
571,157.9,0.344923257827759
572,158.1,4.56611442565918
573,158.2,5.68776559829712
574,158.4,0.471429824829102
575,158.7,0.15962889790535
576,158.9,0.857105672359467
577,159.1,14.0335559844971
578,159.2,18.2436485290527
579,159.3,9.45946407318115
580,159.6,0.0616491809487343
581,159.9,0.681956112384796
582,160.1,16.9344482421875
583,160.2,16.5180778503418
584,160.3,5.97806310653687
585,160.5,0.0371976085007191
586,160.7,0.0296540353447199
587,160.9,3.10023403167725
588,161.1,24.6533432006836
589,161.2,13.9586400985718
590,161.3,6.36313199996948
591,161.5,0.0364172384142876
592,161.7,0.0130061563104391
593,161.9,0.750021696090698
594,162.1,8.36148452758789
595,162.2,18.9906349182129
596,162.4,1.04057919979095
597,162.7,0.319778025150299
598,162.9,9.84696102142334
599,163.1,86.9679183959961
600,163.2,54.695484161377
601,163.4,1.94806206226349
602,163.7,0.0941645726561546
603,163.9,0.641376912593842
604,164.1,6.1106390953064
605,164.2,9.09650611877441
606,164.4,1.36573314666748
607,164.6,0.0293939132243395
608,164.8,0.530911326408386
609,165.0,18.9725131988525
610,165.2,119.519729614258
611,165.3,28.9348831176758
612,165.5,0.220757827162743
613,165.7,0.263244599103928
614,165.9,6.16751909255981
615,166.1,77.0846252441406
616,166.2,71.4191436767578
617,166.4,1.76554238796234
618,166.7,0.0515910871326923
619,166.8,0.0598283186554909
620,167.0,5.54391765594482
621,167.2,56.8770484924316
622,167.3,18.7616405487061
623,167.5,0.295413166284561
624,167.7,0.0131795713678002
625,167.9,0.462152093648911
626,168.1,34.3933067321777
627,168.2,92.7287750244141
628,168.4,3.18069887161255
629,168.6,0.0306078214198351
630,168.8,0.0633833333849907
631,169.0,2.14696955680847
632,169.2,39.3744049072266
633,169.3,28.9687843322754
634,169.5,0.157721325755119
635,169.7,0.0306078214198351
636,169.9,0.244082197546959
637,170.1,7.3379864692688
638,170.3,24.2835350036621
639,170.4,1.85381078720093
640,170.5,0.0443943478167057
641,170.8,0.058787826448679
642,171.0,1.19960117340088
643,171.2,6.89326286315918
644,171.3,3.00459551811218
645,171.6,0.0261857286095619
646,171.9,0.103615708649158
647,172.1,0.408219903707504
648,172.3,0.919968783855438
649,172.4,0.132315963506699
650,172.6,0.0273996349424124
651,172.8,0.060348566621542
652,173.0,1.37648487091064
653,173.2,12.947455406189
654,173.3,5.67571306228638
655,173.7,0.0195959415286779
656,173.9,0.332177221775055
657,174.1,5.48452281951904
658,174.2,9.92759895324707
659,174.4,0.937310338020325
660,174.9,0.499436408281326
661,175.1,6.58848524093628
662,175.2,11.3010492324829
663,175.4,0.844099521636963
664,175.7,0.119916759431362
665,175.9,1.67579984664917
666,176.1,32.430591583252
667,176.2,43.8884086608887
668,176.3,11.7660627365112
669,176.5,0.0833261087536812
670,176.7,0.0907829701900482
671,176.9,6.58848524093628
672,177.1,112.027397155762
673,177.2,67.9466781616211
674,177.4,1.93002688884735
675,177.5,0.358362972736359
676,177.7,0.0459550842642784
677,177.9,2.37362360954285
678,178.1,54.8010063171387
679,178.2,279.962371826172
680,178.4,0.923523783683777
681,178.6,0.0752622932195663
682,178.9,3.66236019134521
683,179.0,15.2250928878784
684,179.2,116.075782775879
685,179.3,25.7438659667969
686,179.4,2.29315876960754
687,179.6,0.0305211134254932
688,179.9,0.797884345054626
689,180.1,39.6663475036621
690,180.2,62.2909049987793
691,180.3,11.9557790756226
692,180.5,0.214948415756226
693,180.7,0.0144801875576377
694,180.9,0.937397062778473
695,181.0,3.8883204460144
696,181.2,37.7733459472656
697,181.3,10.9266452789307
698,181.5,0.0796843841671944
699,181.7,0.0303476974368095
700,181.9,0.405185133218765
701,182.1,9.27070140838623
702,182.3,33.4854774475098
703,182.4,3.41654372215271
704,182.6,0.0498569309711456
705,182.8,0.113326974213123
706,183.0,1.58128845691681
707,183.2,17.5946407318115
708,183.3,15.6629667282104
709,183.4,4.20419645309448
710,183.7,0.108644761145115
711,183.9,0.637214958667755
712,184.1,52.184253692627
713,184.2,46.0199432373047
714,184.4,2.50628638267517
715,184.5,0.141333565115929
716,184.7,0.0278331749141216
717,184.9,0.550593972206116
718,185.1,7.84227848052979
719,185.2,8.83109378814697
720,185.4,0.415503352880478
721,185.8,0.0626029670238495
722,186.0,0.909043610095978
723,186.2,2.90514183044434
724,186.3,0.652215361595154
725,186.5,0.0134396944195032
726,186.7,0.0457816682755947
727,186.9,0.316569834947586
728,187.1,3.34466314315796
729,187.2,5.18659496307373
730,187.4,0.385155647993088
731,187.6,0.0768230259418488
732,187.8,0.028613543137908
733,188.0,0.283794343471527
734,188.2,3.03581023216248
735,188.3,1.62594294548035
736,188.4,0.735194683074951
737,188.6,0.0313014835119247
738,188.9,0.932367980480194
739,189.1,11.4651870727539
740,189.2,14.7764673233032
741,189.4,1.12971472740173
742,189.6,0.106737188994884
743,189.9,0.250238448381424
744,190.1,3.08731460571289
745,190.2,4.54530477523804
746,190.3,5.95560550689697
747,190.5,0.177577391266823
748,190.7,0.283187389373779
749,190.9,7.16127634048462
750,191.1,344.903045654297
751,191.2,89.2598648071289
752,191.3,16.8405437469482
753,191.5,0.156680822372437
754,191.7,0.053238533437252
755,191.9,2.89386987686157
756,192.1,62.0156059265137
757,192.2,44.348217010498
758,192.4,1.63209915161133
759,192.6,0.513396322727203
760,192.7,0.152345448732376
761,192.9,7.07925081253052
762,193.1,325.705810546875
763,193.2,175.505508422852
764,193.3,19.8216419219971
765,193.5,0.0756958276033401
766,193.7,0.0189022812992334
767,193.9,2.81409859657288
768,194.0,15.5595245361328
769,194.2,74.8229446411133
770,194.3,11.3833351135254
771,194.4,2.11939644813538
772,194.6,0.060348566621542
773,194.8,0.564553916454315
774,195.0,16.1591091156006
775,195.2,55.8310050964355
776,195.3,7.57036352157593
777,195.4,0.971386432647705
778,195.6,0.0288736671209335
779,195.7,0.084019772708416
780,196.0,1.32220590114594
781,196.2,13.8885803222656
782,196.3,11.1981267929077
783,196.4,4.17506265640259
784,196.6,0.116795286536217
785,196.8,0.136738061904907
786,197.0,6.90158653259277
787,197.2,36.9177131652832
788,197.3,16.8355159759521
789,197.5,0.284227877855301
790,197.7,0.0277464669197798
791,197.9,0.544264256954193
792,198.1,8.66816997528076
793,198.2,14.6071271896362
794,198.4,2.48157453536987
795,198.5,0.0765629038214684
796,198.9,0.138992458581924
797,199.1,1.63721489906311
798,199.3,2.07795023918152
799,199.4,0.379606336355209
800,199.7,0.0481227785348892
801,199.8,0.0338160060346127
802,200.0,1.82172894477844
803,200.2,13.0750885009766
804,200.3,1.78444468975067
805,200.6,0.0283534210175276
806,200.8,0.123818606138229
807,201.0,2.36200475692749
808,201.1,4.82294273376465
809,201.2,7.55692338943481
810,201.4,0.385155647993088
811,201.9,0.548773109912872
812,202.1,27.6392955780029
813,202.2,76.9368743896484
814,202.4,0.741350889205933
815,202.6,0.0228041280061007
816,202.8,0.25032514333725
817,203.0,7.92283010482788
818,203.2,43.2359313964844
819,203.3,11.7104825973511
820,203.5,0.0138732334598899
821,203.7,0.0623428411781788
822,203.9,0.264371812343597
823,204.1,13.2073183059692
824,204.2,31.0583534240723
825,204.4,1.14757657051086
826,204.6,0.0555796399712563
827,204.9,1.66296708583832
828,205.1,21.6097278594971
829,205.2,23.5940341949463
830,205.4,2.5022976398468
831,205.7,0.0990202054381371
832,205.9,0.511402070522308
833,206.1,4.02098321914673
834,206.2,5.18815565109253
835,206.4,0.770397961139679
836,206.5,0.28726264834404
837,206.8,0.0747420415282249
838,207.0,13.160062789917
839,207.1,3965.75073242188
840,207.3,9.25015163421631
841,207.9,2.62724351882935
842,208.1,508.086975097656
843,208.2,366.797027587891
844,208.4,1.16292381286621
845,208.5,0.202549204230309
846,208.8,0.432324647903442
847,209.0,38.3024368286133
848,209.1,540.206420898438
849,209.3,11.2271738052368
850,209.5,0.0314748995006084
851,209.7,0.0136131104081869
852,209.9,2.75565767288208
853,210.1,45.5988883972168
854,210.2,44.1593704223633
855,210.4,3.71074318885803
856,210.5,1.05982828140259
857,210.7,0.143587961792946
858,210.9,4.16526508331299
859,211.1,150.785568237305
860,211.2,109.012313842773
861,211.4,1.91459286212921
862,211.7,0.0131795713678002
863,211.9,1.49345362186432
864,212.1,18.6421566009521
865,212.2,14.1445417404175
866,212.3,8.66895008087158
867,212.5,0.15061129629612
868,212.8,0.428162664175034
869,213.0,20.3551540374756
870,213.2,88.1219100952148
871,213.3,9.37665843963623
872,213.5,0.0280065890401602
873,213.9,0.268533766269684
874,214.1,1.44810545444489
875,214.2,0.969999134540558
876,214.3,0.693401515483856
877,214.5,0.0290470831096172
878,214.8,0.701985597610474
879,215.0,25.3098926544189
880,215.2,86.07421875
881,215.3,10.3642587661743
882,215.5,0.0491632707417011
883,215.8,0.0277464669197798
884,216.0,1.09086966514587
885,216.2,3.42738223075867
886,216.3,1.44255614280701
887,216.6,0.0742217972874641
888,216.7,0.0130061563104391
889,216.9,0.688285768032074
890,217.1,5.40665912628174
891,217.2,5.70129203796387
892,217.4,0.926471889019012
893,217.6,0.0315616056323051
894,217.8,0.088441863656044
895,218.0,2.79892492294312
896,218.2,14.2132139205933
897,218.3,4.3577561378479
898,218.4,1.17263507843018
899,218.8,0.0619960129261017
900,219.0,4.52215385437012
901,219.1,9.40475177764893
902,219.3,4.19205760955811
903,219.5,0.207751676440239
904,219.9,0.442122608423233
905,220.0,1.76918411254883
906,220.1,4.24980497360229
907,220.3,0.934188842773438
908,220.5,0.0878349095582962
909,220.7,0.0130061563104391
910,220.9,1.06745862960815
911,221.1,76.182258605957
912,221.2,237.342849731445
913,221.4,3.29645371437073
914,221.6,0.0274863429367542
915,221.9,0.987253963947296
916,222.1,26.4832229614258
917,222.2,41.615364074707
918,222.4,1.60287868976593
919,222.7,0.0630365014076233
920,222.9,1.56464064121246
921,223.1,33.4759368896484
922,223.2,31.1135864257813
923,223.4,0.833087682723999
924,223.6,0.058787826448679
925,223.8,0.0639902874827385
926,224.0,0.802046298980713
927,224.2,5.66227340698242
928,224.3,6.70952939987183
929,224.5,0.7076216340065
930,224.8,0.250758677721024
931,225.0,12.9308938980103
932,225.2,175.743087768555
933,225.3,15.8495616912842
934,225.5,0.35992369055748
935,225.9,1.57617270946503
936,226.1,22.6107692718506
937,226.2,23.8529434204102
938,226.4,3.42183303833008
939,226.6,0.014046648517251
940,226.8,0.278158336877823
941,227.0,7.25309991836548
942,227.1,21.0837593078613
943,227.3,2.84461975097656
944,227.4,0.7919881939888
945,227.7,0.0316483117640018
946,227.9,0.504465460777283
947,228.1,6.95560550689697
948,228.2,9.90791606903076
949,228.4,0.34050115942955
950,228.5,0.0327755138278008
951,228.9,0.400502890348434
952,229.1,5.27911233901978
953,229.2,6.15251874923706
954,229.4,0.424260824918747
955,229.9,0.615277886390686
956,230.1,8.19379138946533
957,230.2,14.6127634048462
958,230.4,0.776901066303253
959,230.6,0.0480360686779022
960,230.8,0.0163877569139004
961,231.0,0.442296028137207
962,231.2,4.04682207107544
963,231.3,3.20775175094604
964,231.4,1.46900200843811
965,232.0,0.187808901071548
966,232.2,1.88285791873932
967,232.3,2.72210168838501
968,232.5,0.151911899447441
969,232.8,0.094424694776535
970,233.0,3.68897938728333
971,233.1,4.85459136962891
972,233.3,3.4468047618866
973,233.5,0.307205408811569
974,233.8,0.0591346584260464
975,234.0,1.96392953395844
976,234.1,3.69149398803711
977,234.3,1.01413333415985
978,234.5,0.0151738487184048
979,234.6,0.0423133634030819
980,234.9,0.967918157577515
981,235.1,11.6312322616577
982,235.3,3.37691831588745
983,235.4,1.17176795005798
984,235.5,0.333217710256577
985,235.7,0.014306771568954
986,235.9,0.586924493312836
987,236.1,3.62498927116394
988,236.3,2.21685600280762
989,236.4,0.856498718261719
990,236.7,0.115668080747128
991,236.9,0.330616503953934
992,237.1,1.40882682800293
993,237.2,0.949275970458984
994,237.3,0.714731633663177
995,237.6,0.0841064751148224
996,237.9,0.0295673292130232
997,238.1,0.64094340801239
998,238.3,3.45885729789734
999,238.4,2.01248598098755
1000,238.6,0.0476892404258251
1001,238.9,0.124685682356358
1002,239.1,1.59299397468567
1003,239.2,1.82710480690002
1004,239.4,4.09060955047607
1005,239.5,0.531431555747986
1006,239.7,0.0622561350464821
1007,239.9,0.0789040178060532
1008,240.1,0.318824231624603
1009,240.3,1.30824589729309
1010,240.4,2.69895076751709
1011,240.8,0.014046648517251
1012,241.0,0.138125374913216
1013,241.1,0.183560222387314
1014,241.4,0.444810539484024
1015,241.5,0.0323419757187366
1016,241.7,0.014306771568954
1017,241.9,0.0265325587242842
1018,242.1,0.127547040581703
1019,242.3,0.773085951805115
1020,242.4,0.0879216194152832
1021,242.6,0.0459550842642784
1022,243.0,0.0304344054311514
1023,243.2,0.173588827252388
1024,243.3,0.182779848575592
1025,243.6,0.0155206797644496
1026,243.9,0.0263591427356005
1027,244.0,0.0710136145353317
1028,244.2,0.374577313661575
1029,244.4,0.344056189060211
1030,245.1,0.406312316656113
1031,245.2,0.535766959190369
1032,245.3,1.93679010868073
1033,245.5,0.217376232147217
1034,246.0,0.093037374317646
1035,246.2,1.32281279563904
1036,246.3,2.40058970451355
1037,246.5,0.149050548672676
1038,246.8,0.0149137256667018
1039,247.0,0.130495101213455
1040,247.2,1.71646583080292
1041,247.3,3.23983359336853
1042,247.5,0.559438109397888
1043,247.6,0.0451747141778469
1044,247.9,0.077776812016964
1045,248.1,0.62802392244339
1046,248.3,0.512095749378204
1047,248.4,0.261683851480484
1048,248.7,0.0968525111675262
1049,248.9,6.33373785018921
1050,249.1,55.9096488952637
1051,249.2,11.275297164917
1052,249.3,2.64718627929688
1053,249.5,0.489638417959213
1054,249.8,0.253099799156189
1055,250.0,8.16162300109863
1056,250.1,11.2243995666504
1057,250.3,1.57244431972504
1058,250.5,0.390618234872818
1059,250.8,0.785398423671722
1060,251.0,20.9829177856445
1061,251.1,38.7377090454102
1062,251.3,1.5016040802002
1063,251.5,0.0697997063398361
1064,251.8,0.337466388940811
1065,252.0,10.1847743988037
1066,252.1,14.6033992767334
1067,252.3,1.82467699050903
1068,252.4,1.74317181110382
1069,252.7,0.295499861240387
1070,252.9,4.3858494758606
1071,253.1,71.2614212036133
1072,253.2,15.9406051635742
1073,253.3,5.51313638687134
1074,253.5,0.388710647821426
1075,253.9,0.351686477661133
1076,254.1,9.0902624130249
1077,254.2,4.84132480621338
1078,254.4,2.1949188709259
1079,254.8,0.114020638167858
1080,255.0,1.40362441539764
1081,255.1,6.58909225463867
1082,255.3,1.02133011817932
1083,255.5,0.0948582366108894
1084,255.9,0.0345963761210442
1085,256.1,0.667996168136597
1086,256.2,0.281366527080536
1087,256.4,0.0149137256667018
1088,256.6,0.014046648517251
1089,256.9,0.0131795713678002
1090,257.1,0.360183835029602
1091,257.2,0.319951444864273
1092,257.4,0.0571403801441193
1093,258.0,0.0567068420350552
1094,258.2,0.210092782974243
1095,258.3,0.394086539745331
1096,258.6,0.0279198829084635
1097,259.0,0.0596549026668072
1098,259.2,0.439261257648468
1099,259.3,0.810110092163086
1100,259.5,0.149917632341385
1101,259.8,0.0134396944195032
1102,260.0,0.088355153799057
1103,260.2,0.86985170841217
1104,260.3,2.23957347869873
1105,260.5,0.369028002023697
1106,261.1,0.34761118888855
1107,261.3,2.388103723526
1108,261.4,1.82840549945831
1109,261.6,0.0469088703393936
1110,262.2,0.312667995691299
1111,262.3,0.682649791240692
1112,262.4,0.866296708583832
1113,262.6,0.0850602611899376
1114,263.0,0.0669383481144905
1115,263.2,0.653862833976746
1116,263.4,1.84886848926544
1117,263.5,0.472817122936249
1118,264.0,0.116795286536217
1119,264.3,1.06303656101227
1120,264.4,0.752276062965393
1121,264.5,0.444810539484024
1122,264.8,0.287175923585892
1123,265.0,21.2568283081055
1124,265.1,71.1328353881836
1125,265.3,1.74334514141083
1126,265.4,0.296280235052109
1127,265.7,0.0606086887419224
1128,265.8,0.224659666419029
1129,266.0,3.96514344215393
1130,266.1,9.95083713531494
1131,266.3,2.80854940414429
1132,266.5,0.416023582220078
1133,266.8,0.911991655826569
1134,267.0,43.9404335021973
1135,267.1,207.176712036133
1136,267.3,3.44324970245361
1137,267.5,0.110378913581371
1138,267.8,0.670944273471832
1139,268.0,18.4152431488037
1140,268.1,37.6840362548828
1141,268.3,3.09147667884827
1142,268.4,2.81678652763367
1143,268.7,0.126940086483955
1144,268.9,3.84782791137695
1145,269.0,15.1963062286377
1146,269.1,59.1423759460449
1147,269.3,3.80100584030151
1148,269.5,0.0519379191100597
1149,269.7,0.0404057912528515
1150,269.9,0.374317169189453
1151,270.0,0.826064348220825
1152,270.1,3.64241743087769
1153,270.3,0.911471426486969
1154,270.5,0.222231850028038
1155,270.7,0.0582675784826279
1156,270.9,2.25015163421631
1157,271.0,4.1131534576416
1158,271.1,13.815746307373
1159,271.3,1.65724444389343
1160,271.4,0.165871843695641
1161,272.0,0.127026796340942
1162,272.2,0.448712378740311
1163,272.3,0.240006938576698
1164,272.4,0.110118791460991
1165,272.8,0.028093297034502
1166,273.0,0.105436570942402
1167,273.2,0.575825870037079
1168,273.3,0.869244754314423
1169,273.5,0.136824756860733
1170,273.7,0.0269660968333483
1171,274.0,0.0867077112197876
1172,274.2,0.667129099369049
1173,274.4,1.36521291732788
1174,274.5,0.439001113176346
1175,274.7,0.044134221971035
1176,274.9,0.0134396944195032
1177,275.1,0.186421573162079
1178,275.3,0.943639993667603
1179,275.4,0.570970237255096
1180,275.5,0.191450625658035
1181,275.8,0.0142200645059347
1182,276.1,0.12078383564949
1183,276.3,0.790514171123505
1184,276.4,0.852770328521729
1185,276.6,0.0986733734607697
1186,277.1,0.138732329010963
1187,277.3,0.668516457080841
1188,277.4,0.555449604988098
1189,277.6,0.0561865940690041
1190,278.0,0.0642504096031189
1191,278.2,0.477672755718231
1192,278.4,1.86638343334198
1193,278.5,0.679268181324005
1194,278.9,0.100580938160419
1195,279.1,1.21095991134644
1196,279.2,1.66842973232269
1197,279.4,0.22708748281002
1198,279.6,0.014306771568954
1199,280.0,0.0997138619422913
1200,280.2,0.294719487428665
1201,280.4,0.714298129081726
1202,280.5,0.391225188970566
1203,280.8,1.17592990398407
1204,281.0,37.6792678833008
1205,281.2,1489.84753417969
1206,281.3,12.6039190292358
1207,281.7,0.0569669641554356
1208,281.8,0.228301391005516
1209,282.0,20.7986640930176
1210,282.2,384.591857910156
1211,282.3,10.3134479522705
1212,282.5,0.551721155643463
1213,282.8,0.30443075299263
1214,283.0,14.4291162490845
1215,283.2,311.678588867188
1216,283.3,8.76944446563721
1217,283.5,0.125205934047699
1218,283.8,0.0543657317757607
1219,284.0,10.5282230377197
1220,284.2,50.1328353881836
1221,284.3,7.17593002319336
1222,284.5,0.257001638412476
1223,284.8,0.695916056632996
1224,285.0,23.2630710601807
1225,285.1,99.8058624267578
1226,285.3,5.38411521911621
1227,285.5,0.0445677638053894
1228,285.8,0.209312409162521
1229,286.0,3.50776028633118
1230,286.1,4.68186950683594
1231,286.2,5.7539234161377
1232,286.4,0.36651349067688
1233,286.6,0.140813320875168
1234,286.8,0.149137258529663
1235,287.0,6.79129457473755
1236,287.2,23.8039531707764
1237,287.3,4.68854570388794
1238,287.5,0.168299660086632
1239,288.0,0.2915980219841
1240,288.1,0.251278936862946
1241,288.3,1.01127195358276
1242,288.4,0.584583342075348
1243,288.6,0.145148709416389
1244,288.9,0.744559109210968
1245,289.1,5.28440141677856
1246,289.2,3.71438479423523
1247,289.4,0.397208005189896
1248,289.6,0.0142200645059347
1249,289.9,0.0136998174712062
1250,290.1,0.143154427409172
1251,290.3,0.604092597961426
1252,290.4,0.394346654415131
1253,290.5,0.279372245073318
1254,290.7,0.0155206797644496
1255,290.9,0.0446544699370861
1256,291.2,0.128067284822464
1257,291.3,0.210352897644043
1258,291.5,0.120697133243084
1259,291.7,0.0287002511322498
1260,292.0,0.0135264024138451
1261,292.2,0.238446190953255
1262,292.4,1.06147575378418
1263,292.5,0.370675444602966
1264,292.9,0.0636434555053711
1265,293.1,0.182259604334831
1266,293.3,0.257608592510223
1267,293.4,0.0132662793621421
1268,294.2,0.0584409944713116
1269,294.4,0.258475691080093
1270,294.5,0.033642590045929
1271,294.7,0.041186161339283
1272,294.9,1.11939656734467
1273,295.1,20.3988552093506
1274,295.2,29.6261157989502
1275,295.4,0.692187607288361
1276,295.7,0.0143934795632958
1277,295.9,0.283187389373779
1278,296.1,3.35229349136353
1279,296.3,4.36356544494629
1280,296.4,2.31665658950806
1281,296.6,0.0622561350464821
1282,296.8,0.0971993431448936
1283,297.0,1.42200636863708
1284,297.2,5.00511598587036
1285,297.3,2.06806564331055
1286,297.5,0.116448454558849
1287,298.1,0.0430070236325264
1288,298.2,0.0287002511322498
1289,298.4,0.0855805054306984
1290,298.8,0.13500389456749
1291,299.0,11.6870718002319
1292,299.2,77.9020233154297
1293,299.3,8.86048698425293
1294,299.5,0.0162143409252167
1295,299.8,0.174716025590897
1296,300.0,2.942946434021
1297,300.2,11.5370674133301
1298,300.3,2.04742908477783
1299,300.4,0.353420615196228
1300,300.6,0.0432671457529068
1301,300.9,0.496314913034439
1302,301.1,4.09373092651367
1303,301.2,3.333824634552
1304,301.4,0.139686122536659
1305,302.0,0.0275730509310961
1306,302.1,0.126940086483955
1307,302.3,0.090002603828907
1308,302.5,0.223966017365456
1309,302.6,0.0136131104081869
1310,303.2,0.13691146671772
1311,303.4,0.158761814236641
1312,303.5,0.0154339717701077
1313,304.3,0.12572617828846
1314,304.4,0.244255617260933
1315,304.6,0.0440475158393383
1316,305.0,0.0146536026149988
1317,305.2,0.027139512822032
1318,305.4,0.0598283186554909
1319,305.8,0.0139599414542317
1320,306.0,0.0407526232302189
1321,306.3,0.0724876448512077
1322,306.4,0.0147403106093407
1323,306.5,0.176883727312088
1324,307.2,0.0135264024138451
1325,308.1,0.0130061563104391
1326,308.3,0.0455215461552143
1327,308.5,0.044134221971035
1328,309.0,0.0654643177986145
1329,309.2,0.0555796399712563
1330,310.2,0.0378045625984669
1331,310.4,0.722795426845551
1332,310.5,0.636521279811859
1333,310.7,0.0153472647070885
1334,310.9,0.200468227267265
1335,311.1,0.683863699436188
1336,311.2,0.53568023443222
1337,311.4,0.0910430923104286
1338,311.9,0.0133529873564839
1339,312.1,0.0966790914535522
1340,312.2,0.0528917014598846
1341,312.9,0.14922396838665
1342,313.1,0.961154937744141
1343,313.2,0.433538556098938
1344,313.7,0.0130061563104391
1345,313.9,0.0280065890401602
1346,314.1,0.0508974231779575
1347,314.3,0.03962542116642
1348,314.9,0.147142976522446
1349,315.0,0.176797017455101
1350,315.1,1.72791123390198
1351,315.3,0.0760426595807076
1352,315.5,0.0135264024138451
1353,315.9,0.0500303469598293
1354,316.1,0.256741523742676
1355,316.2,0.247030258178711
1356,316.4,0.0425734855234623
1357,316.7,0.013092864304781
1358,316.9,0.0421399474143982
1359,317.1,0.169080033898354
1360,317.3,0.0331223458051682
1361,317.9,0.0158675108104944
1362,318.2,0.0455215461552143
1363,318.4,0.028093297034502
1364,318.5,0.0313014835119247
1365,319.0,0.0150004336610436
1366,319.6,0.0293072052299976
1367,320.4,0.0268793888390064
1368,320.7,0.0144801875576377
1369,322.5,0.0159542188048363
1370,322.8,0.0460417941212654
1371,323.1,0.418277978897095
1372,323.2,0.171161010861397
1373,323.7,0.0320818535983562
1374,324.1,0.0533252395689487
1375,324.3,0.0456082560122013
1376,324.4,0.013092864304781
1377,324.6,0.118269316852093
1378,324.8,0.919188439846039
1379,325.0,14.4496660232544
1380,325.1,23.5608253479004
1381,325.3,1.33486521244049
1382,325.9,0.294806212186813
1383,326.1,1.71516513824463
1384,326.2,1.12139081954956
1385,326.4,0.0645105317234993
1386,326.6,0.0285268351435661
1387,326.8,0.816960036754608
1388,327.0,32.5798149108887
1389,327.1,54.6311454772949
1390,327.2,22.6732845306396
1391,327.5,0.102228388190269
1392,327.7,0.13257609307766
1393,327.9,2.66036581993103
1394,328.1,12.7007713317871
1395,328.2,5.3047776222229
1396,328.4,0.162143409252167
1397,328.6,0.0275730509310961
1398,328.8,0.339460670948029
1399,329.0,4.66140651702881
1400,329.1,7.69426870346069
1401,329.3,0.692447781562805
1402,329.8,0.0173415411263704
1403,330.0,0.173848956823349
1404,330.1,0.296627074480057
1405,330.3,0.0418798215687275
1406,330.8,0.0545391477644444
1407,331.0,0.684383928775787
1408,331.2,15.6412906646729
1409,331.3,0.292638510465622
1410,331.8,0.0195092335343361
1411,332.0,0.345530211925507
1412,332.2,3.68967318534851
1413,332.3,0.185901328921318
1414,333.0,0.112113066017628
1415,333.2,1.81964790821075
1416,333.3,0.0511575490236282
1417,334.0,0.133529871702194
1418,334.2,0.166131973266602
1419,334.3,0.0231509581208229
1420,335.0,0.0191624034196138
1421,335.8,0.0262724347412586
1422,337.1,0.0155206797644496
1423,337.3,0.0142200645059347
1424,338.6,0.013092864304781
1425,338.8,0.0846267268061638
1426,339.0,1.44637131690979
1427,339.2,4.25752210617065
1428,339.3,0.613110184669495
1429,339.6,0.0131795713678002
1430,340.0,0.151565074920654
1431,340.2,0.304083943367004
1432,340.3,0.203416287899017
1433,340.6,0.0709269046783447
1434,340.8,0.747593879699707
1435,341.0,30.1112461090088
1436,341.1,182.26628112793
1437,341.3,3.26810026168823
1438,341.4,0.300702333450317
1439,341.6,0.0156940948218107
1440,341.8,0.446544706821442
1441,342.0,15.5708837509155
1442,342.1,25.3714561462402
1443,342.2,23.4088268280029
1444,342.4,0.324980497360229
1445,342.5,0.104656204581261
1446,342.7,0.0875747874379158
1447,342.9,3.50524592399597
1448,343.1,37.3146629333496
1449,343.2,25.1787910461426
1450,343.4,0.276164054870605
1451,343.7,0.0305211134254932
1452,343.9,0.407786339521408
1453,344.0,0.934362292289734
1454,344.2,3.45166039466858
1455,344.3,0.583369433879852
1456,344.7,0.113847218453884
1457,344.9,1.43544614315033
1458,345.0,3.88398504257202
1459,345.1,12.0384979248047
1460,345.3,2.48434925079346
1461,345.5,0.055839765816927
1462,345.9,0.158588394522667
1463,346.1,1.55172109603882
1464,346.2,5.99306344985962
1465,346.4,0.0841931849718094
1466,346.8,0.0132662793621421
1467,347.0,0.112113066017628
1468,347.2,1.98361229896545
1469,347.3,0.262724369764328
1470,348.0,0.0799445062875748
1471,348.2,0.760773420333862
1472,348.3,0.0795976743102074
1473,348.9,0.014306771568954
1474,349.1,0.103875838220119
1475,349.3,0.0699731186032295
1476,349.6,0.0136998174712062
1477,350.6,0.0164744649082422
1478,351.1,0.0144801875576377
1479,351.5,0.027139512822032
1480,353.1,0.0865342915058136
1481,353.2,0.0139599414542317
1482,353.4,0.058787826448679
1483,353.8,0.0131795713678002
1484,354.4,0.0340761281549931
1485,354.7,0.0570536702871323
1486,354.9,2.34050107002258
1487,355.1,136.158508300781
1488,355.2,215.918930053711
1489,355.4,0.397208005189896
1490,355.7,0.0293939132243395
1491,355.9,1.79597675800323
1492,356.1,54.6230812072754
1493,356.2,60.8289260864258
1494,356.4,0.463886231184006
1495,356.6,0.051677793264389
1496,356.8,0.0925171226263046
1497,357.0,10.9187545776367
1498,357.2,75.712043762207
1499,357.3,9.64501857757568
1500,357.8,0.0728344768285751
1501,358.0,2.34344911575317
1502,358.2,9.51010131835938
1503,358.3,2.78635215759277
1504,358.6,0.111679531633854
1505,358.8,0.460764765739441
1506,359.0,8.31240749359131
1507,359.2,33.1176605224609
1508,359.3,8.05861473083496
1509,359.5,0.0360704064369202
1510,359.7,0.0171681270003319
1511,359.9,0.196046128869057
1512,360.1,1.36850774288177
1513,360.2,1.64779329299927
1514,360.4,0.160495966672897
1515,360.6,0.0306078214198351
1516,360.8,0.0269660968333483
1517,361.0,0.261163622140884
1518,361.2,0.864735960960388
1519,361.3,0.393999814987183
1520,361.5,0.0139599414542317
1521,362.1,0.0166478808969259
1522,362.4,0.0135264024138451
1523,362.8,0.0587011203169823
1524,363.1,0.402930706739426
1525,363.2,0.325500726699829
1526,363.3,0.183646932244301
1527,364.0,0.0134396944195032
1528,364.2,0.0173415411263704
1529,364.4,0.0150871416553855
1530,365.1,0.0132662793621421
1531,365.3,0.0144801875576377
1532,366.2,0.0136131104081869
1533,367.1,0.0268793888390064
1534,368.0,0.0132662793621421
1535,368.8,0.0437873937189579
1536,369.0,1.50550591945648
1537,369.1,2.32515382766724
1538,369.2,4.6697301864624
1539,369.4,0.330789893865585
1540,369.8,0.0280065890401602
1541,370.0,0.121390789747238
1542,370.2,0.260816782712936
1543,370.3,0.14592906832695
1544,371.0,0.377178519964218
1545,371.2,0.909043610095978
1546,371.3,0.27902540564537
1547,372.2,0.0746553391218185
1548,372.4,0.0264458507299423
1549,372.8,0.136998176574707
1550,373.0,4.41342258453369
1551,373.2,17.1962203979492
1552,373.3,4.77299928665161
1553,373.5,0.0403190851211548
1554,373.9,0.0726610571146011
1555,374.1,0.671637892723083
1556,374.2,0.921095967292786
1557,374.4,0.018555449321866
1558,375.0,0.12078383564949
1559,375.1,0.28726264834404
1560,375.3,0.0536720715463161
1561,375.5,0.0284401290118694
1562,375.6,0.0136131104081869
1563,376.1,0.0158675108104944
1564,376.6,0.0130061563104391
1565,377.0,0.0169080030173063
1566,377.7,0.0130061563104391
1567,379.1,0.014566894620657
1568,380.8,0.0136998174712062
1569,382.9,0.0414462834596634
1570,383.2,0.0566201321780682
1571,383.4,0.0142200645059347
1572,384.2,0.0270528048276901
1573,384.7,0.0263591427356005
1574,384.9,0.168473079800606
1575,385.1,0.928119301795959
1576,385.2,0.413162231445313
1577,385.6,0.0313881896436214
1578,386.0,0.0580074563622475
1579,386.1,0.0280065890401602
1580,386.3,0.0589612424373627
1581,386.6,0.0306945294141769
1582,386.9,0.598369896411896
1583,387.1,2.67120432853699
1584,387.2,1.51998615264893
1585,387.9,0.0167345870286226
1586,388.0,0.0419665314257145
1587,388.3,0.0742217972874641
1588,388.5,0.0273996349424124
1589,389.0,0.163617447018623
1590,389.2,0.546171844005585
1591,389.3,0.0168212950229645
1592,390.0,0.0867077112197876
1593,390.1,0.0150004336610436
1594,390.2,0.190843671560287
1595,391.1,0.0439608097076416
1596,391.3,0.0148270176723599
1597,397.3,0.0148270176723599
1598,397.5,0.0156940948218107
1599,398.1,0.0268793888390064
1600,398.6,0.0413595773279667
1601,398.8,0.0590479485690594
1602,399.0,1.02289080619812
1603,399.2,1.82337641716003
1604,399.3,0.31700336933136
1605,399.7,0.0346830822527409
1606,400.0,0.0571403801441193
1607,400.2,0.167085751891136
1608,400.3,0.045694962143898
1609,400.4,0.0848868489265442
1610,400.7,0.14592906832695
1611,400.9,5.73311376571655
1612,401.0,15.9706058502197
1613,401.1,45.6102485656738
1614,401.3,2.6077344417572
1615,401.6,0.0493366867303848
1616,401.8,0.403190851211548
1617,402.0,4.34310245513916
1618,402.1,4.26836013793945
1619,402.2,5.05878782272339
1620,402.4,0.198213815689087
1621,402.7,0.0278331749141216
1622,402.9,1.19673979282379
1623,403.1,5.78652572631836
1624,403.2,2.97416114807129
1625,403.5,0.0273129288107157
1626,403.8,0.0151738487184048
1627,404.0,0.0424867756664753
1628,404.2,0.0977195873856544
1629,405.0,0.422613382339478
1630,405.2,10.2054109573364
1631,405.3,0.413942605257034
1632,405.9,0.0461285002529621
1633,406.1,0.981617987155914
1634,406.2,2.59862995147705
1635,406.4,0.0410127453505993
1636,406.9,0.0425734855234623
1637,407.2,1.70684123039246
1638,407.3,0.0880950316786766
1639,408.0,0.0633833333849907
1640,408.2,0.29732072353363
1641,408.3,0.0469955764710903
1642,409.2,0.0359837003052235
1643,411.7,0.013786525465548
1644,413.0,0.0343362540006638
1645,413.1,0.0841931849718094
1646,414.0,0.0188155733048916
1647,414.2,0.0150004336610436
1648,414.5,0.013786525465548
1649,414.8,0.230989336967468
1650,415.0,11.617359161377
1651,415.2,66.0954666137695
1652,415.3,9.05228519439697
1653,415.5,0.0131795713678002
1654,415.8,0.140119656920433
1655,415.9,1.02028965950012
1656,416.1,12.0366773605347
1657,416.2,14.0243644714355
1658,416.4,0.829099118709564
1659,416.7,0.0613890588283539
1660,416.9,1.20410990715027
1661,417.0,3.1097719669342
1662,417.2,14.766149520874
1663,417.3,4.0841064453125
1664,417.5,0.0415329933166504
1665,418.0,0.148443594574928
1666,418.2,0.630191624164581
1667,418.3,0.264631927013397
1668,418.6,0.028093297034502
1669,418.9,0.147403106093407
1670,419.1,0.742391407489777
1671,419.2,0.867944180965424
1672,419.4,0.0597416125237942
1673,420.1,0.05575305595994
1674,420.4,0.0142200645059347
1675,420.9,0.0494233928620815
1676,421.3,0.0684990882873535
1677,422.2,0.0341628380119801
1678,423.6,0.0143934795632958
1679,425.9,0.0181219112128019
1680,426.3,0.014566894620657
1681,427.1,0.013092864304781
1682,427.3,0.0174282491207123
1683,428.6,0.0339894220232964
1684,428.8,0.200121387839317
1685,429.0,8.90808963775635
1686,429.2,62.9135513305664
1687,429.3,14.0241918563843
1688,429.5,0.0298274513334036
1689,429.8,0.200728341937065
1690,430.0,4.56455373764038
1691,430.2,18.7002506256104
1692,430.3,5.18867588043213
1693,430.4,0.679875135421753
1694,430.6,0.0691060423851013
1695,430.9,0.95621258020401
1696,431.1,9.6457986831665
1697,431.2,13.3204717636108
1698,431.4,0.550940752029419
1699,431.5,0.0452614240348339
1700,431.8,0.0134396944195032
1701,432.0,0.199947968125343
1702,432.2,0.548339545726776
1703,432.3,0.252579540014267
1704,432.5,0.0281800050288439
1705,432.7,0.0158675108104944
1706,432.9,0.224486261606216
1707,433.1,3.46206545829773
1708,433.2,3.21503520011902
1709,433.3,2.6638343334198
1710,433.5,0.0457816682755947
1711,433.8,0.014306771568954
1712,434.1,0.233590573072433
1713,434.3,0.242608174681664
1714,434.4,0.0164744649082422
1715,435.0,0.0288736671209335
1716,435.2,0.058787826448679
1717,435.3,0.0276597589254379
1718,436.5,0.0134396944195032
1719,436.9,0.0285268351435661
1720,437.0,0.0136131104081869
1721,437.4,0.0405792072415352
1722,438.0,0.014046648517251
1723,438.9,0.0175149571150541
1724,441.9,0.0139599414542317
1725,444.3,0.0263591427356005
1726,444.8,0.0136131104081869
1727,445.1,0.0826324447989464
1728,445.3,0.0726610571146011
1729,445.9,0.0150871416553855
1730,446.9,0.0279198829084635
1731,447.1,0.0291337892413139
1732,454.1,0.0136131104081869
1733,454.7,0.0138732334598899
1734,455.2,0.0146536026149988
1735,457.3,0.0147403106093407
1736,458.5,0.0132662793621421
1737,459.0,0.0957253128290176
1738,459.1,0.130234971642494
1739,459.7,0.013092864304781
1740,459.9,0.030174283310771
1741,460.3,0.0307812355458736
1742,460.7,0.0272262208163738
1743,460.9,1.16240358352661
1744,461.1,4.84618043899536
1745,461.2,3.06468391418457
1746,461.4,0.0424000695347786
1747,461.6,0.0412728674709797
1748,461.8,0.0325153917074203
1749,462.0,0.217723056674004
1750,462.2,0.337986648082733
1751,462.3,0.0606953948736191
1752,462.7,0.0284401290118694
1753,462.9,0.0153472647070885
1754,463.1,0.144455045461655
1755,463.3,0.0261857286095619
1756,464.5,0.0199427735060453
1757,464.9,0.0136131104081869
1758,465.3,0.0143934795632958
1759,466.3,0.013786525465548
1760,468.2,0.0147403106093407
1761,469.4,0.0130061563104391
1762,470.0,0.014046648517251
1763,471.1,0.014306771568954
1764,473.2,0.0159542188048363
1765,474.6,0.0152605567127466
1766,474.8,0.213821202516556
1767,475.0,4.60201168060303
1768,475.2,21.0043354034424
1769,475.3,7.77915525436401
1770,475.5,0.249891608953476
1771,475.7,0.0563600100576878
1772,475.9,0.334951877593994
1773,476.1,1.92742562294006
1774,476.2,1.95690631866455
1775,476.3,1.78305733203888
1776,476.5,0.0332957617938519
1777,476.9,0.126419842243195
1778,477.1,0.820515036582947
1779,477.3,1.13309633731842
1780,477.4,0.0998005717992783
1781,477.7,0.0156073877587914
1782,477.9,0.0130061563104391
1783,478.2,0.0138732334598899
1784,478.4,0.0447411760687828
1785,479.0,0.0350299142301083
1786,479.2,0.770051181316376
1787,479.3,0.367900818586349
1788,480.1,0.126679956912994
1789,480.2,0.347871333360672
1790,481.1,0.0849735513329506
1791,481.2,0.130928635597229
1792,482.3,0.0306078214198351
1793,484.7,0.0134396944195032
1794,485.6,0.0154339717701077
1795,486.7,0.0133529873564839
1796,487.1,0.0131795713678002
1797,487.5,0.0173415411263704
1798,488.9,0.857019007205963
1799,489.1,12.1165351867676
1800,489.2,25.2217979431152
1801,489.4,1.81973469257355
1802,489.5,0.236972168087959
1803,489.8,0.0482094846665859
1804,490.0,0.979016721248627
1805,490.2,4.51079511642456
1806,490.3,2.82259607315063
1807,490.5,0.0304344054311514
1808,490.6,0.0443076379597187
1809,490.8,0.028093297034502
1810,491.0,0.529437243938446
1811,491.2,1.95057666301727
1812,491.3,1.14575564861298
1813,491.5,0.0609555207192898
1814,491.9,0.0131795713678002
1815,492.1,0.0308679435402155
1816,492.2,0.126419842243195
1817,492.5,0.0287869591265917
1818,493.1,0.0850602611899376
1819,493.2,0.205497264862061
1820,493.4,0.0276597589254379
1821,493.6,0.0156940948218107
1822,494.2,0.0136131104081869
1823,495.3,0.014566894620657
1824,496.5,0.013092864304781
1825,497.9,0.0261857286095619
1826,501.0,0.0131795713678002
1827,501.2,0.0316483117640018
1828,502.0,0.0141333565115929
1829,502.2,0.0152605567127466
1830,502.6,0.0228908341377974
1831,502.8,0.0435272678732872
1832,503.0,0.656290650367737
1833,503.2,2.99210953712463
1834,503.3,1.50932109355927
1835,503.7,0.0268793888390064
1836,504.0,0.0296540353447199
1837,504.2,0.475505083799362
1838,504.3,0.186855107545853
1839,504.7,0.0132662793621421
1840,505.0,0.0424000695347786
1841,505.2,0.167605996131897
1842,505.3,0.0992803275585175
1843,506.9,0.0430937297642231
1844,507.1,0.273909658193588
1845,507.2,0.669990479946136
1846,507.4,0.0957253128290176
1847,508.1,0.0585277043282986
1848,508.3,0.0846267268061638
1849,508.8,0.0136998174712062
1850,510.0,0.0152605567127466
1851,510.2,0.0130061563104391
1852,511.3,0.028613543137908
1853,513.3,0.0160409267991781
1854,514.9,0.013786525465548
1855,519.2,0.0307812355458736
1856,521.0,0.0132662793621421
1857,521.3,0.0136998174712062
1858,523.2,0.013786525465548
1859,523.9,0.0151738487184048
1860,524.6,0.0136131104081869
1861,524.9,0.0150004336610436
1862,527.6,0.0139599414542317
1863,530.6,0.0131795713678002
1864,532.1,0.0143934795632958
1865,532.9,0.014046648517251
1866,533.1,0.0289603751152754
1867,534.9,0.153992891311646
1868,535.1,0.879042744636536
1869,535.2,1.02245724201202
1870,535.4,0.0725743547081947
1871,535.7,0.0132662793621421
1872,535.9,0.0146536026149988
1873,536.1,0.134223535656929
1874,536.3,0.142634183168411
1875,537.0,0.0142200645059347
1876,537.1,0.0675453022122383
1877,537.5,0.0265325587242842
1878,538.4,0.0134396944195032
1879,542.8,0.0134396944195032
1880,546.3,0.0147403106093407
1881,546.6,0.0144801875576377
1882,546.9,0.0142200645059347
1883,548.9,0.100234113633633
1884,549.1,2.22292542457581
1885,549.2,2.46457982063293
1886,549.3,3.31240797042847
1887,549.5,0.118095897138119
1888,549.7,0.014306771568954
1889,549.9,0.0410994552075863
#"+ Scan (rt: 5.003-54.995 min, 8748 scans) 190221_WL15_1.D "
#Point,X(Thompsons),Y(Counts)
0,50.1,102.544235229492
1,50.2,162.603912353516
2,50.4,0.74634200334549
3,50.8,0.0956790149211884
4,51.0,13.251485824585
5,51.2,420.934844970703
6,51.3,30.9798812866211
7,51.6,0.0376085974276066
8,51.8,0.141175121068954
9,52.0,10.5864200592041
10,52.2,117.321556091309
11,52.3,17.6364879608154
12,52.4,1.42672610282898
13,52.6,0.0532693192362785
14,52.9,0.818015575408936
15,53.1,81.6108856201172
16,53.2,231.444442749023
17,53.4,0.823616802692413
18,53.7,0.0193187016993761
19,53.9,0.926497459411621
20,54.1,63.889461517334
21,54.2,187.823959350586
22,54.4,3.85825324058533
23,54.7,0.0547553710639477
24,54.9,0.133516237139702
25,55.1,55.8127555847168
26,55.2,1633.80712890625
27,55.4,0.621399164199829
28,55.9,0.146890714764595
29,56.1,65.1704406738281
30,56.2,830.102172851563
31,56.4,1.77206218242645
32,56.9,0.112940102815628
33,57.1,42.5324630737305
34,57.2,2788.11059570313
35,57.4,1.95358943939209
36,57.8,0.404435306787491
37,58.0,14.0819616317749
38,58.2,125.286010742188
39,58.3,32.0509834289551
40,58.6,0.195130318403244
41,58.8,0.362254232168198
42,59.0,3.43198442459106
43,59.2,11.2823505401611
44,59.3,3.16838145256042
45,59.6,0.12505716085434
46,59.7,0.0176040232181549
47,59.9,0.918152749538422
48,60.1,37.215705871582
49,60.2,28.8468227386475
50,60.4,0.320073157548904
51,60.9,0.638431668281555
52,61.1,13.5736169815063
53,61.2,10.544581413269
54,61.5,0.194901689887047
55,61.8,0.166552349925041
56,62.0,8.32704639434814
57,62.2,60.6578636169434
58,62.3,7.44581604003906
59,62.5,0.0803612247109413
60,62.7,0.0604709647595882
61,62.9,1.99371290206909
62,63.1,112.980110168457
63,63.2,173.144607543945
64,63.4,1.67764055728912
65,63.7,0.158550530672073
66,63.9,6.64814805984497
67,64.1,394.204742431641
68,64.2,124.447647094727
69,64.4,0.212391406297684
70,64.8,0.0573845468461514
71,65.0,16.9499320983887
72,65.2,316.343292236328
73,65.3,35.7578887939453
74,65.6,0.0557841807603836
75,65.9,1.4426155090332
76,66.1,71.559440612793
77,66.2,94.1969604492188
78,66.4,1.83984911441803
79,66.6,0.0171467754989862
80,66.9,0.323273897171021
81,67.1,114.226112365723
82,67.2,602.684265136719
83,67.4,0.57556015253067
84,67.8,0.0416095107793808
85,68.0,6.40134906768799
86,68.2,280.561157226563
87,68.3,57.6780967712402
88,68.5,0.154092356562614
89,68.9,0.210219472646713
90,69.1,76.0554428100586
91,69.2,1110.986328125
92,69.4,0.864197552204132
93,69.8,0.0602423399686813
94,70.0,4.26497507095337
95,70.2,648.263061523438
96,70.3,120.945816040039
97,70.5,0.188843160867691
98,70.7,0.0180612709373236
99,70.9,0.380429804325104
100,71.1,51.2652015686035
101,71.2,1733.39331054688
102,71.4,1.47679471969604
103,71.6,0.0188614539802074
104,71.8,0.0316643789410591
105,72.0,2.66906714439392
106,72.2,61.9438743591309
107,72.3,23.0298347473145
108,72.5,0.251371741294861
109,72.7,0.018175583332777
110,72.9,1.03657984733582
111,73.1,143.383407592773
112,73.2,374.333435058594
113,73.4,0.914494752883911
114,73.6,0.0867626890540123
115,73.7,0.0409236401319504
116,73.9,2.65352082252502
117,74.1,100.229423522949
118,74.2,95.2924118041992
119,74.4,1.10356652736664
120,74.7,0.0636716932058334
121,74.9,3.41403746604919
122,75.1,115.367515563965
123,75.2,116.481712341309
124,75.4,1.99279832839966
125,75.6,0.105052582919598
126,75.9,3.21536350250244
127,76.1,98.2286224365234
128,76.2,115.103225708008
129,76.4,3.05578422546387
130,76.5,0.547668039798737
131,77.0,16.7266807556152
132,77.2,749.217529296875
133,77.3,27.127799987793
134,77.6,0.0229766797274351
135,77.8,0.0542981252074242
136,78.0,18.2437133789063
137,78.2,476.673309326172
138,78.3,43.5269775390625
139,78.5,0.0736168250441551
140,79.0,14.2261085510254
141,79.2,1062.19201660156
142,79.3,10.3882026672363
143,79.8,0.141175121068954
144,80.0,21.1157970428467
145,80.2,122.003540039063
146,80.3,29.2442836761475
147,80.5,0.138088703155518
148,81.0,9.96764945983887
149,81.2,1163.75561523438
150,81.3,23.9150657653809
151,81.8,0.176954731345177
152,82.0,13.4771375656128
153,82.2,379.271606445313
154,82.3,81.3115005493164
155,82.5,0.274234116077423
156,82.8,0.134430721402168
157,82.9,0.656149983406067
158,83.1,76.8013229370117
159,83.2,768.694702148438
160,83.4,1.30841338634491
161,83.9,0.441129386425018
162,84.1,59.605052947998
163,84.2,415.406372070313
164,84.4,3.80727028846741
165,84.7,0.121056243777275
166,84.9,2.21970725059509
167,85.1,104.795951843262
168,85.2,1255.24438476563
169,85.4,1.38751709461212
170,85.8,0.0592135339975357
171,86.0,5.7510290145874
172,86.2,70.5842514038086
173,86.3,21.9604473114014
174,86.5,0.129401013255119
175,86.7,0.0189757663756609
176,86.9,1.55612707138062
177,87.1,24.7274799346924
178,87.2,21.7216510772705
179,87.4,1.09385001659393
180,87.6,0.147805213928223
181,87.9,1.88557386398315
182,88.1,14.9698219299316
183,88.2,13.9689073562622
184,88.4,1.1307727098465
185,88.6,0.0368084125220776
186,88.8,0.80315500497818
187,88.9,3.53818011283875
188,89.1,88.1732940673828
189,89.2,91.2669143676758
190,89.4,1.87459993362427
191,89.6,0.300868779420853
192,89.9,1.24348425865173
193,90.1,10.124942779541
194,90.2,11.7430267333984
195,90.4,0.419295847415924
196,90.6,0.0538408793509007
197,90.8,0.0809327811002731
198,91.0,10.4029493331909
199,91.2,1280.87145996094
200,91.3,42.0851631164551
201,91.5,0.0227480567991734
202,91.8,0.0558984912931919
203,92.0,13.2566299438477
204,92.2,322.486846923828
205,92.3,38.0537261962891
206,92.5,0.0856195688247681
207,92.8,0.209647923707962
208,93.0,13.668496131897
209,93.2,205.099456787109
210,93.3,44.0896186828613
211,93.6,0.0746456310153008
212,93.8,0.243712842464447
213,94.0,18.0064010620117
214,94.2,204.231704711914
215,94.3,34.3543663024902
216,94.5,0.735596716403961
217,94.7,0.0208047553896904
218,94.9,0.8922039270401
219,95.1,89.7620010375977
220,95.2,482.532806396484
221,95.4,1.76726114749908
222,95.7,0.121513485908508
223,95.9,3.01691818237305
224,96.1,191.408660888672
225,96.2,356.497253417969
226,96.4,2.77983546257019
227,96.6,0.0717878341674805
228,96.8,1.68324184417725
229,97.0,17.2422275543213
230,97.2,613.098876953125
231,97.3,148.899856567383
232,97.6,0.180155470967293
233,97.8,0.211019665002823
234,98.0,11.0755605697632
235,98.2,239.969360351563
236,98.3,73.7513732910156
237,98.5,0.160036578774452
238,98.9,0.604366719722748
239,99.1,31.0076580047607
240,99.2,323.799835205078
241,99.4,3.51691818237305
242,99.6,0.0594421587884426
243,99.8,0.274805665016174
244,100.0,3.81584358215332
245,100.2,20.37619972229
246,100.3,9.11179733276367
247,100.5,0.38283035159111
248,100.7,0.171696394681931
249,100.9,2.50217199325562
250,101.1,20.7930946350098
251,101.2,22.8507080078125
252,101.4,1.32430267333984
253,101.6,0.122999541461468
254,101.8,0.399291276931763
255,102.0,13.161865234375
256,102.2,143.037612915039
257,102.3,12.7266807556152
258,102.5,0.144947409629822
259,102.7,0.132373109459877
260,102.8,0.113397344946861
261,103.0,16.8571109771729
262,103.2,301.104949951172
263,103.3,18.3398494720459
264,103.5,0.084819383919239
265,103.7,0.076588936150074
266,103.9,2.04080939292908
267,104.1,89.2889785766602
268,104.2,327.698913574219
269,104.4,2.36499762535095
270,104.6,0.063786007463932
271,104.9,1.60768175125122
272,105.1,207.421463012695
273,105.2,732.152404785156
274,105.4,0.394718796014786
275,105.9,1.31858706474304
276,106.1,74.0186309814453
277,106.2,287.335632324219
278,106.4,1.77732050418854
279,106.6,0.172267943620682
280,106.8,0.282350242137909
281,107.0,14.356653213501
282,107.2,142.209197998047
283,107.3,32.8151588439941
284,107.5,0.137860089540482
285,107.8,0.181984454393387
286,108.0,10.4344997406006
287,108.2,57.8512802124023
288,108.3,16.6105403900146
289,108.5,0.241083681583405
290,108.7,0.0361225418746471
291,108.9,0.727137625217438
292,109.1,69.7532043457031
293,109.2,286.162536621094
294,109.4,3.22519421577454
295,109.6,0.0368084125220776
296,109.8,0.146090537309647
297,110.0,9.42775535583496
298,110.2,155.968109130859
299,110.3,51.2093048095703
300,110.5,0.220964789390564
301,110.8,0.0499542765319347
302,111.0,5.63820314407349
303,111.2,303.879272460938
304,111.3,120.813102722168
305,111.5,0.0451531782746315
306,111.7,0.0189757663756609
307,111.9,0.705189764499664
308,112.1,34.690788269043
309,112.2,170.459075927734
310,112.4,4.54503870010376
311,112.6,0.118198446929455
312,112.9,0.770118892192841
313,113.1,25.1187705993652
314,113.2,207.120834350586
315,113.4,4.25983095169067
316,113.8,0.0540695004165173
317,113.9,0.202446267008781
318,114.1,3.96627807617188
319,114.2,11.6899862289429
320,114.4,0.997599422931671
321,114.7,0.0904206708073616
322,114.9,2.18678545951843
323,115.1,149.902374267578
324,115.2,242.603912353516
325,115.4,0.475422948598862
326,115.5,0.062871515750885
327,115.9,1.15752172470093
328,116.1,37.8460235595703
329,116.2,47.5953369140625
330,116.4,1.10059440135956
331,116.5,0.150663003325462
332,116.7,0.0260630995035172
333,116.9,1.33013260364532
334,117.1,93.5695037841797
335,117.2,280.044799804688
336,117.4,1.09739363193512
337,117.8,0.0951074510812759
338,118.0,8.6151123046875
339,118.2,140.002166748047
340,118.3,21.747257232666
341,118.5,0.324988573789597
342,118.8,0.372885227203369
343,119.0,17.4975986480713
344,119.2,481.918853759766
345,119.3,47.9228401184082
346,119.5,0.109282121062279
347,119.8,0.169753089547157
348,120.0,10.2888660430908
349,120.2,168.795150756836
350,120.3,32.0770454406738
351,120.5,0.147805213928223
352,120.6,0.0707590281963348
353,120.9,3.31995892524719
354,121.1,71.3393936157227
355,121.2,104.442390441895
356,121.4,2.70484685897827
357,121.6,0.056470051407814
358,121.8,0.506172835826874
359,121.9,3.41746687889099
360,122.1,73.965705871582
361,122.2,82.7901229858398
362,122.4,1.61454045772552
363,122.6,0.0269775949418545
364,122.8,0.15592135488987
365,123.0,7.94101524353027
366,123.2,149.369338989258
367,123.3,55.1766128540039
368,123.5,0.164151802659035
369,123.8,0.0606995895504951
370,124.0,4.67398262023926
371,124.2,65.6087112426758
372,124.3,33.0741882324219
373,124.5,0.344421595335007
374,124.7,0.0421810708940029
375,124.9,1.08893465995789
376,125.1,32.1642646789551
377,125.2,172.846939086914
378,125.4,5.330246925354
379,125.6,0.286008238792419
380,125.9,1.47930955886841
381,126.1,61.2797203063965
382,126.2,205.931076049805
383,126.4,4.60550975799561
384,126.7,0.196273431181908
385,126.9,0.819044351577759
386,127.1,55.2911529541016
387,127.2,295.927398681641
388,127.4,4.35802459716797
389,127.7,0.1264289021492
390,127.9,0.92958390712738
391,128.1,107.606307983398
392,128.2,1237.76391601563
393,128.4,1.29092359542847
394,128.7,0.0799039751291275
395,128.9,1.09499311447144
396,129.1,72.6889572143555
397,129.2,197.601623535156
398,129.4,0.602880656719208
399,129.6,0.0261774118989706
400,129.9,0.738340198993683
401,130.1,21.1504344940186
402,130.2,33.2394828796387
403,130.4,1.08413350582123
404,130.6,0.0214906260371208
405,130.8,0.136716961860657
406,131.0,10.5489253997803
407,131.2,141.193298339844
408,131.3,24.3571109771729
409,131.5,0.0240054875612259
410,131.8,0.167009606957436
411,132.0,6.46319150924683
412,132.2,71.6676940917969
413,132.3,15.490626335144
414,132.5,0.183813437819481
415,132.8,0.451760411262512
416,133.0,40.2399406433105
417,133.2,302.364868164063
418,133.3,34.7878379821777
419,133.5,0.0994513034820557
420,133.8,0.653406500816345
421,134.0,13.7965250015259
422,134.2,286.856201171875
423,134.3,31.5081157684326
424,134.5,0.32178783416748
425,134.8,0.328189313411713
426,135.0,19.7909240722656
427,135.2,213.403289794922
428,135.3,41.2681770324707
429,135.6,0.105052582919598
430,135.7,0.0197759494185448
431,135.9,1.2861225605011
432,136.1,21.2256507873535
433,136.2,29.2640609741211
434,136.4,2.44821667671204
435,136.7,0.270461827516556
436,136.9,4.57441711425781
437,137.1,92.3340225219727
438,137.2,133.400772094727
439,137.4,2.24474167823792
440,137.8,0.255372643470764
441,138.0,4.68758583068848
442,138.2,40.252742767334
443,138.3,21.3195018768311
444,138.5,0.579789638519287
445,138.8,0.294810235500336
446,139.0,18.3084125518799
447,139.2,174.713653564453
448,139.3,29.0744171142578
449,139.5,0.142661184072495
450,139.8,0.192729771137238
451,140.0,3.72919535636902
452,140.2,54.076587677002
453,140.3,42.0405807495117
454,140.5,0.512688636779785
455,140.7,0.103223592042923
456,141.0,5.27983522415161
457,141.2,246.683700561523
458,141.3,61.5051422119141
459,141.5,0.162665754556656
460,141.7,0.0193187016993761
461,141.9,0.612139940261841
462,142.1,34.5988807678223
463,142.2,130.265319824219
464,142.4,1.69021487236023
465,142.7,0.0385230891406536
466,142.9,0.794695913791656
467,143.1,22.1090526580811
468,143.2,34.3470497131348
469,143.4,1.14826250076294
470,143.6,0.0621856413781643
471,144.0,2.50240063667297
472,144.2,14.0038862228394
473,144.3,4.49988555908203
474,144.5,0.106995888054371
475,144.8,0.193644255399704
476,145.0,7.39917707443237
477,145.2,72.7185668945313
478,145.3,20.353796005249
479,145.5,0.0815043449401855
480,145.8,0.0756744369864464
481,146.0,2.94810247421265
482,146.2,28.6742115020752
483,146.3,8.93278503417969
484,146.5,0.0585276633501053
485,146.7,0.156264290213585
486,146.9,3.74531316757202
487,147.1,130.520797729492
488,147.2,146.309448242188
489,147.4,1.58847737312317
490,147.7,0.0259487889707088
491,147.9,1.35505259037018
492,148.1,28.6641521453857
493,148.2,56.6471176147461
494,148.4,1.68026971817017
495,148.5,0.222565159201622
496,148.8,0.34990856051445
497,149.0,30.9866256713867
498,149.2,237.669860839844
499,149.3,22.0680160522461
500,149.5,0.0753315016627312
501,149.8,0.245999082922935
502,150.0,10.6551208496094
503,150.2,67.7080459594727
504,150.3,12.713077545166
505,150.5,0.0956790149211884
506,150.8,0.202331960201263
507,151.0,15.3557386398315
508,151.2,171.228744506836
509,151.3,33.0547561645508
510,151.4,2.32761764526367
511,151.6,0.0772748067975044
512,151.9,1.07921814918518
513,152.1,93.9046630859375
514,152.2,190.789672851563
515,152.4,2.13157296180725
516,152.6,0.104938268661499
517,152.8,0.319387286901474
518,153.0,20.4252395629883
519,153.2,255.009140014648
520,153.3,28.569730758667
521,153.5,0.0216049384325743
522,153.8,0.138545960187912
523,154.0,5.47553730010986
524,154.1,45.4363288879395
525,154.2,290.542419433594
526,154.4,4.54561042785645
527,154.7,0.100937359035015
528,154.9,4.03806591033936
529,155.1,83.8709411621094
530,155.2,177.366363525391
531,155.4,2.75971651077271
532,155.6,0.0408093295991421
533,155.8,0.184042066335678
534,156.0,5.20244646072388
535,156.2,66.2791519165039
536,156.3,24.1132831573486
537,156.5,0.0579561032354832
538,156.7,0.0236625522375107
539,156.9,1.07841789722443
540,157.1,12.2616596221924
541,157.2,18.2091903686523
542,157.4,0.866140842437744
543,157.5,0.0745313242077827
544,157.8,0.0695016011595726
545,158.0,1.56584358215332
546,158.2,9.06355762481689
547,158.3,3.01268863677979
548,158.5,0.0812757238745689
549,158.7,0.193072706460953
550,158.9,0.863397359848022
551,159.0,3.81092810630798
552,159.2,37.0772743225098
553,159.3,12.1561498641968
554,159.6,0.0812757238745689
555,159.8,0.146433472633362
556,160.0,5.55875635147095
557,160.2,38.8149299621582
558,160.3,7.78097867965698
559,160.5,0.0490397810935974
560,160.7,0.0210333783179522
561,160.9,1.41083681583405
562,161.1,19.4071788787842
563,161.2,21.5574989318848
564,161.4,0.906607210636139
565,161.9,0.646319150924683
566,162.1,9.06710147857666
567,162.2,24.0080013275146
568,162.4,1.26268863677979
569,162.7,0.307498842477798
570,162.9,6.5992226600647
571,163.1,67.8535690307617
572,163.2,59.7666893005371
573,163.4,2.41723823547363
574,163.5,0.115454964339733
575,163.8,0.154892548918724
576,164.0,2.26108813285828
577,164.1,4.69032907485962
578,164.2,11.0213766098022
579,164.4,1.71742117404938
580,164.6,0.0387517139315605
581,164.8,0.224279835820198
582,165.0,11.8443069458008
583,165.2,131.453582763672
584,165.3,34.5919075012207
585,165.4,2.06424331665039
586,165.6,0.118884317576885
587,165.8,1.06332874298096
588,166.0,26.6615219116211
589,166.2,116.070304870605
590,166.3,20.9008922576904
591,166.5,0.176497489213943
592,166.7,0.0486968457698822
593,166.8,0.0210333783179522
594,167.0,6.08950614929199
595,167.2,72.0652694702148
596,167.3,24.1766109466553
597,167.5,0.369112938642502
598,167.8,0.083904892206192
599,168.0,4.06081390380859
600,168.2,134.352874755859
601,168.3,33.3511657714844
602,168.5,0.31104251742363
603,168.7,0.0229766797274351
604,168.9,0.315043449401855
605,169.1,16.5548706054688
606,169.3,71.5977401733398
607,169.4,4.49348402023315
608,169.6,0.0208047553896904
609,169.8,0.0450388677418232
610,170.0,1.94295835494995
611,170.2,22.5160045623779
612,170.3,19.3320751190186
613,170.5,0.0585276633501053
614,170.8,0.077503427863121
615,171.0,1.50548696517944
616,171.2,8.89769077301025
617,171.3,3.87894368171692
618,171.6,0.0345221757888794
619,172.0,0.257773190736771
620,172.2,0.958619117736816
621,172.3,0.68187016248703
622,172.7,0.0361225418746471
623,172.9,0.413808882236481
624,173.1,6.11899852752686
625,173.2,12.1563787460327
626,173.3,7.40935087203979
627,173.7,0.0441243723034859
628,174.0,2.27114772796631
629,174.2,13.2214221954346
630,174.3,6.13203001022339
631,174.5,0.0616140849888325
632,174.8,0.0395518988370895
633,175.0,2.52023315429688
634,175.2,15.1232280731201
635,175.3,5.11442613601685
636,175.4,1.07361686229706
637,175.6,0.0805898457765579
638,175.8,0.124828532338142
639,176.0,5.57247352600098
640,176.1,30.4500465393066
641,176.2,67.8023529052734
642,176.4,1.57258796691895
643,176.5,0.10916780680418
644,176.8,0.840192019939423
645,177.0,23.7355976104736
646,177.2,98.8304748535156
647,177.3,24.7918376922607
648,177.5,0.472450852394104
649,177.7,0.0185185186564922
650,177.9,1.37254226207733
651,178.1,56.9561042785645
652,178.2,361.816070556641
653,178.4,1.03566527366638
654,178.6,0.0820759013295174
655,178.8,0.361911296844482
656,179.0,7.80955648422241
657,179.2,117.471076965332
658,179.3,35.179012298584
659,179.5,0.145290344953537
660,179.9,0.813786029815674
661,180.1,49.6432342529297
662,180.2,94.3221282958984
663,180.4,1.96616363525391
664,180.6,0.0470964796841145
665,180.8,0.0437814369797707
666,181.0,4.98891162872314
667,181.2,46.4305000305176
668,181.3,14.0344076156616
669,181.5,0.105052582919598
670,181.8,0.138545960187912
671,182.0,2.70724725723267
672,182.2,33.9112930297852
673,182.3,24.0757884979248
674,182.5,0.316643804311752
675,182.7,0.0395518988370895
676,182.9,0.338820308446884
677,183.1,8.24439907073975
678,183.3,36.9979438781738
679,183.4,5.52194786071777
680,183.7,0.143232733011246
681,183.9,0.840077757835388
682,184.1,68.7202758789063
683,184.2,60.5541839599609
684,184.4,3.41380882263184
685,184.7,0.0185185186564922
686,184.9,0.631229996681213
687,185.1,9.05041122436523
688,185.2,11.3318471908569
689,185.4,0.528692245483398
690,185.7,0.0437814369797707
691,185.9,0.325331509113312
692,186.1,2.49188375473022
693,186.2,2.75800180435181
694,186.4,0.16015088558197
695,186.9,0.188500225543976
696,187.1,2.07007312774658
697,187.2,6.13305902481079
698,187.4,0.489597618579865
699,187.6,0.10128029435873
700,187.8,0.0377229079604149
701,188.0,0.317215353250504
702,188.2,3.96056246757507
703,188.3,2.1255145072937
704,188.4,0.952103316783905
705,188.6,0.0412665754556656
706,188.8,0.18175582587719
707,189.0,3.10642433166504
708,189.2,18.8822593688965
709,189.3,6.89220380783081
710,189.6,0.122542291879654
711,189.9,0.252629160881042
712,190.1,3.59693646430969
713,190.3,11.7665748596191
714,190.4,1.9753086566925
715,190.7,0.331504344940186
716,190.9,8.86008262634277
717,191.1,210.951187133789
718,191.2,96.9196395874023
719,191.4,2.30372667312622
720,191.8,0.174211248755455
721,192.0,10.5592136383057
722,192.2,43.3254470825195
723,192.3,11.3102426528931
724,192.5,0.612025618553162
725,192.7,0.183699131011963
726,192.9,8.22622299194336
727,193.1,185.919296264648
728,193.2,140.114547729492
729,193.4,1.69661641120911
730,193.5,0.0997942388057709
731,193.7,0.0249199811369181
732,193.9,1.31161403656006
733,194.1,25.3149299621582
734,194.2,33.3631706237793
735,194.4,2.73239588737488
736,194.7,0.225765883922577
737,194.8,0.181298583745956
738,195.0,6.98879766464233
739,195.2,35.2680625915527
740,195.3,9.48388195037842
741,195.5,0.151806131005287
742,195.7,0.0900777354836464
743,196.0,1.47736620903015
744,196.2,17.7901229858398
745,196.3,14.5693874359131
746,196.4,5.48491096496582
747,196.6,0.135002285242081
748,196.9,0.954961121082306
749,197.1,19.7136497497559
750,197.2,44.1562652587891
751,197.4,3.91769552230835
752,197.8,0.153749421238899
753,198.0,3.33836317062378
754,198.2,19.1511211395264
755,198.3,11.143461227417
756,198.5,0.100937359035015
757,198.8,0.0192043893039227
758,199.0,0.901463210582733
759,199.2,2.57384538650513
760,199.3,1.73079562187195
761,199.5,0.120941929519176
762,199.8,0.0676726102828979
763,200.0,2.34613633155823
764,200.2,16.9108371734619
765,200.3,2.21570634841919
766,200.6,0.0193187016993761
767,200.8,0.0762460008263588
768,201.0,2.16712403297424
769,201.2,12.0642433166504
770,201.3,3.6302011013031
771,201.5,0.0611568354070187
772,201.9,0.664951980113983
773,202.1,36.0780754089355
774,202.2,101.200500488281
775,202.4,0.896547794342041
776,202.7,0.0736168250441551
777,202.9,0.964448988437653
778,203.1,20.1244850158691
779,203.2,39.0595550537109
780,203.4,1.47107911109924
781,203.6,0.0553269311785698
782,204.0,3.3148148059845
783,204.2,41.8244171142578
784,204.3,14.3924322128296
785,204.5,0.166895285248756
786,204.8,0.124028347432613
787,205.0,3.23422503471375
788,205.2,18.0312080383301
789,205.3,7.67215347290039
790,205.4,3.15089154243469
791,205.7,0.0739597603678703
792,205.8,0.0880201160907745
793,206.0,0.863740265369415
794,206.1,2.79709649085999
795,206.2,6.64231824874878
796,206.4,1.01566076278687
797,206.5,0.378715127706528
798,206.8,0.0985368117690086
799,207.0,13.5858478546143
800,207.1,2484.66723632813
801,207.3,11.4457015991211
802,207.8,0.270347505807877
803,208.0,43.8310470581055
804,208.1,512.09375
805,208.3,14.5571556091309
806,208.5,0.238225877285004
807,208.8,0.474279820919037
808,209.0,44.9545021057129
809,209.1,319.232055664063
810,209.3,13.9390716552734
811,209.5,0.0414952002465725
812,209.8,0.234224960207939
813,210.0,7.20507526397705
814,210.2,34.8877449035645
815,210.3,16.7128486633301
816,210.5,1.28852307796478
817,210.8,0.730795621871948
818,211.0,30.7701187133789
819,211.2,146.179809570313
820,211.3,21.9220390319824
821,211.5,0.122885227203369
822,211.8,0.0696159154176712
823,212.0,4.37940120697021
824,212.2,22.7034759521484
825,212.3,9.54160976409912
826,212.5,0.171925008296967
827,212.8,0.446959316730499
828,213.0,16.5941925048828
829,213.2,59.1047096252441
830,213.3,8.32373142242432
831,213.5,0.0369227267801762
832,213.9,0.0613854601979256
833,214.1,0.586648404598236
834,214.2,0.846707820892334
835,214.4,0.132830366492271
836,214.8,0.636602640151978
837,215.0,24.2437133789063
838,215.2,91.4259262084961
839,215.3,11.6520347595215
840,215.5,0.0648148134350777
841,215.9,0.253200739622116
842,216.1,2.87288522720337
843,216.2,3.67078185081482
844,216.4,0.312871515750885
845,216.7,0.0350937359035015
846,216.9,0.12860082089901
847,217.1,2.58447647094727
848,217.3,6.62962961196899
849,217.4,1.19535899162292
850,217.6,0.0416095107793808
851,217.8,0.0606995895504951
852,218.0,2.80292630195618
853,218.1,7.61282587051392
854,218.2,15.419753074646
855,218.4,1.48342478275299
856,218.7,0.0185185186564922
857,218.9,0.309785097837448
858,219.1,2.53292179107666
859,219.3,7.77320528030396
860,219.4,1.51063096523285
861,219.5,0.273891180753708
862,219.9,0.118084132671356
863,220.1,0.824645638465881
864,220.2,1.74062645435333
865,220.4,0.497942388057709
866,220.7,0.0171467754989862
867,220.9,1.31344306468964
868,221.1,43.1561508178711
869,221.2,80.1000213623047
870,221.4,4.21079111099243
871,221.6,0.0362368524074554
872,221.8,0.0715592131018639
873,222.0,2.17123913764954
874,222.2,11.8931188583374
875,222.3,5.8056697845459
876,222.5,0.21479195356369
877,222.8,0.151120260357857
878,223.0,4.16758108139038
879,223.2,12.1071100234985
880,223.3,3.36042523384094
881,223.5,0.253086417913437
882,223.9,0.181870147585869
883,224.1,1.96604943275452
884,224.3,8.19112968444824
885,224.4,3.97965240478516
886,224.6,0.207018747925758
887,224.9,1.64323270320892
888,225.1,44.4964561462402
889,225.2,53.3222465515137
890,225.4,3.49382710456848
891,225.6,0.102652035653591
892,225.8,0.0192043893039227
893,226.0,3.72347974777222
894,226.2,16.9690208435059
895,226.3,10.1229991912842
896,226.5,0.121856421232224
897,226.8,0.208390489220619
898,227.0,2.89986276626587
899,227.2,7.6089391708374
900,227.3,2.71719241142273
901,227.5,0.132830366492271
902,227.7,0.0417238213121891
903,227.9,0.544467329978943
904,228.1,8.58116149902344
905,228.2,12.4240970611572
906,228.4,0.386602640151978
907,228.6,0.018747141584754
908,228.9,0.206447184085846
909,229.1,4.23571109771729
910,229.2,6.47405099868774
911,229.4,0.474279820919037
912,229.9,0.718106985092163
913,230.1,10.0671014785767
914,230.2,18.5314350128174
915,230.4,0.886716961860657
916,230.5,0.107338823378086
917,231.0,0.491655230522156
918,231.2,5.15855073928833
919,231.3,4.17055320739746
920,231.4,1.91758120059967
921,232.0,0.213077276945114
922,232.2,2.46444892883301
923,232.3,3.54961133003235
924,232.5,0.181870147585869
925,232.9,0.0177183356136084
926,233.1,1.09133517742157
927,233.3,4.98022413253784
928,233.4,1.81149971485138
929,233.6,0.0220621861517429
930,233.8,0.0220621861517429
931,234.0,1.13340187072754
932,234.1,3.59190678596497
933,234.3,1.15809333324432
934,234.5,0.0200045723468065
935,234.6,0.0557841807603836
936,234.9,0.0973936915397644
937,235.1,1.23079562187195
938,235.2,1.66678094863892
939,235.3,3.57201647758484
940,235.5,0.439300417900085
941,235.8,0.0433241873979568
942,235.9,0.0194330140948296
943,236.1,0.736053943634033
944,236.2,1.04481029510498
945,236.3,2.26428890228271
946,236.5,0.171810701489449
947,236.7,0.09122084826231
948,237.0,0.217078194022179
949,237.2,0.812871515750885
950,237.3,0.560928225517273
951,237.6,0.110882490873337
952,237.9,0.0182898957282305
953,238.1,0.750114321708679
954,238.3,4.5010290145874
955,238.4,2.6353452205658
956,238.6,0.062871515750885
957,238.8,0.0745313242077827
958,239.0,0.455646991729736
959,239.2,3.92101049423218
960,239.4,5.30384111404419
961,239.5,0.740397810935974
962,239.7,0.0220621861517429
963,240.0,0.17455418407917
964,240.2,0.591449499130249
965,240.4,4.31115674972534
966,240.5,0.534979403018951
967,241.0,0.145404666662216
968,241.1,0.22416552901268
969,241.4,0.569272994995117
970,241.5,0.0426383167505264
971,241.9,0.0171467754989862
972,242.1,0.150777325034142
973,242.3,0.944787383079529
974,242.4,0.115912206470966
975,242.6,0.0417238213121891
976,243.0,0.0401234552264214
977,243.2,0.228852301836014
978,243.3,0.240969359874725
979,243.6,0.0204618200659752
980,243.9,0.0347508005797863
981,244.1,0.301097393035889
982,244.2,0.507544577121735
983,244.4,0.207247376441956
984,245.1,0.494055777788162
985,245.2,0.706332862377167
986,245.3,2.53395056724548
987,245.5,0.286579787731171
988,246.0,0.0667581185698509
989,246.2,1.68667125701904
990,246.3,3.14734792709351
991,246.5,0.196502059698105
992,247.0,0.152834936976433
993,247.2,2.2448558807373
994,247.3,4.23228168487549
995,247.5,0.758573412895203
996,248.0,0.0177183356136084
997,248.2,0.409350723028183
998,248.4,0.583676278591156
999,248.5,0.056470051407814
1000,248.7,0.0452674888074398
1001,248.9,2.16380882263184
1002,249.1,16.5753307342529
1003,249.2,6.30932807922363
1004,249.4,1.62711477279663
1005,249.6,0.0600137189030647
1006,249.9,0.2788065969944
1007,250.1,2.45336079597473
1008,250.3,2.24542760848999
1009,250.4,0.894261538982391
1010,250.6,0.076703242957592
1011,250.8,0.332418829202652
1012,251.0,4.94170093536377
1013,251.1,9.57533168792725
1014,251.3,0.865340650081635
1015,251.5,0.0552126206457615
1016,251.8,0.1005944237113
1017,252.0,1.37757205963135
1018,252.2,4.0286922454834
1019,252.3,1.84236395359039
1020,252.4,2.18724274635315
1021,252.7,0.277892082929611
1022,252.9,1.39254689216614
1023,253.1,61.9718780517578
1024,253.2,12.9191818237305
1025,253.4,2.23182439804077
1026,253.6,0.0946502089500427
1027,253.9,0.268632829189301
1028,254.1,10.751485824585
1029,254.2,5.71650648117065
1030,254.4,2.89368987083435
1031,254.8,0.0961362570524216
1032,255.0,0.980224072933197
1033,255.1,7.10162305831909
1034,255.3,1.13420212268829
1035,255.5,0.12505716085434
1036,256.0,0.321330577135086
1037,256.1,0.78669410943985
1038,256.3,0.11854138225317
1039,256.6,0.0185185186564922
1040,257.0,0.0993369892239571
1041,257.2,0.674096941947937
1042,257.3,0.157407402992249
1043,258.0,0.0569272972643375
1044,258.2,0.276977598667145
1045,258.3,0.519547343254089
1046,258.6,0.0368084125220776
1047,259.0,0.0786465480923653
1048,259.2,0.579103767871857
1049,259.3,1.04949700832367
1050,259.5,0.197645172476768
1051,260.0,0.116483770310879
1052,260.2,1.1467764377594
1053,260.3,2.95256066322327
1054,260.5,0.486511200666428
1055,261.1,0.458276182413101
1056,261.3,3.13077282905579
1057,261.4,2.41049385070801
1058,261.6,0.0618427060544491
1059,262.2,0.412208497524261
1060,262.3,0.880201160907745
1061,262.4,1.12494289875031
1062,262.6,0.0771604925394058
1063,263.0,0.0882487446069717
1064,263.2,0.750342965126038
1065,263.4,2.4007773399353
1066,263.5,0.623342454433441
1067,264.0,0.153978049755096
1068,264.3,1.40146315097809
1069,264.4,0.991769552230835
1070,264.5,0.568358480930328
1071,264.8,0.259602189064026
1072,265.0,6.93770027160645
1073,265.1,19.3062419891357
1074,265.3,1.22073614597321
1075,265.5,0.134887978434563
1076,265.7,0.0799039751291275
1077,265.8,0.0396662093698978
1078,266.0,0.566986739635468
1079,266.1,2.83230447769165
1080,266.4,1.91678094863892
1081,266.5,0.548468232154846
1082,266.8,0.948102414608002
1083,267.0,26.7086181640625
1084,267.1,77.235595703125
1085,267.3,3.93312764167786
1086,267.5,0.145518973469734
1087,267.8,0.279606759548187
1088,268.0,4.54138088226318
1089,268.2,9.49805641174316
1090,268.4,5.1663236618042
1091,268.5,0.483310461044312
1092,268.7,0.0538408793509007
1093,268.9,1.48113858699799
1094,269.1,16.5371513366699
1095,269.2,9.04218101501465
1096,269.3,2.06355738639832
1097,269.5,0.068472795188427
1098,269.7,0.0180612709373236
1099,269.9,0.062871515750885
1100,270.1,1.45770466327667
1101,270.2,1.00034296512604
1102,270.4,0.405121177434921
1103,270.6,0.0197759494185448
1104,270.8,0.162551447749138
1105,271.0,1.59419298171997
1106,271.1,3.868084192276
1107,271.3,0.642432570457458
1108,271.4,0.165637865662575
1109,272.0,0.0743026956915855
1110,272.2,0.3922039270401
1111,272.3,0.277549147605896
1112,272.4,0.145176038146019
1113,272.9,0.0394375845789909
1114,273.1,0.166895285248756
1115,273.3,1.05681300163269
1116,273.4,0.649291276931763
1117,273.7,0.035550981760025
1118,274.0,0.0613854601979256
1119,274.2,0.773891150951385
1120,274.4,1.78143572807312
1121,274.5,0.559899389743805
1122,274.8,0.038294468075037
1123,275.1,0.245770454406738
1124,275.3,1.22679471969604
1125,275.4,0.752743482589722
1126,275.5,0.252400547266006
1127,275.8,0.018747141584754
1128,276.1,0.159236401319504
1129,276.3,1.04218101501465
1130,276.4,1.12425696849823
1131,276.6,0.0955647006630898
1132,277.1,0.16518060863018
1133,277.3,0.860310912132263
1134,277.4,0.732281684875488
1135,277.6,0.0740740746259689
1136,278.0,0.084705077111721
1137,278.2,0.629743933677673
1138,278.4,2.46056246757507
1139,278.5,0.876200258731842
1140,278.9,0.0188614539802074
1141,279.1,0.0928212180733681
1142,279.3,0.333904892206192
1143,279.5,0.238111570477486
1144,279.6,0.0188614539802074
1145,280.0,0.0358939170837402
1146,280.2,0.185299500823021
1147,280.4,0.94170093536377
1148,280.5,0.496913582086563
1149,280.8,1.44295835494995
1150,281.0,44.1034507751465
1151,281.2,691.398010253906
1152,281.3,14.8625974655151
1153,281.7,0.0751028805971146
1154,281.9,4.23799705505371
1155,282.1,92.15283203125
1156,282.2,85.6426620483398
1157,282.4,2.93038415908813
1158,282.5,0.710105180740356
1159,282.8,0.336191117763519
1160,283.0,15.8612251281738
1161,283.2,112.064018249512
1162,283.3,8.34247875213623
1163,283.5,0.142432555556297
1164,283.8,0.052011888474226
1165,284.0,3.08424782752991
1166,284.2,11.1694097518921
1167,284.3,2.18838596343994
1168,284.5,0.184956565499306
1169,284.8,0.762459993362427
1170,285.0,15.8236169815063
1171,285.1,44.6570663452148
1172,285.3,4.25800180435181
1173,285.5,0.0587562881410122
1174,285.8,0.0756744369864464
1175,286.0,0.83539092540741
1176,286.1,0.824531316757202
1177,286.2,1.45004570484161
1178,286.4,0.312871515750885
1179,286.7,0.0949931442737579
1180,286.8,0.117055326700211
1181,287.0,2.08550524711609
1182,287.2,8.03806591033936
1183,287.3,1.9064929485321
1184,287.4,0.679012358188629
1185,288.0,0.120141744613647
1186,288.2,0.516117990016937
1187,288.4,1.17443990707397
1188,288.5,0.189986288547516
1189,288.6,0.133173301815987
1190,288.9,0.231595799326897
1191,289.1,2.55361223220825
1192,289.2,2.30029726028442
1193,289.4,0.467421114444733
1194,289.6,0.018747141584754
1195,290.1,0.114654779434204
1196,290.3,0.723708271980286
1197,290.4,0.519890248775482
1198,290.5,0.327846378087997
1199,290.7,0.0204618200659752
1200,291.2,0.131801560521126
1201,291.3,0.27732053399086
1202,291.5,0.159122079610825
1203,291.7,0.0378372184932232
1204,292.0,0.0178326480090618
1205,292.2,0.314357578754425
1206,292.4,1.39940559864044
1207,292.5,0.488683134317398
1208,293.3,0.0566986724734306
1209,293.4,0.0174897126853466
1210,294.2,0.059327844530344
1211,294.4,0.32178783416748
1212,294.5,0.0443529933691025
1213,294.8,0.0405807048082352
1214,295.0,0.909579336643219
1215,295.1,1.6623227596283
1216,295.2,3.93564248085022
1217,295.4,0.224508464336395
1218,295.9,0.036351166665554
1219,296.1,0.111568361520767
1220,296.3,1.22793781757355
1221,296.4,2.67409682273865
1222,296.6,0.045610424131155
1223,296.8,0.0179469585418701
1224,297.0,0.224279835820198
1225,297.2,0.461819857358932
1226,297.4,0.613283038139343
1227,297.5,0.153520807623863
1228,298.1,0.0388660281896591
1229,298.4,0.0545267499983311
1230,298.8,0.152949243783951
1231,299.0,5.22222232818604
1232,299.2,17.2160491943359
1233,299.3,3.20450377464294
1234,299.5,0.0213763155043125
1235,299.8,0.0192043893039227
1236,300.0,0.202789202332497
1237,300.2,0.933013260364532
1238,300.3,0.325445830821991
1239,300.4,0.110196612775326
1240,300.6,0.0373799726366997
1241,300.9,0.0572702325880527
1242,301.1,0.40374943614006
1243,301.3,0.600365817546844
1244,301.4,0.0655006840825081
1245,302.2,0.0953360795974731
1246,302.3,0.0818472802639008
1247,302.5,0.27812072634697
1248,302.6,0.0179469585418701
1249,303.2,0.084819383919239
1250,303.4,0.209304988384247
1251,303.5,0.0203475076705217
1252,304.3,0.14803384244442
1253,304.4,0.284064918756485
1254,304.6,0.0580704174935818
1255,305.0,0.0193187016993761
1256,305.2,0.0179469585418701
1257,305.4,0.0562414266169071
1258,306.0,0.053726565092802
1259,306.3,0.0955647006630898
1260,306.4,0.0194330140948296
1261,306.5,0.233196154236794
1262,307.2,0.0178326480090618
1263,308.1,0.0171467754989862
1264,308.3,0.0417238213121891
1265,308.5,0.0581847280263901
1266,309.2,0.0188614539802074
1267,310.2,0.0498399622738361
1268,310.4,0.952903509140015
1269,310.5,0.839163243770599
1270,310.7,0.0202331952750683
1271,311.0,0.234224960207939
1272,311.1,0.309213548898697
1273,311.2,0.429240971803665
1274,311.4,0.101165980100632
1275,312.1,0.127457708120346
1276,312.3,0.0349794253706932
1277,312.8,0.0234339274466038
1278,313.0,0.182213082909584
1279,313.1,0.577046155929565
1280,314.1,0.0671010538935661
1281,314.3,0.0522405132651329
1282,314.9,0.193987190723419
1283,315.0,0.19467306137085
1284,315.1,2.23765420913696
1285,315.3,0.100251488387585
1286,315.5,0.0178326480090618
1287,316.0,0.164837673306465
1288,316.2,0.546181976795197
1289,316.4,0.0561271160840988
1290,316.7,0.0172610878944397
1291,316.9,0.0555555559694767
1292,317.1,0.205647006630898
1293,317.3,0.0436671227216721
1294,317.9,0.0209190677851439
1295,318.2,0.0600137189030647
1296,318.4,0.0171467754989862
1297,318.5,0.0412665754556656
1298,319.5,0.0190900769084692
1299,320.4,0.0354366712272167
1300,320.7,0.0190900769084692
1301,322.5,0.0210333783179522
1302,322.8,0.0225194338709116
1303,323.0,0.212734341621399
1304,323.7,0.0422953814268112
1305,324.0,0.0177183356136084
1306,324.3,0.0428669415414333
1307,324.4,0.0172610878944397
1308,324.5,0.100365795195103
1309,324.7,0.0205761324614286
1310,324.9,1.22645175457001
1311,325.1,4.84762239456177
1312,325.2,1.57007312774658
1313,325.4,0.0242341104894876
1314,325.9,0.104938268661499
1315,326.1,0.268975764513016
1316,326.2,0.119684502482414
1317,326.6,0.0376085974276066
1318,326.8,0.484682202339172
1319,327.0,12.4742794036865
1320,327.1,28.3916320800781
1321,327.3,0.731367170810699
1322,327.5,0.0411522649228573
1323,327.7,0.0188614539802074
1324,327.9,0.555212616920471
1325,328.1,3.59167814254761
1326,328.2,1.26326012611389
1327,328.5,0.0538408793509007
1328,328.8,0.0544124357402325
1329,329.0,1.00582993030548
1330,329.1,1.79160952568054
1331,329.2,1.06515777111053
1332,330.0,0.1710105240345
1333,330.1,0.128943756222725
1334,330.2,0.108710564672947
1335,330.8,0.0360082313418388
1336,331.0,0.808984935283661
1337,331.2,20.3008689880371
1338,331.3,0.366826713085175
1339,331.8,0.0257201641798019
1340,332.0,0.43747141957283
1341,332.2,4.86431169509888
1342,332.3,0.226223140954971
1343,333.0,0.147805213928223
1344,333.2,2.39894843101501
1345,333.3,0.0674439892172813
1346,334.0,0.176040232181549
1347,334.2,0.219021484255791
1348,334.3,0.0305212624371052
1349,335.0,0.0252629164606333
1350,337.3,0.018747141584754
1351,339.0,0.0930498391389847
1352,339.2,0.482510298490524
1353,339.3,0.0176040232181549
1354,340.0,0.0254915412515402
1355,340.2,0.0381801538169384
1356,340.4,0.0354366712272167
1357,340.6,0.0937357097864151
1358,340.8,0.891175150871277
1359,341.0,19.5321216583252
1360,341.1,57.605281829834
1361,341.3,2.64940547943115
1362,341.4,0.314243257045746
1363,341.7,0.0600137189030647
1364,341.9,1.39311838150024
1365,342.0,3.11362600326538
1366,342.1,8.72050762176514
1367,342.3,1.13328754901886
1368,342.5,0.037494283169508
1369,342.8,0.189757660031319
1370,343.0,3.62677192687988
1371,343.2,12.1543207168579
1372,343.3,1.60962510108948
1373,343.9,0.167123913764954
1374,344.0,0.141060814261436
1375,344.1,1.1806126832962
1376,344.3,0.193415641784668
1377,344.8,0.152949243783951
1378,345.0,1.01657521724701
1379,345.1,2.30258345603943
1380,345.3,0.360539555549622
1381,345.4,0.159922271966934
1382,345.8,0.0171467754989862
1383,346.0,0.379172384738922
1384,346.2,8.77960681915283
1385,346.3,0.442158222198486
1386,346.8,0.0174897126853466
1387,346.9,0.0754458159208298
1388,347.2,2.47405123710632
1389,347.3,0.235253766179085
1390,348.0,0.0869913101196289
1391,348.2,1.00297212600708
1392,348.3,0.104938268661499
1393,349.1,0.119798809289932
1394,349.3,0.074874259531498
1395,350.6,0.0217192508280277
1396,353.1,0.018747141584754
1397,354.7,0.0369227267801762
1398,354.9,2.7844078540802
1399,355.1,61.6578636169434
1400,355.2,72.863166809082
1401,355.4,0.415752172470093
1402,355.8,0.249771371483803
1403,356.0,5.99691343307495
1404,356.2,24.5797901153564
1405,356.3,3.91758108139038
1406,356.5,0.0209190677851439
1407,356.8,0.0421810708940029
1408,357.0,4.3056697845459
1409,357.2,17.6536350250244
1410,357.3,3.15214896202087
1411,358.0,0.25857338309288
1412,358.2,1.02446269989014
1413,358.3,0.283607691526413
1414,358.5,0.0220621861517429
1415,358.8,0.0969364419579506
1416,359.0,2.3049840927124
1417,359.2,5.7517147064209
1418,359.3,2.10825324058533
1419,359.9,0.0561271160840988
1420,360.1,0.0446959286928177
1421,360.2,0.130544126033783
1422,360.6,0.0190900769084692
1423,361.0,0.0193187016993761
1424,361.1,0.134545043110847
1425,361.3,0.0408093295991421
1426,362.8,0.0598994046449661
1427,363.0,0.302697747945786
1428,363.2,0.271604925394058
1429,363.3,0.143118426203728
1430,364.4,0.0198902599513531
1431,365.1,0.0174897126853466
1432,366.2,0.0179469585418701
1433,369.1,0.21913580596447
1434,369.2,0.119455873966217
1435,369.3,0.127343386411667
1436,370.2,0.0195473246276379
1437,371.0,0.0180612709373236
1438,371.1,0.0534979440271854
1439,371.4,0.0206904429942369
1440,372.1,0.0205761324614286
1441,373.0,0.562871515750885
1442,373.2,1.37425696849823
1443,373.3,0.430727034807205
1444,373.5,0.0171467754989862
1445,374.1,0.0785322338342667
1446,374.2,0.129972562193871
1447,375.0,0.0461819842457771
1448,375.1,0.150205761194229
1449,375.5,0.0177183356136084
1450,382.9,0.0171467754989862
1451,383.2,0.018175583332777
1452,384.8,0.0189757663756609
1453,385.1,0.076703242957592
1454,385.9,0.0192043893039227
1455,386.9,0.036579791456461
1456,387.1,0.196044817566872
1457,387.2,0.070987656712532
1458,389.0,0.194787383079529
1459,389.2,0.699702799320221
1460,390.0,0.114311844110489
1461,390.2,0.251600354909897
1462,391.1,0.0579561032354832
1463,391.3,0.0195473246276379
1464,398.8,0.0405807048082352
1465,399.0,0.0945358946919441
1466,399.1,0.202103331685066
1467,399.3,0.0184042062610388
1468,399.9,0.0177183356136084
1469,400.2,0.0174897126853466
1470,400.7,0.0957933217287064
1471,400.9,2.02011895179749
1472,401.1,8.97519397735596
1473,401.2,3.73925471305847
1474,401.4,0.0931641533970833
1475,401.7,0.0416095107793808
1476,401.9,0.132944673299789
1477,402.0,0.205304071307182
1478,402.2,0.744170069694519
1479,402.3,0.165752172470093
1480,403.0,0.39368999004364
1481,403.1,0.659350693225861
1482,403.3,0.14300411939621
1483,405.0,0.477137625217438
1484,405.2,13.3342475891113
1485,405.3,0.506858706474304
1486,405.9,0.0608139000833035
1487,406.1,1.29412436485291
1488,406.2,3.42592597007751
1489,406.4,0.0540695004165173
1490,406.9,0.0561271160840988
1491,407.2,2.25022864341736
1492,407.3,0.116140834987164
1493,408.0,0.0835619568824768
1494,408.2,0.391975313425064
1495,408.3,0.0619570203125477
1496,409.2,0.0474394150078297
1497,411.7,0.018175583332777
1498,413.1,0.0184042062610388
1499,414.8,0.147576585412025
1500,415.0,3.92249655723572
1501,415.2,12.7000455856323
1502,415.3,2.48479652404785
1503,415.5,0.0173754002898932
1504,415.9,0.0760173723101616
1505,416.1,1.02354824542999
1506,416.2,1.04926836490631
1507,416.4,0.0799039751291275
1508,417.0,0.473593950271606
1509,417.1,1.4914265871048
1510,417.3,0.458619117736816
1511,417.9,0.0405807048082352
1512,418.1,0.0937357097864151
1513,418.4,0.041952446103096
1514,418.9,0.0182898957282305
1515,419.1,0.133859172463417
1516,419.2,0.0655006840825081
1517,419.4,0.0184042062610388
1518,420.4,0.018747141584754
1519,426.3,0.0192043893039227
1520,427.1,0.0172610878944397
1521,428.8,0.143918603658676
1522,429.0,3.27480578422546
1523,429.2,13.9047784805298
1524,429.3,3.98936891555786
1525,429.5,0.0182898957282305
1526,429.8,0.0370370373129845
1527,430.0,0.566758096218109
1528,430.2,2.10379505157471
1529,430.3,0.630887031555176
1530,430.4,0.0772748067975044
1531,430.9,0.0572702325880527
1532,431.1,1.14734792709351
1533,431.2,0.98582535982132
1534,431.4,0.0949931442737579
1535,432.0,0.0180612709373236
1536,432.1,0.0858481973409653
1537,432.3,0.0189757663756609
1538,432.9,0.0202331952750683
1539,433.1,0.190214902162552
1540,433.2,0.16095107793808
1541,433.3,0.132830366492271
1542,434.3,0.0174897126853466
1543,435.1,0.0185185186564922
1544,436.8,0.0204618200659752
1545,437.4,0.0173754002898932
1546,438.0,0.0185185186564922
1547,438.9,0.0230909921228886
1548,445.3,0.0176040232181549
1549,446.9,0.0173754002898932
1550,447.1,0.0212620031088591
1551,457.3,0.0194330140948296
1552,459.2,0.0387517139315605
1553,460.9,0.0723593980073929
1554,461.1,0.303726553916931
1555,461.2,0.0965935066342354
1556,461.6,0.0185185186564922
1557,461.9,0.0574988573789597
1558,462.2,0.0200045723468065
1559,463.1,0.0541838146746159
1560,464.9,0.0179469585418701
1561,466.3,0.018175583332777
1562,468.2,0.0194330140948296
1563,474.8,0.0195473246276379
1564,475.0,0.499657064676285
1565,475.2,1.70633292198181
1566,475.3,0.592249631881714
1567,475.4,0.145176038146019
1568,475.9,0.0400091446936131
1569,476.1,0.0965935066342354
1570,476.2,0.0779606774449348
1571,476.4,0.180269777774811
1572,476.9,0.0350937359035015
1573,477.1,0.0979652479290962
1574,477.3,0.0993369892239571
1575,478.4,0.0203475076705217
1576,479.0,0.0461819842457771
1577,479.2,0.997370839118958
1578,479.3,0.449245542287827
1579,480.1,0.167009606957436
1580,480.2,0.458619117736816
1581,481.1,0.112025603652
1582,481.2,0.172610878944397
1583,482.3,0.0403520800173283
1584,485.6,0.0203475076705217
1585,488.9,0.137860089540482
1586,489.1,1.55955648422241
1587,489.2,2.57007312774658
1588,489.4,0.203246459364891
1589,490.0,0.0622999556362629
1590,490.2,0.176383167505264
1591,490.3,0.169638767838478
1592,491.0,0.0622999556362629
1593,491.2,0.036351166665554
1594,491.4,0.0357796065509319
1595,491.5,0.0185185186564922
1596,493.1,0.0200045723468065
1597,493.3,0.0352080464363098
1598,496.5,0.0172610878944397
1599,497.8,0.0173754002898932
1600,501.0,0.0173754002898932
1601,503.2,0.19250114262104
1602,503.3,0.189757660031319
1603,504.0,0.0185185186564922
1604,504.2,0.0769318714737892
1605,504.4,0.0203475076705217
1606,505.0,0.0190900769084692
1607,505.2,0.0221764966845512
1608,506.9,0.0171467754989862
1609,507.2,0.0389803387224674
1610,510.2,0.0171467754989862
1611,524.6,0.0179469585418701
1612,524.9,0.0197759494185448
1613,532.9,0.0185185186564922
1614,535.2,0.0555555559694767
1615,546.6,0.0190900769084692
1616,549.1,0.116026520729065
1617,549.2,0.13934613764286
1618,549.3,0.121284864842892
