#"+ Scan (rt: 4.977-39.999 min, 11478 scans) AMBER_140726_3.D "
#Point,X(Thompsons),Y(Counts)
0,45.2,852.326538085938
1,45.3,34.3991966247559
2,45.4,2.54269027709961
3,45.6,0.550182938575745
4,45.8,6.63843870162964
5,46.0,43.8454437255859
6,46.1,61.5933074951172
7,46.3,12.0833768844604
8,46.4,5.78062391281128
9,46.6,1.31721556186676
10,46.8,6.98998069763184
11,47.0,48.7905540466309
12,47.1,70.2589263916016
13,47.3,10.6205787658691
14,47.4,3.48954510688782
15,47.7,2.68862175941467
16,47.9,16.420108795166
17,48.1,35.1668395996094
18,48.2,19.6921062469482
19,48.4,3.26746821403503
20,48.6,1.06569087505341
21,48.8,5.04966020584106
22,49.0,31.1627464294434
23,49.2,57.7438583374023
24,49.3,17.4903297424316
25,49.5,1.06211888790131
26,49.8,1.6513329744339
27,50.0,49.3043212890625
28,50.2,1527.69641113281
29,50.3,62.9789161682129
30,50.5,0.623976290225983
31,50.8,0.383080661296844
32,51.0,29.10986328125
33,51.2,4352.5185546875
34,51.3,41.6199684143066
35,51.5,0.198379501700401
36,51.7,0.262850672006607
37,51.9,5.49756050109863
38,52.1,295.255432128906
39,52.2,1449.0009765625
40,52.4,5.98187828063965
41,52.6,0.0635999292135239
42,52.8,0.167712152004242
43,53.0,10.8518905639648
44,53.2,4995.41259765625
45,53.3,76.5149002075195
46,53.5,0.0730092376470566
47,53.8,0.15072312951088
48,54.0,23.9383163452148
49,54.2,786.660827636719
50,54.3,249.692977905273
51,54.5,0.0925248265266418
52,55.2,9882.5966796875
53,55.3,180.278625488281
54,56.0,11.8236627578735
55,56.2,2521.39306640625
56,56.3,194.549926757813
57,56.5,0.249346569180489
58,57.1,193.76432800293
59,57.2,2386.24487304688
60,57.4,78.1540374755859
61,57.6,133.605590820313
62,57.7,205.186874389648
63,58.0,183.8173828125
64,58.2,442.929779052734
65,58.3,74.4979095458984
66,58.5,8.26215362548828
67,58.8,10.7607593536377
68,59.0,95.559944152832
69,59.2,530.028991699219
70,59.3,47.9926834106445
71,59.4,8.71859169006348
72,59.6,1.42664229869843
73,59.8,6.3403902053833
74,60.0,101.030143737793
75,60.1,328.724090576172
76,60.3,36.007755279541
77,60.5,1.03615617752075
78,60.7,1.77356684207916
79,60.9,20.9314346313477
80,61.1,253.963241577148
81,61.2,190.446502685547
82,61.4,4.81355619430542
83,61.5,1.25004351139069
84,61.8,3.67590165138245
85,62.0,58.4037284851074
86,62.2,867.676574707031
87,62.3,55.3573799133301
88,62.5,0.829587042331696
89,62.8,1.43692278862
90,63.0,46.2765274047852
91,63.2,3268.96215820313
92,63.3,38.4823150634766
93,63.6,1.04565250873566
94,63.8,5.03789854049683
95,64.0,83.0465240478516
96,64.2,1503.83081054688
97,64.3,227.517944335938
98,64.5,2.82488226890564
99,64.8,0.38708832859993
100,65.0,23.7657260894775
101,65.2,5835.25341796875
102,65.3,35.0514030456543
103,65.6,0.461840033531189
104,65.8,1.25797176361084
105,66.0,43.7917747497559
106,66.2,1286.34338378906
107,66.3,233.606552124023
108,66.5,0.261282444000244
109,67.0,1.19811809062958
110,67.2,9062.7890625
111,67.3,54.1223220825195
112,67.8,0.169890224933624
113,68.0,18.1800842285156
114,68.2,2153.99096679688
115,68.3,255.806930541992
116,68.5,0.217982232570648
117,69.0,1.00923502445221
118,69.2,5633.81884765625
119,69.3,410.987701416016
120,69.6,12.3319396972656
121,69.7,0.509322166442871
122,69.9,22.9194984436035
123,70.1,367.745849609375
124,70.2,821.942687988281
125,70.4,94.3037109375
126,70.7,186.360168457031
127,70.9,72.7120590209961
128,71.1,742.013916015625
129,71.2,1211.01135253906
130,71.4,3.27147579193115
131,71.6,0.202474296092987
132,71.8,5.94607067108154
133,72.0,109.160919189453
134,72.2,309.834106445313
135,72.3,51.3882217407227
136,72.5,4.01655340194702
137,72.8,4.71458435058594
138,73.0,69.1630096435547
139,73.2,3070.41479492188
140,73.3,41.3499755859375
141,73.6,0.657257378101349
142,73.9,5.99390125274658
143,74.1,745.4853515625
144,74.2,643.327331542969
145,74.4,2.76023697853088
146,74.6,0.282889008522034
147,74.9,3.5706570148468
148,75.1,770.679138183594
149,75.2,913.388366699219
150,75.4,5.3441367149353
151,75.6,0.202387169003487
152,75.8,3.12606716156006
153,75.9,10.6707611083984
154,76.1,467.327758789063
155,76.2,1693.3779296875
156,76.4,10.1420974731445
157,77.0,10.3248825073242
158,77.2,14449.513671875
159,77.3,8.46210098266602
160,77.8,0.15072312951088
161,78.0,35.0556716918945
162,78.2,4969.85693359375
163,78.3,148.891098022461
164,78.5,0.056107334792614
165,79.0,1.89571356773376
166,79.2,15151.9794921875
167,79.3,10.3346405029297
168,79.8,0.165621191263199
169,80.0,22.677906036377
170,80.2,3106.626953125
171,80.3,280.543640136719
172,80.5,0.157780095934868
173,81.0,0.585642099380493
174,81.2,11776.8125
175,81.3,83.7256469726563
176,81.9,2.1178777217865
177,82.1,467.201416015625
178,82.2,3396.029296875
179,82.4,85.6279830932617
180,82.6,31.3544178009033
181,82.8,4.36992502212524
182,83.0,82.6404418945313
183,83.2,3726.53149414063
184,83.3,142.251174926758
185,83.5,0.139484226703644
186,83.7,0.464105248451233
187,83.9,16.5998439788818
188,84.1,534.77392578125
189,84.2,904.400268554688
190,84.4,14.2146711349487
191,84.6,1.68809902667999
192,84.8,5.47412443161011
193,84.9,15.3277578353882
194,85.1,519.860229492188
195,85.2,620.49365234375
196,85.4,6.99573087692261
197,85.6,1.16466283798218
198,85.8,6.93387365341187
199,86.0,128.073364257813
200,86.1,542.785522460938
201,86.3,47.1843528747559
202,86.5,2.45905208587646
203,86.8,3.35537552833557
204,87.0,141.749694824219
205,87.1,1023.19195556641
206,87.3,43.6423606872559
207,87.5,2.14331769943237
208,87.7,4.6306848526001
209,87.9,39.4452857971191
210,88.1,414.829772949219
211,88.2,395.09619140625
212,88.4,15.2866353988647
213,88.6,1.22643315792084
214,88.8,2.84884119033813
215,89.0,122.185050964355
216,89.2,3274.86938476563
217,89.3,51.8814239501953
218,89.6,2.58668756484985
219,89.8,16.9341354370117
220,89.9,39.0259628295898
221,90.1,177.175903320313
222,90.2,104.35319519043
223,90.4,1.59679388999939
224,91.0,0.782976150512695
225,91.2,31300.57421875
226,91.3,4.98632144927979
227,91.8,0.056107334792614
228,92.0,26.3112907409668
229,92.2,5621.671875
230,92.3,152.503921508789
231,92.5,0.331590861082077
232,93.0,4.08529376983643
233,93.2,15932.203125
234,93.3,26.9987812042236
235,93.7,0.0680432096123695
236,94.0,19.2547473907471
237,94.2,3700.3798828125
238,94.3,767.520385742188
239,94.5,12.603066444397
240,94.7,1.2084858417511
241,95.2,14085.1767578125
242,95.3,111.023262023926
243,96.0,45.7949104309082
244,96.2,4253.9873046875
245,96.3,112.960968017578
246,96.6,0.245077535510063
247,96.8,8.88708877563477
248,97.0,112.116920471191
249,97.2,2649.74194335938
250,97.3,113.07396697998
251,97.5,0.132078751921654
252,97.7,0.230963587760925
253,97.9,20.2597141265869
254,98.1,600.378356933594
255,98.2,503.466644287109
256,98.4,5.93744564056396
257,98.7,2.1050705909729
258,98.9,24.2036933898926
259,99.1,454.010711669922
260,99.2,291.723815917969
261,99.4,10.9859733581543
262,99.7,4.28454446792603
263,99.9,36.0284004211426
264,100.1,289.395446777344
265,100.2,220.763198852539
266,100.4,13.6767730712891
267,100.5,5.0832896232605
268,100.8,5.96811294555664
269,101.0,136.024047851563
270,101.2,1256.22839355469
271,101.3,76.4098281860352
272,101.5,1.60663878917694
273,101.7,5.34404945373535
274,101.9,41.351978302002
275,102.1,978.894775390625
276,102.2,1189.58520507813
277,102.4,8.64976501464844
278,102.5,1.01132595539093
279,102.8,0.435180336236954
280,103.0,124.936752319336
281,103.2,4942.14892578125
282,103.3,21.5170764923096
283,103.5,0.343352496623993
284,103.8,3.69167113304138
285,104.0,72.6400909423828
286,104.2,2698.4560546875
287,104.3,333.745239257813
288,105.0,2.26807808876038
289,105.2,25477.173828125
290,105.3,4.50705718994141
291,105.8,0.0554974749684334
292,106.0,25.7049999237061
293,106.2,8707.38671875
294,106.3,173.639923095703
295,106.5,0.595486998558044
296,107.1,519.630615234375
297,107.2,13719.927734375
298,107.6,0.0554974749684334
299,107.8,0.216065511107445
300,108.0,22.3067607879639
301,108.2,6998.3330078125
302,108.3,171.969680786133
303,108.5,0.553667902946472
304,109.0,1.1691061258316
305,109.2,11220.2060546875
306,109.3,95.0063629150391
307,109.9,4.00784111022949
308,110.1,569.610229492188
309,110.2,2009.19604492188
310,110.4,5.8292384147644
311,110.6,0.0515769310295582
312,110.8,0.724080860614777
313,111.0,57.0081901550293
314,111.2,1815.62854003906
315,111.3,92.8139953613281
316,111.6,0.455828547477722
317,111.8,4.85293626785278
318,111.9,20.4492073059082
319,112.1,363.173370361328
320,112.2,294.435516357422
321,112.4,23.3892669677734
322,112.6,4.57562303543091
323,112.9,31.1736373901367
324,113.1,633.29345703125
325,113.2,397.829498291016
326,113.4,10.5712671279907
327,113.5,8.17964839935303
328,113.7,4.40390300750732
329,113.9,36.3525009155273
330,114.1,265.891082763672
331,114.2,222.824279785156
332,114.4,11.6280708312988
333,114.7,0.150897368788719
334,114.9,2.77191138267517
335,115.1,4793.61865234375
336,115.2,10628.708984375
337,115.3,3.26154375076294
338,115.5,0.0118487542495131
339,115.7,0.247865483164787
340,115.8,1.42254745960236
341,116.0,68.0432968139648
342,116.2,4678.6552734375
343,116.3,72.2034301757813
344,116.5,0.225910440087318
345,116.8,0.436312943696976
346,117.0,34.7576217651367
347,117.2,13467.8330078125
348,117.3,5.95809364318848
349,117.5,0.127461224794388
350,117.7,0.0937445536255836
351,117.9,6.59374475479126
352,118.1,681.766235351563
353,118.2,4941.345703125
354,118.4,9.0581111907959
355,118.7,0.061247605830431
356,118.9,1.25605511665344
357,119.0,7.86495923995972
358,119.2,20167.10546875
359,119.3,31.3545913696289
360,119.5,0.0412092693150043
361,119.7,0.212580591440201
362,119.8,0.190015688538551
363,120.0,45.0938301086426
364,120.1,756.337951660156
365,120.2,7766.6201171875
366,120.4,1.29282104969025
367,120.8,0.211360856890678
368,121.0,9.8186092376709
369,121.2,11089.826171875
370,121.3,40.3484916687012
371,121.5,0.073706217110157
372,121.9,1.32270431518555
373,122.1,512.598693847656
374,122.2,5150.974609375
375,122.4,2.17921233177185
376,122.6,0.0987977012991905
377,122.8,0.0428646095097065
378,122.9,0.883342027664185
379,123.1,407.958099365234
380,123.2,4897.42626953125
381,123.4,0.9832723736763
382,123.8,0.847882926464081
383,124.0,62.6082954406738
384,124.2,1384.08703613281
385,124.3,126.108207702637
386,124.5,2.28585124015808
387,124.8,3.85615968704224
388,125.0,135.372543334961
389,125.2,950.241088867188
390,125.3,97.3057174682617
391,125.6,5.26171827316284
392,125.8,10.2719116210938
393,125.9,21.1146545410156
394,126.1,789.262573242188
395,126.2,640.817810058594
396,126.3,104.097663879395
397,126.5,4.30623817443848
398,126.7,5.93448352813721
399,126.9,26.9876289367676
400,127.1,1789.58874511719
401,127.2,2770.52880859375
402,127.4,3.89153170585632
403,127.5,0.90913051366806
404,127.8,0.942672967910767
405,127.9,4.9534764289856
406,128.1,3402.77270507813
407,128.2,10832.208984375
408,128.3,16.014986038208
409,128.5,0.336644023656845
410,128.8,0.956438422203064
411,129.0,36.9634971618652
412,129.2,13959.548828125
413,129.3,10.3528490066528
414,129.5,0.324185401201248
415,129.8,1.50984489917755
416,130.0,49.684700012207
417,130.2,5179.728515625
418,130.3,88.8835144042969
419,130.5,0.889266431331635
420,130.8,0.861125648021698
421,131.0,22.1657962799072
422,131.2,12980.4345703125
423,131.3,29.1781673431396
424,131.6,0.541557788848877
425,131.8,1.3614741563797
426,132.0,39.5258750915527
427,132.2,7413.41259765625
428,132.3,159.854598999023
429,132.5,0.360864251852036
430,132.7,0.425945281982422
431,132.9,4.06403541564941
432,133.1,2160.22924804688
433,133.2,11438.3740234375
434,133.4,1.03563344478607
435,133.6,0.0818957984447479
436,133.8,1.24307370185852
437,134.0,66.379508972168
438,134.1,785.217041015625
439,134.2,5439.44189453125
440,134.4,1.22094440460205
441,134.5,0.262850672006607
442,134.7,0.142969161272049
443,134.9,1.86121273040771
444,135.1,878.002380371094
445,135.2,6115.47509765625
446,135.4,0.587994396686554
447,135.7,0.127025619149208
448,135.9,4.00792837142944
449,136.1,557.335327148438
450,136.2,2784.2626953125
451,136.4,3.57684254646301
452,136.5,0.562118828296661
453,136.8,0.703519761562347
454,137.0,53.7884635925293
455,137.2,2392.26977539063
456,137.3,84.6725006103516
457,137.5,0.228437006473541
458,137.7,1.08886563777924
459,137.9,18.3948421478271
460,138.1,446.451049804688
461,138.2,522.272277832031
462,138.4,14.6895799636841
463,138.5,6.37820196151733
464,138.8,7.73540687561035
465,139.0,115.946067810059
466,139.1,1534.38940429688
467,139.2,949.809753417969
468,139.4,7.74385786056519
469,139.6,5.23619079589844
470,139.8,13.7913398742676
471,140.0,91.2323608398438
472,140.2,336.082946777344
473,140.3,58.1689300537109
474,140.5,1.07605850696564
475,140.7,0.737236440181732
476,140.9,7.27530908584595
477,141.0,52.2009048461914
478,141.2,11134.6279296875
479,141.3,16.0236968994141
480,141.5,0.298919677734375
481,141.7,0.964715123176575
482,141.9,9.03545951843262
483,142.1,1809.64709472656
484,142.2,5692.0673828125
485,142.4,4.33298492431641
486,142.6,0.62798398733139
487,142.9,4.21214485168457
488,143.0,32.8398666381836
489,143.2,11365.544921875
490,143.3,26.8019695281982
491,143.4,1.60324096679688
492,143.6,0.618574678897858
493,143.8,3.96175289154053
494,143.9,9.36783409118652
495,144.1,879.275817871094
496,144.2,4939.662109375
497,144.4,18.6208400726318
498,144.6,0.911047220230103
499,144.9,4.29421520233154
500,145.1,1049.1982421875
501,145.2,10978.3408203125
502,145.4,1.15804147720337
503,145.7,0.299268156290054
504,145.9,7.85999298095703
505,146.1,690.74560546875
506,146.2,4623.62158203125
507,146.3,97.2598037719727
508,146.5,0.542603254318237
509,146.7,0.550270080566406
510,146.9,3.14384031295776
511,147.1,1406.64562988281
512,147.2,7314.24365234375
513,147.4,0.604199349880219
514,147.6,0.281582146883011
515,147.8,1.12441194057465
516,148.0,45.9609680175781
517,148.2,4269.81689453125
518,148.3,101.759803771973
519,148.5,0.70595920085907
520,148.7,0.1671022772789
521,148.9,3.35328459739685
522,149.0,43.7162399291992
523,149.2,4066.13696289063
524,149.3,79.0663909912109
525,149.4,1.38072836399078
526,149.7,0.763460516929626
527,149.9,13.9730787277222
528,150.1,767.309387207031
529,150.2,1133.33581542969
530,150.3,90.8214874267578
531,150.5,1.59740376472473
532,150.7,2.03293251991272
533,150.9,16.275484085083
534,151.1,1166.97668457031
535,151.2,1087.8525390625
536,151.3,52.7800140380859
537,151.5,3.25945281982422
538,151.8,4.68644380569458
539,151.9,12.7885522842407
540,152.1,3450.5322265625
541,152.2,2020.5830078125
542,152.4,3.94336986541748
543,152.5,1.46332108974457
544,152.8,3.28140783309937
545,153.0,81.0323257446289
546,153.2,5811.25439453125
547,153.3,18.9305629730225
548,153.4,2.29787421226501
549,153.6,0.324621021747589
550,153.8,4.71353912353516
551,154.0,92.5366821289063
552,154.2,3050.54809570313
553,154.3,47.9355278015137
554,154.5,1.98971951007843
555,154.7,0.573357701301575
556,154.9,6.50270080566406
557,155.1,2453.41967773438
558,155.2,5895.359375
559,155.4,2.45155954360962
560,155.7,1.22024738788605
561,155.9,11.3113784790039
562,156.1,1066.46606445313
563,156.2,4700.00927734375
564,156.4,5.93910074234009
565,156.5,3.47560548782349
566,156.8,2.3968460559845
567,157.0,42.0018310546875
568,157.2,8944.349609375
569,157.3,27.1379165649414
570,157.5,0.954521715641022
571,157.8,2.55166411399841
572,158.0,53.8997230529785
573,158.2,5422.45166015625
574,158.3,78.9565277099609
575,158.5,1.38499736785889
576,158.8,1.23096358776093
577,158.9,2.06455826759338
578,159.1,784.389343261719
579,159.2,9203.875
580,159.4,1.26206660270691
581,159.6,0.121885344386101
582,159.8,1.39553928375244
583,159.9,5.5505313873291
584,160.1,524.950866699219
585,160.2,3607.625
586,160.4,6.50967073440552
587,160.7,0.890921771526337
588,160.8,0.777574479579926
589,161.0,51.0884284973145
590,161.2,7305.7060546875
591,161.3,45.842830657959
592,161.5,0.273131221532822
593,161.7,0.955044448375702
594,161.8,1.88813376426697
595,162.0,61.8658294677734
596,162.2,2892.4951171875
597,162.3,134.348052978516
598,162.5,0.900679588317871
599,162.7,0.89545214176178
600,162.9,15.9096536636353
601,163.1,1061.58850097656
602,163.2,2833.97998046875
603,163.4,1.34465932846069
604,163.7,1.61465406417847
605,163.9,25.2933444976807
606,164.0,68.1659698486328
607,164.2,1419.15563964844
608,164.3,158.994506835938
609,164.4,6.88996362686157
610,164.7,0.663443088531494
611,164.9,12.765115737915
612,165.1,5489.13037109375
613,165.2,1991.92407226563
614,165.4,1.26982057094574
615,165.6,0.825405120849609
616,165.7,0.922199010848999
617,165.9,21.6109085083008
618,166.1,1811.88952636719
619,166.2,1183.14831542969
620,166.4,3.59635829925537
621,166.6,0.672329664230347
622,166.8,3.12606716156006
623,167.0,80.3663558959961
624,167.1,2157.41235351563
625,167.2,2234.17114257813
626,167.4,2.53467512130737
627,167.7,1.18182611465454
628,167.8,2.86713719367981
629,168.0,74.0049667358398
630,168.2,2585.17504882813
631,168.3,42.4759521484375
632,168.5,1.49041640758514
633,168.7,0.462972640991211
634,168.9,8.75561904907227
635,169.1,1428.15026855469
636,169.2,4085.3818359375
637,169.4,2.2374107837677
638,169.6,0.408520638942719
639,169.8,3.98606038093567
640,170.0,57.7577095031738
641,170.2,4165.162109375
642,170.3,43.5429534912109
643,170.5,1.65586340427399
644,170.8,1.77687752246857
645,171.0,38.4799613952637
646,171.2,5606.7705078125
647,171.3,28.808765411377
648,171.6,0.759627103805542
649,171.8,1.72103154659271
650,172.0,37.6902770996094
651,172.1,573.070556640625
652,172.2,3420.78833007813
653,172.4,3.75117611885071
654,172.5,1.00845098495483
655,172.8,1.10419929027557
656,173.0,10.2971773147583
657,173.2,7620.84423828125
658,173.3,50.035285949707
659,173.4,1.22791421413422
660,173.7,0.466806054115295
661,173.9,4.08991098403931
662,174.1,495.855804443359
663,174.2,3062.42993164063
664,174.4,4.21423578262329
665,174.7,0.588168680667877
666,174.9,2.20569777488708
667,175.1,439.523956298828
668,175.2,5500.06494140625
669,175.4,3.30066204071045
670,175.7,0.631817400455475
671,175.9,11.0297088623047
672,176.1,864.369995117188
673,176.2,2920.16821289063
674,176.4,3.6809549331665
675,176.7,1.0913051366806
676,176.8,1.61970722675323
677,177.0,208.756408691406
678,177.2,4912.3134765625
679,177.3,123.087646484375
680,177.5,0.234100013971329
681,177.7,0.996776461601257
682,177.9,13.4981708526611
683,178.0,107.14087677002
684,178.2,4857.52001953125
685,178.3,38.2251281738281
686,178.4,1.96149158477783
687,178.7,0.955567181110382
688,178.9,15.2191152572632
689,179.0,136.494766235352
690,179.1,4602.45947265625
691,179.3,21.3505840301514
692,179.6,0.855636894702911
693,179.8,4.35032224655151
694,179.9,17.7462100982666
695,180.1,1066.75598144531
696,180.2,1235.03759765625
697,180.3,31.8640880584717
698,180.5,0.923418700695038
699,180.7,1.40303194522858
700,180.9,12.197943687439
701,181.1,1544.3251953125
702,181.2,2035.82824707031
703,181.3,17.0563678741455
704,181.6,1.41549050807953
705,181.7,1.11901032924652
706,181.9,14.7859382629395
707,182.0,62.4713363647461
708,182.2,2367.62915039063
709,182.3,35.1379165649414
710,182.5,1.26581287384033
711,182.8,2.32209444046021
712,183.0,47.2530059814453
713,183.1,885.610107421875
714,183.2,2815.77758789063
715,183.4,1.64340472221375
716,183.5,0.91531628370285
717,183.8,2.85311031341553
718,184.0,52.9800491333008
719,184.2,2748.7451171875
720,184.3,48.3826446533203
721,184.4,3.89275145530701
722,184.6,0.356508105993271
723,184.8,1.78254055976868
724,185.0,34.992073059082
725,185.2,3730.62133789063
726,185.3,50.263111114502
727,185.5,0.366701513528824
728,185.7,0.717720866203308
729,185.9,7.69837951660156
730,186.0,35.4703788757324
731,186.2,2733.2412109375
732,186.3,84.4332656860352
733,186.4,5.55366802215576
734,186.6,0.274960786104202
735,186.8,1.47403728961945
736,187.0,14.4382295608521
737,187.2,4623.75244140625
738,187.3,90.1893157958984
739,187.4,3.33603405952454
740,187.7,0.525614202022552
741,187.8,1.20343267917633
742,188.0,31.1896667480469
743,188.2,2747.0087890625
744,188.3,185.001388549805
745,188.4,9.15821552276611
746,188.6,0.240808501839638
747,188.8,1.26154386997223
748,189.0,26.4887619018555
749,189.2,5668.39990234375
750,189.3,110.668670654297
751,189.6,0.464627981185913
752,189.7,0.264157503843307
753,189.9,2.97734808921814
754,190.0,18.9096527099609
755,190.2,4108.85986328125
756,190.3,216.954696655273
757,190.6,0.869228065013885
758,190.8,4.81015872955322
759,191.0,403.634704589844
760,191.1,3084.08056640625
761,191.2,3110.734375
762,191.4,2.51742458343506
763,191.7,0.921501994132996
764,191.9,10.8001394271851
765,192.0,148.709274291992
766,192.2,2976.0634765625
767,192.3,104.286895751953
768,192.6,0.805889546871185
769,192.8,6.00165557861328
770,193.0,322.319213867188
771,193.1,4113.78271484375
772,193.3,20.5863399505615
773,193.6,0.979613184928894
774,193.8,4.13904857635498
775,193.9,16.0852069854736
776,194.1,1029.92028808594
777,194.2,1293.23291015625
778,194.4,2.35938310623169
779,194.6,0.92428994178772
780,194.8,3.58938837051392
781,195.0,104.3505859375
782,195.2,3058.62451171875
783,195.3,14.468635559082
784,195.5,0.69672417640686
785,195.8,2.8496253490448
786,196.0,68.0558471679688
787,196.2,2041.72082519531
788,196.3,38.2610206604004
789,196.5,1.26598715782166
790,196.8,2.86522030830383
791,197.0,53.0476570129395
792,197.2,3013.97045898438
793,197.3,32.3423957824707
794,197.5,0.593221843242645
795,197.7,1.20116746425629
796,197.9,11.2127552032471
797,198.1,517.305480957031
798,198.2,1527.25524902344
799,198.4,3.84823131561279
800,198.7,0.905994057655334
801,198.9,7.17703437805176
802,199.1,497.740814208984
803,199.2,2075.4072265625
804,199.4,3.12571883201599
805,199.7,1.21711099147797
806,199.9,11.7331418991089
807,200.1,524.532653808594
808,200.2,1442.52331542969
809,200.4,4.28288888931274
810,200.6,1.17407214641571
811,200.9,7.24681997299194
812,201.1,397.9072265625
813,201.2,1869.66125488281
814,201.4,4.97377586364746
815,201.5,1.35424292087555
816,201.8,1.61413133144379
817,202.0,41.7939529418945
818,202.1,1380.34301757813
819,202.2,2138.38549804688
820,202.4,2.84457230567932
821,202.6,0.28114652633667
822,202.8,1.81921935081482
823,203.0,44.1191864013672
824,203.2,2840.7509765625
825,203.3,97.6848754882813
826,203.5,0.80893886089325
827,203.8,1.55218684673309
828,203.9,4.35372018814087
829,204.1,575.737609863281
830,204.2,1896.27807617188
831,204.4,6.98266267776489
832,204.7,1.34335255622864
833,204.8,1.58668756484985
834,205.0,72.8329849243164
835,205.2,2461.77807617188
836,205.3,76.8254928588867
837,205.5,0.725039184093475
838,205.7,0.999128758907318
839,205.9,3.12929081916809
840,206.0,11.1616134643555
841,206.2,1669.42224121094
842,206.3,100.168846130371
843,206.5,0.431172668933868
844,206.7,0.959574818611145
845,206.9,26.5235233306885
846,207.1,18518.171875
847,207.2,1259.88317871094
848,207.4,0.571702361106873
849,207.7,0.997996151447296
850,207.9,14.5708312988281
851,208.1,4323.43212890625
852,208.2,1249.07434082031
853,208.4,1.87680780887604
854,208.7,1.69890224933624
855,208.9,14.4038162231445
856,209.1,3084.13696289063
857,209.2,1333.71276855469
858,209.4,1.48910963535309
859,209.7,0.997299194335938
860,209.9,12.5325841903687
861,210.1,793.369384765625
862,210.2,1361.63671875
863,210.4,1.8538943529129
864,210.6,0.48466631770134
865,210.8,3.11090779304504
866,211.0,73.1653594970703
867,211.2,3125.52294921875
868,211.3,31.5659523010254
869,211.5,0.242202475667
870,211.7,0.938926637172699
871,211.9,10.6927165985107
872,212.1,407.303009033203
873,212.2,1350.96166992188
874,212.3,69.9898910522461
875,212.5,1.38403904438019
876,212.8,2.11970734596252
877,213.0,40.8017959594727
878,213.2,2444.52124023438
879,213.3,56.4917221069336
880,213.5,0.497996181249619
881,213.7,0.983446598052979
882,213.8,1.66440141201019
883,214.0,45.7686882019043
884,214.2,1349.76159667969
885,214.3,138.753173828125
886,214.5,1.01428818702698
887,214.7,1.30249166488647
888,214.9,6.97752237319946
889,215.0,36.6840896606445
890,215.2,2653.98706054688
891,215.3,87.2242584228516
892,215.4,3.09653258323669
893,215.7,1.08668756484985
894,215.9,10.8447465896606
895,216.1,623.090026855469
896,216.2,1080.89086914063
897,216.4,4.12746143341064
898,216.7,1.02056109905243
899,216.9,8.59949493408203
900,217.1,622.564880371094
901,217.2,1121.29858398438
902,217.3,105.664573669434
903,217.5,1.31329500675201
904,217.8,2.50958347320557
905,218.0,43.6853981018066
906,218.1,506.686279296875
907,218.2,929.708129882813
908,218.4,7.74525165557861
909,218.7,1.29796135425568
910,218.8,1.87314867973328
911,219.0,68.9110488891602
912,219.2,1488.49682617188
913,219.3,45.3003997802734
914,219.6,1.57022130489349
915,219.8,4.03502368927002
916,220.0,60.231575012207
917,220.2,1648.59240722656
918,220.3,60.216064453125
919,220.4,5.406081199646
920,220.7,1.26197946071625
921,220.9,8.31582164764404
922,221.1,1077.73645019531
923,221.2,1357.75708007813
924,221.3,24.1688442230225
925,221.5,0.863913595676422
926,221.7,0.758058905601501
927,221.9,15.5241327285767
928,222.1,556.527038574219
929,222.2,1198.18505859375
930,222.3,56.110034942627
931,222.5,0.658302843570709
932,222.7,1.96950685977936
933,222.8,2.98274970054626
934,223.0,98.1397476196289
935,223.1,583.852172851563
936,223.2,1022.03015136719
937,223.4,1.76215374469757
938,223.5,1.07692980766296
939,223.7,0.942063093185425
940,223.9,15.1713714599609
941,224.0,62.4985198974609
942,224.2,1313.83349609375
943,224.3,46.0974922180176
944,224.5,0.844136595726013
945,224.7,1.65612471103668
946,224.9,10.3832550048828
947,225.1,494.314514160156
948,225.2,1477.0537109375
949,225.4,2.13843870162964
950,225.5,0.992855906486511
951,225.8,3.22852420806885
952,225.9,8.78410911560059
953,226.1,678.464111328125
954,226.2,1160.38354492188
955,226.4,3.21606540679932
956,226.7,0.955741405487061
957,226.9,8.15351104736328
958,227.1,514.901000976563
959,227.2,1458.54455566406
960,227.4,4.54016399383545
961,227.7,1.11996865272522
962,227.9,9.50069713592529
963,228.0,47.1670150756836
964,228.2,1561.65954589844
965,228.3,103.785766601563
966,228.5,1.24760413169861
967,228.7,0.74150550365448
968,228.9,6.44380569458008
969,229.1,663.212585449219
970,229.2,1321.21643066406
971,229.3,115.195152282715
972,229.5,0.723470985889435
973,229.7,1.2855898141861
974,229.9,10.0874719619751
975,230.1,519.466735839844
976,230.2,934.603088378906
977,230.4,7.16788625717163
978,230.6,0.892838478088379
979,230.8,2.7734797000885
980,231.0,41.0238723754883
981,231.2,1530.48107910156
982,231.3,139.749084472656
983,231.4,5.05523633956909
984,231.7,1.71815645694733
985,231.9,12.8769817352295
986,232.1,459.07177734375
987,232.2,689.636169433594
988,232.3,91.5231781005859
989,232.5,1.80031359195709
990,232.8,3.74133133888245
991,232.9,11.4011154174805
992,233.1,483.259460449219
993,233.2,646.346862792969
994,233.4,7.17685985565186
995,233.6,0.638874351978302
996,233.8,4.24411916732788
997,234.0,61.9446754455566
998,234.2,1192.03564453125
999,234.3,45.1931533813477
1000,234.5,2.00104546546936
1001,234.8,6.36896657943726
1002,235.0,98.2986602783203
1003,235.1,427.601745605469
1004,235.2,579.803527832031
1005,235.4,2.43944931030273
1006,235.5,1.86103856563568
1007,235.8,4.84814405441284
1008,235.9,13.3017950057983
1009,236.1,365.695678710938
1010,236.2,903.946350097656
1011,236.4,3.99111342430115
1012,236.5,1.58572924137115
1013,236.8,4.19132232666016
1014,237.0,78.2244262695313
1015,237.2,1206.70068359375
1016,237.3,45.4838829040527
1017,237.5,1.06891441345215
1018,237.7,2.31407904624939
1019,237.9,15.4946851730347
1020,238.0,47.7965660095215
1021,238.2,978.903930664063
1022,238.3,77.9429321289063
1023,238.5,1.96419239044189
1024,238.8,2.73366451263428
1025,239.0,49.2661628723145
1026,239.1,705.841064453125
1027,239.2,1526.69348144531
1028,239.4,3.0505313873291
1029,239.7,1.38369059562683
1030,239.9,11.1932392120361
1031,240.1,408.983520507813
1032,240.2,1064.53759765625
1033,240.4,5.12118816375732
1034,240.7,1.20099318027496
1035,240.8,0.818609535694122
1036,241.0,39.0999298095703
1037,241.2,2113.56396484375
1038,241.3,126.385261535645
1039,241.5,0.945809364318848
1040,241.7,0.645931363105774
1041,241.9,9.60184669494629
1042,242.1,415.113708496094
1043,242.2,944.032348632813
1044,242.3,149.635559082031
1045,242.5,0.909043371677399
1046,242.7,1.6674507856369
1047,242.9,7.52125787734985
1048,243.1,436.845092773438
1049,243.2,1417.9970703125
1050,243.4,5.41967248916626
1051,243.5,1.74551320075989
1052,243.7,0.680344998836517
1053,243.9,10.6981182098389
1054,244.1,387.371673583984
1055,244.2,911.289672851563
1056,244.4,7.11770343780518
1057,244.7,1.39266419410706
1058,244.9,10.8396062850952
1059,245.0,38.7618064880371
1060,245.2,1196.65075683594
1061,245.3,113.268600463867
1062,245.5,1.91296398639679
1063,245.8,3.74795269966125
1064,246.0,58.1693687438965
1065,246.2,908.106018066406
1066,246.3,82.1398315429688
1067,246.5,1.64540863037109
1068,246.8,5.07753944396973
1069,247.0,63.3280181884766
1070,247.1,337.171905517578
1071,247.2,464.898162841797
1072,247.4,5.83568572998047
1073,247.7,2.14061689376831
1074,247.8,3.24281239509583
1075,248.0,60.0706558227539
1076,248.2,742.695922851563
1077,248.3,42.7647666931152
1078,248.6,1.99921584129333
1079,248.8,7.70665597915649
1080,248.9,70.3230514526367
1081,249.1,779.684265136719
1082,249.2,297.459411621094
1083,249.4,3.13286280632019
1084,249.7,2.47159790992737
1085,249.9,40.8832550048828
1086,250.1,471.409912109375
1087,250.2,471.510894775391
1088,250.4,1.66161346435547
1089,250.6,2.34875416755676
1090,250.8,10.1610040664673
1091,251.0,258.718841552734
1092,251.2,800.21875
1093,251.3,30.4839687347412
1094,251.5,0.655340671539307
1095,251.7,2.49407553672791
1096,251.8,4.76790380477905
1097,252.0,131.014282226563
1098,252.2,1011.65020751953
1099,252.3,51.5262222290039
1100,252.5,2.186443567276
1101,252.8,6.64462471008301
1102,253.0,127.530670166016
1103,253.1,588.607788085938
1104,253.2,693.600463867188
1105,253.4,2.297438621521
1106,253.6,1.34004187583923
1107,253.8,5.18748903274536
1108,254.0,76.8727111816406
1109,254.2,946.523254394531
1110,254.3,95.3944931030273
1111,254.4,4.79160118103027
1112,254.6,0.81155252456665
1113,254.8,3.89745593070984
1114,255.0,60.0271835327148
1115,255.2,1067.21142578125
1116,255.3,105.64079284668
1117,255.5,1.03110301494598
1118,255.7,1.26842653751373
1119,255.9,8.88525867462158
1120,256.1,350.132080078125
1121,256.2,746.73828125
1122,256.3,176.465057373047
1123,256.5,2.30162048339844
1124,256.8,1.94215023517609
1125,257.0,32.2964820861816
1126,257.2,1833.24377441406
1127,257.3,175.916976928711
1128,257.5,1.42594528198242
1129,257.8,2.75274443626404
1130,258.0,45.3600807189941
1131,258.1,306.680267333984
1132,258.2,1010.96923828125
1133,258.4,7.62737417221069
1134,258.7,1.68365573883057
1135,258.9,10.4916362762451
1136,259.1,343.757873535156
1137,259.2,755.668212890625
1138,259.4,9.17990970611572
1139,259.7,1.97752225399017
1140,259.9,12.7621536254883
1141,260.0,37.0209083557129
1142,260.2,916.930847167969
1143,260.3,82.4725570678711
1144,260.5,1.49477255344391
1145,260.7,2.04844045639038
1146,260.9,13.6662311553955
1147,261.0,46.6659698486328
1148,261.2,713.649353027344
1149,261.3,50.8969345092773
1150,261.4,5.48719310760498
1151,261.7,2.0564558506012
1152,261.9,15.4646282196045
1153,262.1,276.335601806641
1154,262.2,409.609954833984
1155,262.4,5.04756927490234
1156,262.5,2.36478471755981
1157,262.8,5.69053840637207
1158,263.0,90.0851211547852
1159,263.2,589.408081054688
1160,263.3,32.0253524780273
1161,263.4,4.34108734130859
1162,263.7,2.05654287338257
1163,263.8,3.50566291809082
1164,264.0,64.9641952514648
1165,264.2,523.078491210938
1166,264.3,50.8849105834961
1167,264.4,4.2536153793335
1168,264.7,2.82889008522034
1169,264.9,35.0754470825195
1170,265.1,977.28125
1171,265.2,292.125885009766
1172,265.4,2.07039546966553
1173,265.6,1.02334904670715
1174,265.8,6.13948440551758
1175,265.9,24.7527446746826
1176,266.1,440.452941894531
1177,266.2,433.77294921875
1178,266.4,4.10785865783691
1179,266.7,6.20134162902832
1180,266.8,10.4903297424316
1181,267.0,694.315490722656
1182,267.1,968.282348632813
1183,267.3,30.5935707092285
1184,267.6,1.2898588180542
1185,267.8,11.5649070739746
1186,268.0,197.617614746094
1187,268.2,788.421081542969
1188,268.3,69.6850509643555
1189,268.4,4.37297439575195
1190,268.7,3.70778870582581
1191,268.9,35.7280006408691
1192,269.1,560.658569335938
1193,269.2,461.224517822266
1194,269.3,68.2391510009766
1195,269.5,1.67555320262909
1196,269.7,1.1506359577179
1197,269.9,17.5840740203857
1198,270.0,56.0487899780273
1199,270.2,810.582946777344
1200,270.3,115.668411254883
1201,270.5,1.25169885158539
1202,270.7,2.49782180786133
1203,270.8,3.76398324966431
1204,271.0,62.9444160461426
1205,271.2,807.734680175781
1206,271.3,91.4362258911133
1207,271.5,1.28898763656616
1208,271.7,1.97900331020355
1209,271.9,13.2395887374878
1210,272.1,307.71728515625
1211,272.2,735.528137207031
1212,272.4,8.2824535369873
1213,272.7,2.04652380943298
1214,272.9,12.4813556671143
1215,273.1,274.271820068359
1216,273.2,547.94482421875
1217,273.4,8.87567520141602
1218,273.6,0.868269741535187
1219,273.8,5.32496929168701
1220,273.9,12.349799156189
1221,274.1,276.850677490234
1222,274.2,563.0576171875
1223,274.4,7.63556385040283
1224,274.7,2.65028738975525
1225,274.9,14.1618747711182
1226,275.0,42.7686004638672
1227,275.2,536.821105957031
1228,275.3,67.2128448486328
1229,275.5,1.39527797698975
1230,275.7,2.16614389419556
1231,275.9,17.5380725860596
1232,276.1,331.753967285156
1233,276.2,380.187408447266
1234,276.3,52.322093963623
1235,276.5,1.04783058166504
1236,276.7,2.00418186187744
1237,276.8,3.96279835700989
1238,277.0,81.4557418823242
1239,277.2,438.377777099609
1240,277.3,47.3565063476563
1241,277.5,2.33742809295654
1242,277.8,4.9819655418396
1243,277.9,13.674072265625
1244,278.1,248.249694824219
1245,278.2,338.383605957031
1246,278.4,6.38212251663208
1247,278.7,2.23288035392761
1248,278.9,19.2680778503418
1249,279.1,338.233306884766
1250,279.2,244.491638183594
1251,279.3,51.4960784912109
1252,279.5,1.06839168071747
1253,279.7,1.87393271923065
1254,279.9,4.6013240814209
1255,280.1,105.851974487305
1256,280.2,307.920623779297
1257,280.4,5.41261529922485
1258,280.6,2.25126338005066
1259,280.8,14.2903814315796
1260,281.0,2209.56616210938
1261,281.1,5919.337890625
1262,281.3,8.12632846832275
1263,281.6,0.889702022075653
1264,281.8,9.67694759368896
1265,282.0,837.5693359375
1266,282.1,1944.97717285156
1267,282.3,54.1436653137207
1268,282.6,1.89240288734436
1269,282.8,8.85563659667969
1270,283.0,592.234558105469
1271,283.1,1505.45385742188
1272,283.3,40.8261909484863
1273,283.5,0.780972301959991
1274,283.7,1.7462100982666
1275,283.9,27.8988494873047
1276,284.1,567.727661132813
1277,284.2,464.948608398438
1278,284.4,6.52125787734985
1279,284.6,1.08137309551239
1280,284.8,5.89414548873901
1281,285.0,113.583374023438
1282,285.1,330.854949951172
1283,285.2,707.017333984375
1284,285.4,5.4421501159668
1285,285.7,2.25056624412537
1286,285.9,18.2746124267578
1287,286.1,253.725555419922
1288,286.2,451.914703369141
1289,286.3,96.4478149414063
1290,286.5,2.48092007637024
1291,286.8,4.20726585388184
1292,286.9,10.7166757583618
1293,287.1,285.895538330078
1294,287.2,1123.09643554688
1295,287.4,3.90825939178467
1296,287.5,1.51132595539093
1297,287.8,4.44519948959351
1298,287.9,12.7529182434082
1299,288.1,209.847793579102
1300,288.2,569.401550292969
1301,288.4,7.24533891677856
1302,288.6,0.910350263118744
1303,288.8,4.19245529174805
1304,288.9,12.1321659088135
1305,289.1,296.344909667969
1306,289.2,447.439086914063
1307,289.4,5.00104570388794
1308,289.6,0.613957107067108
1309,289.8,5.4096531867981
1310,290.0,68.2615432739258
1311,290.2,489.939453125
1312,290.3,56.2931709289551
1313,290.4,5.78524112701416
1314,290.7,2.05506181716919
1315,290.8,3.53659176826477
1316,291.0,70.8964080810547
1317,291.2,339.949462890625
1318,291.3,56.7800140380859
1319,291.5,2.08564209938049
1320,291.8,4.4926815032959
1321,292.0,66.6909713745117
1322,292.1,154.501312255859
1323,292.2,297.526489257813
1324,292.4,5.4959921836853
1325,292.6,2.19262933731079
1326,292.8,5.60019159317017
1327,293.0,76.4906768798828
1328,293.2,394.696563720703
1329,293.3,60.3089370727539
1330,293.5,2.06621360778809
1331,293.8,4.99381446838379
1332,294.0,60.8129463195801
1333,294.2,450.017761230469
1334,294.3,89.3016204833984
1335,294.5,1.51428818702698
1336,294.7,2.27104020118713
1337,294.9,19.954870223999
1338,295.0,75.7961349487305
1339,295.2,466.387512207031
1340,295.3,72.7134552001953
1341,295.5,1.96210145950317
1342,295.8,5.43535470962524
1343,296.0,61.426643371582
1344,296.2,497.349273681641
1345,296.3,95.2803649902344
1346,296.5,1.26014983654022
1347,296.7,2.50679564476013
1348,296.9,15.7031717300415
1349,297.0,50.6146545410156
1350,297.2,411.103576660156
1351,297.3,71.7564926147461
1352,297.4,10.2686004638672
1353,297.6,0.981268525123596
1354,297.8,5.65708303451538
1355,298.0,53.171459197998
1356,298.1,190.432312011719
1357,298.2,382.577545166016
1358,298.4,7.71031522750854
1359,298.5,2.75980138778687
1360,298.8,5.52552700042725
1361,299.0,66.1814804077148
1362,299.2,362.007232666016
1363,299.3,73.9594879150391
1364,299.5,2.30920028686523
1365,299.7,2.82340121269226
1366,299.9,17.8277568817139
1367,300.1,242.871398925781
1368,300.2,429.360168457031
1369,300.4,7.96140432357788
1370,300.6,0.828890025615692
1371,300.8,4.82427263259888
1372,301.0,60.332462310791
1373,301.2,304.065612792969
1374,301.3,63.6892318725586
1375,301.5,2.12641572952271
1376,301.7,2.13704466819763
1377,301.9,15.5552358627319
1378,302.0,46.5182952880859
1379,302.2,952.873046875
1380,302.3,79.5319747924805
1381,302.4,5.56917572021484
1382,302.7,2.29839682579041
1383,302.8,3.78698372840881
1384,303.0,70.4773483276367
1385,303.2,402.599761962891
1386,303.3,65.4065170288086
1387,303.5,1.2853285074234
1388,303.7,2.00322365760803
1389,303.9,16.4249000549316
1390,304.1,187.390228271484
1391,304.2,344.483367919922
1392,304.4,4.80745792388916
1393,304.6,2.23950171470642
1394,304.8,4.56839179992676
1395,305.0,60.9003295898438
1396,305.2,285.918273925781
1397,305.3,55.5981025695801
1398,305.4,9.74307346343994
1399,305.6,0.712580561637878
1400,305.8,4.73261880874634
1401,306.0,65.252311706543
1402,306.2,362.062469482422
1403,306.3,69.8600769042969
1404,306.5,2.05070567131042
1405,306.7,1.19506883621216
1406,306.9,15.6176166534424
1407,307.1,180.843780517578
1408,307.2,201.03092956543
1409,307.3,82.9775238037109
1410,307.5,1.55750131607056
1411,307.7,2.18383002281189
1412,307.9,13.0848579406738
1413,308.0,43.8990249633789
1414,308.2,399.926208496094
1415,308.3,94.0757064819336
1416,308.4,10.6345186233521
1417,308.7,2.24986934661865
1418,308.9,16.6100368499756
1419,309.0,41.6336479187012
1420,309.2,364.534423828125
1421,309.3,108.916358947754
1422,309.4,12.3540687561035
1423,309.6,0.828193068504333
1424,309.8,4.61569976806641
1425,310.0,46.2369766235352
1426,310.2,389.430816650391
1427,310.3,125.828453063965
1428,310.5,2.40756225585938
1429,310.7,3.59539985656738
1430,310.9,21.3275833129883
1431,311.0,44.0493125915527
1432,311.2,313.983978271484
1433,311.3,87.0297088623047
1434,311.4,13.0559329986572
1435,311.7,2.79020738601685
1436,311.8,3.65290117263794
1437,312.0,46.2260856628418
1438,312.1,140.092956542969
1439,312.2,296.480560302734
1440,312.4,11.3060636520386
1441,312.7,4.23497104644775
1442,312.9,24.7432479858398
1443,313.1,183.099761962891
1444,313.2,155.904861450195
1445,313.3,65.679557800293
1446,313.5,2.99268174171448
1447,313.7,3.34892845153809
1448,313.8,4.93518018722534
1449,314.0,52.5942687988281
1450,314.2,323.777221679688
1451,314.3,68.3374252319336
1452,314.5,1.87828886508942
1453,314.7,3.14087820053101
1454,314.9,19.1630954742432
1455,315.1,146.52082824707
1456,315.2,142.016723632813
1457,315.4,12.3453559875488
1458,315.7,2.48092007637024
1459,315.8,4.94284725189209
1460,316.0,54.6689300537109
1461,316.2,286.224426269531
1462,316.3,48.6476745605469
1463,316.4,7.44180154800415
1464,316.7,2.46366953849792
1465,316.8,4.18940591812134
1466,317.0,58.5769309997559
1467,317.2,189.545303344727
1468,317.3,43.6093406677246
1469,317.5,2.11047220230103
1470,317.7,2.37280011177063
1471,317.8,4.69829225540161
1472,318.0,60.4736022949219
1473,318.2,282.636688232422
1474,318.3,56.7245178222656
1475,318.4,8.44197559356689
1476,318.7,2.48179125785828
1477,318.9,17.5603771209717
1478,319.0,42.2467346191406
1479,319.2,216.822448730469
1480,319.3,49.3503227233887
1481,319.4,10.8011846542358
1482,319.7,2.02169370651245
1483,319.8,3.0019166469574
1484,320.0,57.6250228881836
1485,320.2,350.723388671875
1486,320.3,85.2730407714844
1487,320.5,2.32226872444153
1488,320.8,4.03101587295532
1489,321.0,45.9435424804688
1490,321.1,95.4778671264648
1491,321.2,267.707366943359
1492,321.4,12.849799156189
1493,321.7,1.54356157779694
1494,321.9,11.9265546798706
1495,322.0,38.7616310119629
1496,322.2,371.096527099609
1497,322.3,136.121795654297
1498,322.5,3.7284369468689
1499,322.8,7.45922613143921
1500,323.0,58.0671730041504
1501,323.2,319.015319824219
1502,323.3,117.817039489746
1503,323.4,14.7012548446655
1504,323.7,3.30484414100647
1505,323.9,15.521258354187
1506,324.1,139.692276000977
1507,324.2,396.024383544922
1508,324.4,15.8320264816284
1509,324.7,9.03023147583008
1510,324.9,57.9246368408203
1511,325.0,93.8241882324219
1512,325.2,298.794311523438
1513,325.3,80.7625885009766
1514,325.4,12.1792125701904
1515,325.7,5.25544500350952
1516,325.8,7.91949796676636
1517,326.0,66.6359100341797
1518,326.2,305.385864257813
1519,326.3,135.303970336914
1520,326.6,7.99363994598389
1521,326.8,28.3040599822998
1522,327.0,256.825042724609
1523,327.1,270.484222412109
1524,327.3,37.0177726745605
1525,327.6,4.76407051086426
1526,327.8,18.3153858184814
1527,328.0,92.8804702758789
1528,328.2,258.949890136719
1529,328.3,50.8253173828125
1530,328.6,5.43979787826538
1531,328.8,15.4672412872314
1532,329.0,89.1657104492188
1533,329.2,156.754928588867
1534,329.3,32.7364540100098
1535,329.5,3.85302329063416
1536,329.8,8.96157836914063
1537,330.0,52.7129287719727
1538,330.2,215.130416870117
1539,330.3,46.3601684570313
1540,330.5,2.29543471336365
1541,330.7,3.50095844268799
1542,330.8,5.42315721511841
1543,331.0,52.7340126037598
1544,331.2,135.143142700195
1545,331.3,31.5997562408447
1546,331.4,10.5163793563843
1547,331.7,3.25039196014404
1548,331.9,18.0420799255371
1549,332.0,37.6286811828613
1550,332.2,228.341079711914
1551,332.3,53.5865135192871
1552,332.4,9.6159610748291
1553,332.7,2.67572736740112
1554,332.8,3.63242721557617
1555,333.0,44.3325500488281
1556,333.1,72.5555877685547
1557,333.2,128.632598876953
1558,333.4,11.1674509048462
1559,333.7,2.12510895729065
1560,333.9,15.3522386550903
1561,334.1,131.92839050293
1562,334.2,180.023696899414
1563,334.3,95.4891967773438
1564,334.5,2.76746821403503
1565,334.7,1.30963587760925
1566,334.9,13.6484575271606
1567,335.1,103.080848693848
1568,335.2,170.050796508789
1569,335.4,16.2005577087402
1570,335.7,2.55819821357727
1571,335.8,2.61073350906372
1572,336.0,38.6461067199707
1573,336.1,92.2232131958008
1574,336.2,347.358154296875
1575,336.4,12.2843704223633
1576,336.5,3.32627630233765
1577,336.7,1.45548009872437
1578,336.9,11.8937969207764
1579,337.1,97.1069869995117
1580,337.2,124.092697143555
1581,337.3,93.2269592285156
1582,337.5,3.7084858417511
1583,337.7,3.23610377311707
1584,337.9,11.9877157211304
1585,338.1,103.313903808594
1586,338.2,321.162384033203
1587,338.4,20.3376026153564
1588,338.7,5.81617021560669
1589,338.9,27.4887619018555
1590,339.0,49.4927673339844
1591,339.2,210.546615600586
1592,339.3,75.9513854980469
1593,339.5,4.56011486053467
1594,339.7,2.69341349601746
1595,339.9,15.9314336776733
1596,340.1,99.8423080444336
1597,340.2,131.130249023438
1598,340.3,122.590171813965
1599,340.6,7.81826114654541
1600,340.8,26.1869659423828
1601,341.0,468.087463378906
1602,341.1,278.949554443359
1603,341.2,81.9801330566406
1604,341.4,4.55976629257202
1605,341.7,6.97543144226074
1606,341.9,63.8948440551758
1607,342.1,257.776519775391
1608,342.2,142.767288208008
1609,342.4,9.18775081634521
1610,342.7,8.25039196014404
1611,342.9,65.4419784545898
1612,343.0,99.6080322265625
1613,343.1,174.950866699219
1614,343.3,22.210054397583
1615,343.6,3.49128770828247
1616,343.7,3.02517867088318
1617,343.9,26.9362258911133
1618,344.1,130.859817504883
1619,344.2,93.1235427856445
1620,344.3,46.4689826965332
1621,344.5,2.09722948074341
1622,344.7,6.00627279281616
1623,344.9,28.7968292236328
1624,345.0,43.5369415283203
1625,345.2,126.530578613281
1626,345.3,25.8372535705566
1627,345.4,9.58137321472168
1628,345.7,3.83716678619385
1629,345.9,18.6588249206543
1630,346.1,107.581893920898
1631,346.2,149.505569458008
1632,346.4,11.0239591598511
1633,346.7,3.38708829879761
1634,346.9,15.9021606445313
1635,347.0,27.9820518493652
1636,347.2,113.680084228516
1637,347.3,31.6520290374756
1638,347.4,11.700644493103
1639,347.7,2.65298843383789
1640,347.8,3.62868094444275
1641,348.0,41.3028411865234
1642,348.2,194.76676940918
1643,348.3,73.424201965332
1644,348.5,2.83298492431641
1645,348.8,5.5621190071106
1646,348.9,9.8043212890625
1647,349.1,76.7378463745117
1648,349.2,106.006706237793
1649,349.4,16.0595932006836
1650,349.6,0.929604470729828
1651,349.8,4.65812873840332
1652,350.0,38.7006454467773
1653,350.2,188.088607788086
1654,350.3,102.227912902832
1655,350.5,2.36905384063721
1656,350.7,2.33394312858582
1657,350.9,12.9239416122437
1658,351.1,72.5223922729492
1659,351.2,105.964973449707
1660,351.4,15.056282043457
1661,351.5,4.2536153793335
1662,351.7,1.73819482326508
1663,351.9,11.984317779541
1664,352.1,90.0418167114258
1665,352.2,216.977874755859
1666,352.4,17.7650279998779
1667,352.6,1.24594879150391
1668,352.8,5.61657094955444
1669,353.0,31.064208984375
1670,353.2,119.460182189941
1671,353.3,53.65185546875
1672,353.5,3.22146725654602
1673,353.7,3.44284725189209
1674,353.9,9.23436164855957
1675,354.1,58.7247772216797
1676,354.2,158.847366333008
1677,354.4,21.7202472686768
1678,354.7,8.59452819824219
1679,354.9,69.8016204833984
1680,355.1,1238.14392089844
1681,355.2,57.5918273925781
1682,355.4,1.54486846923828
1683,355.6,2.43195676803589
1684,355.7,2.84561777114868
1685,355.9,61.0781478881836
1686,356.0,186.272354125977
1687,356.1,380.543395996094
1688,356.3,26.9746475219727
1689,356.5,1.28271472454071
1690,356.7,5.57753944396973
1691,356.8,11.3755884170532
1692,357.0,204.850143432617
1693,357.1,232.989974975586
1694,357.3,14.7535285949707
1695,357.6,2.342045545578
1696,357.8,10.3687925338745
1697,358.0,74.2812347412109
1698,358.2,179.270080566406
1699,358.3,38.4225463867188
1700,358.5,3.85267472267151
1701,358.7,3.26084685325623
1702,358.9,24.4585285186768
1703,359.0,38.537899017334
1704,359.2,104.494682312012
1705,359.3,23.1392230987549
1706,359.4,10.337776184082
1707,359.7,3.11735486984253
1708,359.9,16.8835163116455
1709,360.1,86.5536651611328
1710,360.2,81.8635635375977
1711,360.3,52.2765274047852
1712,360.5,2.35006093978882
1713,360.7,4.22068309783936
1714,360.9,14.1310329437256
1715,361.1,63.4643669128418
1716,361.2,50.7750473022461
1717,361.3,37.6376533508301
1718,361.5,4.12746143341064
1719,361.8,5.63294982910156
1720,362.0,33.363826751709
1721,362.2,130.802398681641
1722,362.3,66.2131881713867
1723,362.5,4.88621711730957
1724,362.8,7.42376708984375
1725,362.9,11.4375324249268
1726,363.1,62.9549560546875
1727,363.2,79.1397476196289
1728,363.4,14.1691932678223
1729,363.7,3.72913408279419
1730,363.9,12.6244115829468
1731,364.1,78.5863418579102
1732,364.2,128.968978881836
1733,364.4,17.6797351837158
1734,364.7,3.65464377403259
1735,364.9,12.8106813430786
1736,365.1,52.5227394104004
1737,365.2,71.9853668212891
1738,365.4,15.302056312561
1739,365.6,3.05776262283325
1740,365.9,11.5557584762573
1741,366.1,74.990592956543
1742,366.2,124.259017944336
1743,366.4,13.5876455307007
1744,366.5,4.35816335678101
1745,366.8,5.60872983932495
1746,366.9,8.82340145111084
1747,367.1,60.7570991516113
1748,367.2,66.4960784912109
1749,367.4,15.0891265869141
1750,367.7,3.13660907745361
1751,367.9,10.1053323745728
1752,368.1,69.5337142944336
1753,368.2,123.777923583984
1754,368.4,18.5035724639893
1755,368.7,4.74228954315186
1756,368.9,18.9569606781006
1757,369.1,77.3989334106445
1758,369.2,67.1256332397461
1759,369.4,10.335075378418
1760,369.7,3.76537728309631
1761,369.9,13.1304235458374
1762,370.1,71.5234375
1763,370.2,71.9332656860352
1764,370.3,54.4247245788574
1765,370.5,5.6816520690918
1766,370.8,9.51019382476807
1767,371.0,41.5234375
1768,371.2,77.0747528076172
1769,371.3,21.0210838317871
1770,371.4,11.3656558990479
1771,371.7,3.74690723419189
1772,371.8,3.83673119544983
1773,372.0,30.5361557006836
1774,372.2,109.393013000488
1775,372.3,48.4128761291504
1776,372.5,4.93674850463867
1777,372.7,2.39702033996582
1778,372.9,15.675030708313
1779,373.1,59.8249702453613
1780,373.2,37.5304069519043
1781,373.3,29.4413661956787
1782,373.5,2.81921935081482
1783,373.7,3.16806054115295
1784,373.8,4.50034856796265
1785,374.0,30.3986759185791
1786,374.2,108.171630859375
1787,374.3,39.7454261779785
1788,374.4,17.6403560638428
1789,374.7,3.18853449821472
1790,374.9,10.1114301681519
1791,375.1,50.4825744628906
1792,375.2,40.7914276123047
1793,375.3,42.0826797485352
1794,375.5,5.56255435943604
1795,375.8,4.235755443573
1796,376.0,25.5723114013672
1797,376.2,107.040863037109
1798,376.3,49.6491546630859
1799,376.4,18.8731479644775
1800,376.6,2.69907641410828
1801,376.9,9.09008502960205
1802,377.1,44.6294631958008
1803,377.2,73.6898422241211
1804,377.4,16.6326885223389
1805,377.7,3.14453744888306
1806,377.9,10.3549394607544
1807,378.1,61.4967765808105
1808,378.2,102.443367004395
1809,378.4,15.7494335174561
1810,378.5,5.98849964141846
1811,378.7,1.78506708145142
1812,378.9,9.29255962371826
1813,379.0,15.0756225585938
1814,379.2,60.5893020629883
1815,379.3,26.1356506347656
1816,379.4,16.472469329834
1817,379.6,3.69454598426819
1818,379.8,3.22399377822876
1819,380.0,26.4900684356689
1820,380.2,86.1989898681641
1821,380.3,49.130859375
1822,380.5,6.02108383178711
1823,380.8,4.92193746566772
1824,380.9,7.17224264144897
1825,381.1,38.8722763061523
1826,381.2,47.0885162353516
1827,381.4,14.4183654785156
1828,381.6,3.2535285949707
1829,381.9,11.2505664825439
1830,382.1,52.3463134765625
1831,382.2,78.4425888061523
1832,382.4,17.4600105285645
1833,382.7,5.28715801239014
1834,382.9,15.5233488082886
1835,383.0,20.3558979034424
1836,383.2,52.268253326416
1837,383.3,15.6905384063721
1838,383.4,11.7133646011353
1839,383.7,4.39519071578979
1840,383.8,3.61413145065308
1841,384.0,25.41819190979
1842,384.2,83.8579025268555
1843,384.3,43.0951385498047
1844,384.5,9.52578830718994
1845,384.8,14.9910259246826
1846,384.9,17.5082759857178
1847,385.1,61.9966888427734
1848,385.2,26.4375324249268
1849,385.3,22.3184356689453
1850,385.5,6.03415250778198
1851,385.7,3.06028914451599
1852,385.9,15.9930305480957
1853,386.1,59.944938659668
1854,386.2,78.4187164306641
1855,386.4,13.4050359725952
1856,386.5,10.7868099212646
1857,386.8,17.5356330871582
1858,386.9,20.9945983886719
1859,387.1,80.7261734008789
1860,387.2,32.0214309692383
1861,387.3,22.6646633148193
1862,387.5,3.03815984725952
1863,387.7,4.67415904998779
1864,387.8,5.15281391143799
1865,388.0,32.4796142578125
1866,388.1,47.9124412536621
1867,388.2,89.0913925170898
1868,388.4,17.4911136627197
1869,388.7,5.07396745681763
1870,388.8,4.84736013412476
1871,389.0,26.5636863708496
1872,389.2,62.4133987426758
1873,389.3,32.8934478759766
1874,389.5,3.68905735015869
1875,389.7,4.09949445724487
1876,389.8,3.50313639640808
1877,390.0,23.3142528533936
1878,390.2,90.0922622680664
1879,390.3,55.7693862915039
1880,390.5,6.28175640106201
1881,390.7,1.6057676076889
1882,390.9,8.6732006072998
1883,391.0,12.4721202850342
1884,391.2,53.4665451049805
1885,391.3,34.4224586486816
1886,391.5,6.04129648208618
1887,391.8,4.09714221954346
1888,391.9,6.1772084236145
1889,392.1,48.8953666687012
1890,392.3,82.5056610107422
1891,392.4,21.9888477325439
1892,392.6,3.05331945419312
1893,392.9,7.58189582824707
1894,393.1,33.8960609436035
1895,393.2,47.7561416625977
1896,393.4,16.8925762176514
1897,393.7,4.2536153793335
1898,393.8,2.22852420806885
1899,394.0,21.9749088287354
1900,394.1,31.4072132110596
1901,394.3,71.8005752563477
1902,394.4,12.9635820388794
1903,394.5,7.16239786148071
1904,394.8,3.96759009361267
1905,395.0,16.4786548614502
1906,395.2,42.9421501159668
1907,395.3,17.1684970855713
1908,395.4,12.9865827560425
1909,395.7,3.17503046989441
1910,395.8,2.37558817863464
1911,396.0,22.0030498504639
1912,396.2,64.4433670043945
1913,396.3,39.4208068847656
1914,396.5,4.59069538116455
1915,396.6,4.47029113769531
1916,396.9,9.66457557678223
1917,397.1,33.350757598877
1918,397.2,34.4525184631348
1919,397.4,11.923680305481
1920,397.7,3.65142011642456
1921,397.9,9.38682651519775
1922,398.1,42.1461067199707
1923,398.2,56.5036582946777
1924,398.4,18.8369922637939
1925,398.7,10.8735837936401
1926,398.9,28.4330024719238
1927,399.1,56.7920379638672
1928,399.2,32.7373237609863
1929,399.4,9.78044986724854
1930,399.6,2.52613687515259
1931,399.8,7.36565589904785
1932,400.0,28.0276184082031
1933,400.2,62.2126693725586
1934,400.3,24.3504085540771
1935,400.4,21.0382461547852
1936,400.7,23.7611083984375
1937,400.9,98.2522201538086
1938,401.0,156.790985107422
1939,401.2,28.2537021636963
1940,401.3,11.1594352722168
1941,401.6,6.68304586410522
1942,401.8,19.202823638916
1943,402.0,66.0267486572266
1944,402.1,52.2887268066406
1945,402.2,71.7479553222656
1946,402.4,16.5718765258789
1947,402.7,12.3801183700562
1948,402.9,31.8714923858643
1949,403.1,66.2463836669922
1950,403.2,27.6141319274902
1951,403.3,20.7721729278564
1952,403.5,3.92559671401978
1953,403.7,6.05279684066772
1954,403.8,5.41923666000366
1955,404.0,26.392053604126
1956,404.2,75.0406875610352
1957,404.3,32.4889335632324
1958,404.4,17.4106121063232
1959,404.7,4.34701156616211
1960,404.9,11.0642099380493
1961,405.1,35.6050720214844
1962,405.2,41.0510559082031
1963,405.4,13.6895799636841
1964,405.6,3.92794919013977
1965,405.8,2.98501491546631
1966,406.0,19.6394844055176
1967,406.2,62.1174430847168
1968,406.3,44.4282112121582
1969,406.5,5.02613687515259
1970,406.6,3.91470646858215
1971,406.9,7.56159591674805
1972,407.0,11.0032234191895
1973,407.2,35.1077728271484
1974,407.3,15.8138179779053
1975,407.4,12.6845273971558
1976,407.7,3.95887780189514
1977,407.8,2.19750833511353
1978,408.0,19.0820693969727
1979,408.2,53.610034942627
1980,408.3,25.5943546295166
1981,408.4,17.7039546966553
1982,408.6,3.59653258323669
1983,408.9,7.92132759094238
1984,409.1,24.7920360565186
1985,409.2,17.9100017547607
1986,409.3,20.9880638122559
1987,409.5,5.90669107437134
1988,409.8,4.0758843421936
1989,410.0,18.7056102752686
1990,410.1,23.3093738555908
1991,410.2,49.8392562866211
1992,410.4,16.8184356689453
1993,410.6,1.75413835048676
1994,410.8,3.79299521446228
1995,411.0,14.413311958313
1996,411.2,30.5595932006836
1997,411.3,13.0040073394775
1998,411.4,12.1761627197266
1999,411.7,3.56063771247864
2000,411.9,7.98745441436768
2001,412.1,33.6231918334961
2002,412.2,49.7259979248047
2003,412.4,17.5686531066895
2004,412.7,5.60019159317017
2005,412.9,11.4085206985474
2006,413.1,29.890661239624
2007,413.2,29.2207698822021
2008,413.4,9.88839530944824
2009,413.7,3.40547132492065
2010,413.8,3.10472202301025
2011,414.0,17.9029445648193
2012,414.2,41.1219711303711
2013,414.3,24.5624675750732
2014,414.6,11.401463508606
2015,414.8,31.0844230651855
2016,415.0,189.044342041016
2017,415.1,144.922714233398
2018,415.3,12.2418537139893
2019,415.5,1.85929608345032
2020,415.7,8.39945983886719
2021,415.8,12.0126333236694
2022,416.0,77.9417114257813
2023,416.1,109.645935058594
2024,416.3,29.4143581390381
2025,416.5,8.29961681365967
2026,416.8,17.7284374237061
2027,417.0,66.3760223388672
2028,417.1,72.9527816772461
2029,417.3,19.1961135864258
2030,417.5,2.6392228603363
2031,417.7,5.84918975830078
2032,417.9,14.62144947052
2033,418.0,19.255184173584
2034,418.2,62.119270324707
2035,418.3,24.8720169067383
2036,418.4,16.3905735015869
2037,418.7,5.61665773391724
2038,418.8,5.04582691192627
2039,419.0,21.742115020752
2040,419.2,37.4982566833496
2041,419.3,14.0807628631592
2042,419.4,12.1420106887817
2043,419.6,4.13486671447754
2044,419.9,8.75553226470947
2045,420.1,32.7754821777344
2046,420.3,46.6013259887695
2047,420.4,11.7972640991211
2048,420.5,7.91810417175293
2049,420.8,4.64950323104858
2050,421.0,14.9869318008423
2051,421.1,14.8095483779907
2052,421.2,32.002613067627
2053,421.4,12.5430393218994
2054,421.6,3.38961482048035
2055,421.9,8.38525867462158
2056,422.0,11.7263460159302
2057,422.2,41.0920028686523
2058,422.3,19.8244476318359
2059,422.4,15.5656042098999
2060,422.6,3.91444492340088
2061,422.9,7.44467687606812
2062,423.1,20.219898223877
2063,423.3,24.8091125488281
2064,423.4,8.05941772460938
2065,423.5,6.18801164627075
2066,423.7,1.5913051366806
2067,423.9,7.47882890701294
2068,424.0,11.2091827392578
2069,424.2,43.1058540344238
2070,424.3,20.2794036865234
2071,424.4,17.0629901885986
2072,424.6,4.13164329528809
2073,424.8,2.41209268569946
2074,425.0,11.8911828994751
2075,425.1,11.0097579956055
2076,425.2,23.1612644195557
2077,425.4,10.576319694519
2078,425.6,3.90930485725403
2079,425.9,6.79412794113159
2080,426.1,28.4768257141113
2081,426.3,40.581371307373
2082,426.4,10.2543125152588
2083,426.5,7.69707250595093
2084,426.7,1.95669972896576
2085,426.9,6.6155252456665
2086,427.1,19.539379119873
2087,427.2,24.5100193023682
2088,427.4,10.2828893661499
2089,427.6,3.57710409164429
2090,427.9,7.32932567596436
2091,428.1,22.5227394104004
2092,428.2,29.7347106933594
2093,428.4,11.1572570800781
2094,428.6,4.53903102874756
2095,428.8,29.2124061584473
2096,429.0,166.61604309082
2097,429.1,92.2025604248047
2098,429.2,45.6957664489746
2099,429.4,2.72085738182068
2100,429.6,3.81826090812683
2101,429.8,15.9563512802124
2102,430.0,70.0088882446289
2103,430.1,89.8912734985352
2104,430.3,25.4166221618652
2105,430.6,8.20099353790283
2106,430.8,17.0846843719482
2107,431.0,56.7145843505859
2108,431.1,39.0387687683105
2109,431.2,36.7632865905762
2110,431.4,7.82322692871094
2111,431.6,2.10663866996765
2112,431.8,8.36347770690918
2113,432.0,26.0923500061035
2114,432.2,50.8200035095215
2115,432.3,28.7901210784912
2116,432.5,4.5004358291626
2117,432.7,5.73122501373291
2118,432.9,11.7415056228638
2119,433.1,26.6804313659668
2120,433.2,24.4457225799561
2121,433.4,9.86861801147461
2122,433.7,3.56603932380676
2123,433.8,2.70892143249512
2124,434.0,16.2537899017334
2125,434.2,32.827320098877
2126,434.3,16.6717205047607
2127,434.4,14.1164836883545
2128,434.6,4.25884294509888
2129,434.9,7.13948440551758
2130,435.1,16.5493984222412
2131,435.2,18.2277393341064
2132,435.4,5.38726282119751
2133,435.5,4.80745792388916
2134,435.7,1.33646976947784
2135,435.9,6.70569801330566
2136,436.0,9.26502895355225
2137,436.2,29.7095317840576
2138,436.3,22.9578323364258
2139,436.5,4.21632671356201
2140,436.7,4.49355268478394
2141,436.9,7.96253681182861
2142,437.1,18.8159961700439
2143,437.2,11.4499912261963
2144,437.3,14.4722948074341
2145,437.5,3.10716152191162
2146,437.6,3.41287684440613
2147,437.9,7.58363819122314
2148,438.0,9.92716503143311
2149,438.2,32.4131393432617
2150,438.3,24.4945983886719
2151,438.5,4.51289415359497
2152,438.6,3.68278455734253
2153,438.8,2.26799082756042
2154,439.0,10.5139398574829
2155,439.1,9.19437217712402
2156,439.3,19.7480392456055
2157,439.4,9.63904857635498
2158,439.7,3.1162223815918
2159,439.9,5.51123905181885
2160,440.1,22.1833076477051
2161,440.2,14.9839696884155
2162,440.3,24.7982234954834
2163,440.5,5.24159240722656
2164,440.6,3.98998093605042
2165,440.8,2.7521345615387
2166,441.0,10.5034847259521
2167,441.2,18.5086250305176
2168,441.3,8.65150737762451
2169,441.4,9.28759384155273
2170,441.7,2.8844747543335
2171,441.8,2.03101587295532
2172,442.0,12.954870223999
2173,442.2,29.9585285186768
2174,442.3,24.2324447631836
2175,442.5,7.90364170074463
2176,442.8,4.64880657196045
2177,442.9,4.63896131515503
2178,443.1,18.1674499511719
2179,443.2,19.0074062347412
2180,443.4,8.45338916778564
2181,443.6,3.21963763237
2182,443.9,6.78001403808594
2183,444.1,21.4006786346436
2184,444.2,16.2037811279297
2185,444.3,23.7057857513428
2186,444.5,10.6459312438965
2187,444.8,8.59156608581543
2188,444.9,7.68513679504395
2189,445.1,22.7993545532227
2190,445.2,10.8291511535645
2191,445.3,14.2341003417969
2192,445.5,3.28942322731018
2193,445.6,4.58564186096191
2194,445.9,8.73880481719971
2195,446.1,21.8788986206055
2196,446.3,27.7721729278564
2197,446.4,15.4945983886719
2198,446.7,7.00392055511475
2199,446.8,4.36469745635986
2200,447.0,15.5608987808228
2201,447.2,19.7345352172852
2202,447.3,7.50653409957886
2203,447.4,9.02256488800049
2204,447.7,4.26877498626709
2205,447.9,7.83307218551636
2206,448.0,8.26816558837891
2207,448.2,24.4112205505371
2208,448.3,11.7535285949707
2209,448.4,11.5647325515747
2210,448.6,2.60376381874084
2211,448.8,4.13294982910156
2212,449.0,9.35981845855713
2213,449.1,6.13016223907471
2214,449.3,13.841609954834
2215,449.4,7.28149509429932
2216,449.6,3.46201419830322
2217,449.9,5.79151439666748
2218,450.0,6.51237154006958
2219,450.2,21.4285583496094
2220,450.3,9.93343830108643
2221,450.4,10.9673290252686
2222,450.7,3.06752038002014
2223,450.8,1.53545916080475
2224,451.0,7.02927350997925
2225,451.1,6.08206987380981
2226,451.3,11.8791599273682
2227,451.4,6.92219877243042
2228,451.6,2.77792286872864
2229,451.9,5.34108734130859
2230,452.1,15.7070045471191
2231,452.3,22.6461925506592
2232,452.4,11.4189758300781
2233,452.6,3.51986408233643
2234,452.9,4.63451814651489
2235,453.1,10.4479007720947
2236,453.3,12.5809373855591
2237,453.4,7.20717906951904
2238,453.7,2.69986057281494
2239,453.9,5.23619079589844
2240,454.1,15.5374631881714
2241,454.3,21.9562644958496
2242,454.4,11.2981357574463
2243,454.6,3.20587205886841
2244,454.9,4.72033452987671
2245,455.1,10.9835338592529
2246,455.3,14.0951385498047
2247,455.4,4.35136795043945
2248,455.5,4.53162574768066
2249,455.8,2.81930661201477
2250,455.9,3.70778870582581
2251,456.1,16.3326358795166
2252,456.2,12.0063600540161
2253,456.3,20.5338916778564
2254,456.5,7.53179979324341
2255,456.8,4.25100183486938
2256,457.0,9.07693004608154
2257,457.2,13.6300745010376
2258,457.3,6.23767185211182
2259,457.4,8.02239036560059
2260,457.6,3.41601324081421
2261,457.9,6.14288187026978
2262,458.1,15.4943370819092
2263,458.3,21.2188529968262
2264,458.4,8.72756576538086
2265,458.5,12.1667537689209
2266,458.8,9.92002105712891
2267,459.0,18.2029972076416
2268,459.2,18.5597667694092
2269,459.3,11.5770168304443
2270,459.6,5.81860971450806
2271,459.8,6.33185243606567
2272,460.0,12.9873666763306
2273,460.2,19.1166572570801
2274,460.4,15.7929077148438
2275,460.5,6.26677131652832
2276,460.7,20.6783409118652
2277,460.9,40.0925254821777
2278,461.0,29.1971607208252
2279,461.1,38.743335723877
2280,461.3,10.5022649765015
2281,461.5,3.01768589019775
2282,461.7,9.35032272338867
2283,461.9,19.9842300415039
2284,462.0,14.7885522842407
2285,462.1,29.3045825958252
2286,462.3,14.6852235794067
2287,462.5,9.01864433288574
2288,462.7,5.19480752944946
2289,462.9,14.5966196060181
2290,463.1,20.1117782592773
2291,463.2,12.6337337493896
2292,463.5,6.31216239929199
2293,463.6,2.50967073440552
2294,463.8,4.96114301681519
2295,464.0,11.4489459991455
2296,464.1,8.6090784072876
2297,464.2,17.3334197998047
2298,464.4,8.92664241790771
2299,464.6,3.99154901504517
2300,464.8,2.26790380477905
2301,465.0,7.43866539001465
2302,465.2,11.6203174591064
2303,465.3,7.9601845741272
2304,465.5,3.80580234527588
2305,465.8,2.73122501373291
2306,466.0,7.89484214782715
2307,466.2,14.3193063735962
2308,466.3,12.3759365081787
2309,466.5,3.46340823173523
2310,466.6,2.77077889442444
2311,466.9,3.62127542495728
2312,467.0,3.63809037208557
2313,467.2,8.93953609466553
2314,467.3,4.59661960601807
2315,467.4,6.23470973968506
2316,467.6,1.52361035346985
2317,467.8,2.59557414054871
2318,468.0,7.29534769058228
2319,468.2,14.5872106552124
2320,468.3,13.1166582107544
2321,468.5,5.30013942718506
2322,468.7,1.14096534252167
2323,468.9,3.62571883201599
2324,469.1,7.77391529083252
2325,469.3,9.27295684814453
2326,469.4,3.28079795837402
2327,469.5,3.86957669258118
2328,469.8,2.6828715801239
2329,469.9,2.6989893913269
2330,470.1,12.2085733413696
2331,470.2,9.44851016998291
2332,470.3,15.058895111084
2333,470.5,4.28489303588867
2334,470.6,3.11674499511719
2335,470.8,1.60428643226624
2336,471.0,5.48048448562622
2337,471.2,10.7271299362183
2338,471.3,4.79491186141968
2339,471.4,7.05201244354248
2340,471.7,2.9113085269928
2341,471.9,4.63913583755493
2342,472.1,10.8761978149414
2343,472.3,16.9024219512939
2344,472.4,10.0417318344116
2345,472.7,6.00243949890137
2346,472.9,7.75553226470947
2347,473.1,12.9568738937378
2348,473.2,11.9635820388794
2349,473.4,6.64540863037109
2350,473.6,4.24830102920532
2351,473.9,6.2354941368103
2352,474.1,11.8915319442749
2353,474.2,12.2019519805908
2354,474.5,7.32653760910034
2355,474.6,5.38673973083496
2356,474.8,29.2416801452637
2357,475.0,103.377593994141
2358,475.1,84.032585144043
2359,475.3,13.5439968109131
2360,475.6,4.58355093002319
2361,475.7,5.78994607925415
2362,475.9,32.0098457336426
2363,476.1,58.1337356567383
2364,476.2,20.984317779541
2365,476.3,15.3319396972656
2366,476.6,7.30162048339844
2367,476.8,14.845269203186
2368,477.0,33.801097869873
2369,477.2,30.0584602355957
2370,477.3,7.61474132537842
2371,477.4,5.90076684951782
2372,477.7,5.10123729705811
2373,477.8,4.07353210449219
2374,478.0,14.5406866073608
2375,478.2,19.570743560791
2376,478.3,11.5465240478516
2377,478.5,3.1017599105835
2378,478.7,4.57074403762817
2379,478.9,6.60916519165039
2380,479.1,10.6488065719604
2381,479.2,8.85955715179443
2382,479.4,5.05270957946777
2383,479.7,3.05863380432129
2384,479.9,4.81076860427856
2385,480.0,4.60393810272217
2386,480.2,12.4954700469971
2387,480.3,10.1023693084717
2388,480.5,5.07022142410278
2389,480.8,2.89728164672852
2390,480.9,2.41932392120361
2391,481.1,6.97429847717285
2392,481.2,4.07248640060425
2393,481.4,6.71972465515137
2394,481.5,2.31364345550537
2395,481.7,2.32165884971619
2396,481.9,3.88116407394409
2397,482.1,8.96907138824463
2398,482.3,11.8229656219482
2399,482.4,7.27731323242188
2400,482.6,2.83246207237244
2401,482.8,1.39292562007904
2402,483.0,4.76746797561646
2403,483.2,7.70169019699097
2404,483.3,6.60019159317017
2405,483.5,2.17807984352112
2406,483.6,2.48484063148499
2407,483.9,3.44467687606812
2408,484.1,8.71824359893799
2409,484.3,12.1893186569214
2410,484.4,7.5649938583374
2411,484.6,1.84675025939941
2412,484.8,2.3660044670105
2413,485.0,4.76929759979248
2414,485.2,7.14366626739502
2415,485.4,6.92481279373169
2416,485.5,3.96305966377258
2417,485.8,2.376633644104
2418,486.0,5.74228954315186
2419,486.2,10.1020212173462
2420,486.3,10.5874719619751
2421,486.5,5.8005747795105
2422,486.8,3.85981869697571
2423,487.0,6.66823482513428
2424,487.1,4.16893196105957
2425,487.2,8.70866012573242
2426,487.4,4.67990922927856
2427,487.6,1.37907302379608
2428,487.8,3.22050881385803
2429,488.0,6.94763898849487
2430,488.2,9.06359958648682
2431,488.3,6.10811996459961
2432,488.6,5.85947036743164
2433,488.7,7.82148456573486
2434,488.9,57.9410171508789
2435,489.1,105.035720825195
2436,489.2,27.2281761169434
2437,489.3,11.7712144851685
2438,489.6,4.26276350021362
2439,489.8,16.7773132324219
2440,490.0,45.0281410217285
2441,490.1,26.9791774749756
2442,490.2,27.255184173584
2443,490.4,7.20169019699097
2444,490.6,3.10977530479431
2445,490.8,15.8683567047119
2446,490.9,15.1385259628296
2447,491.1,37.9185409545898
2448,491.2,19.7891616821289
2449,491.4,4.48414373397827
2450,491.6,2.01019334793091
2451,491.8,7.31678009033203
2452,492.0,15.9532146453857
2453,492.2,19.9783935546875
2454,492.3,6.4928560256958
2455,492.4,6.50670862197876
2456,492.6,2.15847706794739
2457,492.8,5.60358953475952
2458,493.0,9.96192741394043
2459,493.2,11.0744905471802
2460,493.3,7.13948440551758
2461,493.5,1.75413835048676
2462,493.7,2.80423426628113
2463,493.8,1.7862868309021
2464,494.0,7.49651527404785
2465,494.2,9.65324974060059
2466,494.3,8.43422222137451
2467,494.5,3.88691401481628
2468,494.8,3.01629209518433
2469,495.0,5.70839881896973
2470,495.2,7.26772975921631
2471,495.4,4.7936053276062
2472,495.5,1.77426385879517
2473,495.7,2.35668230056763
2474,495.9,3.48954510688782
2475,496.1,7.55131578445435
2476,496.3,8.84012889862061
2477,496.4,5.62240791320801
2478,496.6,2.56133460998535
2479,496.9,3.139484167099
2480,497.1,5.78097248077393
2481,497.3,7.11683225631714
2482,497.4,2.6306848526001
2483,497.5,3.52247786521912
2484,497.8,2.22068309783936
2485,498.0,5.02483034133911
2486,498.1,3.92341876029968
2487,498.3,10.0520992279053
2488,498.4,6.88011837005615
2489,498.7,2.83150362968445
2490,498.9,2.68269729614258
2491,499.0,2.27853274345398
2492,499.2,6.32305288314819
2493,499.3,3.70404243469238
2494,499.4,5.30885171890259
2495,499.6,2.57753968238831
2496,499.9,2.59705519676208
2497,500.1,6.21136093139648
2498,500.3,8.40904331207275
2499,500.4,3.15438222885132
2500,500.5,4.9750828742981
2501,500.8,3.17459487915039
2502,500.9,1.92028224468231
2503,501.1,5.8003134727478
2504,501.3,6.06691074371338
2505,501.4,4.3552885055542
2506,501.6,1.35737931728363
2507,501.8,2.89919853210449
2508,502.0,4.44598340988159
2509,502.2,7.60655164718628
2510,502.3,6.19733381271362
2511,502.5,3.27295684814453
2512,502.7,9.1084680557251
2513,502.9,21.5321483612061
2514,503.1,28.552360534668
2515,503.2,10.8543300628662
2516,503.3,7.60454797744751
2517,503.6,3.79822278022766
2518,503.7,3.01716327667236
2519,503.9,11.5206480026245
2520,504.0,8.95051383972168
2521,504.2,18.1072483062744
2522,504.3,9.08024024963379
2523,504.6,6.22172832489014
2524,504.8,8.21406173706055
2525,505.0,11.9656734466553
2526,505.1,7.40834617614746
2527,505.2,9.60602855682373
2528,505.4,2.27565789222717
2529,505.6,2.89702033996582
2530,505.8,4.47656393051147
2531,505.9,3.65194272994995
2532,506.1,9.86304187774658
2533,506.2,5.24943351745605
2534,506.3,8.03728866577148
2535,506.6,4.71170949935913
2536,506.8,4.54234170913696
2537,507.0,7.03615617752075
2538,507.1,8.35537528991699
2539,507.3,3.00975775718689
2540,507.4,4.03876972198486
2541,507.7,2.59844923019409
2542,507.9,4.15176868438721
2543,508.1,6.60524463653564
2544,508.2,3.32514381408691
2545,508.3,5.64697694778442
2546,508.5,1.90599405765533
2547,508.6,2.66265892982483
2548,508.8,1.31817388534546
2549,509.0,4.19036436080933
2550,509.2,4.66544675827026
2551,509.4,3.77034330368042
2552,509.6,2.41932392120361
2553,509.7,0.790642976760864
2554,509.9,2.48867392539978
2555,510.1,5.86739873886108
2556,510.2,3.73671364784241
2557,510.4,7.16440153121948
2558,510.5,3.88639140129089
2559,510.8,1.9513852596283
2560,510.9,1.37698209285736
2561,511.1,4.41035032272339
2562,511.3,5.65351104736328
2563,511.4,1.63643491268158
2564,511.5,2.76328635215759
2565,511.8,2.05384206771851
2566,512.0,3.77522206306458
2567,512.2,8.31007099151611
2568,512.3,8.58546829223633
2569,512.5,4.53946685791016
2570,512.8,1.91209268569946
2571,513.0,3.266597032547
2572,513.2,4.8335075378418
2573,513.3,2.74368357658386
2574,513.4,3.81242370605469
2575,513.6,2.29822278022766
2576,513.8,0.980745792388916
2577,514.0,3.09644532203674
2578,514.2,5.57893371582031
2579,514.3,6.61526393890381
2580,514.5,3.94868445396423
2581,514.7,1.25823318958282
2582,514.9,2.204913854599
2583,515.1,3.96968102455139
2584,515.2,2.33124232292175
2585,515.4,4.23157358169556
2586,515.5,2.88752388954163
2587,515.7,1.22216415405273
2588,515.9,2.64035534858704
2589,516.0,1.79587030410767
2590,516.2,5.18844747543335
2591,516.3,2.58694887161255
2592,516.5,4.69402313232422
2593,516.6,1.73209619522095
2594,516.8,3.14854502677917
2595,517.0,3.6792995929718
2596,517.2,4.11944580078125
2597,517.3,3.81843519210815
2598,517.5,1.51951563358307
2599,517.7,2.08154726028442
2600,517.9,2.60550618171692
2601,518.0,1.68557238578796
2602,518.2,4.04573965072632
2603,518.4,4.13983249664307
2604,518.6,4.38656568527222
2605,518.8,6.6306848526001
2606,518.9,3.92167615890503
2607,519.1,7.77217292785645
2608,519.2,3.36513328552246
2609,519.3,3.61012363433838
2610,519.6,2.94476389884949
2611,519.7,1.62441194057465
2612,519.9,4.82801866531372
2613,520.0,2.81399202346802
2614,520.2,5.71031522750854
2615,520.4,4.07788801193237
2616,520.6,4.6055064201355
2617,520.8,8.18766307830811
2618,521.0,10.6839170455933
2619,521.1,4.62049150466919
2620,521.2,5.3299355506897
2621,521.4,2.93944931030273
2622,521.6,1.48327231407166
2623,521.8,4.34221982955933
2624,521.9,3.01097750663757
2625,522.1,6.50113248825073
2626,522.2,5.28785514831543
2627,522.4,1.82017767429352
2628,522.6,3.17520475387573
2629,522.8,3.64418888092041
2630,522.9,1.9563512802124
2631,523.1,4.95478296279907
2632,523.2,3.64096522331238
2633,523.4,1.43143403530121
2634,523.6,2.21597838401794
2635,523.8,2.34073877334595
2636,523.9,1.54469418525696
2637,524.1,4.21458435058594
2638,524.3,4.27077865600586
2639,524.5,3.1359121799469
2640,524.7,2.03833413124084
2641,524.8,0.951646625995636
2642,525.0,2.31538605690002
2643,525.1,1.59330892562866
2644,525.3,2.64671540260315
2645,525.5,2.50784111022949
2646,525.7,1.56525528430939
2647,525.9,2.11073350906372
2648,526.1,3.57239937782288
2649,526.2,2.36278104782104
2650,526.3,3.98414349555969
2651,526.5,1.70177733898163
2652,526.6,1.90947902202606
2653,526.9,1.88569438457489
2654,527.0,1.33620834350586
2655,527.2,2.70744037628174
2656,527.4,2.54634952545166
2657,527.5,1.01751172542572
2658,527.7,1.85145497322083
2659,527.8,0.863913595676422
2660,528.0,2.31198811531067
2661,528.2,3.79412794113159
2662,528.4,3.90207362174988
2663,528.5,2.45365047454834
2664,528.8,1.87802755832672
2665,529.0,2.2137131690979
2666,529.1,2.66989016532898
2667,529.3,2.47717380523682
2668,529.6,2.01132607460022
2669,529.7,0.943108558654785
2670,529.9,1.73349010944366
2671,530.1,2.99790906906128
2672,530.3,3.29499912261963
2673,530.5,3.40041828155518
2674,530.6,1.18687927722931
2675,530.8,2.09696817398071
2676,530.9,1.08024048805237
2677,531.1,3.05340647697449
2678,531.3,2.6378288269043
2679,531.5,2.11770343780518
2680,531.7,1.66832196712494
2681,531.9,1.85755360126495
2682,532.1,2.73627805709839
2683,532.3,2.86731147766113
2684,532.5,2.93221807479858
2685,532.7,4.25588083267212
2686,532.9,6.44720315933228
2687,533.0,3.10785841941833
2688,533.1,5.57039546966553
2689,533.3,3.08712315559387
2690,533.5,1.1975953578949
2691,533.7,3.21249341964722
2692,533.9,4.00505304336548
2693,534.1,4.3477087020874
2694,534.2,3.51951551437378
2695,534.5,4.2611083984375
2696,534.7,13.5875587463379
2697,534.9,30.9847526550293
2698,535.0,16.8830814361572
2699,535.1,21.5595054626465
2700,535.3,5.72286128997803
2701,535.5,1.66126501560211
2702,535.7,7.31216239929199
2703,535.9,16.5102806091309
2704,536.1,17.7118835449219
2705,536.2,8.57152843475342
2706,536.4,2.25683927536011
2707,536.6,4.55976629257202
2708,536.7,3.85372018814087
2709,536.9,11.2665100097656
2710,537.1,11.8076324462891
2711,537.2,6.12014293670654
2712,537.4,2.82026481628418
2713,537.6,1.56691062450409
2714,537.8,4.3916187286377
2715,537.9,2.72991800308228
2716,538.1,6.24455499649048
2717,538.2,4.77330541610718
2718,538.4,2.76816511154175
2719,538.6,1.15943539142609
2720,538.8,2.83176517486572
2721,539.0,3.66405296325684
2722,539.1,1.65473079681396
2723,539.2,3.01786017417908
2724,539.4,2.09461569786072
2725,539.6,0.836034178733826
2726,539.8,1.75744903087616
2727,540.0,2.62284374237061
2728,540.1,1.45652556419373
2729,540.3,3.05628156661987
2730,540.4,1.19106113910675
2731,540.5,1.90886914730072
2732,540.8,1.58564209938049
2733,541.0,1.93195676803589
2734,541.2,2.38543295860291
2735,541.3,2.23601675033569
2736,541.5,1.61256313323975
2737,541.8,1.25518381595612
2738,542.0,2.16056799888611
2739,542.2,2.73897886276245
2740,542.3,1.34884130954742
2741,542.5,2.10951375961304
2742,542.7,1.43134689331055
2743,542.9,1.50531446933746
2744,543.0,0.722251236438751
2745,543.2,2.10820698738098
2746,543.4,1.52247774600983
2747,543.6,1.38830804824829
2748,543.7,0.700993180274963
2749,543.9,1.34614038467407
2750,544.0,0.963234007358551
2751,544.2,2.28524136543274
2752,544.3,1.21048963069916
2753,544.5,1.8187837600708
2754,544.7,1.50522744655609
2755,544.9,1.71972465515137
2756,545.1,1.89954698085785
2757,545.3,2.07100534439087
2758,545.4,0.894755184650421
2759,545.6,1.34753441810608
2760,545.8,1.53876984119415
2761,546.0,1.88142538070679
2762,546.2,2.21432304382324
2763,546.3,0.824795246124268
2764,546.5,1.91575181484222
2765,546.6,1.06028926372528
2766,546.8,3.03641748428345
2767,546.9,1.88142538070679
2768,547.1,4.0396409034729
2769,547.2,3.01986408233643
2770,547.5,2.06281590461731
2771,547.7,1.68853461742401
2772,547.9,2.59348320960999
2773,548.0,2.9786548614502
2774,548.3,2.12275648117065
2775,548.5,2.1487193107605
2776,548.6,2.3802056312561
2777,548.8,20.3491020202637
2778,549.0,71.8727111816406
2779,549.1,41.7224273681641
2780,549.2,32.8234024047852
2781,549.4,4.76032400131226
2782,549.7,6.98466634750366
2783,549.9,26.4925079345703
