#"+ Scan (rt: 4.980-38.001 min, 5725 scans) BEESWAXBLEACHED181018_3.D "
#Point,X(Thompsons),Y(Counts)
0,45.1,2502.5576171875
1,45.3,2.90026211738586
2,45.6,0.358951956033707
3,45.8,7.99720525741577
4,46.0,83.0117034912109
5,46.1,110.03825378418
6,46.3,14.8986902236938
7,46.6,2.3456768989563
8,46.8,8.92820930480957
9,46.9,46.5418357849121
10,47.1,413.262359619141
11,47.2,45.0674247741699
12,47.4,2.0291702747345
13,47.7,5.07755470275879
14,47.9,24.617467880249
15,48.1,39.0918769836426
16,48.2,20.3746719360352
17,48.4,5.12960720062256
18,48.7,6.53117895126343
19,48.9,37.9533615112305
20,49.0,45.0819206237793
21,49.1,80.1696090698242
22,49.3,10.8436679840088
23,49.6,1.19213974475861
24,49.8,4.28768539428711
25,50.0,243.517379760742
26,50.1,496.692932128906
27,50.3,8.741135597229
28,50.5,0.391615718603134
29,50.8,1.27266371250153
30,51.0,280.343933105469
31,51.1,1068.19091796875
32,51.3,4.94829702377319
33,51.6,0.205065503716469
34,51.8,3.6915283203125
35,52.0,187.406814575195
36,52.1,649.38427734375
37,52.3,16.8784275054932
38,52.5,0.187423586845398
39,52.8,0.183056771755219
40,53.0,172.516510009766
41,53.1,5262.23388671875
42,53.3,3.92209601402283
43,54.0,63.802619934082
44,54.1,12697.48828125
45,54.3,4.41589498519897
46,55.0,5.42043685913086
47,55.1,81087.2109375
48,56.0,25.8139743804932
49,56.1,32430.2109375
50,56.3,2.08017468452454
51,57.0,14.6558952331543
52,57.2,110487.296875
53,57.3,3.68489074707031
54,57.5,0.115633189678192
55,57.9,17.3580780029297
56,58.1,2732.29541015625
57,58.2,3092.55834960938
58,58.4,2.23772931098938
59,58.7,0.937991261482239
60,58.9,17.3613967895508
61,59.1,1913.09533691406
62,59.2,303.753875732422
63,59.4,1.98270738124847
64,59.6,0.399301320314407
65,59.8,2.92069864273071
66,60.0,231.095901489258
67,60.1,5089.9345703125
68,60.3,5.37851524353027
69,60.4,1.22917032241821
70,60.7,2.3634934425354
71,60.9,27.4165935516357
72,61.1,1594.49365234375
73,61.2,126.72925567627
74,61.4,1.4296942949295
75,61.5,1.46270740032196
76,61.8,13.0454149246216
77,62.0,105.884017944336
78,62.1,143.046463012695
79,62.3,13.3182535171509
80,62.5,1.57065498828888
81,62.7,1.46358072757721
82,62.9,60.2277717590332
83,63.0,161.479125976563
84,63.1,287.568725585938
85,63.3,12.7704801559448
86,63.4,2.95982527732849
87,63.7,6.35633182525635
88,63.9,56.7587776184082
89,64.1,119.427421569824
90,64.2,51.3790397644043
91,64.4,4.32000017166138
92,64.6,0.227598249912262
93,64.8,2.5282096862793
94,65.0,282.330657958984
95,65.1,1451.89416503906
96,65.3,9.72454166412354
97,65.6,1.14270746707916
98,65.8,4.45851516723633
99,65.9,26.1879482269287
100,66.1,1511.65832519531
101,66.2,371.631622314453
102,66.4,1.35615718364716
103,67.0,71.0302200317383
104,67.1,20486.486328125
105,67.3,0.595458507537842
106,68.0,63.6967697143555
107,68.1,16191.6103515625
108,68.3,2.79598259925842
109,69.0,29.5180778503418
110,69.1,52155.22265625
111,69.3,1.09606981277466
112,69.9,1.18759822845459
113,70.1,13774.9404296875
114,70.2,13400.548828125
115,70.7,0.184104800224304
116,70.9,3.44157195091248
117,71.0,40.6445426940918
118,71.2,66348.4140625
119,71.3,12.2981662750244
120,71.5,0.0908296927809715
121,71.7,0.849432289600372
122,71.9,18.2517032623291
123,72.1,940.577819824219
124,72.2,2809.42822265625
125,72.4,1.62148475646973
126,72.8,0.465152829885483
127,73.0,127.706726074219
128,73.1,30664.080078125
129,73.3,2.53327512741089
130,73.5,0.0712663754820824
131,73.8,5.91091680526733
132,74.0,273.468658447266
133,74.1,2644.08862304688
134,74.3,6.90043687820435
135,74.4,1.4539737701416
136,74.6,0.678427934646606
137,74.8,6.26061153411865
138,75.0,399.307586669922
139,75.1,1966.12438964844
140,75.3,7.10724878311157
141,75.5,0.653100430965424
142,75.7,2.16244530677795
143,75.9,57.7376403808594
144,76.0,116.254325866699
145,76.1,229.760177612305
146,76.3,20.8365058898926
147,76.5,0.21991266310215
148,76.7,0.166986897587776
149,77.0,451.459381103516
150,77.1,2180.61474609375
151,77.3,2.03301310539246
152,77.7,0.158602625131607
153,77.9,17.5772933959961
154,78.1,1534.38952636719
155,78.2,335.281036376953
156,78.4,0.527161598205566
157,79.0,403.028289794922
158,79.1,5632.35302734375
159,79.3,0.318777292966843
160,79.8,1.26445412635803
161,80.0,194.585494995117
162,80.1,2493.45239257813
163,80.3,19.8710918426514
164,81.0,98.3369445800781
165,81.1,16613.341796875
166,81.3,0.477729260921478
167,82.0,71.868293762207
168,82.1,23352.419921875
169,82.3,2.41973805427551
170,82.8,0.0986899584531784
171,83.0,49.7760696411133
172,83.1,53491.4296875
173,83.3,4.2144980430603
174,83.5,0.0927510932087898
175,83.8,0.438253283500671
176,84.0,76.2361602783203
177,84.2,18656.78515625
178,84.3,15.4199123382568
179,84.8,1.63615715503693
180,85.0,49.3165054321289
181,85.2,44606.08984375
182,85.3,16.7751960754395
183,85.4,1.7318776845932
184,85.7,0.945851504802704
185,85.8,3.84104800224304
186,86.0,99.347770690918
187,86.2,3063.70092773438
188,86.3,27.806812286377
189,86.5,1.95021831989288
190,86.8,7.05257654190063
191,87.0,341.017822265625
192,87.1,1455.10583496094
193,87.3,9.15825366973877
194,87.6,3.3458514213562
195,87.8,30.6122264862061
196,88.0,192.251708984375
197,88.1,309.921234130859
198,88.3,18.6768550872803
199,88.5,3.61729264259338
200,88.8,18.5849781036377
201,89.0,464.244720458984
202,89.1,336.664794921875
203,89.2,84.1191253662109
204,89.5,5.15703058242798
205,89.7,15.5280351638794
206,89.9,62.375545501709
207,90.1,91.8480377197266
208,90.2,40.0269012451172
209,90.4,2.15790390968323
210,90.6,0.144628822803497
211,90.8,0.421484708786011
212,90.9,9.98742389678955
213,91.1,2612.18823242188
214,91.2,318.124359130859
215,91.6,0.0349344983696938
216,91.8,5.43231439590454
217,92.0,220.519821166992
218,92.1,777.344299316406
219,92.3,19.5605239868164
220,92.5,0.386375546455383
221,92.8,1.74096071720123
222,93.0,259.005950927734
223,93.1,1847.57641601563
224,93.3,14.1807861328125
225,93.6,0.300087332725525
226,93.8,3.33170294761658
227,94.0,170.927856445313
228,94.1,1593.53552246094
229,94.3,35.376594543457
230,94.5,0.847685575485229
231,94.8,0.180436685681343
232,95.0,95.3687362670898
233,95.1,10728.56640625
234,95.3,15.1930131912231
235,95.8,0.0834934487938881
236,96.0,270.837554931641
237,96.1,19762.55859375
238,96.3,9.03266334533691
239,96.5,0.109868995845318
240,96.7,0.683318793773651
241,96.9,18.3855018615723
242,97.1,15515.978515625
243,97.2,36251.0546875
244,97.4,0.310917019844055
245,97.7,0.189694330096245
246,97.9,9.4578161239624
247,98.0,85.8806991577148
248,98.1,21542.5
249,98.3,18.5493450164795
250,98.5,0.102707423269749
251,98.7,0.961048007011414
252,98.9,12.1762447357178
253,99.1,1855.29907226563
254,99.2,11203.2431640625
255,99.4,2.85397386550903
256,99.6,0.563668131828308
257,99.8,5.28593873977661
258,100.0,105.89973449707
259,100.2,1182.30212402344
260,100.3,27.4291706085205
261,100.6,3.76314401626587
262,100.7,2.96978163719177
263,100.9,39.2541465759277
264,101.1,746.38427734375
265,101.2,142.47265625
266,101.4,2.75842785835266
267,101.6,3.73205232620239
268,101.8,21.9247169494629
269,102.0,177.867080688477
270,102.1,261.617462158203
271,102.3,14.4413976669312
272,102.6,2.51965069770813
273,102.8,12.8974676132202
274,103.0,737.867614746094
275,103.1,489.693267822266
276,103.3,9.47039318084717
277,103.5,0.560524046421051
278,103.7,5.06480360031128
279,103.9,88.7061996459961
280,104.1,501.240692138672
281,104.2,122.728385925293
282,104.4,3.54707431793213
283,104.6,0.691353738307953
284,104.9,37.8275985717773
285,105.1,1617.06982421875
286,105.2,207.40803527832
287,105.4,1.14812231063843
288,105.7,1.99737989902496
289,105.9,51.7603492736816
290,106.1,360.609252929688
291,106.2,162.537811279297
292,106.4,5.37449789047241
293,106.7,1.38864624500275
294,106.9,32.1168556213379
295,107.1,1000.86114501953
296,107.2,331.827758789063
297,107.4,2.11074233055115
298,107.7,2.14305686950684
299,107.9,32.3055038452148
300,108.1,638.535034179688
301,108.2,370.878601074219
302,108.4,5.17519664764404
303,108.6,0.335196495056152
304,108.8,1.49781656265259
305,109.0,114.505851745605
306,109.1,5186.4794921875
307,109.3,24.0845413208008
308,109.6,0.593187749385834
309,109.7,0.19196505844593
310,109.9,12.1414842605591
311,110.1,2404.09155273438
312,110.2,4090.77758789063
313,110.4,3.35842800140381
314,110.6,0.218864634633064
315,110.8,1.87615716457367
316,111.0,65.6923980712891
317,111.2,24977.0703125
318,111.3,23.4852409362793
319,111.5,0.348646283149719
320,111.7,1.15842795372009
321,111.9,14.1400871276855
322,112.1,1990.75549316406
323,112.2,6540.970703125
324,112.4,3.7109169960022
325,112.5,1.6445415019989
326,112.8,5.25816583633423
327,113.0,79.0904769897461
328,113.1,649.271606445313
329,113.2,6660.36767578125
330,113.4,4.48296928405762
331,113.7,2.86375546455383
332,113.8,6.68576431274414
333,114.0,94.8953704833984
334,114.2,862.7421875
335,114.3,28.340087890625
336,114.5,0.783231437206268
337,114.7,1.44087338447571
338,114.9,49.9615707397461
339,115.1,1947.61340332031
340,115.2,146.480178833008
341,115.4,1.53484714031219
342,115.7,2.98777294158936
343,115.9,59.4118766784668
344,116.0,154.375900268555
345,116.1,418.934509277344
346,116.3,16.9311790466309
347,116.5,1.73379909992218
348,116.8,5.40192127227783
349,117.0,452.729095458984
350,117.1,811.213989257813
351,117.3,11.8555459976196
352,117.5,1.74061131477356
353,117.7,2.10707426071167
354,117.9,63.4468116760254
355,118.1,388.150756835938
356,118.2,108.694145202637
357,118.3,24.207160949707
358,118.5,1.52524018287659
359,118.7,1.6073362827301
360,118.9,48.5140609741211
361,119.1,1719.82763671875
362,119.2,116.440696716309
363,119.4,2.05799126625061
364,119.6,0.635109186172485
365,119.8,12.9491701126099
366,119.9,48.531177520752
367,120.1,400.594421386719
368,120.2,137.187423706055
369,120.4,4.57449769973755
370,120.7,1.51912665367126
371,120.8,3.58620095252991
372,121.0,251.037734985352
373,121.1,955.840698242188
374,121.2,362.732055664063
375,121.4,2.02462887763977
376,121.7,1.6155458688736
377,121.9,32.9231452941895
378,122.1,567.536926269531
379,122.2,330.064788818359
380,122.4,6.06602621078491
381,122.7,1.83231437206268
382,122.9,18.7664623260498
383,123.1,1406.89343261719
384,123.2,1592.26745605469
385,123.4,3.89449787139893
386,123.7,2.07388639450073
387,123.9,16.4386024475098
388,124.1,976.711608886719
389,124.2,2749.44873046875
390,124.3,54.7175559997559
391,124.5,2.64314413070679
392,124.8,3.91231441497803
393,125.0,85.7133636474609
394,125.1,997.835266113281
395,125.2,9934.921875
396,125.4,5.12017488479614
397,125.5,4.22340631484985
398,125.8,12.0627069473267
399,126.0,126.326286315918
400,126.2,4601.36669921875
401,126.3,44.8096084594727
402,126.4,9.83807849884033
403,126.7,5.26061153411865
404,126.8,7.0550217628479
405,127.0,119.619735717773
406,127.1,500.767150878906
407,127.2,4434.052734375
408,127.4,4.18759822845459
409,127.6,2.16157197952271
410,127.8,10.9753713607788
411,128.0,203.003845214844
412,128.2,947.32421875
413,128.3,29.8024463653564
414,128.5,2.09135365486145
415,128.8,5.90410470962524
416,129.0,192.389862060547
417,129.1,2697.95239257813
418,129.3,14.1147594451904
419,129.6,1.00069868564606
420,129.7,1.59807860851288
421,129.9,37.9540596008301
422,130.1,317.718078613281
423,130.2,132.157028198242
424,130.4,5.53275108337402
425,130.6,0.593013107776642
426,130.8,6.1294322013855
427,131.0,337.246124267578
428,131.1,909.015014648438
429,131.3,13.3334493637085
430,131.5,0.983580768108368
431,131.7,3.24244546890259
432,131.9,66.2695159912109
433,132.1,314.069854736328
434,132.2,106.310043334961
435,132.4,3.60611343383789
436,132.7,2.16069865226746
437,132.9,47.5886459350586
438,133.1,4346.513671875
439,133.2,70.2527542114258
440,133.4,0.990742385387421
441,133.6,1.82340610027313
442,133.8,9.54131031036377
443,134.0,432.005401611328
444,134.1,529.463562011719
445,134.2,154.873886108398
446,134.4,2.69344973564148
447,134.5,1.92628824710846
448,134.8,5.4183406829834
449,135.0,362.698181152344
450,135.1,3651.19995117188
451,135.3,14.2340612411499
452,135.6,0.626026213169098
453,135.8,5.60052394866943
454,135.9,26.7234935760498
455,136.1,718.160705566406
456,136.2,320.823944091797
457,136.4,5.85519647598267
458,136.7,2.717205286026
459,136.9,27.6988639831543
460,137.1,1419.60852050781
461,137.2,1035.13330078125
462,137.4,2.54061126708984
463,137.5,1.25834059715271
464,137.8,5.68384265899658
465,137.9,15.015022277832
466,138.1,577.011169433594
467,138.2,2011.93420410156
468,138.4,7.26445436477661
469,138.7,2.60925769805908
470,138.9,22.4085597991943
471,139.1,651.392639160156
472,139.2,3735.67651367188
473,139.4,3.27755451202393
474,139.6,1.88541483879089
475,139.7,1.32873368263245
476,139.9,18.8057632446289
477,140.0,46.6151962280273
478,140.2,3007.34228515625
479,140.3,75.4096069335938
480,140.5,4.1842794418335
481,140.8,7.51650667190552
482,141.0,135.610824584961
483,141.2,3688.83642578125
484,141.3,34.4803504943848
485,141.6,2.15056777000427
486,141.7,2.1372926235199
487,141.9,39.6471633911133
488,142.1,243.957382202148
489,142.2,374.447692871094
490,142.3,39.3290824890137
491,142.5,1.69397377967834
492,142.7,3.52192139625549
493,142.8,6.61991262435913
494,143.0,168.153182983398
495,143.1,455.020965576172
496,143.2,239.662704467773
497,143.4,2.97537112236023
498,143.5,2.44314408302307
499,143.8,10.0302181243896
500,144.0,89.5051498413086
501,144.1,168.668121337891
502,144.3,28.1963310241699
503,144.5,1.83930134773254
504,144.7,3.08751082420349
505,144.8,5.69257640838623
506,145.0,229.951797485352
507,145.1,589.810668945313
508,145.3,18.6965942382813
509,145.6,2.29275107383728
510,145.8,15.6452398300171
511,146.0,116.078605651855
512,146.1,140.460784912109
513,146.3,14.1413097381592
514,146.5,1.42410480976105
515,146.7,3.37816596031189
516,146.9,34.2127494812012
517,147.1,8676.1796875
518,147.2,111.820259094238
519,147.4,1.95703053474426
520,147.7,3.11091709136963
521,147.9,25.6351089477539
522,148.1,1736.78747558594
523,148.2,171.202621459961
524,148.3,16.405590057373
525,148.5,2.8172926902771
526,148.8,6.54550218582153
527,149.0,405.034759521484
528,149.1,1432.25695800781
529,149.3,17.4459381103516
530,149.5,0.972751080989838
531,149.7,2.75039291381836
532,149.8,8.20471572875977
533,150.0,142.137817382813
534,150.1,333.37451171875
535,150.3,39.0965957641602
536,150.5,2.04209613800049
537,150.7,3.1647162437439
538,150.9,29.7776412963867
539,151.1,610.352294921875
540,151.2,490.069519042969
541,151.3,30.9701309204102
542,151.6,2.20314407348633
543,151.8,6.77030563354492
544,152.0,129.628646850586
545,152.2,1844.14599609375
546,152.3,42.7542343139648
547,152.5,1.75423586368561
548,152.7,3.3182532787323
549,152.9,33.7872505187988
550,153.1,669.171508789063
551,153.2,2082.9619140625
552,153.4,3.53956341743469
553,153.5,2.77327513694763
554,153.8,8.46602630615234
555,153.9,21.630916595459
556,154.1,318.364532470703
557,154.2,2265.69775390625
558,154.4,9.80192184448242
559,154.7,4.64034938812256
560,154.9,28.6054153442383
561,155.0,113.235282897949
562,155.2,2868.91015625
563,155.3,31.1332759857178
564,155.4,5.55598258972168
565,155.6,1.5105676651001
566,155.8,14.4497814178467
567,156.0,93.3467254638672
568,156.2,413.710205078125
569,156.3,46.7924880981445
570,156.4,10.1152839660645
571,156.7,5.90550231933594
572,156.9,29.1650657653809
573,157.1,560.139038085938
574,157.2,395.480529785156
575,157.3,29.7633190155029
576,157.6,2.73082971572876
577,157.8,9.45467281341553
578,158.0,70.2686462402344
579,158.2,181.70393371582
580,158.3,32.1378173828125
581,158.6,5.17467260360718
582,158.8,11.7676858901978
583,159.0,133.405059814453
584,159.1,170.116149902344
585,159.2,134.277725219727
586,159.4,4.24296951293945
587,159.6,3.35982537269592
588,159.8,11.2260265350342
589,160.0,56.8993873596191
590,160.1,47.2637557983398
591,160.2,59.2786026000977
592,160.4,6.57205247879028
593,160.7,6.77886486053467
594,160.9,112.224105834961
595,161.0,515.903564453125
596,161.2,72.4171142578125
597,161.4,2.78951954841614
598,161.6,3.73519659042358
599,161.8,25.7865505218506
600,161.9,51.3351974487305
601,162.1,174.378692626953
602,162.2,46.2600860595703
603,162.3,21.3041038513184
604,162.5,2.48838424682617
605,162.7,6.33327531814575
606,162.9,131.334320068359
607,163.0,617.269897460938
608,163.1,500.398590087891
609,163.3,12.7413101196289
610,163.6,4.51266384124756
611,163.8,30.4461135864258
612,163.9,58.5460243225098
613,164.1,237.557723999023
614,164.2,87.9535369873047
615,164.4,7.26794767379761
616,164.7,3.34462881088257
617,164.9,63.9938850402832
618,165.0,368.482452392578
619,165.1,961.215393066406
620,165.3,10.2735366821289
621,165.4,3.65117907524109
622,165.7,3.21729254722595
623,165.9,29.3676853179932
624,166.0,99.5540618896484
625,166.2,1169.06335449219
626,166.3,60.8076858520508
627,166.5,4.49414825439453
628,166.8,8.92995643615723
629,167.0,122.882446289063
630,167.2,1599.82043457031
631,167.3,49.9809608459473
632,167.5,1.30445420742035
633,167.7,3.28087329864502
634,167.8,4.47039318084717
635,168.0,58.7074241638184
636,168.2,1843.5966796875
637,168.3,108.909690856934
638,168.5,2.40541481971741
639,168.7,3.89519643783569
640,168.9,22.1467247009277
641,169.1,267.579559326172
642,169.2,1836.4248046875
643,169.4,5.32384300231934
644,169.6,2.90917038917542
645,169.7,2.27615714073181
646,169.9,25.0634059906006
647,170.1,106.284713745117
648,170.2,272.246643066406
649,170.4,12.4904804229736
650,170.6,2.17362451553345
651,170.8,8.09694290161133
652,171.0,83.9680328369141
653,171.2,757.509338378906
654,171.3,48.3935356140137
655,171.6,3.28506541252136
656,171.7,2.56593894958496
657,171.9,25.0384273529053
658,172.1,111.408905029297
659,172.2,74.0221862792969
660,172.3,34.2379035949707
661,172.5,2.25327515602112
662,172.7,5.51091718673706
663,172.9,29.6939735412598
664,173.0,58.6838417053223
665,173.2,176.4677734375
666,173.3,37.3070755004883
667,173.6,5.50969409942627
668,173.8,10.1002616882324
669,174.0,45.515983581543
670,174.2,63.1739730834961
671,174.3,21.4759826660156
672,174.5,4.68698692321777
673,174.7,2.69729256629944
674,174.9,55.3944091796875
675,175.0,132.358947753906
676,175.1,259.579376220703
677,175.3,21.9014854431152
678,175.6,4.22882080078125
679,175.8,24.8001747131348
680,175.9,80.5882949829102
681,176.1,323.365936279297
682,176.2,59.3460273742676
683,176.4,5.71807861328125
684,176.7,6.31772947311401
685,176.9,110.357208251953
686,177.0,1646.49426269531
687,177.2,36.7820091247559
688,177.4,1.62375545501709
689,177.6,2.0840175151825
690,177.7,3.01013112068176
691,177.9,82.8705673217773
692,178.1,623.50634765625
693,178.2,101.030914306641
694,178.4,3.95598244667053
695,178.7,4.97205257415771
696,178.9,65.0033187866211
697,179.1,1128.685546875
698,179.2,183.979034423828
699,179.4,3.16279482841492
700,179.7,2.55720520019531
701,179.9,38.1285591125488
702,180.0,83.2824478149414
703,180.2,857.514953613281
704,180.3,74.6775512695313
705,180.4,10.2082099914551
706,180.7,4.35371160507202
707,180.9,33.6124000549316
708,181.0,99.8457641601563
709,181.2,1082.20629882813
710,181.3,56.9703063964844
711,181.5,1.6574672460556
712,181.7,3.24157214164734
713,181.9,21.6710910797119
714,182.1,134.540618896484
715,182.2,1398.51550292969
716,182.4,15.9322271347046
717,182.7,4.26672506332397
718,182.9,19.7919654846191
719,183.1,210.777465820313
720,183.2,1469.41638183594
721,183.4,9.30410480499268
722,183.7,5.10620069503784
723,183.9,24.2262001037598
724,184.1,95.4712677001953
725,184.2,134.512664794922
726,184.3,119.627769470215
727,184.5,5.73816585540771
728,184.8,7.73362445831299
729,185.0,66.3292541503906
730,185.2,750.822692871094
731,185.3,56.7692565917969
732,185.5,2.23126626014709
733,185.7,4.63353729248047
734,185.9,24.6490821838379
735,186.1,101.5107421875
736,186.2,110.112312316895
737,186.4,11.5636682510376
738,186.6,2.50812220573425
739,186.8,14.0174674987793
740,187.0,69.1842803955078
741,187.2,131.626373291016
742,187.3,32.8144989013672
743,187.5,4.59458494186401
744,187.8,10.6738862991333
745,188.0,33.5563316345215
746,188.2,49.9877738952637
747,188.3,17.6008739471436
748,188.6,3.95755457878113
749,188.8,12.6230564117432
750,189.0,264.682983398438
751,189.1,260.2578125
752,189.2,102.853446960449
753,189.4,2.92139744758606
754,189.6,3.310218334198
755,189.8,16.2803497314453
756,190.0,124.457992553711
757,190.1,139.766983032227
758,190.3,7.60593891143799
759,190.4,2.47930121421814
760,190.6,1.36262011528015
761,190.8,15.5068998336792
762,191.0,2819.77124023438
763,191.1,2017.29260253906
764,191.3,4.64296960830688
765,191.5,0.700087308883667
766,191.7,4.15895175933838
767,191.9,32.3886451721191
768,192.1,1559.28002929688
769,192.2,170.334671020508
770,192.4,3.5442795753479
771,192.7,3.85537123680115
772,192.9,56.5336227416992
773,193.1,8833.560546875
774,193.2,47.76611328125
775,193.4,0.718777298927307
776,193.6,1.64541482925415
777,193.7,1.87685585021973
778,193.9,22.1166820526123
779,194.1,1822.09716796875
780,194.2,673.497497558594
781,194.3,84.8089065551758
782,194.6,2.58305668830872
783,194.8,8.5675106048584
784,195.0,352.049621582031
785,195.1,1669.93542480469
786,195.3,70.3924865722656
787,195.5,2.25676846504211
788,195.8,6.67056751251221
789,196.0,86.8513565063477
790,196.2,686.679321289063
791,196.3,713.479675292969
792,196.4,13.4153709411621
793,196.7,4.02358055114746
794,196.9,18.9921398162842
795,197.0,78.6281204223633
796,197.2,959.991088867188
797,197.3,752.582702636719
798,197.6,2.62951970100403
799,197.8,6.87668132781982
800,197.9,15.7077732086182
801,198.1,103.404891967773
802,198.3,236.318771362305
803,198.4,13.8492574691772
804,198.6,1.91580784320831
805,198.8,6.41711807250977
806,199.0,54.305850982666
807,199.1,129.394409179688
808,199.2,268.478607177734
809,199.4,9.75790405273438
810,199.7,5.72034931182861
811,199.9,41.1156349182129
812,200.1,138.197906494141
813,200.2,130.886993408203
814,200.4,25.6548480987549
815,200.7,20.028470993042
816,200.9,48.0469856262207
817,201.1,82.3187789916992
818,201.2,69.1084747314453
819,201.4,12.6546726226807
820,201.7,10.1849784851074
821,201.9,36.3360710144043
822,202.1,105.371002197266
823,202.2,71.897819519043
824,202.4,10.5140609741211
825,202.7,6.78567695617676
826,202.9,55.108470916748
827,203.1,248.266204833984
828,203.2,94.7710037231445
829,203.4,6.32751083374023
830,203.7,5.98480367660522
831,203.9,31.2635803222656
832,204.1,88.9339752197266
833,204.2,43.785327911377
834,204.3,26.1037559509277
835,204.5,2.66637563705444
836,204.7,4.30270719528198
837,204.9,51.5662879943848
838,205.1,584.70654296875
839,205.2,124.308822631836
840,205.3,18.7142353057861
841,205.5,3.9919650554657
842,205.8,9.98480319976807
843,206.0,60.482795715332
844,206.1,32.2541465759277
845,206.3,1.40401744842529
846,206.9,25.907772064209
847,207.1,45467.87109375
848,207.2,44.1327514648438
849,207.7,1.08192133903503
850,207.9,39.5351982116699
851,208.1,9646.6494140625
852,208.2,487.965576171875
853,208.4,1.20628821849823
854,208.6,2.03807854652405
855,208.8,8.81205272674561
856,209.0,744.464599609375
857,209.1,5908.92431640625
858,209.3,10.314061164856
859,209.6,1.24454152584076
860,209.8,7.634934425354
861,210.0,275.132568359375
862,210.1,1125.96276855469
863,210.3,570.382507324219
864,210.5,3.86689949035645
865,210.8,9.27493476867676
866,211.0,251.399124145508
867,211.1,868.303039550781
868,211.3,710.587951660156
869,211.6,2.17205238342285
870,211.7,2.30532741546631
871,211.9,34.4717903137207
872,212.0,53.6312675476074
873,212.2,184.095367431641
874,212.3,136.658340454102
875,212.5,4.57100439071655
876,212.8,7.127685546875
877,213.0,68.4239273071289
878,213.2,1041.54638671875
879,213.3,113.889259338379
880,213.4,5.6896071434021
881,213.6,1.33100438117981
882,213.8,6.61624431610107
883,213.9,12.1718778610229
884,214.1,84.7839279174805
885,214.2,146.135192871094
886,214.4,16.4108295440674
887,214.7,7.12174654006958
888,214.9,28.1446285247803
889,215.1,96.6847152709961
890,215.2,83.4104766845703
891,215.4,11.0317907333374
892,215.7,5.64890813827515
893,215.8,6.66008710861206
894,216.0,34.674934387207
895,216.2,53.538688659668
896,216.3,25.849781036377
897,216.6,5.82200860977173
898,216.8,11.4344100952148
899,217.0,62.8431434631348
900,217.2,118.468994140625
901,217.3,37.3002624511719
902,217.5,5.70602607727051
903,217.8,8.53676891326904
904,218.0,37.2525749206543
905,218.1,38.7413101196289
906,218.2,78.5075988769531
907,218.4,10.2536249160767
908,218.5,6.86026191711426
909,218.8,11.4151964187622
910,218.9,27.9208736419678
911,219.1,196.04296875
912,219.2,137.218688964844
913,219.4,8.60681247711182
914,219.7,4.97135353088379
915,219.9,25.1170310974121
916,220.0,36.2001762390137
917,220.2,93.624626159668
918,220.3,24.6101303100586
919,220.5,4.30585145950317
920,220.8,7.65991258621216
921,221.0,125.624450683594
922,221.1,5554.4033203125
923,221.3,20.1935367584229
924,221.6,2.09467244148254
925,221.8,4.99248886108398
926,222.0,155.122268676758
927,222.1,1453.6201171875
928,222.3,198.186370849609
929,222.6,4.15563297271729
930,222.8,8.29414844512939
931,223.0,231.100082397461
932,223.1,979.373779296875
933,223.3,166.988998413086
934,223.5,1.36279475688934
935,223.7,3.30637550354004
936,223.9,27.0384273529053
937,224.0,54.8550224304199
938,224.2,288.192474365234
939,224.3,668.1025390625
940,224.6,6.6558952331543
941,224.8,10.3790397644043
942,225.0,95.3007888793945
943,225.2,332.186187744141
944,225.3,740.577819824219
945,225.5,4.59353733062744
946,225.8,8.46218299865723
947,226.0,44.2359809875488
948,226.1,44.7842788696289
949,226.3,186.463226318359
950,226.4,12.452751159668
951,226.5,5.77799129486084
952,226.8,9.3510913848877
953,227.0,48.8705673217773
954,227.2,274.126983642578
955,227.3,79.8061141967773
956,227.4,17.0171184539795
957,227.6,1.73170304298401
958,227.8,5.87144088745117
959,228.0,34.8277740478516
960,228.2,83.6779022216797
961,228.3,44.1313552856445
962,228.5,8.00943183898926
963,228.8,10.3049783706665
964,228.9,19.1205234527588
965,229.1,71.1521377563477
966,229.2,60.7117919921875
967,229.4,12.3624458312988
968,229.7,9.39248943328857
969,229.9,31.8733615875244
970,230.1,75.2965927124023
971,230.2,64.4010467529297
972,230.4,22.4433193206787
973,230.6,6.77816581726074
974,230.8,24.7863750457764
975,231.0,50.5248908996582
976,231.2,69.5757217407227
977,231.3,28.1849784851074
978,231.5,8.44960689544678
979,231.8,11.8031444549561
980,232.0,35.7409591674805
981,232.2,56.0054130554199
982,232.3,27.1942367553711
983,232.5,7.40733623504639
984,232.7,3.67179036140442
985,232.9,29.4824447631836
986,233.1,88.4157180786133
987,233.2,65.8218307495117
988,233.4,11.7320528030396
989,233.7,6.16698694229126
990,233.8,6.74061155319214
991,234.0,51.189868927002
992,234.2,106.83283996582
993,234.3,29.9701309204102
994,234.4,15.8511791229248
995,234.7,5.58829689025879
996,234.9,36.815372467041
997,235.1,249.359832763672
998,235.2,210.029174804688
999,235.4,9.79615688323975
1000,235.6,4.25117921829224
1001,235.7,2.19266366958618
1002,235.9,15.5240173339844
1003,236.0,35.9987754821777
1004,236.2,369.192474365234
1005,236.3,371.814147949219
1006,236.4,37.3961563110352
1007,236.6,2.55109167098999
1008,236.8,6.44524002075195
1009,237.0,99.6337127685547
1010,237.2,1002.98864746094
1011,237.3,257.568206787109
1012,237.5,2.64768552780151
1013,237.7,6.3315281867981
1014,237.9,32.1910934448242
1015,238.0,44.0216598510742
1016,238.2,280.573089599609
1017,238.3,589.817993164063
1018,238.4,32.6848907470703
1019,238.6,5.1259388923645
1020,238.9,14.0087337493896
1021,239.0,36.7722282409668
1022,239.2,1050.79968261719
1023,239.3,958.508972167969
1024,239.5,2.87615728378296
1025,239.8,3.92593884468079
1026,240.0,40.0454139709473
1027,240.2,221.593536376953
1028,240.3,210.093795776367
1029,240.5,8.54375553131104
1030,240.8,8.25607013702393
1031,240.9,14.2548475265503
1032,241.1,107.258514404297
1033,241.2,133.870742797852
1034,241.4,15.6337118148804
1035,241.5,5.90410470962524
1036,241.8,7.40314388275146
1037,242.0,26.0172920227051
1038,242.2,47.4424438476563
1039,242.3,28.3856773376465
1040,242.5,3.71004366874695
1041,242.7,6.54130983352661
1042,242.9,18.6663761138916
1043,243.1,51.4726638793945
1044,243.2,48.8249778747559
1045,243.4,12.9966812133789
1046,243.7,4.95755481719971
1047,243.8,5.28611373901367
1048,244.0,23.1937122344971
1049,244.2,31.5993003845215
1050,244.3,19.4628829956055
1051,244.5,4.14235830307007
1052,244.7,6.54742336273193
1053,244.9,17.5137119293213
1054,245.1,39.8892593383789
1055,245.2,38.9331016540527
1056,245.4,13.2172927856445
1057,245.7,5.96314430236816
1058,245.9,13.6504802703857
1059,246.1,34.4754600524902
1060,246.2,36.9096946716309
1061,246.4,11.982008934021
1062,246.7,7.41205263137817
1063,246.9,33.0932769775391
1064,247.0,35.3804359436035
1065,247.1,84.2710952758789
1066,247.3,25.4799995422363
1067,247.5,6.29135370254517
1068,247.8,10.6883840560913
1069,248.0,35.0965957641602
1070,248.1,25.0204372406006
1071,248.2,36.0101318359375
1072,248.4,7.23301315307617
1073,248.7,7.07336235046387
1074,248.9,136.895370483398
1075,249.0,445.05712890625
1076,249.1,363.593872070313
1077,249.3,9.94952011108398
1078,249.4,5.04384279251099
1079,249.7,5.31720542907715
1080,249.9,51.3165054321289
1081,250.1,225.285583496094
1082,250.3,341.380249023438
1083,250.4,37.3825340270996
1084,250.7,10.8415718078613
1085,250.9,71.0490798950195
1086,251.1,1131.33483886719
1087,251.2,224.605239868164
1088,251.4,3.50462889671326
1089,251.6,1.1439300775528
1090,251.8,12.2186899185181
1091,252.0,142.091522216797
1092,252.2,360.090118408203
1093,252.3,492.349334716797
1094,252.6,7.80698680877686
1095,252.8,11.6143236160278
1096,252.9,38.767162322998
1097,253.1,1213.80993652344
1098,253.3,648.02587890625
1099,253.4,72.259391784668
1100,253.7,3.17222714424133
1101,253.8,5.59493446350098
1102,254.0,131.28401184082
1103,254.2,399.346038818359
1104,254.3,170.763320922852
1105,254.5,6.72296953201294
1106,254.8,12.8263759613037
1107,255.0,118.126289367676
1108,255.1,279.370483398438
1109,255.3,81.2978134155273
1110,255.4,15.3998250961304
1111,255.6,1.43580782413483
1112,255.8,5.7482967376709
1113,256.0,25.2854156494141
1114,256.2,407.849609375
1115,256.3,767.873718261719
1116,256.4,52.7294311523438
1117,256.6,4.4522271156311
1118,256.9,9.20995616912842
1119,257.1,75.3891677856445
1120,257.3,481.299224853516
1121,257.4,40.5680351257324
1122,257.7,4.24034929275513
1123,257.9,9.26096057891846
1124,258.1,39.8789520263672
1125,258.3,83.2592163085938
1126,258.4,19.05100440979
1127,258.5,9.42427921295166
1128,258.8,8.88733577728271
1129,259.0,24.3584270477295
1130,259.2,46.7751960754395
1131,259.3,32.3538856506348
1132,259.5,8.86043643951416
1133,259.8,8.97187805175781
1134,260.0,20.8751087188721
1135,260.2,31.9154586791992
1136,260.3,23.9437561035156
1137,260.5,8.43772888183594
1138,260.8,9.54078578948975
1139,261.0,25.2380790710449
1140,261.2,40.1851539611816
1141,261.3,25.5365943908691
1142,261.5,7.48436689376831
1143,261.7,3.6880350112915
1144,261.9,12.9135370254517
1145,262.1,27.5537109375
1146,262.2,16.658166885376
1147,262.3,23.4766807556152
1148,262.6,8.61886501312256
1149,262.8,14.696418762207
1150,263.0,64.4234085083008
1151,263.1,67.0073394775391
1152,263.2,95.8389511108398
1153,263.4,18.5790386199951
1154,263.7,5.96943235397339
1155,263.9,14.5068998336792
1156,264.1,66.5891723632813
1157,264.3,305.289093017578
1158,264.4,41.3877716064453
1159,264.5,12.2602615356445
1160,264.8,14.8202619552612
1161,265.0,410.921569824219
1162,265.1,926.525268554688
1163,265.3,76.6875076293945
1164,265.5,3.26532745361328
1165,265.8,10.4111785888672
1166,266.0,141.939910888672
1167,266.1,293.868835449219
1168,266.3,385.003143310547
1169,266.6,5.03179025650024
1170,266.8,19.3903923034668
1171,266.9,59.1390380859375
1172,267.1,3227.3759765625
1173,267.3,470.443145751953
1174,267.4,141.016586303711
1175,267.7,6.1082968711853
1176,267.9,85.8452377319336
1177,268.1,818.666870117188
1178,268.2,172.9404296875
1179,268.4,42.7404365539551
1180,268.6,2.73310041427612
1181,268.8,14.3383407592773
1182,269.0,349.787078857422
1183,269.1,637.924743652344
1184,269.3,18.0906543731689
1185,269.6,3.52349352836609
1186,269.8,14.8738861083984
1187,270.0,107.469345092773
1188,270.1,149.40803527832
1189,270.3,25.7051525115967
1190,270.6,6.00139760971069
1191,270.8,14.4920520782471
1192,271.0,78.2957229614258
1193,271.1,70.6857604980469
1194,271.2,87.2204360961914
1195,271.4,12.2625331878662
1196,271.7,5.00890827178955
1197,271.9,16.7537117004395
1198,272.1,39.8515281677246
1199,272.2,35.7470741271973
1200,272.4,9.09834098815918
1201,272.6,7.23074245452881
1202,272.7,3.35179042816162
1203,272.9,15.149169921875
1204,273.1,35.0775527954102
1205,273.2,40.1397361755371
1206,273.4,13.6733627319336
1207,273.6,3.42794752120972
1208,273.8,10.1744976043701
1209,274.0,28.0476856231689
1210,274.1,20.200174331665
1211,274.2,41.7718772888184
1212,274.4,19.6852397918701
1213,274.7,11.6504802703857
1214,274.9,18.3965072631836
1215,275.1,32.2604370117188
1216,275.2,35.0144996643066
1217,275.4,16.7140617370605
1218,275.6,3.87179040908813
1219,275.8,8.70986938476563
1220,276.0,18.04296875
1221,276.2,26.7364196777344
1222,276.3,21.7238426208496
1223,276.5,5.03475999832153
1224,276.7,7.55126619338989
1225,276.9,17.9177284240723
1226,277.1,41.8675994873047
1227,277.2,31.7269878387451
1228,277.3,45.2571182250977
1229,277.5,10.5383405685425
1230,277.7,3.53414845466614
1231,277.9,10.8349342346191
1232,278.0,12.0672492980957
1233,278.2,62.5933609008789
1234,278.3,214.628997802734
1235,278.5,8.79318809509277
1236,278.7,8.68122291564941
1237,278.9,30.3596515655518
1238,279.1,241.078948974609
1239,279.2,124.329086303711
1240,279.3,107.647857666016
1241,279.5,5.65362453460693
1242,279.8,10.5823583602905
1243,279.9,17.3032321929932
1244,280.1,101.697463989258
1245,280.3,63.0766830444336
1246,280.4,212.488204956055
1247,280.7,2.44558954238892
1248,280.9,49.4911804199219
1249,281.1,10732.48046875
1250,281.3,615.014343261719
1251,281.4,47.4843673706055
1252,281.7,2.15371179580688
1253,281.9,40.7526626586914
1254,282.1,2977.42846679688
1255,282.2,235.308822631836
1256,282.4,26.2696933746338
1257,282.6,1.09240174293518
1258,282.8,9.9647159576416
1259,283.0,460.376770019531
1260,283.1,2394.923828125
1261,283.3,18.0752830505371
1262,283.4,2.96087336540222
1263,283.7,2.74253273010254
1264,283.9,38.4997367858887
1265,284.1,505.031951904297
1266,284.2,182.144104003906
1267,284.4,7.03283834457397
1268,284.7,3.47353720664978
1269,284.9,26.9079475402832
1270,285.0,126.059562683105
1271,285.2,641.333618164063
1272,285.3,68.4892578125
1273,285.4,6.87860250473022
1274,285.7,3.59266376495361
1275,285.9,23.8034934997559
1276,286.1,105.886459350586
1277,286.2,105.15633392334
1278,286.4,15.5268125534058
1279,286.7,6.8368558883667
1280,286.9,28.738166809082
1281,287.1,80.7467269897461
1282,287.2,71.8047180175781
1283,287.4,9.75056743621826
1284,287.5,6.5477728843689
1285,287.8,6.70829677581787
1286,287.9,7.95074224472046
1287,288.1,28.5206985473633
1288,288.2,29.5596504211426
1289,288.4,12.7523145675659
1290,288.7,6.56052398681641
1291,288.9,13.4461135864258
1292,289.1,28.0094318389893
1293,289.3,31.0669002532959
1294,289.4,8.84000015258789
1295,289.5,7.48279476165771
1296,289.8,6.64366817474365
1297,290.0,15.2602615356445
1298,290.2,22.6932754516602
1299,290.3,18.8791275024414
1300,290.5,5.21013116836548
1301,290.7,7.06882095336914
1302,290.8,5.42061138153076
1303,291.0,22.2293453216553
1304,291.2,44.5229682922363
1305,291.3,22.944278717041
1306,291.4,24.5491695404053
1307,291.6,3.31423592567444
1308,291.8,6.76925754547119
1309,292.0,14.931004524231
1310,292.2,46.5152854919434
1311,292.4,212.023223876953
1312,292.5,14.3977289199829
1313,292.7,13.080174446106
1314,292.9,26.8078594207764
1315,293.1,72.6478576660156
1316,293.3,107.022361755371
1317,293.4,43.0291709899902
1318,293.5,10.7311792373657
1319,293.7,3.775545835495
1320,293.9,14.1048030853271
1321,294.1,37.2679481506348
1322,294.2,25.5704803466797
1323,294.4,282.781829833984
1324,294.5,4.55458498001099
1325,294.7,5.05414867401123
1326,294.9,17.2882099151611
1327,295.1,725.903930664063
1328,295.2,461.35546875
1329,295.4,295.865661621094
1330,295.6,1.54497814178467
1331,295.8,7.37362432479858
1332,295.9,18.572925567627
1333,296.1,270.768920898438
1334,296.2,201.064453125
1335,296.4,74.3285598754883
1336,296.5,6.93275117874146
1337,296.8,11.2904806137085
1338,297.0,127.518081665039
1339,297.1,247.829177856445
1340,297.3,48.207160949707
1341,297.5,5.97589540481567
1342,297.7,2.59196496009827
1343,297.9,23.5889949798584
1344,298.0,39.4405250549316
1345,298.2,179.35807800293
1346,298.3,77.8165969848633
1347,298.5,5.27213954925537
1348,298.7,7.19161558151245
1349,298.9,25.6662006378174
1350,299.0,41.4263763427734
1351,299.2,138.090301513672
1352,299.3,56.7266387939453
1353,299.4,24.1601753234863
1354,299.7,5.02427959442139
1355,299.9,14.861834526062
1356,300.0,23.4621829986572
1357,300.2,119.659210205078
1358,300.3,72.9147567749023
1359,300.5,4.96611356735229
1360,300.7,5.40838432312012
1361,300.9,14.3732748031616
1362,301.1,38.1505661010742
1363,301.2,43.9566802978516
1364,301.4,10.3486461639404
1365,301.5,7.84279489517212
1366,301.8,6.73344993591309
1367,302.0,18.5280342102051
1368,302.2,39.9252395629883
1369,302.3,32.2024459838867
1370,302.5,9.14218330383301
1371,302.8,8.65467262268066
1372,303.0,19.3958072662354
1373,303.1,12.9238424301147
1374,303.3,28.0686454772949
1375,303.4,13.2531003952026
1376,303.7,6.87091684341431
1377,303.9,10.8478603363037
1378,304.1,19.2632312774658
1379,304.2,12.8674240112305
1380,304.3,19.2869873046875
1381,304.5,10.595458984375
1382,304.7,4.20366811752319
1383,304.9,14.2951965332031
1384,305.0,11.8606109619141
1385,305.2,32.3634948730469
1386,305.3,38.3170318603516
1387,305.5,12.784628868103
1388,305.8,5.9626202583313
1389,306.0,12.6406984329224
1390,306.1,12.4765062332153
1391,306.3,113.128387451172
1392,306.4,99.8747634887695
1393,306.5,20.9371185302734
1394,306.7,5.65310049057007
1395,306.9,15.4253273010254
1396,307.0,14.7764196395874
1397,307.2,52.3124885559082
1398,307.3,38.7379913330078
1399,307.4,63.9879493713379
1400,307.7,6.52558946609497
1401,307.8,4.33327531814575
1402,308.0,15.6602621078491
1403,308.2,33.7710037231445
1404,308.4,259.140960693359
1405,308.5,19.9437561035156
1406,308.7,7.92209625244141
1407,308.9,34.4677734375
1408,309.1,79.7187805175781
1409,309.3,106.425155639648
1410,309.4,335.557220458984
1411,309.5,13.0368556976318
1412,309.8,12.0752840042114
1413,310.0,26.1757202148438
1414,310.2,42.264102935791
1415,310.3,23.7924900054932
1416,310.4,84.2731857299805
1417,310.7,11.0316152572632
1418,310.9,70.6855926513672
1419,311.0,116.001396179199
1420,311.1,187.437561035156
1421,311.3,17.1917896270752
1422,311.4,12.4910039901733
1423,311.7,8.39807891845703
1424,311.8,12.1124887466431
1425,312.0,62.6625328063965
1426,312.1,76.5617446899414
1427,312.3,14.8141489028931
1428,312.4,10.7779912948608
1429,312.6,2.34375548362732
1430,312.8,13.5091705322266
1431,313.0,202.367691040039
1432,313.1,198.963150024414
1433,313.2,102.582710266113
1434,313.4,6.872314453125
1435,313.5,5.48017454147339
1436,313.7,3.30585145950317
1437,313.9,37.8969421386719
1438,314.1,96.3849792480469
1439,314.2,64.6992111206055
1440,314.4,15.9079475402832
1441,314.7,8.57222747802734
1442,314.8,8.97519683837891
1443,315.0,50.0344123840332
1444,315.2,58.5392150878906
1445,315.3,14.0413970947266
1446,315.4,10.6302185058594
1447,315.7,5.87790393829346
1448,315.9,12.4387769699097
1449,316.1,21.1848030090332
1450,316.2,12.3750219345093
1451,316.3,16.2326641082764
1452,316.6,7.53449773788452
1453,316.8,7.38165950775146
1454,317.0,14.7458515167236
1455,317.2,19.7021827697754
1456,317.3,9.44401741027832
1457,317.4,12.5678606033325
1458,317.6,3.25449776649475
1459,317.8,5.95633172988892
1460,318.0,9.47999954223633
1461,318.1,7.51598262786865
1462,318.3,16.7250652313232
1463,318.5,11.5678606033325
1464,318.6,6.49030590057373
1465,318.8,3.41781663894653
1466,319.0,11.5559825897217
1467,319.1,11.4321393966675
1468,319.3,34.9137115478516
1469,319.4,23.9273357391357
1470,319.6,6.28052425384521
1471,319.8,3.10200881958008
1472,320.0,9.89170265197754
1473,320.2,31.2524013519287
1474,320.4,173.381484985352
1475,320.5,20.9792137145996
1476,320.7,4.14864635467529
1477,320.9,11.1813097000122
1478,321.1,26.0735378265381
1479,321.3,68.6852416992188
1480,321.4,70.290657043457
1481,321.6,7.93606996536255
1482,321.9,8.57030582427979
1483,322.1,19.7427082061768
1484,322.2,16.0611362457275
1485,322.4,199.647338867188
1486,322.5,36.7060279846191
1487,322.8,23.4122276306152
1488,323.0,80.007682800293
1489,323.2,113.52140045166
1490,323.4,326.018524169922
1491,323.5,43.7848052978516
1492,323.7,5.61764192581177
1493,323.9,23.7462005615234
1494,324.1,42.0471611022949
1495,324.2,32.7991256713867
1496,324.4,98.4993896484375
1497,324.7,13.3559827804565
1498,324.9,107.171180725098
1499,325.1,770.302185058594
1500,325.2,62.4656753540039
1501,325.4,11.3037557601929
1502,325.7,7.26655006408691
1503,325.9,76.655891418457
1504,326.1,221.697998046875
1505,326.2,50.3315277099609
1506,326.3,9.3437557220459
1507,326.6,4.47301292419434
1508,326.7,6.24454164505005
1509,326.9,73.0160675048828
1510,327.1,2434.15283203125
1511,327.2,40.8221817016602
1512,327.3,6.45170307159424
1513,327.5,1.2003493309021
1514,327.7,5.81502199172974
1515,327.8,11.6335372924805
1516,328.0,412.072479248047
1517,328.1,420.284362792969
1518,328.3,8.67161560058594
1519,328.6,4.73711776733398
1520,328.8,21.6386032104492
1521,329.0,280.085418701172
1522,329.1,266.564880371094
1523,329.3,9.5496940612793
1524,329.5,1.73205244541168
1525,329.7,5.83458518981934
1526,329.8,13.4041919708252
1527,330.0,67.4008712768555
1528,330.1,74.263053894043
1529,330.3,14.3416595458984
1530,330.4,11.8246288299561
1531,330.6,3.75196504592896
1532,330.8,12.7044544219971
1533,331.0,32.3313522338867
1534,331.2,41.1523132324219
1535,331.3,12.2068119049072
1536,331.4,12.5000877380371
1537,331.7,6.34096050262451
1538,331.9,9.72978210449219
1539,332.1,18.142707824707
1540,332.3,19.1875991821289
1541,332.4,12.1776418685913
1542,332.6,3.15825319290161
1543,332.8,6.3634934425354
1544,333.0,10.9830570220947
1545,333.2,21.7486457824707
1546,333.4,28.1615715026855
1547,333.5,7.81240177154541
1548,333.7,6.84017467498779
1549,333.9,9.10829734802246
1550,334.1,16.8906555175781
1551,334.2,18.5587768554688
1552,334.4,165.769088745117
1553,334.5,36.1872482299805
1554,334.6,12.41676902771
1555,334.9,9.83423614501953
1556,335.1,15.8929262161255
1557,335.3,35.3952827453613
1558,335.4,62.9579048156738
1559,335.6,8.33851528167725
1560,335.8,3.37065505981445
1561,336.0,8.69432353973389
1562,336.2,20.4424457550049
1563,336.4,155.70654296875
1564,336.5,62.29833984375
1565,336.6,14.3834056854248
1566,336.9,12.3512659072876
1567,337.1,24.4668998718262
1568,337.2,21.5886459350586
1569,337.4,192.04052734375
1570,337.5,115.89729309082
1571,337.8,7.97170305252075
1572,338.0,11.5496940612793
1573,338.2,19.7905673980713
1574,338.4,54.3297805786133
1575,338.5,36.9238433837891
1576,338.7,10.5091705322266
1577,338.9,53.8581657409668
1578,339.0,87.4230575561523
1579,339.1,187.087341308594
1580,339.3,33.0338859558105
1581,339.5,5.04192161560059
1582,339.7,6.49886465072632
1583,339.9,31.6831436157227
1584,340.0,43.9516143798828
1585,340.1,64.3147583007813
1586,340.3,6.34794759750366
1587,340.6,2.80454158782959
1588,340.7,4.0724892616272
1589,340.9,48.9624443054199
1590,341.1,3480.525390625
1591,341.2,147.484710693359
1592,341.3,10.307074546814
1593,341.6,2.5009605884552
1594,341.8,12.7910919189453
1595,342.0,351.480865478516
1596,342.1,935.846801757813
1597,342.3,15.1371183395386
1598,342.6,2.95947599411011
1599,342.8,13.2342357635498
1600,343.0,353.329956054688
1601,343.1,632.412902832031
1602,343.3,17.3205242156982
1603,343.5,1.10864627361298
1604,343.7,5.14061117172241
1605,343.9,44.9711799621582
1606,344.0,81.7937088012695
1607,344.1,154.132919311523
1608,344.3,23.4864635467529
1609,344.6,6.33100414276123
1610,344.8,16.1261138916016
1611,344.9,24.5834064483643
1612,345.1,114.586898803711
1613,345.2,49.1156349182129
1614,345.3,29.6448917388916
1615,345.5,6.37484693527222
1616,345.8,9.76786041259766
1617,346.0,24.8221836090088
1618,346.2,37.0925750732422
1619,346.3,22.0277729034424
1620,346.5,4.54550218582153
1621,346.7,7.54550218582153
1622,346.9,11.5137119293213
1623,347.0,10.9903926849365
1624,347.2,30.0780792236328
1625,347.3,14.3313541412354
1626,347.4,19.4620094299316
1627,347.6,7.44157218933105
1628,347.9,7.34777307510376
1629,348.1,15.7189521789551
1630,348.3,46.7846298217773
1631,348.4,108.761573791504
1632,348.6,11.9931879043579
1633,348.9,7.59965085983276
1634,349.1,12.0880346298218
1635,349.2,10.5227947235107
1636,349.4,45.4277725219727
1637,349.5,20.6256771087646
1638,349.6,7.45292568206787
1639,349.9,5.3458514213562
1640,350.0,4.51790380477905
1641,350.2,18.5051536560059
1642,350.4,93.8824462890625
1643,350.5,68.7907409667969
1644,350.8,7.84139728546143
1645,351.0,11.2632312774658
1646,351.2,25.1753711700439
1647,351.3,25.0017471313477
1648,351.5,227.450134277344
1649,351.6,7.47737979888916
1650,351.8,6.85135364532471
1651,352.0,8.63737964630127
1652,352.2,18.0174674987793
1653,352.4,58.4799995422363
1654,352.5,82.2903060913086
1655,352.7,11.4859390258789
1656,352.9,29.4471607208252
1657,353.1,65.982536315918
1658,353.2,53.044017791748
1659,353.5,34.6656761169434
1660,353.6,3.93205237388611
1661,353.8,12.5133628845215
1662,353.9,13.3757209777832
1663,354.1,36.7827072143555
1664,354.2,13.8118782043457
1665,354.4,1.28209602832794
1666,354.6,3.31266379356384
1667,354.8,9.85257625579834
1668,355.0,297.691711425781
1669,355.1,3467.23657226563
1670,355.3,17.2202625274658
1671,355.5,1.00943231582642
1672,355.7,3.02620077133179
1673,355.9,26.616418838501
1674,356.1,1101.69714355469
1675,356.2,269.911956787109
1676,356.4,4.38707447052002
1677,356.7,4.05711793899536
1678,356.9,26.7067241668701
1679,357.1,847.170654296875
1680,357.2,228.826202392578
1681,357.3,22.5320529937744
1682,357.5,1.4571179151535
1683,357.7,3.56611347198486
1684,357.9,37.339038848877
1685,358.0,85.5510940551758
1686,358.1,213.700088500977
1687,358.3,35.4726638793945
1688,358.5,5.48314428329468
1689,358.8,11.1273365020752
1690,359.0,68.3116149902344
1691,359.1,109.646987915039
1692,359.3,28.6370296478271
1693,359.5,3.29013109207153
1694,359.7,5.19126653671265
1695,359.8,5.47947597503662
1696,360.0,23.6815719604492
1697,360.1,16.4805240631104
1698,360.2,28.6607856750488
1699,360.4,14.3687334060669
1700,360.7,7.29589509963989
1701,360.9,10.309868812561
1702,361.1,21.4303932189941
1703,361.3,26.6665496826172
1704,361.4,11.8160696029663
1705,361.5,11.853798866272
1706,361.8,5.60331869125366
1707,362.0,7.92069864273071
1708,362.2,18.0256767272949
1709,362.4,76.5306549072266
1710,362.5,47.1112670898438
1711,362.7,7.58689975738525
1712,363.0,9.8333625793457
1713,363.2,18.1315288543701
1714,363.3,15.0305681228638
1715,363.5,37.6595649719238
1716,363.6,8.47213935852051
1717,363.9,5.51563310623169
1718,364.1,10.2268991470337
1719,364.3,27.170654296875
1720,364.4,41.7568550109863
1721,364.5,87.3648910522461
1722,364.8,8.12890815734863
1723,365.0,9.20908260345459
1724,365.2,21.9311790466309
1725,365.4,70.9839324951172
1726,365.5,108.753189086914
1727,365.6,12.76611328125
1728,365.9,6.02812242507935
1729,366.0,3.41624450683594
1730,366.2,14.1107425689697
1731,366.3,8.7874231338501
1732,366.5,67.3751983642578
1733,366.7,14.4309167861938
1734,366.9,21.3428821563721
1735,367.0,18.4359817504883
1736,367.2,38.5771179199219
1737,367.3,22.6627082824707
1738,367.5,9.67825317382813
1739,367.7,7.97694301605225
1740,367.9,12.6695194244385
1741,368.0,8.49799156188965
1742,368.2,21.9739742279053
1743,368.3,14.13170337677
1744,368.5,3.1275110244751
1745,368.7,5.27406120300293
1746,368.8,6.17187786102295
1747,369.0,116.839653015137
1748,369.1,287.512664794922
1749,369.3,22.163667678833
1750,369.4,6.1453275680542
1751,369.6,2.35021829605103
1752,369.8,8.66951942443848
1753,370.0,61.8386039733887
1754,370.1,99.5081253051758
1755,370.3,20.814323425293
1756,370.4,11.9676856994629
1757,370.7,7.83301305770874
1758,370.8,11.4087333679199
1759,371.0,120.620613098145
1760,371.1,90.1720504760742
1761,371.2,73.1744995117188
1762,371.4,4.872314453125
1763,371.6,6.04995632171631
1764,371.8,14.6148471832275
1765,372.0,43.4258499145508
1766,372.1,57.8606109619141
1767,372.3,18.5572052001953
1768,372.5,4.20349359512329
1769,372.7,10.7210483551025
1770,372.9,32.8786010742188
1771,373.0,35.7776412963867
1772,373.1,69.4847183227539
1773,373.3,19.4008731842041
1774,373.5,3.64978170394897
1775,373.7,7.47406101226807
1776,373.9,15.1706552505493
1777,374.1,26.7926635742188
1778,374.3,23.5633182525635
1779,374.4,10.0033187866211
1780,374.6,3.24261999130249
1781,374.8,8.11999988555908
1782,375.0,17.5175552368164
1783,375.2,35.6639289855957
1784,375.4,33.3193016052246
1785,375.5,15.1018342971802
1786,375.8,5.99458503723145
1787,376.0,9.13467216491699
1788,376.1,8.31685543060303
1789,376.3,31.6302185058594
1790,376.4,37.8413963317871
1791,376.5,37.2840156555176
1792,376.7,3.58340620994568
1793,376.9,7.12873363494873
1794,377.0,4.56960678100586
1795,377.2,14.7813100814819
1796,377.4,26.688907623291
1797,377.5,20.8008728027344
1798,377.7,2.51406121253967
1799,377.9,6.96855878829956
1800,378.0,4.46096086502075
1801,378.2,17.8882102966309
1802,378.4,48.9353713989258
1803,378.5,51.9177284240723
1804,378.6,14.799126625061
1805,378.8,3.20331883430481
1806,379.0,8.7095193862915
1807,379.2,17.9572048187256
1808,379.3,16.3240165710449
1809,379.5,130.961044311523
1810,379.6,10.2787771224976
1811,379.7,7.26550197601318
1812,379.9,3.0372052192688
1813,380.1,8.99545860290527
1814,380.3,20.1089954376221
1815,380.5,233.867080688477
1816,380.6,13.6735372543335
1817,380.9,13.0352840423584
1818,381.1,19.6494331359863
1819,381.3,21.1364192962646
1820,381.5,71.8789520263672
1821,381.7,8.24698734283447
1822,381.9,9.35004329681396
1823,382.1,12.2978162765503
1824,382.2,7.04069852828979
1825,382.4,12.4955453872681
1826,382.5,16.7523136138916
1827,382.7,7.36611366271973
1828,382.9,42.5191268920898
1829,383.1,80.5519638061523
1830,383.2,37.6772041320801
1831,383.4,7.84838438034058
1832,383.7,7.97572040557861
1833,383.9,22.6979904174805
1834,384.1,36.0546722412109
1835,384.2,20.3229694366455
1836,384.4,3.46218347549438
1837,384.6,5.65467262268066
1838,384.7,4.5123143196106
1839,384.9,69.6892547607422
1840,385.1,305.262542724609
1841,385.2,66.4001770019531
1842,385.3,14.4220085144043
1843,385.5,1.90340614318848
1844,385.7,7.93152856826782
1845,385.9,45.9956321716309
1846,386.1,97.6936264038086
1847,386.2,53.2096061706543
1848,386.4,7.16768550872803
1849,386.7,5.67475986480713
1850,386.8,8.22148513793945
1851,387.0,254.426727294922
1852,387.1,454.089263916016
1853,387.3,15.8817462921143
1854,387.4,6.70620107650757
1855,387.6,1.44471621513367
1856,387.8,15.2220087051392
1857,388.0,116.815719604492
1858,388.1,92.5737991333008
1859,388.2,71.802619934082
1860,388.4,10.5161571502686
1861,388.7,9.44366836547852
1862,388.9,40.6139755249023
1863,389.1,103.382881164551
1864,389.2,45.0756340026855
1865,389.3,28.893274307251
1866,389.6,8.39807891845703
1867,389.8,11.1413097381592
1868,390.0,22.5629692077637
1869,390.2,34.5149345397949
1870,390.3,19.7797374725342
1871,390.5,71.3524856567383
1872,390.6,7.62567663192749
1873,390.8,9.84331893920898
1874,390.9,6.57414865493774
1875,391.1,17.1753711700439
1876,391.3,24.1395626068115
1877,391.5,35.1220970153809
1878,391.6,10.6040172576904
1879,391.9,5.8705677986145
1880,392.1,9.81152820587158
1881,392.2,8.613450050354
1882,392.4,36.8581657409668
1883,392.5,85.1332778930664
1884,392.6,15.6972923278809
1885,392.8,3.34305667877197
1886,393.0,6.24733638763428
1887,393.2,12.3119649887085
1888,393.3,12.7072486877441
1889,393.5,92.3051528930664
1890,393.6,19.5175552368164
1891,393.9,5.1259388923645
1892,394.1,7.79371166229248
1893,394.3,15.3556327819824
1894,394.5,43.78759765625
1895,394.6,11.7961568832397
1896,394.9,7.00227069854736
1897,395.0,3.81973791122437
1898,395.2,10.5306549072266
1899,395.4,11.1713533401489
1900,395.5,7.93973779678345
1901,395.6,7.80628824234009
1902,395.8,2.87458515167236
1903,396.0,6.4714412689209
1904,396.2,8.50270748138428
1905,396.4,14.9262886047363
1906,396.5,6.46235799789429
1907,396.7,8.57973766326904
1908,396.9,17.4558944702148
1909,397.1,27.8641052246094
1910,397.2,22.7409610748291
1911,397.4,7.73659372329712
1912,397.6,2.85310053825378
1913,397.8,7.81013107299805
1914,398.0,12.773624420166
1915,398.1,7.89764213562012
1916,398.2,12.1428823471069
1917,398.4,2.63633179664612
1918,398.6,4.66305685043335
1919,398.8,16.5013103485107
1920,399.0,162.627426147461
1921,399.1,199.982360839844
1922,399.3,16.987771987915
1923,399.6,3.92506551742554
1924,399.7,4.07580804824829
1925,399.9,36.7070732116699
1926,400.1,89.2237548828125
1927,400.2,31.4988651275635
1928,400.3,9.28314399719238
1929,400.6,3.38096070289612
1930,400.8,15.5117902755737
1931,401.0,539.323852539063
1932,401.1,944.14111328125
1933,401.2,118.442794799805
1934,401.5,4.06724882125854
1935,401.7,5.59004354476929
1936,401.9,55.397029876709
1937,402.1,490.599487304688
1938,402.2,96.5905685424805
1939,402.3,17.3313541412354
1940,402.6,4.67598247528076
1941,402.8,15.3173799514771
1942,403.0,199.151443481445
1943,403.1,260.708831787109
1944,403.3,16.141658782959
1945,403.4,6.33921384811401
1946,403.7,6.50323152542114
1947,403.9,35.270393371582
1948,404.0,33.7994766235352
1949,404.2,79.6684722900391
1950,404.3,41.5273361206055
1951,404.5,12.3619213104248
1952,404.6,15.2291698455811
1953,404.9,21.4988651275635
1954,405.1,35.6815719604492
1955,405.2,33.3402633666992
1956,405.4,20.3947601318359
1957,405.7,9.04366779327393
1958,405.9,8.43790435791016
1959,406.1,13.7240171432495
1960,406.3,22.7931880950928
1961,406.5,51.2691688537598
1962,406.6,12.6461133956909
1963,406.7,8.92698669433594
1964,406.9,3.18724894523621
1965,407.1,8.75772953033447
1966,407.2,8.2020959854126
1967,407.4,30.2604370117188
1968,407.5,35.702880859375
1969,407.6,24.8494319915771
1970,407.8,6.85310029983521
1971,408.1,7.79213953018188
1972,408.3,13.8876857757568
1973,408.5,56.5126647949219
1974,408.6,74.9820098876953
1975,408.9,6.60733604431152
1976,409.1,8.75755500793457
1977,409.3,11.7180786132813
1978,409.5,21.5075988769531
1979,409.6,29.8663749694824
1980,409.9,5.26253271102905
1981,410.0,2.62655019760132
1982,410.2,7.75248908996582
1983,410.4,9.31965065002441
1984,410.6,11.8567686080933
1985,410.8,7.10532760620117
1986,411.0,9.92384243011475
1987,411.2,13.7351961135864
1988,411.4,11.12366771698
1989,411.5,3.38532757759094
1990,411.7,6.47650671005249
1991,411.8,3.16506552696228
1992,412.0,8.29816627502441
1993,412.2,11.6620082855225
1994,412.4,8.95545864105225
1995,412.6,5.78445434570313
1996,412.8,13.5830564498901
1997,413.0,42.0978164672852
1998,413.2,68.2122268676758
1999,413.3,20.9248905181885
2000,413.4,14.6447162628174
2001,413.7,7.14340591430664
2002,413.9,16.4686470031738
2003,414.1,27.5152835845947
2004,414.2,12.2799997329712
2005,414.3,5.11475992202759
2006,414.6,2.63877725601196
2007,414.8,8.42270755767822
2008,415.0,126.29833984375
2009,415.1,1515.39001464844
2010,415.2,765.71630859375
2011,415.4,3.59004378318787
2012,415.5,3.05624461174011
2013,415.7,1.85082972049713
2014,415.9,19.6092567443848
2015,416.1,654.1240234375
2016,416.2,335.821319580078
2017,416.3,42.6363334655762
2018,416.5,1.80890834331512
2019,416.7,3.81449770927429
2020,416.9,23.5603485107422
2021,417.1,441.59912109375
2022,417.2,251.448028564453
2023,417.3,43.1617469787598
2024,417.5,1.9968558549881
2025,417.7,3.22218346595764
2026,417.8,5.54096078872681
2027,418.0,68.4075088500977
2028,418.2,145.927856445313
2029,418.3,61.2106552124023
2030,418.5,19.3937110900879
2031,418.8,12.1865501403809
2032,418.9,15.1194763183594
2033,419.1,54.9617462158203
2034,419.3,57.2392997741699
2035,419.4,20.419038772583
2036,419.7,9.10445404052734
2037,419.9,9.00611400604248
2038,420.1,16.930305480957
2039,420.2,11.383056640625
2040,420.4,31.405590057373
2041,420.6,116.294494628906
2042,420.7,10.9984283447266
2043,421.0,10.1402616500854
2044,421.1,6.87144088745117
2045,421.3,22.3580780029297
2046,421.4,15.1991262435913
2047,421.6,58.0197372436523
2048,421.7,5.40838432312012
2049,421.9,6.67668104171753
2050,422.1,7.82532739639282
2051,422.3,11.3074235916138
2052,422.5,17.5030574798584
2053,422.6,18.0544986724854
2054,422.7,7.99668121337891
2055,423.0,6.81449794769287
2056,423.2,8.33065509796143
2057,423.3,4.4165940284729
2058,423.5,9.16262054443359
2059,423.6,7.87336254119873
2060,423.9,5.13764190673828
2061,424.0,2.98951959609985
2062,424.2,6.27563333511353
2063,424.3,3.25082969665527
2064,424.5,7.4520525932312
2065,424.6,3.74148464202881
2066,424.8,5.9645414352417
2067,424.9,3.26917028427124
2068,425.1,8.97467231750488
2069,425.3,8.08419227600098
2070,425.4,3.3731005191803
2071,425.6,6.11493444442749
2072,425.8,5.46602630615234
2073,426.0,6.58078622817993
2074,426.2,8.79982566833496
2075,426.4,7.23790407180786
2076,426.5,3.48995637893677
2077,426.7,8.20646286010742
2078,426.9,15.3958082199097
2079,427.1,25.2873363494873
2080,427.2,11.4840173721313
2081,427.3,16.5130138397217
2082,427.5,3.61135363578796
2083,427.7,6.25152826309204
2084,427.9,10.7827072143555
2085,428.0,6.59528398513794
2086,428.2,16.2221832275391
2087,428.3,8.64576435089111
2088,428.6,2.90445423126221
2089,428.8,5.85607004165649
2090,429.0,140.340957641602
2091,429.1,912.36279296875
2092,429.3,34.5046272277832
2093,429.5,2.68890833854675
2094,429.7,1.507248878479
2095,429.9,20.9912662506104
2096,430.1,285.483489990234
2097,430.2,206.286468505859
2098,430.4,8.25956344604492
2099,430.7,5.29589509963989
2100,430.8,3.99423575401306
2101,431.0,97.9275131225586
2102,431.2,312.246978759766
2103,431.3,46.3793869018555
2104,431.5,3.85030579566956
2105,431.8,8.4752836227417
2106,432.0,48.2988662719727
2107,432.2,96.6784286499023
2108,432.3,51.1757202148438
2109,432.5,15.7744979858398
2110,432.8,12.5163316726685
2111,433.0,30.5344982147217
2112,433.2,50.0443649291992
2113,433.3,32.1900444030762
2114,433.5,6.58113527297974
2115,433.7,7.51476001739502
2116,433.8,3.97397375106812
2117,434.0,11.7364196777344
2118,434.2,18.8890838623047
2119,434.3,12.5867252349854
2120,434.5,105.257118225098
2121,434.6,35.878776550293
2122,434.8,4.18288230895996
2123,435.0,8.01030540466309
2124,435.2,11.7676858901978
2125,435.4,18.1444549560547
2126,435.5,33.8978157043457
2127,435.6,33.2038421630859
2128,435.9,6.38689947128296
2129,436.1,6.11965084075928
2130,436.3,10.3956327438354
2131,436.4,7.39685583114624
2132,436.6,69.0068130493164
2133,436.7,7.68611335754395
2134,437.0,5.90008735656738
2135,437.2,6.69537115097046
2136,437.3,3.57397389411926
2137,437.5,8.66427993774414
2138,437.6,22.5048027038574
2139,437.9,4.94829702377319
2140,438.1,5.41938877105713
2141,438.2,3.53362441062927
2142,438.4,7.35441064834595
2143,438.6,7.8527512550354
2144,438.7,2.88663744926453
2145,438.9,5.89432334899902
2146,439.0,3.37432312965393
2147,439.2,7.20751094818115
2148,439.3,3.4733624458313
2149,439.5,5.48349332809448
2150,439.7,5.01869010925293
2151,439.9,5.23004388809204
2152,440.1,6.18375539779663
2153,440.2,3.32069873809814
2154,440.4,7.06410503387451
2155,440.6,6.01344966888428
2156,440.8,7.8157205581665
2157,441.0,12.3393888473511
2158,441.2,15.6712665557861
2159,441.3,10.6766815185547
2160,441.6,5.39930152893066
2161,441.8,5.67912673950195
2162,442.0,8.40174674987793
2163,442.1,5.39021825790405
2164,442.3,13.1098690032959
2165,442.5,13.1390390396118
2166,442.7,11.0506553649902
2167,442.9,21.2864627838135
2168,443.1,37.5444526672363
2169,443.2,27.1958084106445
2170,443.4,5.72489070892334
2171,443.6,6.83615732192993
2172,443.7,3.60925769805908
2173,443.9,11.9755458831787
2174,444.1,17.3828811645508
2175,444.2,18.4948463439941
2176,444.4,9.3757209777832
2177,444.6,4.59109163284302
2178,444.8,18.2157211303711
2179,444.9,24.9011344909668
2180,445.1,79.9509201049805
2181,445.2,50.333625793457
2182,445.4,6.47231435775757
2183,445.6,6.85502195358276
2184,445.8,12.7638425827026
2185,446.0,28.4705677032471
2186,446.2,34.7818336486816
2187,446.3,13.8663759231567
2188,446.5,30.332052230835
2189,446.6,21.4869861602783
2190,446.8,13.0695199966431
2191,447.0,62.093448638916
2192,447.2,84.8733596801758
2193,447.3,32.8324890136719
2194,447.5,6.61973810195923
2195,447.6,12.1544103622437
2196,447.9,19.1463756561279
2197,448.1,34.217643737793
2198,448.3,34.1648902893066
2199,448.5,30.2317905426025
2200,448.6,62.9105682373047
2201,448.8,7.07842779159546
2202,449.0,18.1498699188232
2203,449.2,26.4062881469727
2204,449.3,13.0137987136841
2205,449.5,25.2941493988037
2206,449.6,29.795108795166
2207,449.8,9.06078624725342
2208,450.1,9.978515625
2209,450.2,5.91528367996216
2210,450.4,13.4724893569946
2211,450.5,8.37205219268799
2212,450.6,14.1301307678223
2213,450.9,6.58724880218506
2214,451.0,3.40000009536743
2215,451.2,8.61135387420654
2216,451.4,7.8155460357666
2217,451.5,3.70043659210205
2218,451.6,6.46358060836792
2219,451.9,5.06777286529541
2220,452.0,2.99668121337891
2221,452.2,6.68593883514404
2222,452.4,8.2057638168335
2223,452.5,3.8431441783905
2224,452.7,6.53484725952148
2225,452.8,2.9982533454895
2226,453.0,6.14305686950684
2227,453.2,7.00069856643677
2228,453.4,6.41589498519897
2229,453.6,5.32663774490356
2230,453.8,4.57711791992188
2231,454.0,5.65379905700684
2232,454.2,6.23982524871826
2233,454.3,7.53537130355835
2234,454.5,3.74445414543152
2235,454.7,6.10567665100098
2236,454.9,6.10480356216431
2237,455.0,3.64471626281738
2238,455.2,8.15912628173828
2239,455.4,7.09781646728516
2240,455.6,5.29449796676636
2241,455.7,2.97973799705505
2242,455.9,4.58550214767456
2243,456.1,6.22253274917603
2244,456.2,3.86183404922485
2245,456.4,11.9951095581055
2246,456.5,6.32069873809814
2247,456.7,12.5945854187012
2248,456.9,12.9315280914307
2249,457.1,19.8125762939453
2250,457.3,17.6875114440918
2251,457.5,8.75650691986084
2252,457.7,7.12803506851196
2253,457.9,8.61432361602783
2254,458.1,11.5676851272583
2255,458.2,6.32331895828247
2256,458.4,9.26759815216064
2257,458.5,4.47039318084717
2258,458.7,11.3420085906982
2259,458.9,43.041919708252
2260,459.0,44.9151077270508
2261,459.1,89.1404342651367
2262,459.3,15.9437551498413
2263,459.4,8.85257625579834
2264,459.7,9.56716156005859
2265,459.9,24.3594760894775
2266,460.1,38.4770317077637
2267,460.2,28.1152839660645
2268,460.4,7.57554578781128
2269,460.6,15.6417465209961
2270,460.7,7.92820978164673
2271,460.9,43.398078918457
2272,461.1,434.286468505859
2273,461.2,214.245941162109
2274,461.4,4.68227052688599
2275,461.5,5.07021856307983
2276,461.7,3.34882092475891
2277,461.9,32.8574676513672
2278,462.1,176.057998657227
2279,462.2,81.1764221191406
2280,462.3,46.4193878173828
2281,462.6,190.411529541016
2282,462.8,18.944803237915
2283,462.9,26.7708301544189
2284,463.1,104.136596679688
2285,463.2,79.4440155029297
2286,463.5,23.2517032623291
2287,463.6,63.6637573242188
2288,463.8,14.5538864135742
2289,463.9,12.8144979476929
2290,464.1,34.5219230651855
2291,464.2,30.0054149627686
2292,464.5,17.6013965606689
2293,464.6,20.4417476654053
2294,464.9,11.5020084381104
2295,465.1,16.7013092041016
2296,465.3,14.8641052246094
2297,465.4,4.78689956665039
2298,465.6,7.98183393478394
2299,465.7,3.43877720832825
2300,465.8,6.31860256195068
2301,466.1,7.40384292602539
2302,466.3,8.18620109558105
2303,466.5,5.73292589187622
2304,466.7,5.45991277694702
2305,466.9,5.66655015945435
2306,467.1,6.07406091690063
2307,467.2,2.95965075492859
2308,467.3,5.56489086151123
2309,467.5,2.20855903625488
2310,467.7,4.23441028594971
2311,467.9,4.98130989074707
2312,468.0,2.45537114143372
2313,468.2,5.28034925460815
2314,468.4,5.87161588668823
2315,468.6,6.1987771987915
2316,468.8,5.38986921310425
2317,469.0,4.84489059448242
2318,469.1,3.12034940719604
2319,469.2,5.14829683303833
2320,469.5,4.97275114059448
2321,469.7,4.77222728729248
2322,469.9,4.65379905700684
2323,470.1,5.4896068572998
2324,470.3,6.66917037963867
2325,470.5,7.77606964111328
2326,470.6,3.81013107299805
2327,470.7,7.14061117172241
2328,471.0,7.54288196563721
2329,471.1,4.63912677764893
2330,471.3,8.91441059112549
2331,471.4,3.29868984222412
2332,471.5,6.28261995315552
2333,471.7,2.92262005805969
2334,471.9,5.98427963256836
2335,472.0,3.54829692840576
2336,472.2,6.58829689025879
2337,472.3,3.73344969749451
2338,472.4,5.23388624191284
2339,472.7,7.11807870864868
2340,472.9,21.7297821044922
2341,473.1,50.2574653625488
2342,473.2,46.4731864929199
2343,473.4,8.26899528503418
2344,473.5,5.85572052001953
2345,473.8,9.53030586242676
2346,474.0,20.1640167236328
2347,474.2,27.0625324249268
2348,474.3,10.3648910522461
2349,474.5,1.58917033672333
2350,474.7,4.07965087890625
2351,474.9,12.4338865280151
2352,475.1,478.469329833984
2353,475.2,736.933959960938
2354,475.3,125.12174987793
2355,475.6,3.45065498352051
2356,475.8,4.59615707397461
2357,476.0,62.8408737182617
2358,476.2,490.043670654297
2359,476.3,113.534149169922
2360,476.5,3.86724901199341
2361,476.7,2.23668122291565
2362,476.9,19.2396507263184
2363,477.1,183.525238037109
2364,477.2,228.492752075195
2365,477.4,15.0817470550537
2366,477.7,4.33484697341919
2367,477.9,16.8796501159668
2368,478.1,69.4695205688477
2369,478.2,39.4536247253418
2370,478.3,42.6045417785645
2371,478.6,6.84489059448242
2372,478.8,8.24751091003418
2373,479.0,22.0275974273682
2374,479.2,33.8420944213867
2375,479.3,13.9498691558838
2376,479.4,11.2499561309814
2377,479.6,2.37659382820129
2378,479.8,5.634934425354
2379,479.9,4.18742370605469
2380,480.1,10.7070741653442
2381,480.3,11.9390392303467
2382,480.4,8.11039257049561
2383,480.6,2.53694319725037
2384,480.8,4.77205228805542
2385,480.9,2.76157212257385
2386,481.1,7.12244558334351
2387,481.3,6.83895206451416
2388,481.4,6.44104814529419
2389,481.6,2.24122262001038
2390,481.8,4.27737998962402
2391,482.0,5.03336238861084
2392,482.2,5.99179029464722
2393,482.3,3.0887336730957
2394,482.5,6.22288227081299
2395,482.6,3.01100444793701
2396,482.8,5.7783408164978
2397,483.0,4.31475973129272
2398,483.1,3.22393012046814
2399,483.3,5.2747597694397
2400,483.5,5.39545869827271
2401,483.7,4.45624446868896
2402,483.8,2.56611347198486
2403,484.0,4.71965074539185
2404,484.2,5.56262016296387
2405,484.4,6.437903881073
2406,484.6,6.60733604431152
2407,484.8,5.8920521736145
2408,485.0,5.90165948867798
2409,485.2,6.84366798400879
2410,485.4,6.44244527816772
2411,485.5,2.92646288871765
2412,485.7,5.25834083557129
2413,485.8,2.38550209999084
2414,486.0,5.60419225692749
2415,486.2,6.68890810012817
2416,486.3,3.01187777519226
2417,486.5,6.26131010055542
2418,486.7,6.65397357940674
2419,486.9,11.6176414489746
2420,487.1,20.0583400726318
2421,487.2,10.9572048187256
2422,487.3,17.6144981384277
2423,487.5,6.91161584854126
2424,487.8,6.76489067077637
2425,488.0,11.4564189910889
2426,488.2,13.9514408111572
2427,488.3,6.51720523834229
2428,488.6,2.26113533973694
2429,488.8,5.01362466812134
2430,489.0,34.4401741027832
2431,489.1,329.260437011719
2432,489.2,901.722595214844
2433,489.4,6.62480354309082
2434,489.5,4.17973804473877
2435,489.7,1.74131000041962
2436,489.9,9.9823579788208
2437,490.1,232.108825683594
2438,490.2,414.062347412109
2439,490.4,15.2020959854126
2440,490.6,4.41694307327271
2441,490.9,12.1271619796753
2442,491.0,42.9348487854004
2443,491.2,325.949523925781
2444,491.3,100.97624206543
2445,491.5,2.71790385246277
2446,491.6,3.62375545501709
2447,491.9,15.4985151290894
2448,492.0,27.4323139190674
2449,492.2,94.9596481323242
2450,492.3,37.0026206970215
2451,492.4,17.0101318359375
2452,492.7,5.42829704284668
2453,492.9,12.806113243103
2454,493.0,13.485764503479
2455,493.2,42.1474227905273
2456,493.3,26.6742362976074
2457,493.5,4.04820966720581
2458,493.7,4.30462884902954
2459,493.9,7.70550203323364
2460,494.1,12.6232318878174
2461,494.2,7.06655025482178
2462,494.3,11.5034065246582
2463,494.5,4.34497833251953
2464,494.7,4.51633167266846
2465,494.9,5.50008726119995
2466,495.0,3.77641916275024
2467,495.2,9.71772956848145
2468,495.3,8.14078617095947
2469,495.6,4.97834062576294
2470,495.8,4.54130983352661
2471,496.0,4.68209600448608
2472,496.1,3.82427954673767
2473,496.3,6.19545841217041
2474,496.5,5.67406129837036
2475,496.6,1.99965059757233
2476,496.8,3.74375534057617
2477,497.0,5.40209627151489
2478,497.1,2.94305682182312
2479,497.3,5.16803503036499
2480,497.4,4.3278603553772
2481,497.7,3.82393002510071
2482,497.9,3.83615732192993
2483,498.0,1.79999995231628
2484,498.2,5.35650634765625
2485,498.4,5.24419212341309
2486,498.6,5.36838436126709
2487,498.8,4.85799121856689
2488,498.9,2.67912673950195
2489,499.1,5.10567665100098
2490,499.3,5.84681224822998
2491,499.5,5.10183429718018
2492,499.6,2.32733631134033
2493,499.8,4.09851551055908
2494,500.0,4.67947578430176
2495,500.2,5.15720510482788
2496,500.4,5.48366832733154
2497,500.5,2.08698701858521
2498,500.7,5.0193886756897
2499,500.9,7.42777299880981
2500,501.1,11.0855894088745
2501,501.2,6.02096080780029
2502,501.3,9.29956340789795
2503,501.6,5.11336231231689
2504,501.7,2.81467247009277
2505,501.9,6.23004388809204
2506,502.0,3.92593884468079
2507,502.2,8.47999954223633
2508,502.4,7.29449796676636
2509,502.6,4.1631441116333
2510,502.8,7.20506572723389
2511,503.0,49.9096946716309
2512,503.2,133.208038330078
2513,503.3,56.9400863647461
2514,503.5,5.507248878479
2515,503.8,7.26462888717651
2516,504.0,31.6934490203857
2517,504.2,67.6979904174805
2518,504.3,36.1121406555176
2519,504.5,7.56943225860596
2520,504.8,8.95615673065186
2521,504.9,12.1449785232544
2522,505.1,52.7879486083984
2523,505.2,53.5755462646484
2524,505.4,9.97764205932617
2525,505.5,6.84995651245117
2526,505.7,2.67842793464661
2527,505.9,12.7147598266602
2528,506.1,23.3790397644043
2529,506.2,24.6255016326904
2530,506.4,9.80000019073486
2531,506.7,6.10061120986938
2532,506.9,11.9882965087891
2533,507.1,22.9341487884521
2534,507.3,20.7362442016602
2535,507.4,8.00122261047363
2536,507.7,4.62480354309082
2537,507.9,7.51650667190552
2538,508.1,10.0726633071899
2539,508.2,6.34934520721436
2540,508.3,9.42637538909912
2541,508.5,3.6558952331543
2542,508.7,5.04803514480591
2543,508.8,2.63633179664612
2544,509.0,6.96192121505737
2545,509.2,8.02689933776855
2546,509.3,3.31039309501648
2547,509.4,5.27161550521851
2548,509.6,1.92681217193604
2549,509.8,4.27021837234497
2550,509.9,2.48366808891296
2551,510.1,4.99091720581055
2552,510.3,5.58410501480103
2553,510.4,5.03475999832153
2554,510.6,1.91545855998993
2555,510.8,3.99528384208679
2556,511.0,4.58270740509033
2557,511.2,4.60576438903809
2558,511.4,4.8936243057251
2559,511.5,2.27912664413452
2560,511.7,3.70165944099426
2561,511.8,1.74253273010254
2562,512.0,3.85781669616699
2563,512.2,4.14323139190674
2564,512.3,2.1744978427887
2565,512.5,4.87877750396729
2566,512.6,2.12017464637756
2567,512.8,4.55231428146362
2568,513.0,4.78689956665039
2569,513.2,4.42759847640991
2570,513.4,4.79493427276611
2571,513.6,4.67738008499146
2572,513.7,2.24908304214478
2573,513.9,3.99615716934204
2574,514.1,4.55807876586914
2575,514.3,4.53222703933716
2576,514.4,4.76855897903442
2577,514.7,4.04034948348999
2578,514.8,2.71842789649963
2579,515.0,6.06340599060059
2580,515.2,7.18148469924927
2581,515.4,6.14689970016479
2582,515.5,2.34655022621155
2583,515.7,4.51091718673706
2584,515.8,2.30777287483215
2585,516.0,5.59074258804321
2586,516.2,5.75965070724487
2587,516.4,5.96786022186279
2588,516.5,2.37589526176453
2589,516.7,5.61624431610107
2590,516.9,9.44890785217285
2591,517.1,11.9615716934204
2592,517.2,6.69082975387573
2593,517.3,8.41606998443604
2594,517.5,5.08978176116943
2595,517.8,5.59877729415894
2596,518.0,7.45152854919434
2597,518.2,8.89467239379883
2598,518.3,6.74934482574463
2599,518.6,5.56296920776367
2600,518.8,11.6946725845337
2601,519.0,27.7292575836182
2602,519.2,36.1184272766113
2603,519.3,11.8859386444092
2604,519.4,10.5510921478271
2605,519.7,5.97729253768921
2606,519.9,13.1063756942749
2607,520.1,18.8544979095459
2608,520.2,16.2006988525391
2609,520.4,6.84978151321411
2610,520.7,6.47056770324707
2611,520.9,26.4965934753418
2612,521.1,73.0974655151367
2613,521.2,54.2770309448242
2614,521.4,10.7650651931763
2615,521.6,2.52995634078979
2616,521.8,8.94061088562012
2617,521.9,10.5816593170166
2618,522.1,34.065502166748
2619,522.2,17.8066368103027
2620,522.3,17.992488861084
2621,522.5,6.05117893218994
2622,522.8,8.48314380645752
2623,522.9,8.44873332977295
2624,523.1,24.6710910797119
2625,523.2,21.7311782836914
2626,523.4,5.04349327087402
2627,523.5,5.30724906921387
2628,523.8,5.74532747268677
2629,523.9,4.32733631134033
2630,524.1,10.8751087188721
2631,524.2,10.3271617889404
2632,524.4,6.08454132080078
2633,524.6,4.78323125839233
2634,524.9,4.6913537979126
2635,525.1,6.92611360549927
2636,525.3,7.18724870681763
2637,525.4,5.13100433349609
2638,525.7,4.02445411682129
2639,525.9,4.50253295898438
2640,526.1,5.06183385848999
2641,526.2,2.75877737998962
2642,526.4,4.43144083023071
2643,526.5,2.21519660949707
2644,526.6,5.07860279083252
2645,526.8,2.26270747184753
2646,527.0,4.89467239379883
2647,527.2,4.38969421386719
2648,527.4,5.61205244064331
2649,527.6,4.24314403533936
2650,527.7,1.96489083766937
2651,527.9,4.1261134147644
2652,528.1,4.13554573059082
2653,528.2,2.16698694229126
2654,528.4,4.46445417404175
2655,528.5,2.14620089530945
2656,528.7,4.10078620910645
2657,528.8,2.00908303260803
2658,529.0,4.5638427734375
2659,529.2,4.68558931350708
2660,529.4,4.8562445640564
2661,529.6,4.6560697555542
2662,529.8,4.46602630615234
2663,530.0,4.52908277511597
2664,530.2,4.59039306640625
2665,530.4,4.34497833251953
2666,530.5,2.36454153060913
2667,530.7,4.82043647766113
2668,530.9,6.6366810798645
2669,531.0,4.02951955795288
2670,531.2,7.90026187896729
2671,531.4,6.08908319473267
2672,531.6,5.30532741546631
2673,531.8,4.69676876068115
2674,531.9,2.96087336540222
2675,532.1,5.5477728843689
2676,532.3,5.91650676727295
2677,532.5,5.34812211990356
2678,532.7,6.55510902404785
2679,532.9,16.5599994659424
2680,533.1,32.8073348999023
2681,533.2,27.8041915893555
2682,533.4,5.40279483795166
2683,533.5,6.11738014221191
2684,533.8,8.61432361602783
2685,534.0,15.8934497833252
2686,534.2,18.8841915130615
2687,534.3,10.0192136764526
2688,534.5,2.44855904579163
2689,534.7,3.72838425636292
2690,534.8,3.54532742500305
2691,535.0,66.2817459106445
2692,535.2,287.900787353516
2693,535.3,67.3184280395508
2694,535.4,13.6550216674805
2695,535.7,4.64611339569092
2696,535.8,4.54847145080566
2697,536.0,50.7404365539551
2698,536.1,65.3119659423828
2699,536.2,109.474411010742
2700,536.4,15.8988647460938
2701,536.6,2.80279469490051
2702,536.8,8.81083011627197
2703,537.0,41.4896087646484
2704,537.1,44.0040168762207
2705,537.2,73.4420928955078
2706,537.4,11.1612224578857
2707,537.5,5.16349363327026
2708,537.7,2.73257637023926
2709,537.9,11.8639297485352
2710,538.1,27.9414844512939
2711,538.3,27.2171173095703
2712,538.4,11.3561573028564
2713,538.6,2.26969432830811
2714,538.8,5.74270725250244
2715,539.0,10.7860260009766
2716,539.2,14.1119651794434
2717,539.3,10.4815721511841
2718,539.6,4.996506690979
2719,539.7,1.7704803943634
2720,539.9,5.57013082504272
2721,540.1,6.71650648117065
2722,540.3,7.33537101745605
2723,540.4,5.60366821289063
2724,540.7,4.09310054779053
2725,540.9,4.63336229324341
2726,541.1,4.85607004165649
2727,541.3,4.85711812973022
2728,541.5,4.71738004684448
2729,541.7,4.21764183044434
2730,541.9,3.84471607208252
2731,542.0,2.23371171951294
2732,542.2,4.13082981109619
2733,542.3,2.61606979370117
2734,542.5,4.38165950775146
2735,542.7,4.32331895828247
2736,542.9,4.04751110076904
2737,543.0,1.88611352443695
2738,543.2,4.3082971572876
2739,543.3,4.35441064834595
2740,543.5,1.95109164714813
2741,543.7,4.81589508056641
2742,543.8,2.36122274398804
2743,544.0,4.1647162437439
2744,544.2,4.13484716415405
2745,544.4,4.23475980758667
2746,544.5,2.2747597694397
2747,544.7,4.07598257064819
2748,544.9,5.25449800491333
2749,545.1,5.2020959854126
2750,545.3,4.53414869308472
2751,545.4,4.86969423294067
2752,545.6,2.27458524703979
2753,545.8,4.78410482406616
2754,545.9,2.5523145198822
2755,546.1,4.34113550186157
2756,546.2,2.30934500694275
2757,546.4,4.62270736694336
2758,546.6,4.49502182006836
2759,546.8,6.97048044204712
2760,547.0,14.0384283065796
2761,547.2,20.5079479217529
2762,547.3,9.61851501464844
2763,547.4,10.0496072769165
2764,547.7,5.52314424514771
2765,547.8,2.91895198822021
2766,548.0,9.79039287567139
2767,548.2,14.2090826034546
2768,548.3,7.54864645004272
2769,548.6,2.53484725952148
2770,548.7,1.76489078998566
2771,548.9,5.6543231010437
2772,549.0,10.6181659698486
2773,549.2,490.043304443359
2774,549.3,318.807861328125
2775,549.4,46.3259391784668
2776,549.6,2.72576427459717
2777,549.9,5.3636679649353
