#"+ Scan (rt: 4.980-38.001 min, 5725 scans) BEESWAXNAT181018_2.D "
#Point,X(Thompsons),Y(Counts)
0,45.1,1359.2119140625
1,45.3,5.69205236434937
2,45.5,0.449257642030716
3,45.7,2.3358952999115
4,45.9,31.4106559753418
5,46.0,41.4560699462891
6,46.1,79.2255020141602
7,46.3,9.7799129486084
8,46.4,3.57275104522705
9,46.6,1.29170310497284
10,46.8,9.7126636505127
11,47.0,181.987594604492
12,47.1,186.139389038086
13,47.3,4.40122270584106
14,47.5,2.57467246055603
15,47.7,4.70043659210205
16,47.9,21.4668998718262
17,48.0,15.56174659729
18,48.1,26.6330127716064
19,48.3,8.50375556945801
20,48.5,4.08017444610596
21,48.7,3.80157208442688
22,48.9,30.16139793396
23,49.1,68.4326629638672
24,49.2,29.9841041564941
25,49.4,3.85816597938538
26,49.6,1.14759826660156
27,49.8,7.71528387069702
28,50.0,187.860961914063
29,50.1,318.518432617188
30,50.3,10.79563331604
31,50.4,1.95860266685486
32,50.6,0.286637544631958
33,50.8,4.08558940887451
34,51.0,219.170654296875
35,51.1,577.772583007813
36,51.3,10.8979911804199
37,51.6,0.859213948249817
38,51.8,6.43825340270996
39,52.0,150.156509399414
40,52.1,348.414154052734
41,52.3,22.2340602874756
42,52.5,0.713537096977234
43,52.9,17.9458522796631
44,53.1,1613.19897460938
45,53.2,299.550231933594
46,53.4,0.415720522403717
47,53.8,0.408384293317795
48,54.0,115.357376098633
49,54.1,3983.91674804688
50,54.3,14.8148469924927
51,55.0,21.6950225830078
52,55.1,24196.9765625
53,55.3,0.689781665802002
54,55.8,0.120524019002914
55,56.0,63.1241912841797
56,56.1,10607.1240234375
57,56.3,7.13414859771729
58,57.0,36.7559814453125
59,57.2,33929.57421875
60,57.3,8.94847202301025
61,57.5,0.163318783044815
62,57.7,0.652401745319366
63,57.9,26.9346733093262
64,58.1,1005.56646728516
65,58.2,928.209594726563
66,58.4,3.07248902320862
67,58.7,1.81991267204285
68,58.9,26.5839309692383
69,59.1,1166.66467285156
70,59.2,163.557373046875
71,59.4,1.11912667751312
72,59.5,1.49816596508026
73,59.8,7.34724903106689
74,60.0,184.772750854492
75,60.1,255.664627075195
76,60.2,99.7428817749023
77,60.4,2.71965074539185
78,60.7,3.10235810279846
79,60.9,38.1627960205078
80,61.1,372.482269287109
81,61.2,67.6464614868164
82,61.4,2.55947589874268
83,61.6,0.846637547016144
84,61.8,13.6578168869019
85,62.0,67.4316177368164
86,62.1,70.0901336669922
87,62.3,13.7895193099976
88,62.5,2.55493450164795
89,62.8,15.3486461639404
90,63.0,156.800170898438
91,63.1,187.218170166016
92,63.3,13.792140007019
93,63.6,3.43842792510986
94,63.8,19.8651523590088
95,64.0,67.7874221801758
96,64.1,66.631965637207
97,64.3,14.6627073287964
98,64.5,2.08157205581665
99,64.8,6.14008712768555
100,65.0,222.726287841797
101,65.1,546.590759277344
102,65.3,18.8700428009033
103,65.5,2.0742359161377
104,65.7,2.34917020797729
105,65.9,45.2015724182129
106,66.1,517.423400878906
107,66.2,178.886810302734
108,66.4,2.55091714859009
109,67.0,132.210311889648
110,67.1,6573.12841796875
111,67.3,1.39109170436859
112,67.8,0.0609606988728046
113,68.0,121.271965026855
114,68.1,5034.470703125
115,68.3,12.9067249298096
116,68.4,0.43668121099472
117,69.0,64.6422729492188
118,69.1,15869.6298828125
119,69.3,4.5619215965271
120,69.5,0.0471615716814995
121,69.8,0.361746728420258
122,70.0,96.0286483764648
123,70.1,8554.27734375
124,70.3,15.423056602478
125,70.5,0.181834056973457
126,70.7,0.22829695045948
127,70.9,8.72157192230225
128,71.1,5235.85693359375
129,71.2,14286.6748046875
130,71.3,18.4213104248047
131,71.6,0.764017462730408
132,71.8,3.45956325531006
133,71.9,16.3753719329834
134,72.1,376.849243164063
135,72.2,690.705871582031
136,72.4,1.69729256629944
137,72.8,0.858165919780731
138,73.0,140.194412231445
139,73.1,27064.99609375
140,73.3,3.53973793983459
141,73.5,0.151615723967552
142,73.7,0.652052402496338
143,73.9,27.8742351531982
144,74.1,2326.01489257813
145,74.2,181.608383178711
146,74.4,2.81414842605591
147,74.6,0.594759821891785
148,74.8,9.34340572357178
149,75.0,322.110046386719
150,75.1,1517.13781738281
151,75.3,9.07668113708496
152,75.5,0.625327527523041
153,75.7,3.83301305770874
154,75.9,51.9671630859375
155,76.1,188.365234375
156,76.2,77.3051528930664
157,76.4,3.65222716331482
158,76.6,0.487510919570923
159,76.8,2.5524890422821
160,77.0,378.826721191406
161,77.1,1053.61254882813
162,77.3,6.61467266082764
163,77.6,0.445764183998108
164,77.8,3.09589529037476
165,78.0,270.805236816406
166,78.1,1188.21520996094
167,78.3,13.8518781661987
168,78.5,0.213973805308342
169,78.8,0.39860263466835
170,79.0,470.781829833984
171,79.1,2135.51049804688
172,79.3,1.73868989944458
173,79.8,4.49519634246826
174,80.0,194.761215209961
175,80.1,749.089416503906
176,80.3,28.0300445556641
177,80.5,0.192663758993149
178,81.0,204.834579467773
179,81.1,5437.36083984375
180,81.3,5.50253295898438
181,81.8,0.78288209438324
182,82.0,141.126815795898
183,82.1,7337.12353515625
184,82.3,12.9916152954102
185,82.4,0.18393012881279
186,82.8,0.443668127059937
187,83.0,90.36279296875
188,83.1,15989.2783203125
189,83.3,10.7577295303345
190,83.5,0.162794753909111
191,83.8,1.42253279685974
192,84.0,122.522796630859
193,84.2,5240.935546875
194,84.3,29.6716156005859
195,84.5,0.564017474651337
196,84.8,2.34689950942993
197,85.0,71.612922668457
198,85.2,12768.2265625
199,85.3,21.6620082855225
200,85.4,2.77659392356873
201,85.6,0.385502189397812
202,85.8,6.01275110244751
203,86.0,79.275634765625
204,86.2,848.743408203125
205,86.3,28.2490825653076
206,86.6,3.13921403884888
207,86.8,11.2937994003296
208,86.9,43.6679458618164
209,87.1,496.689422607422
210,87.2,101.851005554199
211,87.4,4.06829690933228
212,87.6,5.51895189285278
213,87.8,35.8932762145996
214,88.0,141.154586791992
215,88.1,132.089782714844
216,88.3,19.9509162902832
217,88.6,3.5849781036377
218,88.8,21.7874240875244
219,89.0,395.976409912109
220,89.1,329.292572021484
221,89.3,15.075982093811
222,89.6,7.76104784011841
223,89.7,12.5521392822266
224,89.9,53.2572937011719
225,90.1,64.9556350708008
226,90.2,31.0875110626221
227,90.4,3.10620093345642
228,90.7,0.393362432718277
229,90.9,24.602970123291
230,91.1,1502.19909667969
231,91.2,283.715118408203
232,91.4,0.110043667256832
233,91.6,0.179039299488068
234,91.8,8.3474235534668
235,92.0,175.900268554688
236,92.1,502.213806152344
237,92.3,23.971529006958
238,92.5,0.813449800014496
239,92.7,1.48925769329071
240,92.9,39.8040161132813
241,93.1,612.0146484375
242,93.2,222.842102050781
243,93.4,1.75109171867371
244,93.5,2.07318782806396
245,93.8,10.1468992233276
246,94.0,149.018692016602
247,94.1,483.104278564453
248,94.3,48.4293441772461
249,94.5,1.57379913330078
250,94.7,0.677205264568329
251,94.8,0.654497802257538
252,95.0,168.771347045898
253,95.1,3296.8642578125
254,95.3,36.9046287536621
255,95.5,0.0628820955753326
256,95.8,1.65310049057007
257,96.0,408.742370605469
258,96.1,8066.74169921875
259,96.3,19.4534492492676
260,96.5,0.55056768655777
261,96.8,24.8431434631348
262,97.0,260.902191162109
263,97.2,15343.951171875
264,97.3,20.3341484069824
265,97.6,0.47982531785965
266,97.8,4.9626202583313
267,98.0,131.717727661133
268,98.2,4603.46044921875
269,98.3,23.7814846038818
270,98.5,1.30288207530975
271,98.7,0.765065491199493
272,98.9,16.3213977813721
273,99.1,736.775390625
274,99.2,2781.05639648438
275,99.4,3.9353711605072
276,99.7,2.62602615356445
277,99.8,5.39353704452515
278,100.0,51.9993019104004
279,100.2,282.064636230469
280,100.3,19.4471607208252
281,100.4,8.507248878479
282,100.6,3.07336235046387
283,100.8,16.0855903625488
284,100.9,34.0702171325684
285,101.1,117.276504516602
286,101.2,57.2153701782227
287,101.4,7.40157222747803
288,101.7,10.842794418335
289,101.9,75.8581695556641
290,102.0,136.170135498047
291,102.2,42.5655899047852
292,102.4,2.90061140060425
293,102.6,3.20227074623108
294,102.8,17.843318939209
295,102.9,120.560523986816
296,103.0,827.986572265625
297,103.2,43.5137100219727
298,103.4,3.26393008232117
299,103.7,8.26305675506592
300,103.9,97.1533660888672
301,104.1,352.789001464844
302,104.2,96.4024429321289
303,104.4,4.78410482406616
304,104.7,2.29659390449524
305,104.9,59.7767677307129
306,105.1,954.35595703125
307,105.2,154.871444702148
308,105.4,1.80489087104797
309,105.7,2.25641918182373
310,105.9,50.0506553649902
311,106.1,205.155456542969
312,106.2,104.125411987305
313,106.4,4.58986902236938
314,106.5,4.09484720230103
315,106.8,11.135196685791
316,107.0,215.876159667969
317,107.1,423.299743652344
318,107.3,29.7891712188721
319,107.5,2.68506550788879
320,107.8,14.4401750564575
321,108.0,117.271263122559
322,108.1,148.617294311523
323,108.2,146.184982299805
324,108.4,9.81991291046143
325,108.6,0.807860255241394
326,108.8,4.72489070892334
327,108.9,20.2869873046875
328,109.1,1018.29919433594
329,109.2,712.257995605469
330,109.4,4.28593873977661
331,109.7,2.00873351097107
332,109.9,25.4006996154785
333,110.1,859.547241210938
334,110.2,1104.17224121094
335,110.4,5.23301315307617
336,110.6,1.94864630699158
337,110.8,3.46847152709961
338,110.9,11.9350214004517
339,111.1,1667.08459472656
340,111.2,5558.47119140625
341,111.4,3.76104807853699
342,111.6,0.518253266811371
343,111.8,5.86847162246704
344,112.0,105.926116943359
345,112.2,2134.1806640625
346,112.3,54.0499572753906
347,112.6,2.36069869995117
348,112.8,7.35650634765625
349,113.0,76.6971206665039
350,113.1,287.483489990234
351,113.2,1640.27600097656
352,113.4,6.12681245803833
353,113.6,1.6527510881424
354,113.8,8.598952293396
355,114.0,45.965763092041
356,114.2,181.273712158203
357,114.3,20.3468990325928
358,114.6,2.19109177589417
359,114.8,10.8600873947144
360,114.9,70.8541488647461
361,115.1,892.285217285156
362,115.2,92.4462890625
363,115.4,2.76751089096069
364,115.6,0.857641935348511
365,115.8,18.3631439208984
366,116.0,125.848731994629
367,116.1,138.576599121094
368,116.3,13.423755645752
369,116.4,4.64524030685425
370,116.7,2.64873361587524
371,116.9,60.4281234741211
372,117.1,767.16455078125
373,117.2,109.54061126709
374,117.4,3.02899575233459
375,117.6,1.16855895519257
376,117.8,18.7862014770508
377,118.0,145.987777709961
378,118.1,180.756332397461
379,118.3,26.424280166626
380,118.5,3.04751086235046
381,118.8,10.5046291351318
382,119.0,706.735900878906
383,119.1,732.167846679688
384,119.3,14.1579036712646
385,119.6,1.54148471355438
386,119.8,16.4590396881104
387,120.0,162.043487548828
388,120.1,195.347946166992
389,120.3,22.1240177154541
390,120.5,3.02165937423706
391,120.7,2.24995636940002
392,120.9,42.7711791992188
393,121.1,619.489624023438
394,121.2,164.438598632813
395,121.4,3.42847156524658
396,121.7,3.0985152721405
397,121.9,39.9299545288086
398,122.1,202.035278320313
399,122.2,139.602798461914
400,122.4,8.40733623504639
401,122.6,1.17187774181366
402,122.8,8.22532749176025
403,122.9,24.8759822845459
404,123.1,494.180084228516
405,123.2,441.381134033203
406,123.4,7.44541501998901
407,123.6,1.48820960521698
408,123.8,7.09414863586426
409,124.0,88.1552810668945
410,124.1,332.295715332031
411,124.2,688.398803710938
412,124.4,11.2999124526978
413,124.7,3.12384271621704
414,124.8,4.48803472518921
415,125.0,101.157379150391
416,125.2,3094.92016601563
417,125.3,60.3088226318359
418,125.5,2.62550210952759
419,125.7,7.57589530944824
420,125.9,46.4583396911621
421,126.1,340.064270019531
422,126.2,1084.38537597656
423,126.4,13.0894327163696
424,126.6,3.124192237854
425,126.8,15.0985155105591
426,126.9,25.3117904663086
427,127.1,289.388122558594
428,127.2,1062.50659179688
429,127.3,42.1914405822754
430,127.6,4.44017457962036
431,127.8,14.3479480743408
432,128.0,161.686630249023
433,128.2,378.380096435547
434,128.3,27.4665508270264
435,128.5,1.67772924900055
436,128.7,3.87545847892761
437,128.9,49.6854133605957
438,129.0,149.348129272461
439,129.1,365.673889160156
440,129.3,19.0586891174316
441,129.4,3.43947601318359
442,129.7,3.92593884468079
443,129.9,36.6682968139648
444,130.1,96.0340576171875
445,130.2,55.6083831787109
446,130.4,3.53502178192139
447,130.6,2.51720523834229
448,130.7,2.16017460823059
449,130.9,45.3870735168457
450,131.1,719.760375976563
451,131.2,124.529083251953
452,131.4,2.69746732711792
453,131.6,2.56122279167175
454,131.7,3.61327505111694
455,131.9,68.3372955322266
456,132.0,115.710739135742
457,132.1,176.533630371094
458,132.3,14.6635808944702
459,132.6,1.817467212677
460,132.8,12.3881225585938
461,133.0,1662.47277832031
462,133.1,2309.11010742188
463,133.3,8.92244529724121
464,133.4,2.21554589271545
465,133.7,4.83615732192993
466,133.9,81.1912689208984
467,134.1,728.936096191406
468,134.2,101.084365844727
469,134.4,3.49187779426575
470,134.6,1.91091704368591
471,134.8,8.00069904327393
472,135.0,413.912475585938
473,135.1,2955.140625
474,135.3,14.3849782943726
475,135.4,2.52803492546082
476,135.6,0.522445440292358
477,135.8,10.4188642501831
478,136.0,202.21240234375
479,136.1,460.813110351563
480,136.3,22.785852432251
481,136.5,2.78323149681091
482,136.8,8.24716186523438
483,136.9,31.7172050476074
484,137.1,774.833740234375
485,137.2,307.635986328125
486,137.4,3.34375548362732
487,137.6,1.94532752037048
488,137.7,1.83231437206268
489,137.9,25.3227939605713
490,138.1,267.893615722656
491,138.2,506.840881347656
492,138.4,7.95598268508911
493,138.5,4.12401723861694
494,138.8,8.09921360015869
495,139.0,116.371353149414
496,139.2,1271.52941894531
497,139.3,29.2794761657715
498,139.4,5.6365065574646
499,139.7,3.3441047668457
500,139.9,20.0047168731689
501,140.1,151.060089111328
502,140.2,753.182556152344
503,140.4,12.5332746505737
504,140.6,2.24192142486572
505,140.8,11.1603488922119
506,140.9,30.5030574798584
507,141.1,363.074249267578
508,141.2,790.280334472656
509,141.3,41.362621307373
510,141.6,2.68768548965454
511,141.8,11.8707427978516
512,142.0,79.2929229736328
513,142.2,196.882614135742
514,142.3,30.5399131774902
515,142.6,4.15458536148071
516,142.8,13.1442794799805
517,143.0,126.378692626953
518,143.1,127.543060302734
519,143.2,103.777816772461
520,143.4,3.76960706710815
521,143.6,3.46235799789429
522,143.8,13.1479473114014
523,144.0,51.1940612792969
524,144.2,68.2862854003906
525,144.3,19.7764186859131
526,144.5,1.57589519023895
527,144.7,4.21886444091797
528,144.9,37.0269012451172
529,145.0,180.589874267578
530,145.1,452.231781005859
531,145.3,16.6027946472168
532,145.5,1.62917029857635
533,145.7,5.17100429534912
534,145.8,13.7070741653442
535,146.0,92.6361541748047
536,146.1,84.3537139892578
537,146.3,8.05379867553711
538,146.5,1.00104808807373
539,146.7,3.29117894172668
540,146.9,38.4193878173828
541,147.1,9043.546875
542,147.2,86.1638412475586
543,147.4,2.10550212860107
544,147.7,2.57100439071655
545,147.8,5.91703033447266
546,148.0,353.734832763672
547,148.1,1550.83190917969
548,148.3,11.5322275161743
549,148.6,3.11493444442749
550,148.8,11.8812227249146
551,148.9,25.5968551635742
552,149.1,1418.56188964844
553,149.2,124.281051635742
554,149.4,4.25659370422363
555,149.7,3.6656768321991
556,149.9,45.7044525146484
557,150.1,208.424453735352
558,150.2,93.4125747680664
559,150.4,5.30812215805054
560,150.5,3.62061142921448
561,150.8,12.3800868988037
562,150.9,37.0422706604004
563,151.1,291.225341796875
564,151.2,154.969436645508
565,151.4,7.08419227600098
566,151.7,3.31144094467163
567,151.9,37.7912673950195
568,152.0,97.3192977905273
569,152.2,567.227600097656
570,152.3,39.5091705322266
571,152.5,1.88646292686462
572,152.7,4.59231424331665
573,152.9,45.1336250305176
574,153.1,323.937103271484
575,153.2,577.347412109375
576,153.4,3.93886470794678
577,153.6,3.25903940200806
578,153.8,12.6335372924805
579,154.0,89.9804382324219
580,154.1,138.368041992188
581,154.2,616.768371582031
582,154.4,13.4256772994995
583,154.7,5.48855876922607
584,154.9,40.8993873596191
585,155.0,109.91178894043
586,155.2,832.621337890625
587,155.3,39.977466583252
588,155.6,5.88296937942505
589,155.7,4.24681234359741
590,155.9,37.3495178222656
591,156.1,117.140609741211
592,156.2,110.70166015625
593,156.4,7.83982515335083
594,156.6,7.82043647766113
595,156.8,14.9659385681152
596,157.0,104.704277038574
597,157.1,166.335891723633
598,157.3,29.1409606933594
599,157.5,2.22270750999451
600,157.7,6.01397371292114
601,157.9,24.5559825897217
602,158.1,63.3647155761719
603,158.2,41.9544105529785
604,158.4,8.19441032409668
605,158.6,2.55930137634277
606,158.8,14.171178817749
607,159.0,115.55982208252
608,159.1,91.1835784912109
609,159.2,81.5676879882813
610,159.4,8.63004398345947
611,159.6,1.75074231624603
612,159.8,11.4097814559937
613,160.0,44.9659385681152
614,160.2,51.1573791503906
615,160.3,14.6052398681641
616,160.6,4.95790386199951
617,160.8,26.0950222015381
618,161.0,366.918090820313
619,161.1,178.239120483398
620,161.3,9.61292552947998
621,161.5,2.04908299446106
622,161.7,8.52436637878418
623,161.8,22.6787776947021
624,162.0,116.48454284668
625,162.1,89.6038436889648
626,162.3,10.605938911438
627,162.4,5.35301303863525
628,162.7,8.383056640625
629,162.9,156.272308349609
630,163.0,586.24072265625
631,163.1,340.715270996094
632,163.3,10.1089954376221
633,163.6,4.77082967758179
634,163.8,34.0670738220215
635,164.0,146.524719238281
636,164.1,121.96314239502
637,164.3,11.565239906311
638,164.4,6.14043664932251
639,164.7,4.5958080291748
640,164.9,84.950569152832
641,165.1,753.898010253906
642,165.2,98.2836685180664
643,165.4,3.05362439155579
644,165.6,1.282794713974
645,165.8,13.4373798370361
646,166.0,114.587249755859
647,166.1,149.771697998047
648,166.2,269.543060302734
649,166.4,10.021484375
650,166.7,4.51179027557373
651,166.9,38.4284706115723
652,167.0,91.6232299804688
653,167.2,509.45361328125
654,167.3,39.8169441223145
655,167.5,2.62969422340393
656,167.7,3.03161573410034
657,167.9,23.0073356628418
658,168.1,114.441925048828
659,168.2,486.814849853516
660,168.4,13.2431440353394
661,168.6,1.96419215202332
662,168.8,10.0815715789795
663,169.0,76.9668121337891
664,169.2,540.048889160156
665,169.3,68.1668090820313
666,169.5,1.86550223827362
667,169.7,4.69851541519165
668,169.9,24.339563369751
669,170.1,68.2709197998047
670,170.2,60.907772064209
671,170.3,37.6648025512695
672,170.6,7.0176420211792
673,170.8,12.8597383499146
674,171.0,75.6324920654297
675,171.1,72.0483856201172
676,171.2,85.4890823364258
677,171.4,6.95563316345215
678,171.5,5.26969432830811
679,171.8,9.93449783325195
680,172.0,35.3060264587402
681,172.2,50.7689094543457
682,172.3,15.3977289199829
683,172.4,9.23056793212891
684,172.6,2.44384288787842
685,172.8,11.6483840942383
686,173.0,54.3231430053711
687,173.2,95.7268142700195
688,173.3,20.4398250579834
689,173.4,11.4284715652466
690,173.7,6.50480365753174
691,173.8,6.40174674987793
692,174.0,31.6918773651123
693,174.2,40.7687339782715
694,174.3,15.1406116485596
695,174.5,2.06986904144287
696,174.7,5.30340623855591
697,174.9,60.867073059082
698,175.1,266.216583251953
699,175.2,49.1110916137695
700,175.3,14.7273359298706
701,175.5,1.78620088100433
702,175.7,7.21537113189697
703,175.9,92.5837554931641
704,176.0,154.175201416016
705,176.1,170.947601318359
706,176.3,8.75458526611328
707,176.4,4.44000005722046
708,176.7,7.27056789398193
709,176.9,126.630920410156
710,177.0,1103.91479492188
711,177.1,454.335205078125
712,177.3,4.51633167266846
713,177.4,2.37921404838562
714,177.7,5.09816598892212
715,177.9,88.1519622802734
716,178.0,262.022888183594
717,178.1,319.912322998047
718,178.3,13.5116157531738
719,178.6,3.51144099235535
720,178.8,13.9659385681152
721,179.0,511.986022949219
722,179.1,592.132568359375
723,179.3,9.70969390869141
724,179.4,4.16366815567017
725,179.7,4.07633209228516
726,179.9,48.5613975524902
727,180.1,221.256423950195
728,180.2,214.27912902832
729,180.4,8.85729217529297
730,180.7,6.10445404052734
731,180.9,43.1626205444336
732,181.1,230.395462036133
733,181.2,273.987243652344
734,181.4,7.91633176803589
735,181.7,3.7430567741394
736,181.9,20.7912654876709
737,182.1,96.1332778930664
738,182.2,377.722625732422
739,182.4,11.3310041427612
740,182.6,5.38742351531982
741,182.8,9.18672466278076
742,183.0,65.5028839111328
743,183.1,92.68017578125
744,183.2,398.748291015625
745,183.4,10.6178169250488
746,183.7,5.34305667877197
747,183.9,23.1587772369385
748,184.1,65.8220062255859
749,184.2,89.5493469238281
750,184.4,12.0386028289795
751,184.7,8.12838459014893
752,184.9,32.629695892334
753,185.1,101.496246337891
754,185.2,80.2230529785156
755,185.4,10.2943229675293
756,185.6,6.3652400970459
757,185.8,11.2600870132446
758,185.9,14.2531003952026
759,186.1,49.1919631958008
760,186.2,39.3634948730469
761,186.4,9.63371181488037
762,186.7,7.4361572265625
763,186.9,29.1795635223389
764,187.1,66.2903060913086
765,187.2,45.2602615356445
766,187.4,8.60751056671143
767,187.7,5.87371158599854
768,187.9,18.0197372436523
769,188.1,30.1149349212646
770,188.2,14.4696941375732
771,188.3,12.2677726745605
772,188.6,3.8820960521698
773,188.8,17.7917900085449
774,189.0,250.466552734375
775,189.1,288.339202880859
776,189.3,9.33257675170898
777,189.4,3.94393014907837
778,189.7,5.64349365234375
779,189.9,48.6634063720703
780,190.1,117.50463104248
781,190.2,30.1070747375488
782,190.3,6.93397378921509
783,190.6,2.73484706878662
784,190.7,3.10113525390625
785,190.9,73.0805206298828
786,191.0,4640.4453125
787,191.2,40.2560691833496
788,191.5,1.4151965379715
789,191.6,1.08628821372986
790,191.8,13.0754585266113
791,192.0,521.744995117188
792,192.1,1007.97552490234
793,192.2,135.277206420898
794,192.4,3.83353710174561
795,192.6,0.939039289951324
796,192.8,16.134672164917
797,193.0,1413.97473144531
798,193.1,7696.34912109375
799,193.3,6.00401735305786
800,193.6,1.39493453502655
801,193.8,10.6249780654907
802,193.9,26.7379913330078
803,194.1,1848.41027832031
804,194.2,195.964538574219
805,194.4,3.14410471916199
806,194.5,3.64209604263306
807,194.7,2.72663760185242
808,194.9,35.7383422851563
809,195.1,1202.91540527344
810,195.2,229.027420043945
811,195.3,25.3360691070557
812,195.6,2.53240180015564
813,195.7,1.70026195049286
814,195.9,33.1933631896973
815,196.1,186.35319519043
816,196.2,353.663391113281
817,196.4,12.38707447052
818,196.6,1.72716152667999
819,196.8,8.05607032775879
820,197.0,97.1372909545898
821,197.2,434.123138427734
822,197.3,161.298858642578
823,197.6,3.17257642745972
824,197.8,7.53449773788452
825,198.0,41.9987754821777
826,198.1,36.2497825622559
827,198.2,88.6139755249023
828,198.4,13.6986904144287
829,198.6,2.30969429016113
830,198.8,10.4482097625732
831,199.0,42.6522254943848
832,199.2,72.7703094482422
833,199.3,29.5940608978271
834,199.5,6.4716157913208
835,199.8,18.4712657928467
836,200.0,78.0993881225586
837,200.1,71.3648910522461
838,200.2,89.2192153930664
839,200.4,16.9720516204834
840,200.5,18.5806121826172
841,200.7,14.9259386062622
842,200.9,47.1537132263184
843,201.1,62.7365951538086
844,201.2,48.8387756347656
845,201.4,7.01152849197388
846,201.6,7.74917030334473
847,201.8,19.0689964294434
848,202.0,66.2840194702148
849,202.1,86.4866409301758
850,202.3,26.0405235290527
851,202.5,2.73100447654724
852,202.7,5.95126628875732
853,202.9,57.453800201416
854,203.1,196.559295654297
855,203.2,71.3987808227539
856,203.4,6.10724878311157
857,203.6,2.34078598022461
858,203.8,13.9365940093994
859,204.0,55.8193893432617
860,204.1,68.4579925537109
861,204.3,14.6048908233643
862,204.4,6.36855888366699
863,204.7,4.96139717102051
864,204.9,48.0269012451172
865,205.1,583.333129882813
866,205.2,107.697814941406
867,205.3,16.1283836364746
868,205.6,3.78550219535828
869,205.7,3.55179047584534
870,205.9,27.7495193481445
871,206.0,70.0008697509766
872,206.2,7.30358076095581
873,206.4,0.170655027031898
874,206.9,22.8628826141357
875,207.1,45398.1171875
876,207.2,69.0639266967773
877,207.8,6.13711786270142
878,208.0,534.5390625
879,208.1,9326.560546875
880,208.3,9.56244564056396
881,208.5,0.796681225299835
882,208.7,2.74969434738159
883,208.9,45.1006126403809
884,209.1,6029.54541015625
885,209.2,137.836334228516
886,209.4,1.00157201290131
887,209.6,0.567510902881622
888,209.8,8.34165954589844
889,209.9,26.6020965576172
890,210.1,887.592163085938
891,210.2,326.831268310547
892,210.4,6.44017457962036
893,210.7,4.38515281677246
894,210.9,49.9869003295898
895,211.1,559.350769042969
896,211.2,319.965240478516
897,211.4,4.13205242156982
898,211.7,3.35528373718262
899,211.9,29.3935375213623
900,212.0,43.6979904174805
901,212.2,109.346900939941
902,212.3,42.6700439453125
903,212.5,5.55266380310059
904,212.8,13.2012224197388
905,213.0,82.9531860351563
906,213.1,80.3287353515625
907,213.2,92.6766815185547
908,213.4,6.77100419998169
909,213.5,4.60943222045898
910,213.8,8.91965103149414
911,213.9,13.1007862091064
912,214.1,39.399299621582
913,214.2,31.7264633178711
914,214.4,5.70043659210205
915,214.6,6.33903932571411
916,214.8,14.2599124908447
917,215.0,53.9875984191895
918,215.1,43.6141471862793
919,215.2,50.5077743530273
920,215.4,8.22393035888672
921,215.7,5.73152828216553
922,215.8,6.46899557113647
923,216.0,28.7924900054932
924,216.1,20.6048908233643
925,216.2,31.5451526641846
926,216.4,8.86707401275635
927,216.7,6.48908281326294
928,216.8,8.61152839660645
929,217.0,57.0820960998535
930,217.1,43.2939720153809
931,217.2,55.6768569946289
932,217.4,10.3261137008667
933,217.7,5.95650672912598
934,217.8,6.60366821289063
935,218.0,31.6478595733643
936,218.2,50.9596519470215
937,218.3,27.5867252349854
938,218.5,6.94288206100464
939,218.7,2.57799124717712
940,218.9,38.3610496520996
941,219.1,182.34358215332
942,219.2,106.957557678223
943,219.4,6.4894323348999
944,219.6,4.39772939682007
945,219.8,10.865327835083
946,220.0,49.881046295166
947,220.1,61.044017791748
948,220.3,8.08751106262207
949,220.4,3.24803495407104
950,220.6,1.40943229198456
951,220.8,8.82061100006104
952,221.0,139.873184204102
953,221.1,5883.58447265625
954,221.3,19.9393882751465
955,221.5,0.893624424934387
956,221.7,2.50497817993164
957,221.9,18.154411315918
958,222.1,1188.09924316406
959,222.2,376.959655761719
960,222.4,7.03947591781616
961,222.7,4.7641921043396
962,222.9,27.3421840667725
963,223.1,850.9716796875
964,223.2,256.219573974609
965,223.4,5.42270755767822
966,223.7,3.93886470794678
967,223.8,6.07895183563232
968,224.0,77.9863739013672
969,224.2,213.078948974609
970,224.3,152.209259033203
971,224.5,4.29170322418213
972,224.7,5.18986892700195
973,224.9,36.8193893432617
974,225.1,181.494155883789
975,225.2,114.438255310059
976,225.3,164.108993530273
977,225.6,3.82742357254028
978,225.7,3.02148461341858
979,225.9,21.30637550354
980,226.1,59.4317893981934
981,226.2,37.6773796081543
982,226.3,42.3292579650879
983,226.5,6.39126634597778
984,226.8,11.7584276199341
985,227.0,41.9664611816406
986,227.2,63.8876838684082
987,227.3,27.7208728790283
988,227.5,3.04803490638733
989,227.7,5.2020959854126
990,227.9,15.4275979995728
991,228.1,32.4064636230469
992,228.2,30.1727504730225
993,228.4,6.24908304214478
994,228.6,5.67109155654907
995,228.8,11.7893447875977
996,229.0,36.3682098388672
997,229.2,55.9034042358398
998,229.3,16.5067253112793
999,229.4,10.97047996521
1000,229.7,8.89327526092529
1001,229.8,11.0027952194214
1002,230.0,50.3303070068359
1003,230.1,38.6885604858398
1004,230.2,64.2323150634766
1005,230.5,24.5081214904785
1006,230.7,18.9675102233887
1007,230.9,34.7184295654297
1008,231.1,54.5201759338379
1009,231.2,42.5631446838379
1010,231.4,12.762619972229
1011,231.7,7.51510906219482
1012,231.8,7.8370304107666
1013,232.0,31.6714401245117
1014,232.2,46.1949348449707
1015,232.3,22.5313529968262
1016,232.5,5.70602607727051
1017,232.8,12.1715288162231
1018,233.0,57.8747596740723
1019,233.2,80.7751998901367
1020,233.3,24.2468128204346
1021,233.5,2.29973793029785
1022,233.7,5.75179052352905
1023,233.9,22.6831436157227
1024,234.1,71.6150207519531
1025,234.2,68.9248886108398
1026,234.4,11.679126739502
1027,234.7,6.38183403015137
1028,234.9,45.2806968688965
1029,235.1,215.026031494141
1030,235.2,118.767158508301
1031,235.4,9.14829730987549
1032,235.7,5.11755466461182
1033,235.9,25.9767684936523
1034,236.1,105.837905883789
1035,236.2,168.965759277344
1036,236.4,25.4001750946045
1037,236.6,2.72628831863403
1038,236.8,8.51126670837402
1039,237.0,139.312133789063
1040,237.2,597.253601074219
1041,237.3,88.7351989746094
1042,237.4,13.8544979095459
1043,237.7,9.01100444793701
1044,237.8,14.6092576980591
1045,238.0,76.9706573486328
1046,238.2,175.227951049805
1047,238.3,158.772399902344
1048,238.5,10.8471612930298
1049,238.8,8.06707382202148
1050,239.0,74.4606094360352
1051,239.2,481.681732177734
1052,239.3,270.874755859375
1053,239.5,3.73973798751831
1054,239.7,1.96052396297455
1055,239.9,15.8660259246826
1056,240.0,29.2345848083496
1057,240.2,107.417640686035
1058,240.3,69.3654174804688
1059,240.5,9.62585163116455
1060,240.8,10.3182535171509
1061,241.0,48.4284706115723
1062,241.1,41.5535354614258
1063,241.2,66.1048049926758
1064,241.4,16.0876865386963
1065,241.6,2.28349351882935
1066,241.8,7.49746704101563
1067,242.0,20.5013103485107
1068,242.1,15.4087333679199
1069,242.3,25.6541481018066
1070,242.4,9.32506561279297
1071,242.7,5.69205236434937
1072,242.9,16.3306541442871
1073,243.0,14.3999996185303
1074,243.2,38.9149360656738
1075,243.3,13.6878604888916
1076,243.4,9.97170352935791
1077,243.6,2.19807863235474
1078,243.8,7.5479474067688
1079,244.0,17.3416595458984
1080,244.1,11.6836681365967
1081,244.2,20.9802627563477
1082,244.4,6.73275089263916
1083,244.6,5.61344957351685
1084,244.8,8.52908325195313
1085,245.0,25.0059394836426
1086,245.1,17.4724884033203
1087,245.2,25.0761566162109
1088,245.4,9.61921405792236
1089,245.7,6.0515284538269
1090,245.9,13.938515663147
1091,246.1,26.8606109619141
1092,246.2,27.2307415008545
1093,246.4,10.1030569076538
1094,246.7,8.87406158447266
1095,246.8,11.022008895874
1096,247.0,59.3109169006348
1097,247.1,67.9502182006836
1098,247.3,14.5882968902588
1099,247.4,7.43039321899414
1100,247.6,2.78742361068726
1101,247.8,9.91301345825195
1102,247.9,12.1385154724121
1103,248.1,40.2565956115723
1104,248.2,16.2171173095703
1105,248.3,12.017991065979
1106,248.6,4.23877716064453
1107,248.8,17.2536239624023
1108,248.9,119.588119506836
1109,249.0,755.623229980469
1110,249.2,37.2763328552246
1111,249.4,2.57938861846924
1112,249.7,6.74323129653931
1113,249.9,62.0195617675781
1114,250.0,98.2169418334961
1115,250.1,181.624450683594
1116,250.3,65.0317916870117
1117,250.5,3.20262002944946
1118,250.7,7.671790599823
1119,250.9,72.580436706543
1120,251.1,1131.84265136719
1121,251.2,90.3781661987305
1122,251.4,4.35283851623535
1123,251.7,4.69414854049683
1124,251.9,48.1241912841797
1125,252.0,111.355461120605
1126,252.1,304.921234130859
1127,252.3,112.612754821777
1128,252.5,4.0515284538269
1129,252.7,6.7606987953186
1130,252.9,51.2214851379395
1131,253.0,494.400177001953
1132,253.1,891.355285644531
1133,253.3,90.7020111083984
1134,253.4,5.47650671005249
1135,253.6,1.10375547409058
1136,253.8,9.64978122711182
1137,254.0,156.504104614258
1138,254.1,346.809783935547
1139,254.3,42.8394775390625
1140,254.4,15.649432182312
1141,254.7,5.85676860809326
1142,254.9,45.4712677001953
1143,255.1,227.467254638672
1144,255.2,82.9461975097656
1145,255.3,48.9121398925781
1146,255.5,4.24454164505005
1147,255.8,7.90218353271484
1148,256.0,41.702880859375
1149,256.2,98.4658508300781
1150,256.3,33.1963310241699
1151,256.4,21.3109169006348
1152,256.7,6.51545858383179
1153,256.8,4.28820943832397
1154,257.0,29.4380779266357
1155,257.2,66.6696929931641
1156,257.3,32.4307441711426
1157,257.4,19.5337982177734
1158,257.7,4.8510046005249
1159,257.9,9.69938850402832
1160,258.1,21.6585159301758
1161,258.2,14.419563293457
1162,258.3,21.8277721405029
1163,258.5,8.07685565948486
1164,258.7,3.5105676651001
1165,258.9,13.1689081192017
1166,259.1,27.0296936035156
1167,259.2,24.8248043060303
1168,259.4,11.1095199584961
1169,259.7,5.76524019241333
1170,259.8,5.28524017333984
1171,260.0,17.2331886291504
1172,260.2,22.7924900054932
1173,260.3,9.4892578125
1174,260.4,11.2015724182129
1175,260.6,3.61799120903015
1176,260.8,10.2882099151611
1177,260.9,8.80087375640869
1178,261.1,29.6324882507324
1179,261.2,24.0403499603271
1180,261.4,8.83860301971436
1181,261.7,5.35458517074585
1182,261.9,11.1018342971802
1183,262.1,20.368558883667
1184,262.2,9.93449783325195
1185,262.3,13.8380784988403
1186,262.5,3.22759819030762
1187,262.7,6.39283847808838
1188,262.9,36.7395629882813
1189,263.0,45.9304809570313
1190,263.1,92.7664642333984
1191,263.3,17.127161026001
1192,263.4,9.9608736038208
1193,263.7,5.8707423210144
1194,263.8,6.44017457962036
1195,264.0,33.3956336975098
1196,264.1,29.5365943908691
1197,264.3,77.208381652832
1198,264.4,20.0710926055908
1199,264.7,6.88436698913574
1200,264.8,8.11406135559082
1201,265.0,459.795806884766
1202,265.1,839.322082519531
1203,265.3,15.9220962524414
1204,265.5,1.61292576789856
1205,265.7,3.9014847278595
1206,265.9,45.8176422119141
1207,266.1,284.822692871094
1208,266.2,170.432830810547
1209,266.4,28.9841041564941
1210,266.7,8.83842754364014
1211,266.8,13.9613971710205
1212,267.0,1095.40576171875
1213,267.1,2218.3701171875
1214,267.3,71.1984252929688
1215,267.4,2.51039290428162
1216,267.6,1.6106550693512
1217,267.8,17.3521404266357
1218,268.0,409.781646728516
1219,268.1,545.740783691406
1220,268.3,24.3949337005615
1221,268.5,1.95930135250092
1222,268.7,7.08384275436401
1223,268.9,61.0103073120117
1224,269.1,730.722595214844
1225,269.2,105.243141174316
1226,269.3,13.6305675506592
1227,269.5,0.949344992637634
1228,269.7,3.58742356300354
1229,269.9,42.892749786377
1230,270.1,145.006637573242
1231,270.2,53.0903053283691
1232,270.3,19.8721389770508
1233,270.6,5.18480348587036
1234,270.8,15.3346729278564
1235,271.0,69.9110946655273
1236,271.2,97.9299545288086
1237,271.3,23.7238426208496
1238,271.5,2.80419206619263
1239,271.7,5.16960716247559
1240,271.8,5.15877723693848
1241,272.0,23.1442794799805
1242,272.2,30.2660255432129
1243,272.3,17.9460258483887
1244,272.5,6.03912687301636
1245,272.8,8.55755424499512
1246,272.9,8.83790397644043
1247,273.1,29.1475982666016
1248,273.3,27.6426200866699
1249,273.4,6.20873355865479
1250,273.5,7.67685604095459
1251,273.7,4.15336227416992
1252,273.9,16.9510917663574
1253,274.1,33.0302200317383
1254,274.2,18.0113544464111
1255,274.3,23.8328380584717
1256,274.6,13.8338861465454
1257,274.7,7.05781650543213
1258,274.9,17.7346725463867
1259,275.1,23.4558944702148
1260,275.2,24.4808731079102
1261,275.4,11.2632312774658
1262,275.7,7.06288194656372
1263,275.9,10.2157201766968
1264,276.0,8.70008754730225
1265,276.2,22.1986026763916
1266,276.3,9.67126655578613
1267,276.4,9.68192100524902
1268,276.7,8.07004356384277
1269,276.9,17.7813091278076
1270,277.1,33.7942352294922
1271,277.3,32.7692565917969
1272,277.4,7.49257659912109
1273,277.5,7.23179054260254
1274,277.8,7.83266353607178
1275,278.0,16.4971179962158
1276,278.2,38.5404357910156
1277,278.3,60.1767692565918
1278,278.5,8.22969436645508
1279,278.8,12.0789518356323
1280,279.0,131.464797973633
1281,279.1,257.116668701172
1282,279.3,36.6541481018066
1283,279.5,5.13711786270142
1284,279.7,2.75109171867371
1285,279.9,33.0412216186523
1286,280.1,98.5034027099609
1287,280.3,40.8429679870605
1288,280.4,16.8185157775879
1289,280.7,1.41379916667938
1290,280.9,54.0195617675781
1291,281.1,10946.2470703125
1292,281.2,215.544631958008
1293,281.4,0.878777265548706
1294,281.7,2.41310048103333
1295,281.9,40.5757217407227
1296,282.0,544.48193359375
1297,282.1,2636.220703125
1298,282.3,15.0723142623901
1299,282.4,3.01659393310547
1300,282.6,1.26410484313965
1301,282.8,12.9589519500732
1302,283.0,459.182006835938
1303,283.1,2295.37084960938
1304,283.3,16.3372917175293
1305,283.6,1.67790389060974
1306,283.8,8.5318775177002
1307,283.9,31.9781665802002
1308,284.1,499.467437744141
1309,284.2,143.430221557617
1310,284.4,5.59475994110107
1311,284.7,4.35528373718262
1312,284.9,37.4501304626465
1313,285.1,333.301818847656
1314,285.2,146.133804321289
1315,285.4,6.87283849716187
1316,285.7,4.14689970016479
1317,285.8,7.56314420700073
1318,286.0,47.9671630859375
1319,286.2,67.2681198120117
1320,286.3,25.2885589599609
1321,286.5,3.36279487609863
1322,286.7,7.0745849609375
1323,286.8,7.41764211654663
1324,287.0,39.6366806030273
1325,287.2,58.581485748291
1326,287.3,15.3381662368774
1327,287.4,9.89694309234619
1328,287.7,5.27423572540283
1329,287.9,9.96314430236816
1330,288.1,20.163667678833
1331,288.2,9.64960670471191
1332,288.3,13.9341487884521
1333,288.6,6.39144086837769
1334,288.8,8.61222743988037
1335,288.9,6.72838449478149
1336,289.1,22.9329261779785
1337,289.2,15.4422702789307
1338,289.3,16.6054153442383
1339,289.5,4.41327524185181
1340,289.7,6.0354585647583
1341,289.9,8.24890804290771
1342,290.1,13.4200868606567
1343,290.2,8.50585174560547
1344,290.3,11.4043664932251
1345,290.5,3.51807856559753
1346,290.7,6.62637567520142
1347,290.9,13.3683843612671
1348,291.1,24.6277732849121
1349,291.2,14.2342357635498
1350,291.3,19.1334495544434
1351,291.5,4.27196502685547
1352,291.7,4.72174692153931
1353,291.9,8.3081226348877
1354,292.0,8.36855888366699
1355,292.2,29.4660263061523
1356,292.3,28.9980792999268
1357,292.4,34.892578125
1358,292.7,10.2359828948975
1359,292.9,27.920524597168
1360,293.1,73.7180786132813
1361,293.3,57.8651542663574
1362,293.4,11.9114408493042
1363,293.7,5.26602602005005
1364,293.9,14.7792139053345
1365,294.1,31.7851524353027
1366,294.2,22.5456771850586
1367,294.3,61.9007873535156
1368,294.5,7.9647159576416
1369,294.8,7.83842802047729
1370,295.0,179.165771484375
1371,295.1,954.493286132813
1372,295.3,58.4548454284668
1373,295.4,40.1783409118652
1374,295.6,1.08698689937592
1375,295.8,6.04593896865845
1376,296.0,119.310920715332
1377,296.1,317.238952636719
1378,296.3,51.7956314086914
1379,296.5,5.15336227416992
1380,296.7,2.32733631134033
1381,296.9,36.8144989013672
1382,297.0,90.6887359619141
1383,297.1,242.571884155273
1384,297.3,20.0169429779053
1385,297.4,8.18707466125488
1386,297.7,4.5425329208374
1387,297.9,26.1135368347168
1388,298.1,82.3624420166016
1389,298.2,71.0827941894531
1390,298.4,14.8309173583984
1391,298.6,3.23388648033142
1392,298.8,13.2045412063599
1393,299.0,56.8765068054199
1394,299.1,41.950569152832
1395,299.2,50.0906562805176
1396,299.4,9.25973796844482
1397,299.6,2.3358952999115
1398,299.8,7.65100431442261
1399,300.0,27.7986030578613
1400,300.2,44.1533622741699
1401,300.3,25.9479484558105
1402,300.5,5.01711797714233
1403,300.7,5.40366792678833
1404,300.9,13.5993013381958
1405,301.1,25.1123142242432
1406,301.2,21.9783401489258
1407,301.4,5.0939736366272
1408,301.5,6.15528392791748
1409,301.7,2.70497822761536
1410,301.9,7.93799114227295
1411,302.1,15.8221836090088
1412,302.3,18.6662006378174
1413,302.4,10.1250658035278
1414,302.6,5.58882093429565
1415,302.9,11.7711791992188
1416,303.1,18.34934425354
1417,303.2,10.3152837753296
1418,303.3,15.7297821044922
1419,303.5,5.90462875366211
1420,303.8,7.24139738082886
1421,303.9,6.31860256195068
1422,304.1,16.4751091003418
1423,304.3,16.575719833374
1424,304.5,8.7620964050293
1425,304.7,9.35458469390869
1426,304.8,6.19965076446533
1427,305.0,18.708122253418
1428,305.2,24.7613983154297
1429,305.3,10.8352842330933
1430,305.4,11.3765935897827
1431,305.7,6.27825307846069
1432,305.8,3.45816588401794
1433,306.0,13.1145849227905
1434,306.2,26.3559818267822
1435,306.4,48.5210494995117
1436,306.5,13.3442792892456
1437,306.8,11.346549987793
1438,307.0,27.2836685180664
1439,307.2,42.2604370117188
1440,307.3,30.3413105010986
1441,307.5,8.14393043518066
1442,307.7,3.00838422775269
1443,307.9,9.91790390014648
1444,308.1,22.3069000244141
1445,308.3,40.5877723693848
1446,308.4,47.9944114685059
1447,308.7,13.1086463928223
1448,308.9,37.3879470825195
1449,309.0,38.8780784606934
1450,309.1,81.9393920898438
1451,309.4,93.2560729980469
1452,309.5,10.8585157394409
1453,309.8,12.645938873291
1454,310.0,25.7531871795654
1455,310.1,17.0097808837891
1456,310.2,30.4978160858154
1457,310.4,17.8621826171875
1458,310.7,8.06550216674805
1459,310.9,65.3952865600586
1460,311.1,269.150390625
1461,311.2,51.7082977294922
1462,311.3,12.6723146438599
1463,311.6,3.84174680709839
1464,311.8,19.5895195007324
1465,312.0,66.6066360473633
1466,312.1,64.2705688476563
1467,312.3,13.9224452972412
1468,312.5,2.43825316429138
1469,312.7,4.40279483795166
1470,312.9,64.3851547241211
1471,313.1,361.682434082031
1472,313.2,76.5834045410156
1473,313.4,2.12174677848816
1474,313.5,3.29903936386108
1475,313.8,15.2576417922974
1476,314.0,70.8955459594727
1477,314.1,84.4793014526367
1478,314.3,12.208384513855
1479,314.4,6.06515264511108
1480,314.7,7.31737995147705
1481,314.8,10.0485591888428
1482,315.0,47.5956344604492
1483,315.1,51.8342361450195
1484,315.3,9.75650691986084
1485,315.4,6.77013111114502
1486,315.7,5.56296920776367
1487,315.8,4.93729257583618
1488,316.0,14.4611349105835
1489,316.2,17.6410484313965
1490,316.3,7.70724868774414
1491,316.4,8.15371131896973
1492,316.7,5.10026216506958
1493,316.9,9.05799102783203
1494,317.0,6.37502193450928
1495,317.2,14.8735370635986
1496,317.3,11.2565937042236
1497,317.6,5.25397396087646
1498,317.7,2.28034925460815
1499,317.9,6.2534499168396
1500,318.0,3.88995623588562
1501,318.2,11.0868120193481
1502,318.3,9.00244522094727
1503,318.5,2.73152828216553
1504,318.7,5.26567697525024
1505,318.9,8.53379917144775
1506,319.1,13.9788646697998
1507,319.3,15.9648904800415
1508,319.4,10.0396509170532
1509,319.7,5.83633184432983
1510,319.9,6.15021848678589
1511,320.1,13.9620962142944
1512,320.3,34.3072471618652
1513,320.4,24.3096942901611
1514,320.5,15.3979043960571
1515,320.8,9.68698692321777
1516,320.9,7.37100458145142
1517,321.1,23.6579914093018
1518,321.3,34.4627075195313
1519,321.4,20.9580783843994
1520,321.7,6.35231447219849
1521,321.9,8.35406112670898
1522,322.1,17.8913536071777
1523,322.3,31.1722278594971
1524,322.4,39.6946716308594
1525,322.7,12.6448907852173
1526,322.8,18.4986896514893
1527,323.0,89.921745300293
1528,323.1,108.943580627441
1529,323.3,27.9114418029785
1530,323.4,59.327335357666
1531,323.7,8.89781665802002
1532,323.8,10.4558954238892
1533,324.0,33.6772041320801
1534,324.2,37.7870750427246
1535,324.3,11.5638427734375
1536,324.4,17.2379035949707
1537,324.7,8.99458503723145
1538,324.9,95.8237533569336
1539,325.0,395.291534423828
1540,325.1,437.237548828125
1541,325.3,7.31388664245605
1542,325.4,3.70812225341797
1543,325.7,5.00454139709473
1544,325.8,14.8915281295776
1545,326.0,170.687866210938
1546,326.1,159.412048339844
1547,326.3,9.22515296936035
1548,326.6,3.73205232620239
1549,326.8,16.4316158294678
1550,327.0,1168.29113769531
1551,327.1,1500.32629394531
1552,327.3,7.76139736175537
1553,327.5,1.08943235874176
1554,327.7,5.34096050262451
1555,327.8,9.29187774658203
1556,328.0,412.200531005859
1557,328.1,467.416595458984
1558,328.3,7.33729267120361
1559,328.5,1.76017463207245
1560,328.7,5.6171178817749
1561,328.8,12.3428821563721
1562,329.0,283.393371582031
1563,329.1,272.879119873047
1564,329.3,6.328209400177
1565,329.4,3.28227066993713
1566,329.7,5.45956325531006
1567,329.8,12.1385154724121
1568,330.0,70.2190399169922
1569,330.1,72.0862884521484
1570,330.3,12.0936241149902
1571,330.4,8.94969463348389
1572,330.7,7.41152858734131
1573,330.9,21.9414844512939
1574,331.1,37.0431442260742
1575,331.2,26.1011352539063
1576,331.4,7.44122266769409
1577,331.6,1.94969427585602
1578,331.8,6.78829717636108
1579,332.0,12.71510887146
1580,332.1,6.75318765640259
1581,332.2,12.0136241912842
1582,332.4,7.6185154914856
1583,332.7,5.25729274749756
1584,332.9,7.4165940284729
1585,333.1,11.1991262435913
1586,333.3,15.7292575836182
1587,333.4,5.3088207244873
1588,333.5,7.11336231231689
1589,333.8,7.32733631134033
1590,334.0,13.5475978851318
1591,334.1,9.69048023223877
1592,334.3,38.380786895752
1593,334.4,37.9673347473145
1594,334.6,11.8157205581665
1595,334.8,4.63423585891724
1596,335.0,12.4682970046997
1597,335.2,18.1795635223389
1598,335.3,12.4600877761841
1599,335.4,17.4758071899414
1600,335.6,3.66340613365173
1601,335.8,5.99021816253662
1602,336.0,7.44873380661011
1603,336.2,16.4106559753418
1604,336.3,13.3563318252563
1605,336.4,50.7731018066406
1606,336.7,9.94917011260986
1607,336.9,13.5776414871216
1608,337.1,24.4564189910889
1609,337.2,15.2047157287598
1610,337.4,70.0211334228516
1611,337.5,11.8979911804199
1612,337.6,8.61362457275391
1613,337.8,4.83056783676147
1614,338.0,10.6162443161011
1615,338.2,15.8637552261353
1616,338.4,17.616943359375
1617,338.5,8.14847183227539
1618,338.7,8.95493412017822
1619,338.9,50.2394752502441
1620,339.0,99.5774688720703
1621,339.1,194.880172729492
1622,339.3,20.7963314056396
1623,339.6,4.124192237854
1624,339.8,12.7325763702393
1625,340.0,68.5196533203125
1626,340.1,63.5428810119629
1627,340.3,5.20087337493896
1628,340.6,2.66917037963867
1629,340.8,17.4723148345947
1630,341.0,543.5966796875
1631,341.1,3304.5009765625
1632,341.3,14.7243671417236
1633,341.6,3.25991272926331
1634,341.8,10.5650653839111
1635,342.0,329.363830566406
1636,342.1,1025.13012695313
1637,342.3,10.7594757080078
1638,342.4,4.74253273010254
1639,342.7,5.84663772583008
1640,342.9,53.2492561340332
1641,343.0,280.860076904297
1642,343.1,662.651733398438
1643,343.3,12.7640171051025
1644,343.6,2.59266376495361
1645,343.8,14.9393882751465
1646,343.9,36.4773788452148
1647,344.1,177.171524047852
1648,344.2,74.4691696166992
1649,344.4,6.4717903137207
1650,344.6,2.69170308113098
1651,344.8,15.9224452972412
1652,344.9,26.6965942382813
1653,345.1,99.824104309082
1654,345.2,38.588996887207
1655,345.3,23.8665504455566
1656,345.5,4.26026201248169
1657,345.7,3.33013105392456
1658,345.9,16.5124893188477
1659,346.1,27.232837677002
1660,346.2,14.1362447738647
1661,346.3,16.5006122589111
1662,346.6,6.23179054260254
1663,346.7,3.3393886089325
1664,346.9,10.4894323348999
1665,347.0,8.77799129486084
1666,347.2,22.5517902374268
1667,347.3,15.733624458313
1668,347.5,6.33449792861938
1669,347.8,5.42812204360962
1670,348.0,8.73641967773438
1671,348.2,16.8978157043457
1672,348.4,30.3062000274658
1673,348.5,16.7764186859131
1674,348.8,6.68471622467041
1675,349.0,8.74794769287109
1676,349.2,12.2055892944336
1677,349.4,17.8462886810303
1678,349.5,9.14585113525391
1679,349.8,4.62707424163818
1680,350.0,7.00820970535278
1681,350.2,12.3884716033936
1682,350.3,12.3914413452148
1683,350.4,31.4784278869629
1684,350.6,8.7269868850708
1685,350.8,3.4024453163147
1686,351.0,10.0270738601685
1687,351.2,17.4354591369629
1688,351.4,52.1381645202637
1689,351.5,21.60471534729
1690,351.7,4.22288227081299
1691,351.9,7.18777275085449
1692,352.1,9.59371185302734
1693,352.3,13.4020957946777
1694,352.4,32.6698684692383
1695,352.7,9.51842784881592
1696,352.9,28.7095203399658
1697,353.0,31.3046283721924
1698,353.2,70.6646270751953
1699,353.3,25.518253326416
1700,353.5,7.48069858551025
1701,353.7,4.06655025482178
1702,353.9,21.205415725708
1703,354.0,20.5858516693115
1704,354.1,25.6153717041016
1705,354.3,2.39353704452515
1706,354.5,1.91318774223328
1707,354.7,4.68244552612305
1708,354.9,32.4162445068359
1709,355.1,3611.5625
1710,355.2,348.399658203125
1711,355.4,5.27056789398193
1712,355.6,1.12681221961975
1713,355.8,7.46165943145752
1714,356.0,259.350036621094
1715,356.1,1183.84790039063
1716,356.3,22.6213092803955
1717,356.5,1.20471620559692
1718,356.7,4.02358055114746
1719,356.8,6.08419227600098
1720,357.0,246.315811157227
1721,357.1,642.71337890625
1722,357.2,269.617462158203
1723,357.4,4.73868989944458
1724,357.7,2.56890821456909
1725,357.9,35.958080291748
1726,358.1,216.00471496582
1727,358.2,112.475807189941
1728,358.4,8.07912635803223
1729,358.7,4.81589508056641
1730,358.9,29.9009609222412
1731,359.1,99.8801727294922
1732,359.2,44.815372467041
1733,359.3,24.5317039489746
1734,359.6,4.13257646560669
1735,359.7,2.91441059112549
1736,359.9,13.882794380188
1737,360.0,12.675633430481
1738,360.2,27.7013092041016
1739,360.3,16.4047164916992
1740,360.5,2.86655020713806
1741,360.7,5.7977294921875
1742,360.9,10.3406114578247
1743,361.1,18.5751972198486
1744,361.2,9.93834018707275
1745,361.4,13.701135635376
1746,361.5,6.82951974868774
1747,361.8,4.82253265380859
1748,362.0,7.14253282546997
1749,362.2,14.3437557220459
1750,362.3,10.0777292251587
1751,362.5,27.3558082580566
1752,362.6,9.29589557647705
1753,362.9,5.81484699249268
1754,363.0,4.35615730285645
1755,363.2,12.8012228012085
1756,363.3,7.93013095855713
1757,363.4,14.4476852416992
1758,363.7,5.66445398330688
1759,363.9,5.70165920257568
1760,364.1,9.35423564910889
1761,364.2,6.6171178817749
1762,364.4,30.8632316589355
1763,364.5,18.3820095062256
1764,364.8,7.68855905532837
1765,365.0,9.48489093780518
1766,365.1,8.35965061187744
1767,365.3,21.4197387695313
1768,365.5,41.0148468017578
1769,365.6,6.11371183395386
1770,365.8,6.02724885940552
1771,366.0,7.62655019760132
1772,366.2,9.93799114227295
1773,366.4,19.5365943908691
1774,366.5,6.86253261566162
1775,366.7,10.7620964050293
1776,366.9,24.1086463928223
1777,367.0,19.8780784606934
1778,367.2,36.1633186340332
1779,367.3,10.1294326782227
1780,367.4,9.83912658691406
1781,367.6,2.37711787223816
1782,367.8,7.99196529388428
1783,368.0,17.0796508789063
1784,368.1,9.7482967376709
1785,368.2,14.2915287017822
1786,368.4,4.55458498001099
1787,368.7,4.27930116653442
1788,368.9,27.7068996429443
1789,369.1,286.536956787109
1790,369.2,120.598251342773
1791,369.3,26.4372043609619
1792,369.5,4.29292583465576
1793,369.8,8.91179084777832
1794,370.0,68.0523986816406
1795,370.2,106.935722351074
1796,370.3,28.9170303344727
1797,370.5,3.7659387588501
1798,370.7,8.65187740325928
1799,370.9,50.3696060180664
1800,371.1,184.749176025391
1801,371.2,72.364013671875
1802,371.4,6.73956346511841
1803,371.7,7.65694332122803
1804,371.9,30.3290824890137
1805,372.0,26.4780788421631
1806,372.2,55.6539726257324
1807,372.3,17.6950225830078
1808,372.5,3.70008730888367
1809,372.7,8.64558982849121
1810,372.9,34.4632301330566
1811,373.1,78.2242813110352
1812,373.2,26.5406112670898
1813,373.3,19.2396507263184
1814,373.6,5.16227054595947
1815,373.8,9.72192096710205
1816,374.0,24.2985153198242
1817,374.1,14.4779043197632
1818,374.2,18.0352840423584
1819,374.4,4.48995637893677
1820,374.6,5.82759809494019
1821,374.8,8.1809606552124
1822,374.9,6.44157218933105
1823,375.1,19.6157207489014
1824,375.3,17.8756332397461
1825,375.4,5.79737997055054
1826,375.5,6.91371202468872
1827,375.8,4.9788646697998
1828,376.0,8.21764183044434
1829,376.2,12.4117031097412
1830,376.4,18.1610488891602
1831,376.5,9.18689918518066
1832,376.6,7.89275121688843
1833,376.8,3.43563318252563
1834,377.0,7.43703079223633
1835,377.1,4.86899566650391
1836,377.3,11.6206111907959
1837,377.4,6.13292598724365
1838,377.5,7.28628826141357
1839,377.8,5.22497797012329
1840,378.0,8.51633167266846
1841,378.2,13.4047164916992
1842,378.4,22.3697814941406
1843,378.5,18.8151969909668
1844,378.8,8.69729232788086
1845,379.0,8.76349353790283
1846,379.2,13.9399127960205
1847,379.3,11.5308294296265
1848,379.5,32.0803489685059
1849,379.6,6.42218351364136
1850,379.7,7.2536244392395
1851,380.0,6.43353700637817
1852,380.2,10.7764196395874
1853,380.3,7.49362468719482
1854,380.5,53.1636695861816
1855,380.7,10.56995677948
1856,380.9,12.9301309585571
1857,381.0,9.69344997406006
1858,381.2,19.9213981628418
1859,381.4,13.2616596221924
1860,381.5,15.9376420974731
1861,381.8,7.35388660430908
1862,382.0,10.1593017578125
1863,382.2,11.9884719848633
1864,382.4,8.40873336791992
1865,382.5,3.19371175765991
1866,382.7,10.2068119049072
1867,382.8,13.6562442779541
1868,383.0,69.6808700561523
1869,383.1,40.6857643127441
1870,383.2,37.3579025268555
1871,383.4,6.64628839492798
1872,383.7,6.76384258270264
1873,383.9,21.4199123382568
1874,384.1,33.2772064208984
1875,384.2,18.3772926330566
1876,384.4,4.85432291030884
1877,384.7,5.98148488998413
1878,384.9,75.2529220581055
1879,385.0,146.715454101563
1880,385.1,242.217987060547
1881,385.3,12.5900440216064
1882,385.5,1.25729262828827
1883,385.7,6.52716159820557
1884,385.9,44.2695198059082
1885,386.1,105.377288818359
1886,386.2,49.4393005371094
1887,386.4,6.50951957702637
1888,386.7,5.01013088226318
1889,386.9,56.9358940124512
1890,387.0,225.304275512695
1891,387.1,486.197906494141
1892,387.3,10.3156328201294
1893,387.6,2.76331877708435
1894,387.8,15.0910043716431
1895,388.0,124.218864440918
1896,388.1,160.973098754883
1897,388.3,17.5082969665527
1898,388.4,5.77956342697144
1899,388.7,7.78148460388184
1900,388.9,44.7617454528809
1901,389.0,54.8751106262207
1902,389.1,92.3961563110352
1903,389.3,18.1991271972656
1904,389.6,4.60157203674316
1905,389.8,10.7748470306396
1906,389.9,9.95004367828369
1907,390.1,29.0076847076416
1908,390.2,16.236156463623
1909,390.4,26.3778171539307
1910,390.5,8.55231475830078
1911,390.6,9.23685550689697
1912,390.9,10.9972047805786
1913,391.0,6.78253269195557
1914,391.2,15.9823579788208
1915,391.3,14.9612226486206
1916,391.5,4.54130983352661
1917,391.6,7.13048028945923
1918,391.9,5.17956352233887
1919,392.1,7.69414854049683
1920,392.3,13.587947845459
1921,392.5,30.7378158569336
1922,392.6,9.51965045928955
1923,392.8,2.54410481452942
1924,393.0,6.0903058052063
1925,393.2,9.84786033630371
1926,393.4,17.7696075439453
1927,393.5,21.9966812133789
1928,393.7,6.9821834564209
1929,394.0,4.63947582244873
1930,394.2,7.62165927886963
1931,394.4,10.7795629501343
1932,394.5,12.7357206344604
1933,394.8,6.28174686431885
1934,395.0,6.94393014907837
1935,395.2,8.22707462310791
1936,395.4,9.10567665100098
1937,395.5,3.15056777000427
1938,395.6,5.40489101409912
1939,395.9,4.91703033447266
1940,396.1,6.81048011779785
1941,396.2,3.65240168571472
1942,396.4,7.55423593521118
1943,396.6,5.94462871551514
1944,396.8,11.0808734893799
1945,397.0,24.1940612792969
1946,397.1,13.6211357116699
1947,397.2,19.6282978057861
1948,397.5,7.4202618598938
1949,397.7,5.40524005889893
1950,397.8,4.74567699432373
1951,398.0,12.7862005233765
1952,398.1,6.94969415664673
1953,398.2,10.4405241012573
1954,398.4,1.65292572975159
1955,398.6,2.85851526260376
1956,398.8,15.4651527404785
1957,399.0,167.889953613281
1958,399.1,212.761047363281
1959,399.3,14.2499561309814
1960,399.4,4.2393012046814
1961,399.7,5.20681238174438
1962,399.9,39.6153717041016
1963,400.1,92.6541519165039
1964,400.2,30.8913536071777
1965,400.3,9.35336208343506
1966,400.6,2.66113543510437
1967,400.8,13.4756336212158
1968,401.0,541.310241699219
1969,401.1,1173.08142089844
1970,401.3,12.0097818374634
1971,401.5,2.75895190238953
1972,401.8,10.8981657028198
1973,402.0,267.172393798828
1974,402.1,422.612213134766
1975,402.3,15.390567779541
1976,402.4,4.20908308029175
1977,402.7,5.43336248397827
1978,402.8,12.7219209671021
1979,403.0,215.801574707031
1980,403.1,265.411865234375
1981,403.3,18.1334495544434
1982,403.5,1.76192140579224
1983,403.7,6.62218332290649
1984,403.8,10.5105676651001
1985,404.0,64.4080352783203
1986,404.1,79.1041030883789
1987,404.3,15.9778165817261
1988,404.4,11.4646291732788
1989,404.7,9.19371223449707
1990,404.9,22.1337985992432
1991,405.0,16.211353302002
1992,405.2,35.316333770752
1993,405.3,15.5049781799316
1994,405.6,6.67912673950195
1995,405.8,6.83475971221924
1996,406.0,11.0256767272949
1997,406.2,14.3519649505615
1998,406.4,17.8305683135986
1999,406.5,12.5987768173218
2000,406.7,6.67999982833862
2001,407.0,6.88331890106201
2002,407.2,12.0267248153687
2003,407.3,7.26270723342896
2004,407.5,18.467248916626
2005,407.6,10.5743227005005
2006,407.8,5.22689962387085
2007,408.1,7.65502166748047
2008,408.3,10.4351091384888
2009,408.4,7.59737968444824
2010,408.5,28.6071624755859
2011,408.7,3.64698696136475
2012,408.9,5.83737993240356
2013,409.1,7.51825332641602
2014,409.2,4.66078615188599
2015,409.4,9.91965103149414
2016,409.5,7.74602603912354
2017,409.6,8.96663761138916
2018,409.9,5.22253274917603
2019,410.1,5.92855882644653
2020,410.2,3.26131010055542
2021,410.4,6.73117923736572
2022,410.6,5.68890810012817
2023,410.7,3.15074229240417
2024,410.9,7.70672512054443
2025,411.1,10.7374668121338
2026,411.3,9.79493427276611
2027,411.4,3.93379902839661
2028,411.6,4.90462875366211
2029,411.8,5.565589427948
2030,412.0,6.61991262435913
2031,412.2,9.43912696838379
2032,412.4,6.84751081466675
2033,412.6,5.03999996185303
2034,412.8,11.9009609222412
2035,413.0,44.8333625793457
2036,413.2,64.8286437988281
2037,413.3,26.9729251861572
2038,413.6,6.87895202636719
2039,413.8,9.01187801361084
2040,414.0,23.6382541656494
2041,414.1,14.9336242675781
2042,414.2,11.9612226486206
2043,414.4,2.48069858551025
2044,414.7,3.05956339836121
2045,414.9,19.3048038482666
2046,415.1,1813.39916992188
2047,415.2,850.340637207031
2048,415.3,25.0489082336426
2049,415.6,2.24174666404724
2050,415.7,1.95231437683105
2051,415.9,18.0466384887695
2052,416.0,128.056945800781
2053,416.1,993.658874511719
2054,416.3,36.8389511108398
2055,416.5,1.21781659126282
2056,416.7,3.53868985176086
2057,416.8,3.43947601318359
2058,417.0,146.693801879883
2059,417.1,649.588623046875
2060,417.3,34.282096862793
2061,417.6,2.43423581123352
2062,417.8,6.77397394180298
2063,418.0,77.0969467163086
2064,418.1,82.280876159668
2065,418.2,116.28052520752
2066,418.4,11.9881219863892
2067,418.5,7.39248895645142
2068,418.8,10.2237558364868
2069,419.0,41.7383422851563
2070,419.1,32.0195617675781
2071,419.2,50.0744094848633
2072,419.4,8.83178997039795
2073,419.5,6.49257659912109
2074,419.8,7.45764207839966
2075,420.0,13.5289087295532
2076,420.2,18.645938873291
2077,420.3,11.1397380828857
2078,420.5,37.0829696655273
2079,420.6,11.9650659561157
2080,420.9,8.72908306121826
2081,421.1,11.6702184677124
2082,421.3,16.6242790222168
2083,421.5,20.5792140960693
2084,421.6,10.8012228012085
2085,421.9,5.99336242675781
2086,422.1,6.2765064239502
2087,422.3,8.74375534057617
2088,422.5,10.3451528549194
2089,422.7,6.9980788230896
2090,422.8,2.37921404838562
2091,423.0,5.44349336624146
2092,423.1,3.2971179485321
2093,423.3,6.54707431793213
2094,423.4,5.46218347549438
2095,423.7,4.65676832199097
2096,423.9,4.73065519332886
2097,424.0,2.29310035705566
2098,424.2,5.53851509094238
2099,424.4,4.95004367828369
2100,424.6,4.24174690246582
2101,424.8,5.60925769805908
2102,425.0,7.01013088226318
2103,425.1,7.7075982093811
2104,425.3,5.2342357635498
2105,425.5,2.34532761573792
2106,425.7,4.50794744491577
2107,425.9,4.40908288955688
2108,426.1,6.40698671340942
2109,426.3,6.16104793548584
2110,426.5,5.37607002258301
2111,426.6,2.58532762527466
2112,426.8,9.42148494720459
2113,426.9,8.84279441833496
2114,427.1,23.2319660186768
2115,427.2,20.1308288574219
2116,427.4,8.05152797698975
2117,427.7,5.72017478942871
2118,427.8,4.00768566131592
2119,428.0,13.134672164917
2120,428.1,13.6806983947754
2121,428.3,3.69711780548096
2122,428.4,2.59039306640625
2123,428.7,3.7739737033844
2124,428.9,17.0576419830322
2125,429.1,721.638427734375
2126,429.2,400.517211914063
2127,429.4,4.60960721969604
2128,429.5,2.6558952331543
2129,429.7,1.58882093429565
2130,429.9,18.7750225067139
2131,430.1,295.154754638672
2132,430.2,215.753707885742
2133,430.4,7.90445423126221
2134,430.6,3.82986903190613
2135,430.9,20.2595634460449
2136,431.1,256.555633544922
2137,431.2,187.301666259766
2138,431.4,7.49834060668945
2139,431.6,1.41834056377411
2140,431.8,7.92296934127808
2141,432.0,51.8354568481445
2142,432.2,97.8438415527344
2143,432.3,35.6920509338379
2144,432.5,4.47563314437866
2145,432.7,7.25641918182373
2146,432.9,20.0438423156738
2147,433.0,19.9889965057373
2148,433.2,50.9802627563477
2149,433.3,23.2803497314453
2150,433.5,4.13397359848022
2151,433.7,4.88646268844604
2152,433.9,9.47196483612061
2153,434.1,15.7837553024292
2154,434.2,8.55877685546875
2155,434.4,16.0265502929688
2156,434.5,19.0595626831055
2157,434.6,15.1813097000122
2158,434.9,6.84558963775635
2159,435.1,9.5634937286377
2160,435.2,6.02567672729492
2161,435.4,13.4169435501099
2162,435.6,16.0047168731689
2163,435.7,6.0585150718689
2164,436.0,4.75982522964478
2165,436.2,6.03039312362671
2166,436.3,3.76663756370544
2167,436.5,11.5102186203003
2168,436.6,13.1526641845703
2169,436.8,2.56820964813232
2170,436.9,5.14917039871216
2171,437.2,5.12052392959595
2172,437.4,5.8015718460083
2173,437.5,7.4717903137207
2174,437.7,1.65082967281342
2175,437.9,4.13362455368042
2176,438.1,4.53397369384766
2177,438.3,5.63109159469604
2178,438.5,5.18864631652832
2179,438.7,4.60419225692749
2180,438.8,2.53991270065308
2181,439.0,5.56978178024292
2182,439.2,7.0176420211792
2183,439.3,5.33100414276123
2184,439.6,3.30480360984802
2185,439.7,1.76524019241333
2186,439.9,4.60751104354858
2187,440.0,2.61484718322754
2188,440.2,6.79004383087158
2189,440.4,5.98637533187866
2190,440.6,4.40314388275146
2191,440.8,7.19144105911255
2192,441.0,12.7297821044922
2193,441.2,13.8506546020508
2194,441.3,9.46078586578369
2195,441.6,4.59650659561157
2196,441.8,5.34654998779297
2197,442.0,8.81659412384033
2198,442.1,4.8527512550354
2199,442.3,11.2104806900024
2200,442.5,8.3224458694458
2201,442.7,10.1724014282227
2202,442.8,8.18899536132813
2203,443.0,30.1042785644531
2204,443.1,38.0288200378418
2205,443.3,15.9187774658203
2206,443.5,3.03056764602661
2207,443.7,6.33187770843506
2208,443.8,5.5993013381958
2209,444.0,16.6125755310059
2210,444.2,19.142183303833
2211,444.3,10.6267251968384
2212,444.6,5.84838438034058
2213,444.8,16.800350189209
2214,445.0,66.6862869262695
2215,445.1,86.9851531982422
2216,445.3,20.7559833526611
2217,445.5,2.29449772834778
2218,445.7,8.06829738616943
2219,445.9,19.7631435394287
2220,446.1,36.4946708679199
2221,446.2,30.5945854187012
2222,446.4,7.06689977645874
2223,446.6,11.6076860427856
2224,446.8,19.7889957427979
2225,447.0,67.9131851196289
2226,447.1,53.3173789978027
2227,447.2,56.0759811401367
2228,447.4,9.49537086486816
2229,447.7,6.76192140579224
2230,447.9,19.7552833557129
2231,448.1,37.6532745361328
2232,448.3,32.0183410644531
2233,448.5,18.0103054046631
2234,448.6,12.2076854705811
2235,448.8,11.6504802703857
2236,448.9,8.3655891418457
2237,449.1,23.3472480773926
2238,449.2,21.8576412200928
2239,449.5,11.9041051864624
2240,449.6,11.1135368347168
2241,449.8,4.37624454498291
2242,450.0,8.16401767730713
2243,450.1,4.73082971572876
2244,450.3,10.6213102340698
2245,450.5,6.75144100189209
2246,450.6,3.65484714508057
2247,450.8,5.59423589706421
2248,451.0,5.91720533370972
2249,451.2,6.57589530944824
2250,451.3,5.99685573577881
2251,451.5,4.81362438201904
2252,451.7,2.49729251861572
2253,451.9,5.16174650192261
2254,452.0,2.75895190238953
2255,452.2,6.6363320350647
2256,452.3,3.00943231582642
2257,452.5,6.37537097930908
2258,452.6,2.74235796928406
2259,452.8,5.66794776916504
2260,452.9,3.19213962554932
2261,453.1,5.82567691802979
2262,453.2,3.34497809410095
2263,453.4,5.69746732711792
2264,453.5,3.87213969230652
2265,453.7,2.29589509963989
2266,453.9,4.84436702728271
2267,454.0,2.03615713119507
2268,454.2,5.93799114227295
2269,454.4,5.84873342514038
2270,454.6,4.96506547927856
2271,454.8,4.79441070556641
2272,455.0,6.89100456237793
2273,455.2,6.91633176803589
2274,455.3,3.74532747268677
2275,455.5,5.24279499053955
2276,455.7,4.0744104385376
2277,455.8,1.98148477077484
2278,456.0,5.11807870864868
2279,456.2,7.01834058761597
2280,456.3,4.58724880218506
2281,456.5,9.3437557220459
2282,456.6,4.28052425384521
2283,456.8,11.3851528167725
2284,457.0,16.9563312530518
2285,457.2,18.3743228912354
2286,457.3,11.8211355209351
2287,457.6,6.04157209396362
2288,457.7,3.05589509010315
2289,457.9,8.07510948181152
2290,458.1,10.8441925048828
2291,458.2,5.42235803604126
2292,458.4,9.70131015777588
2293,458.5,4.70550203323364
2294,458.7,9.63510894775391
2295,458.8,13.8162441253662
2296,459.0,72.0141448974609
2297,459.1,56.7379913330078
2298,459.2,57.4541473388672
2299,459.4,6.60716152191162
2300,459.6,6.99545860290527
2301,459.8,13.4553709030151
2302,460.0,36.4001731872559
2303,460.1,21.708646774292
2304,460.2,28.5559825897217
2305,460.5,4.81834077835083
2306,460.7,3.60122275352478
2307,460.8,5.1612229347229
2308,461.0,182.345855712891
2309,461.1,541.090454101563
2310,461.3,27.3484706878662
2311,461.4,5.97641944885254
2312,461.6,0.929606974124908
2313,461.8,7.8899564743042
2314,462.0,104.904106140137
2315,462.2,216.048553466797
2316,462.3,33.5488204956055
2317,462.5,18.0176410675049
2318,462.6,32.0097808837891
2319,462.8,11.605938911438
2320,463.0,77.0522308349609
2321,463.2,127.607856750488
2322,463.3,26.5633182525635
2323,463.5,16.899040222168
2324,463.6,12.3372926712036
2325,463.8,7.28698682785034
2326,464.0,31.1743240356445
2327,464.2,38.5877723693848
2328,464.3,20.1186027526855
2329,464.5,8.62951946258545
2330,464.8,9.25205230712891
2331,465.0,13.7453279495239
2332,465.2,17.325590133667
2333,465.3,10.2943229675293
2334,465.5,2.61013102531433
2335,465.6,4.39668130874634
2336,465.9,5.60209608078003
2337,466.1,6.7783408164978
2338,466.2,6.55336236953735
2339,466.4,5.24174690246582
2340,466.7,4.02882099151611
2341,466.8,2.01275110244751
2342,467.0,4.62899541854858
2343,467.2,5.08628797531128
2344,467.3,4.25048017501831
2345,467.6,3.46969437599182
2346,467.8,3.58358073234558
2347,468.0,4.33624458312988
2348,468.2,4.59388637542725
2349,468.4,4.98340606689453
2350,468.6,4.40436697006226
2351,468.8,3.6833188533783
2352,469.0,4.39144086837769
2353,469.2,4.62218332290649
2354,469.3,2.53502178192139
2355,469.5,4.06567668914795
2356,469.6,2.1374671459198
2357,469.8,3.79598259925842
2358,470.0,3.7074236869812
2359,470.2,5.49781656265259
2360,470.3,2.49449777603149
2361,470.5,7.07213973999023
2362,470.7,6.05956315994263
2363,470.8,3.17467260360718
2364,471.0,6.75738000869751
2365,471.1,4.15248918533325
2366,471.2,8.08681201934814
2367,471.5,5.60733604431152
2368,471.7,4.71615743637085
2369,471.9,5.51476001739502
2370,472.1,5.85607004165649
2371,472.3,6.15615701675415
2372,472.4,4.5619215965271
2373,472.7,6.45991277694702
2374,472.9,21.8113536834717
2375,473.0,24.9765930175781
2376,473.2,63.3825340270996
2377,473.3,28.2637557983398
2378,473.6,6.40122270584106
2379,473.8,7.86340618133545
2380,473.9,9.78445434570313
2381,474.1,28.6826210021973
2382,474.2,20.135721206665
2383,474.4,3.24174666404724
2384,474.7,2.7109169960022
2385,474.8,3.27161574363708
2386,475.0,44.3984260559082
2387,475.2,1347.46301269531
2388,475.3,130.569427490234
2389,475.5,2.2890830039978
2390,475.7,2.26550221443176
2391,475.8,2.27406120300293
2392,476.0,58.0576400756836
2393,476.2,563.225830078125
2394,476.3,108.820610046387
2395,476.4,12.8985157012939
2396,476.7,3.81379914283752
2397,476.9,15.5820083618164
2398,477.1,207.358947753906
2399,477.2,254.70881652832
2400,477.4,16.036506652832
2401,477.7,3.42462873458862
2402,477.9,16.1172046661377
2403,478.0,26.6663761138916
2404,478.2,96.74462890625
2405,478.3,34.1968574523926
2406,478.4,16.7734489440918
2407,478.7,5.20995616912842
2408,478.9,12.7533626556396
2409,479.1,29.9430561065674
2410,479.2,33.118953704834
2411,479.4,10.2314414978027
2412,479.7,4.34288215637207
2413,479.9,6.95109176635742
2414,480.1,11.2855892181396
2415,480.3,10.7240171432495
2416,480.4,3.99109172821045
2417,480.5,4.61467266082764
2418,480.8,3.46061134338379
2419,481.0,5.5797381401062
2420,481.2,5.93222713470459
2421,481.3,3.24628829956055
2422,481.4,4.45606994628906
2423,481.7,3.68122267723083
2424,481.9,4.25117921829224
2425,482.1,4.74323129653931
2426,482.2,2.47213983535767
2427,482.4,5.44279479980469
2428,482.5,4.99458503723145
2429,482.7,2.36384272575378
2430,482.9,4.28471612930298
2431,483.0,2.64174675941467
2432,483.2,4.9448037147522
2433,483.4,4.51615715026855
2434,483.6,4.13379907608032
2435,483.7,2.04279470443726
2436,483.9,3.83807849884033
2437,484.0,1.75336241722107
2438,484.2,4.69903945922852
2439,484.4,5.4396505355835
2440,484.6,5.12296962738037
2441,484.8,5.46934509277344
2442,485.0,5.68192148208618
2443,485.2,5.67144107818604
2444,485.4,5.35458517074585
2445,485.6,4.70655012130737
2446,485.7,2.28716158866882
2447,485.9,4.35528373718262
2448,486.0,2.24261999130249
2449,486.2,5.54497814178467
2450,486.4,5.13449764251709
2451,486.6,4.51965045928955
2452,486.8,8.10550212860107
2453,487.0,16.7685585021973
2454,487.2,22.8124008178711
2455,487.3,9.23528385162354
2456,487.4,10.7311792373657
2457,487.7,5.81013107299805
2458,487.9,8.83580780029297
2459,488.1,14.1495199203491
2460,488.2,10.7961568832397
2461,488.4,2.51598262786865
2462,488.7,2.01240181922913
2463,488.8,2.86899566650391
2464,489.0,28.2326641082764
2465,489.2,1239.95446777344
2466,489.3,181.141128540039
2467,489.5,2.26131010055542
2468,489.7,2.25013089179993
2469,489.9,8.36296939849854
2470,490.1,245.696594238281
2471,490.2,490.928894042969
2472,490.4,9.50131034851074
2473,490.5,2.77327513694763
2474,490.8,3.20716166496277
2475,491.0,49.3633193969727
2476,491.2,371.044189453125
2477,491.3,110.592140197754
2478,491.5,2.2019214630127
2479,491.7,2.49676847457886
2480,491.9,13.2244539260864
2481,492.1,84.3364181518555
2482,492.2,54.7664642333984
2483,492.3,56.5811347961426
2484,492.5,6.11720514297485
2485,492.8,5.182532787323
2486,493.0,25.5771179199219
2487,493.2,42.8167686462402
2488,493.3,28.8997383117676
2489,493.5,5.3846287727356
2490,493.8,4.52262020111084
2491,494.0,10.5351963043213
2492,494.2,14.2216596603394
2493,494.3,6.18515300750732
2494,494.4,7.56174659729004
2495,494.7,3.68244552612305
2496,494.9,4.99476003646851
2497,495.0,3.43283843994141
2498,495.1,8.75336265563965
2499,495.3,3.44331884384155
2500,495.4,6.35790395736694
2501,495.7,3.29868984222412
2502,495.9,3.80524015426636
2503,496.0,2.28786015510559
2504,496.2,5.46078586578369
2505,496.4,4.72943210601807
2506,496.6,4.08768558502197
2507,496.8,3.37240171432495
2508,496.9,1.84244537353516
2509,497.1,3.96960687637329
2510,497.3,4.29327487945557
2511,497.5,3.93624448776245
2512,497.6,3.05170297622681
2513,497.8,1.33641922473907
2514,498.0,3.42130994796753
2515,498.2,3.97694325447083
2516,498.3,2.36034941673279
2517,498.5,4.5444540977478
2518,498.6,4.55825328826904
2519,498.9,3.899738073349
2520,499.1,4.51947593688965
2521,499.3,5.45187759399414
2522,499.4,2.59021830558777
2523,499.6,3.95336246490479
2524,499.8,3.71685600280762
2525,500.0,4.2181658744812
2526,500.1,2.33834052085876
2527,500.2,3.98113536834717
2528,500.5,4.17781639099121
2529,500.7,5.55458498001099
2530,500.9,6.44716167449951
2531,501.1,10.1979036331177
2532,501.2,5.85903930664063
2533,501.4,9.87126636505127
2534,501.5,2.89082980155945
2535,501.7,4.5053277015686
2536,501.9,5.26794767379761
2537,502.0,3.97205233573914
2538,502.2,8.76663780212402
2539,502.3,6.26305675506592
2540,502.5,4.18969440460205
2541,502.8,6.62131023406982
2542,503.0,47.1993026733398
2543,503.2,142.807678222656
2544,503.3,58.3884735107422
2545,503.5,5.41152858734131
2546,503.7,1.38951969146729
2547,503.9,13.9835805892944
2548,504.0,22.7703056335449
2549,504.2,69.1835784912109
2550,504.3,39.2850646972656
2551,504.5,7.24471616744995
2552,504.8,8.485764503479
2553,504.9,12.2702178955078
2554,505.1,57.1037559509277
2555,505.2,54.0700454711914
2556,505.4,14.9685592651367
2557,505.7,5.37816572189331
2558,505.9,11.32785987854
2559,506.1,24.6716156005859
2560,506.2,23.256420135498
2561,506.4,6.07772922515869
2562,506.5,6.17362451553345
2563,506.8,8.10008716583252
2564,507.0,19.2731876373291
2565,507.1,24.3310050964355
2566,507.3,8.38969421386719
2567,507.4,8.29868984222412
2568,507.7,4.47982549667358
2569,507.9,6.95947599411011
2570,508.1,10.6218338012695
2571,508.2,6.01100444793701
2572,508.3,8.13205242156982
2573,508.6,4.05379915237427
2574,508.7,1.8400000333786
2575,508.9,5.45834064483643
2576,509.0,3.58567690849304
2577,509.2,7.35196495056152
2578,509.3,2.97711801528931
2579,509.4,4.67947578430176
2580,509.7,3.26043677330017
2581,509.9,4.5832314491272
2582,510.0,2.03441047668457
2583,510.2,4.91860246658325
2584,510.3,4.40314388275146
2585,510.6,3.26532745361328
2586,510.8,3.17676854133606
2587,510.9,1.6494323015213
2588,511.1,4.30951976776123
2589,511.3,3.99598264694214
2590,511.5,4.10165929794312
2591,511.7,3.07528376579285
2592,511.9,3.83947587013245
2593,512.1,3.70410490036011
2594,512.3,4.65903949737549
2595,512.4,2.19458508491516
2596,512.6,4.1294322013855
2597,512.7,3.64576411247253
2598,512.9,3.77344989776611
2599,513.2,4.03074216842651
2600,513.4,4.55161571502686
2601,513.5,2.1082968711853
2602,513.6,4.13816595077515
2603,513.9,3.93676853179932
2604,514.0,1.83004367351532
2605,514.2,3.81152844429016
2606,514.3,1.85222709178925
2607,514.5,3.63947606086731
2608,514.6,1.87126636505127
2609,514.8,4.04209613800049
2610,514.9,3.18567681312561
2611,515.1,5.93816614151001
2612,515.3,5.75912666320801
2613,515.5,5.12628841400146
2614,515.7,4.19650650024414
2615,515.9,4.19790410995483
2616,516.1,5.47807836532593
2617,516.2,5.79737997055054
2618,516.5,5.41589498519897
2619,516.7,5.59633207321167
2620,516.9,9.20524024963379
2621,517.1,11.3884716033936
2622,517.3,11.4979915618896
2623,517.4,5.9042797088623
2624,517.7,4.74724912643433
2625,517.8,3.31056761741638
2626,518.0,7.3082971572876
2627,518.2,7.98340606689453
2628,518.4,5.83441066741943
2629,518.5,2.31685590744019
2630,518.7,7.58969449996948
2631,518.9,20.3834056854248
2632,519.1,37.0576400756836
2633,519.2,28.7991275787354
2634,519.4,9.56069850921631
2635,519.7,6.22882080078125
2636,519.8,5.19720506668091
2637,520.0,17.0941486358643
2638,520.1,9.63126659393311
2639,520.2,17.0272483825684
2640,520.4,7.10620069503784
2641,520.6,2.44733619689941
2642,520.8,12.3110914230347
2643,521.0,51.8344116210938
2644,521.2,80.5760726928711
2645,521.3,21.6861133575439
2646,521.4,9.54200839996338
2647,521.7,5.39563322067261
2648,521.8,6.03999996185303
2649,522.0,26.2445411682129
2650,522.2,40.3039283752441
2651,522.3,18.8880348205566
2652,522.5,2.76960706710815
2653,522.7,5.39109182357788
2654,522.9,12.8324890136719
2655,523.0,10.8878602981567
2656,523.2,26.8592147827148
2657,523.3,14.8751087188721
2658,523.6,4.91248893737793
2659,523.7,1.83615720272064
2660,523.9,7.70008754730225
2661,524.1,9.94986915588379
2662,524.2,5.23109149932861
2663,524.3,7.66515302658081
2664,524.5,4.01991271972656
2665,524.8,4.62026214599609
2666,525.0,5.85956335067749
2667,525.2,6.95930147171021
2668,525.4,5.11196517944336
2669,525.6,3.04541492462158
2670,525.8,3.26550221443176
2671,526.0,3.76227068901062
2672,526.1,2.52087330818176
2673,526.3,4.14951944351196
2674,526.5,4.59301328659058
2675,526.7,4.32279491424561
2676,526.9,4.7821831703186
2677,527.1,3.23947596549988
2678,527.2,2.0080349445343
2679,527.4,4.0939736366272
2680,527.6,3.5088210105896
2681,527.8,3.77065491676331
2682,527.9,2.02864623069763
2683,528.0,3.25956320762634
2684,528.3,4.131178855896
2685,528.4,2.3439302444458
2686,528.6,4.06253290176392
2687,528.8,3.48436689376831
2688,529.0,3.55545854568481
2689,529.1,4.54218339920044
2690,529.4,4.61449766159058
2691,529.5,3.87825322151184
2692,529.7,2.01310038566589
2693,529.9,4.09711790084839
2694,530.1,3.92873358726501
2695,530.3,4.91965055465698
2696,530.5,4.56471633911133
2697,530.7,4.68052387237549
2698,530.9,5.56279468536377
2699,531.1,7.28069877624512
2700,531.3,7.35493469238281
2701,531.4,2.31213974952698
2702,531.6,4.04454135894775
2703,531.8,4.74427938461304
2704,532.0,5.15388631820679
2705,532.1,2.7109169960022
2706,532.3,5.74742364883423
2707,532.4,4.07004356384277
2708,532.7,6.40174674987793
2709,532.9,15.9739742279053
2710,533.0,14.0045413970947
2711,533.2,38.1806106567383
2712,533.3,13.5743227005005
2713,533.4,10.1488208770752
2714,533.7,5.30655002593994
2715,533.9,11.5856771469116
2716,534.1,19.3790397644043
2717,534.2,16.0848903656006
2718,534.4,5.54550218582153
2719,534.6,1.11353707313538
2720,534.8,5.07668113708496
2721,535.0,63.2710914611816
2722,535.2,336.185150146484
2723,535.3,79.1704788208008
2724,535.5,2.68995642662048
2725,535.7,3.66672492027283
2726,535.9,17.6957206726074
2727,536.1,110.597030639648
2728,536.2,130.434066772461
2729,536.4,15.565239906311
2730,536.7,4.98078584671021
2731,536.9,19.0775547027588
2732,537.1,78.2534484863281
2733,537.2,80.0544967651367
2734,537.4,15.039999961853
2735,537.7,4.43196487426758
2736,537.8,3.91074228286743
2737,538.0,20.5827083587646
2738,538.2,33.6969413757324
2739,538.3,20.6338863372803
2740,538.5,4.9984278678894
2741,538.7,2.31371188163757
2742,538.9,8.66917037963867
2743,539.1,13.0270738601685
2744,539.3,14.0356330871582
2745,539.4,6.67458534240723
2746,539.6,1.82305681705475
2747,539.8,3.64558959007263
2748,540.0,5.88436698913574
2749,540.1,3.43475985527039
2750,540.3,6.63720512390137
2751,540.5,5.29624462127686
2752,540.7,4.50340604782104
2753,540.8,1.52733623981476
2754,541.0,4.53222703933716
2755,541.2,3.95441055297852
2756,541.4,3.62829685211182
2757,541.5,3.91720533370972
2758,541.8,3.92524027824402
2759,542.0,3.5477728843689
2760,542.2,3.64663743972778
2761,542.4,3.80786037445068
2762,542.6,3.73484706878662
2763,542.8,4.00646305084229
2764,542.9,2.06689953804016
2765,543.1,3.77903938293457
2766,543.3,3.98567676544189
2767,543.4,2.10253286361694
2768,543.6,3.78410482406616
2769,543.7,1.7512663602829
2770,543.9,3.90847158432007
2771,544.0,1.86567687988281
2772,544.2,3.55703067779541
2773,544.3,1.99982535839081
2774,544.5,4.21729278564453
2775,544.7,4.5460262298584
2776,544.9,4.60069847106934
2777,545.1,5.05257654190063
2778,545.2,2.3972053527832
2779,545.4,4.57013082504272
2780,545.5,2.32017469406128
2781,545.7,4.0726637840271
2782,545.8,3.48541474342346
2783,546.1,4.17310047149658
2784,546.3,4.13711786270142
2785,546.5,4.48227071762085
2786,546.7,5.34165954589844
2787,546.8,4.6010479927063
2788,547.0,14.4904804229736
2789,547.2,22.283842086792
2790,547.3,16.8089084625244
2791,547.5,6.35510921478271
2792,547.8,5.59825325012207
2793,547.9,3.98078608512878
2794,548.1,12.9617471694946
2795,548.2,7.0176420211792
2796,548.3,7.40192127227783
2797,548.5,1.28768563270569
2798,548.7,1.56139743328094
2799,548.8,1.83772921562195
2800,549.0,14.2284717559814
2801,549.1,120.825325012207
2802,549.2,805.106872558594
2803,549.4,45.6517028808594
2804,549.6,1.58340609073639
2805,549.8,2.83703064918518
2806,549.9,3.77572059631348
