#"+ Scan (rt: 4.980-38.001 min, 5725 scans) CARNAUBA181018_4.D "
#Point,X(Thompsons),Y(Counts)
0,45.1,2309.98828125
1,45.3,1.25921392440796
2,45.5,0.0270742364227772
3,45.7,1.26148474216461
4,45.9,42.5273361206055
5,46.1,227.544799804688
6,46.2,61.6634063720703
7,46.4,4.92244529724121
8,46.7,4.87353706359863
9,46.9,59.3524894714355
10,47.1,369.987060546875
11,47.2,49.1219215393066
12,47.4,2.2181658744812
13,47.6,1.03353714942932
14,47.8,13.1512660980225
15,48.0,35.5194778442383
16,48.1,35.3498687744141
17,48.3,6.7089958190918
18,48.4,4.5462007522583
19,48.7,4.58427953720093
20,48.9,43.2698707580566
21,49.1,161.852233886719
22,49.2,47.899040222168
23,49.4,2.80786037445068
24,49.5,0.821484744548798
25,49.7,0.322620093822479
26,49.9,28.7538871765137
27,50.1,1293.02758789063
28,50.2,135.167678833008
29,50.4,0.339737981557846
30,51.0,301.040008544922
31,51.1,2393.60888671875
32,51.3,3.04209613800049
33,51.8,0.909519672393799
34,52.0,226.629165649414
35,52.1,1105.20947265625
36,52.3,16.4469871520996
37,52.5,0.0532751083374023
38,52.8,0.489082962274551
39,53.0,158.411697387695
40,53.1,7112.216796875
41,53.3,2.03441047668457
42,54.0,51.5710029602051
43,54.1,14726.982421875
44,54.3,4.20646286010742
45,55.0,1.83179044723511
46,55.1,81281.5
47,56.0,13.2027950286865
48,56.2,33711.05859375
49,56.3,1.20489084720612
50,57.0,7.51510906219482
51,57.2,71535.2890625
52,57.3,0.759126663208008
53,57.8,3.10375547409058
54,58.0,160.349166870117
55,58.2,3892.66870117188
56,58.3,17.7121391296387
57,58.5,0.6340611577034
58,58.8,3.10794758796692
59,59.0,243.939910888672
60,59.1,1549.27819824219
61,59.2,302.789337158203
62,59.4,1.54165935516357
63,59.6,0.0986899584531784
64,59.8,1.1388646364212
65,60.0,372.215881347656
66,60.1,2544.48168945313
67,60.3,3.00663757324219
68,60.8,4.63912677764893
69,61.0,328.035980224609
70,61.1,1048.29260253906
71,61.3,5.99406099319458
72,61.6,0.535895168781281
73,61.8,10.6655025482178
74,62.0,202.526992797852
75,62.1,576.746215820313
76,62.3,12.0020961761475
77,62.5,0.881222724914551
78,62.7,0.96611350774765
79,62.9,44.745677947998
80,63.1,1577.04125976563
81,63.2,129.089263916016
82,63.4,0.953013122081757
83,63.7,4.06253290176392
84,63.9,65.5540618896484
85,64.1,435.23388671875
86,64.2,103.183753967285
87,64.4,3.51510906219482
88,64.6,0.0932751074433327
89,64.8,0.772751092910767
90,65.0,281.588470458984
91,65.1,3497.90209960938
92,65.3,4.04681205749512
93,65.6,0.278951972723007
94,65.8,3.84820961952209
95,66.0,250.886459350586
96,66.1,2466.3349609375
97,66.3,19.0965938568115
98,67.0,51.4131011962891
99,67.1,24129.349609375
100,68.0,55.5568542480469
101,68.1,18737.34375
102,68.3,3.17432308197021
103,69.0,12.2981662750244
104,69.1,53467.30859375
105,70.0,41.0455894470215
106,70.2,27432.56640625
107,70.3,2.70462870597839
108,70.9,1.52855896949768
109,71.1,8001.1318359375
110,71.2,28767.935546875
111,71.5,0.0483842790126801
112,71.8,2.71685600280762
113,72.0,115.386024475098
114,72.2,2123.46435546875
115,72.3,22.6908302307129
116,72.4,2.26707434654236
117,73.0,184.110565185547
118,73.1,25654.37109375
119,73.3,2.19598245620728
120,73.6,0.0691703036427498
121,73.8,3.13362455368042
122,74.0,323.780609130859
123,74.1,2645.69140625
124,74.3,4.48698711395264
125,74.5,0.33030566573143
126,74.7,0.666026175022125
127,74.9,28.6492576599121
128,75.1,2221.35717773438
129,75.2,119.65274810791
130,75.4,0.892576396465302
131,75.7,2.64820957183838
132,75.9,69.3696060180664
133,76.1,391.865661621094
134,76.2,130.109176635742
135,76.4,1.19982528686523
136,77.0,493.316162109375
137,77.1,4222.3486328125
138,77.3,0.224978163838387
139,77.9,10.9465503692627
140,78.1,2063.1767578125
141,78.2,371.430908203125
142,78.4,0.207336246967316
143,79.0,361.740600585938
144,79.1,7268.4130859375
145,79.3,0.442445427179337
146,79.8,1.27703058719635
147,80.0,205.930480957031
148,80.1,2781.75341796875
149,80.3,18.0932750701904
150,80.4,0.898689985275269
151,81.0,79.3168563842773
152,81.1,21454.521484375
153,82.0,60.2897834777832
154,82.1,29325.3671875
155,82.3,0.42585152387619
156,83.0,28.8904800415039
157,83.1,54563.51953125
158,83.3,1.8627073764801
159,83.8,0.0988646298646927
160,84.0,87.700439453125
161,84.2,16609.15625
162,84.3,12.6454153060913
163,84.6,0.0534497834742069
164,84.8,0.724890828132629
165,85.0,72.9344940185547
166,85.2,22630.00390625
167,85.3,13.0059385299683
168,85.5,0.0221834052354097
169,85.7,0.554585158824921
170,85.9,32.4793014526367
171,86.1,655.162109375
172,86.2,1189.44030761719
173,86.4,4.27580785751343
174,86.6,0.45502182841301
175,86.8,6.59423589706421
176,87.0,390.736083984375
177,87.1,995.646789550781
178,87.3,10.4569435119629
179,87.6,2.28890824317932
180,87.8,30.0459384918213
181,88.0,200.201751708984
182,88.1,244.578689575195
183,88.3,21.2309169769287
184,88.5,1.27056765556335
185,88.7,3.14288210868835
186,88.9,115.515808105469
187,89.0,463.131713867188
188,89.1,961.333129882813
189,89.3,8.77065467834473
190,89.5,2.63528394699097
191,89.7,14.1095199584961
192,89.8,29.7121391296387
193,90.0,133.773620605469
194,90.1,169.4677734375
195,90.2,119.334671020508
196,90.4,0.741310060024261
197,90.9,0.882445394992828
198,91.1,8088.3212890625
199,91.2,344.710754394531
200,91.7,0.0754585117101669
201,91.9,30.9839305877686
202,92.1,1344.40979003906
203,92.2,298.985687255859
204,92.4,0.926288187503815
205,92.8,0.558427929878235
206,93.0,229.020782470703
207,93.1,3704.73999023438
208,93.3,7.27860260009766
209,93.7,0.193886458873749
210,93.9,12.496768951416
211,94.1,2725.98461914063
212,94.2,813.336608886719
213,94.4,2.34218335151672
214,95.0,61.0174674987793
215,95.1,15103.5029296875
216,95.3,12.6263751983643
217,96.0,238.205932617188
218,96.1,24081.802734375
219,96.3,3.67475986480713
220,96.5,0.158951967954636
221,96.9,12.960000038147
222,97.1,10990.5146484375
223,97.2,41694.68359375
224,97.7,0.106200873851776
225,97.9,9.85764217376709
226,98.1,3141.51416015625
227,98.2,8447.1083984375
228,98.4,0.620960712432861
229,98.7,0.44820961356163
230,98.8,2.25816583633423
231,99.0,122.750396728516
232,99.2,5627.52978515625
233,99.3,25.7841053009033
234,99.4,2.34637546539307
235,99.7,1.54183411598206
236,99.9,36.0747604370117
237,100.1,480.109680175781
238,100.2,374.664978027344
239,100.4,5.16890811920166
240,100.7,5.24751091003418
241,100.9,53.8726654052734
242,101.0,163.279479980469
243,101.1,517.740783691406
244,101.3,18.3467254638672
245,101.5,2.0160698890686
246,101.7,5.40593910217285
247,101.8,15.4934501647949
248,102.0,246.454498291016
249,102.1,343.014678955078
250,102.3,17.9234943389893
251,102.5,1.1743232011795
252,102.8,4.86497831344604
253,103.0,806.264099121094
254,103.1,809.819030761719
255,103.2,118.872840881348
256,103.4,0.233711794018745
257,103.7,3.0841920375824
258,103.9,93.8295211791992
259,104.1,653.868103027344
260,104.2,154.219741821289
261,104.4,1.98288214206696
262,104.9,12.316855430603
263,105.1,3573.6796875
264,105.2,319.207153320313
265,105.7,0.557729244232178
266,105.9,39.3252410888672
267,106.1,785.961242675781
268,106.2,267.454833984375
269,106.4,3.86655020713806
270,106.9,7.2765064239502
271,107.1,6073.99267578125
272,107.2,486.034057617188
273,107.4,0.0834934487938881
274,107.7,0.508646309375763
275,107.9,21.2527503967285
276,108.1,2407.7158203125
277,108.2,623.90478515625
278,108.4,1.95615720748901
279,108.6,0.0373799130320549
280,108.8,0.289432317018509
281,109.0,108.238426208496
282,109.1,7676.599609375
283,109.3,15.6840171813965
284,109.6,0.143755465745926
285,109.9,12.1283845901489
286,110.1,2227.76831054688
287,110.2,5238.265625
288,110.4,1.50270748138428
289,110.7,0.189344972372055
290,110.9,8.77903938293457
291,111.1,2321.296875
292,111.2,21818.4921875
293,111.4,1.24157202243805
294,111.6,0.159301310777664
295,111.8,3.01152849197388
296,112.0,107.21012878418
297,112.2,6047.943359375
298,112.3,52.2586898803711
299,112.4,4.21502161026001
300,112.7,2.23213982582092
301,112.9,23.7898693084717
302,113.0,101.90567779541
303,113.2,3136.4736328125
304,113.3,39.103931427002
305,113.6,2.07790398597717
306,113.8,10.2691707611084
307,114.0,114.655548095703
308,114.2,509.959655761719
309,114.3,28.8262004852295
310,114.6,0.386899560689926
311,114.8,1.80855894088745
312,115.0,664.944641113281
313,115.1,1951.8193359375
314,115.3,1.92069864273071
315,115.6,0.422008723020554
316,115.8,8.09362411499023
317,116.0,275.267761230469
318,116.1,520.497131347656
319,116.3,20.5296077728271
320,116.5,0.447685599327087
321,116.7,0.506375551223755
322,116.9,36.2066383361816
323,117.0,435.758605957031
324,117.1,1541.65393066406
325,117.3,6.36261987686157
326,117.6,0.446462869644165
327,117.8,11.9956331253052
328,118.0,268.676849365234
329,118.1,665.994567871094
330,118.3,27.4880352020264
331,118.5,0.339388638734818
332,118.7,0.0922270715236664
333,118.9,18.3551082611084
334,119.1,5340.955078125
335,119.2,291.334686279297
336,119.4,0.407161563634872
337,119.7,0.193362444639206
338,119.9,27.522970199585
339,120.1,8808.244140625
340,120.2,385.473724365234
341,120.4,0.646637558937073
342,120.6,0.263580799102783
343,120.9,13.2061138153076
344,121.1,4177.5146484375
345,121.2,720.003295898438
346,121.4,0.331528395414352
347,121.7,0.27825328707695
348,121.9,26.4993877410889
349,122.1,1481.47875976563
350,122.2,1031.70776367188
351,122.4,2.36436676979065
352,122.7,1.13467252254486
353,122.9,15.5481224060059
354,123.1,1909.38989257813
355,123.2,3293.63500976563
356,123.4,2.07685589790344
357,123.7,0.930829703807831
358,123.9,17.6899566650391
359,124.0,83.1968536376953
360,124.2,4187.625
361,124.3,57.0702171325684
362,124.6,1.18323147296906
363,124.8,4.00611352920532
364,125.0,107.390045166016
365,125.1,1060.15368652344
366,125.2,9985.6328125
367,125.4,3.98008728027344
368,125.5,3.78096079826355
369,125.8,12.3675107955933
370,126.0,140.359832763672
371,126.1,449.011535644531
372,126.2,3320.13403320313
373,126.4,12.277379989624
374,126.7,6.36908292770386
375,126.8,7.10951948165894
376,127.0,194.36262512207
377,127.2,2337.45874023438
378,127.3,34.7731018066406
379,127.5,0.941310048103333
380,127.7,2.5123143196106
381,127.9,37.5855026245117
382,128.1,1021.82220458984
383,128.2,365.275970458984
384,128.4,1.57956326007843
385,128.5,0.979737997055054
386,128.8,3.76978158950806
387,129.0,283.718078613281
388,129.1,1484.63208007813
389,129.2,343.197021484375
390,129.4,1.07091701030731
391,129.7,1.98689961433411
392,129.9,44.914234161377
393,130.1,387.560180664063
394,130.2,156.510040283203
395,130.4,2.87091708183289
396,130.5,1.23598253726959
397,130.8,2.75633192062378
398,131.0,395.622711181641
399,131.1,1613.97534179688
400,131.3,7.86742353439331
401,131.5,0.326986908912659
402,131.7,1.38899564743042
403,131.9,60.0866394042969
404,132.0,204.676162719727
405,132.1,745.727172851563
406,132.3,25.2366809844971
407,132.4,2.38689947128296
408,132.7,0.642620086669922
409,132.9,15.6653270721436
410,133.1,5844.25634765625
411,133.2,187.885589599609
412,133.3,6.11056756973267
413,133.6,0.431266367435455
414,133.8,3.2551965713501
415,134.0,405.378326416016
416,134.1,1988.65307617188
417,134.2,470.101470947266
418,134.4,0.82759827375412
419,134.5,0.91598254442215
420,134.7,0.440174669027328
421,134.9,13.1404371261597
422,135.1,4487.64794921875
423,135.2,663.934997558594
424,135.4,1.27126634120941
425,135.7,0.636681199073792
426,135.9,29.5165061950684
427,136.1,948.943054199219
428,136.2,558.616271972656
429,136.4,3.24454140663147
430,136.6,1.43318772315979
431,136.8,4.01432323455811
432,137.0,244.485931396484
433,137.2,2628.78540039063
434,137.3,20.8824462890625
435,137.6,0.745152831077576
436,137.8,5.237380027771
437,138.0,102.707252502441
438,138.1,480.912322998047
439,138.2,2194.99975585938
440,138.4,6.10689973831177
441,138.5,2.94480347633362
442,138.8,5.45781660079956
443,139.0,150.574325561523
444,139.2,4359.22265625
445,139.3,34.2239303588867
446,139.5,1.75056767463684
447,139.8,6.53135347366333
448,140.0,74.5206985473633
449,140.2,2248.193359375
450,140.3,79.7526626586914
451,140.5,2.87737989425659
452,140.8,4.55842781066895
453,141.0,205.203491210938
454,141.1,682.9736328125
455,141.2,1752.91003417969
456,141.4,2.09117913246155
457,141.7,2.02934503555298
458,141.8,7.66375541687012
459,142.0,165.505508422852
460,142.2,526.264282226563
461,142.3,31.6817474365234
462,142.4,5.53379917144775
463,142.6,1.31790387630463
464,142.8,6.40838432312012
465,143.0,208.882263183594
466,143.1,1005.18218994141
467,143.3,24.8721389770508
468,143.5,0.688384294509888
469,143.7,2.83406114578247
470,143.9,41.8669013977051
471,144.1,500.055206298828
472,144.2,185.912307739258
473,144.4,3.87650656700134
474,144.5,1.44768559932709
475,144.7,0.600000023841858
476,144.9,22.2873363494873
477,145.1,1346.283203125
478,145.2,364.52978515625
479,145.3,14.1814851760864
480,145.6,1.30305671691895
481,145.7,2.03755450248718
482,145.9,46.8759841918945
483,146.0,149.117034912109
484,146.1,577.956176757813
485,146.3,25.8894329071045
486,146.5,0.960698664188385
487,146.7,0.259388655424118
488,146.9,22.701135635376
489,147.1,9329.501953125
490,147.2,273.454833984375
491,147.3,8.60576438903809
492,147.6,0.370655030012131
493,147.8,3.5799126625061
494,148.0,377.216583251953
495,148.1,1841.82275390625
496,148.2,386.964019775391
497,148.4,2.44995641708374
498,148.7,1.53711795806885
499,148.9,25.9203491210938
500,149.0,313.564880371094
501,149.1,1965.5439453125
502,149.3,22.164192199707
503,149.6,1.51807856559753
504,149.7,1.90445411205292
505,149.9,37.8419227600098
506,150.1,483.789855957031
507,150.2,450.924713134766
508,150.4,7.28139734268188
509,150.6,1.4281222820282
510,150.8,9.53816604614258
511,150.9,25.9825325012207
512,151.1,592.912475585938
513,151.2,673.51806640625
514,151.4,2.51510906219482
515,151.6,2.0663754940033
516,151.8,7.0373797416687
517,151.9,25.3924884796143
518,152.1,616.993041992188
519,152.2,1449.869140625
520,152.4,5.4733624458313
521,152.6,1.1390392780304
522,152.8,6.78812217712402
523,153.0,184.874053955078
524,153.2,2668.58032226563
525,153.3,23.7313537597656
526,153.5,2.25554585456848
527,153.8,8.31842803955078
528,154.0,128.042449951172
529,154.2,1741.82482910156
530,154.3,53.9245414733887
531,154.4,9.98864650726318
532,154.6,1.52419209480286
533,154.8,8.31790351867676
534,155.0,211.988647460938
535,155.2,1367.19897460938
536,155.3,39.695198059082
537,155.5,2.12873363494873
538,155.7,5.16628837585449
539,155.9,45.9617462158203
540,156.0,89.3046264648438
541,156.2,324.777801513672
542,156.3,47.2434921264648
543,156.6,3.79563307762146
544,156.8,7.76052379608154
545,157.0,192.218521118164
546,157.1,747.187072753906
547,157.3,26.0656776428223
548,157.4,4.46969413757324
549,157.7,3.03772926330566
550,157.9,38.3788642883301
551,158.1,328.821655273438
552,158.2,159.353881835938
553,158.3,37.8284721374512
554,158.5,2.48593878746033
555,158.8,5.02532768249512
556,159.0,176.344451904297
557,159.1,958.87841796875
558,159.3,29.2097816467285
559,159.4,3.79615712165833
560,159.6,0.787248909473419
561,159.8,8.16768550872803
562,160.0,125.135192871094
563,160.1,197.63493347168
564,160.2,217.988815307617
565,160.4,7.52541494369507
566,160.7,2.57554578781128
567,160.9,66.1119613647461
568,161.0,302.929962158203
569,161.1,1196.76647949219
570,161.3,16.1954593658447
571,161.4,3.0532751083374
572,161.6,1.25554585456848
573,161.8,14.8663759231567
574,162.0,181.500793457031
575,162.1,253.891174316406
576,162.2,232.402618408203
577,162.4,6.28978157043457
578,162.7,4.73135375976563
579,162.9,98.6634063720703
580,163.1,1220.20068359375
581,163.2,212.725769042969
582,163.4,4.25537109375
583,163.7,6.30917024612427
584,163.8,15.7641925811768
585,164.0,228.148818969727
586,164.1,410.992828369141
587,164.3,30.4101314544678
588,164.5,2.33082962036133
589,164.8,7.30235815048218
590,165.0,445.680511474609
591,165.1,1091.34130859375
592,165.3,21.1039295196533
593,165.5,1.54148471355438
594,165.8,9.97903919219971
595,166.0,139.973968505859
596,166.2,1207.02404785156
597,166.3,56.9334487915039
598,166.6,2.66637563705444
599,166.8,8.85676860809326
600,167.0,138.952133178711
601,167.2,1657.87121582031
602,167.3,49.1294326782227
603,167.5,2.23720526695251
604,167.8,6.78864622116089
605,167.9,19.9678611755371
606,168.1,188.450302124023
607,168.2,1136.77465820313
608,168.4,12.740611076355
609,168.7,4.15318775177002
610,168.8,4.50323152542114
611,169.0,114.136940002441
612,169.2,857.576965332031
613,169.3,94.7889938354492
614,169.6,2.68052411079407
615,169.7,2.75912666320801
616,169.9,32.5254135131836
617,170.1,186.087692260742
618,170.2,177.584106445313
619,170.4,12.2204370498657
620,170.7,3.43807864189148
621,170.9,25.8539733886719
622,171.1,417.490142822266
623,171.2,308.195465087891
624,171.4,5.04576396942139
625,171.7,3.40716147422791
626,171.9,30.2510051727295
627,172.1,194.996505737305
628,172.2,149.551620483398
629,172.4,6.37676858901978
630,172.5,4.01467227935791
631,172.8,7.01030588150024
632,173.0,107.402442932129
633,173.2,676.100463867188
634,173.3,45.218864440918
635,173.6,2.75912666320801
636,173.8,8.68227100372314
637,174.0,90.9123153686523
638,174.2,264.029357910156
639,174.3,48.1835823059082
640,174.6,3.37869000434875
641,174.7,1.95144104957581
642,174.9,33.3310050964355
643,175.0,128.004547119141
644,175.2,804.263061523438
645,175.3,42.3264617919922
646,175.5,1.92034935951233
647,175.7,5.51388645172119
648,175.9,81.6293487548828
649,176.1,446.704986572266
650,176.2,165.103225708008
651,176.4,6.26200866699219
652,176.6,1.38969433307648
653,176.8,14.2534494400024
654,176.9,84.2628784179688
655,177.0,1730.90930175781
656,177.2,86.992317199707
657,177.4,2.51947593688965
658,177.6,1.07807862758636
659,177.8,10.485239982605
660,178.0,381.776947021484
661,178.1,688.210144042969
662,178.3,18.0972919464111
663,178.6,2.8625328540802
664,178.8,9.98847198486328
665,179.0,501.782196044922
666,179.1,903.19775390625
667,179.3,17.4854145050049
668,179.4,3.51912665367126
669,179.6,0.796506524085999
670,179.8,8.3226203918457
671,180.0,140.850830078125
672,180.2,850.151245117188
673,180.3,138.326110839844
674,180.5,4.01205253601074
675,180.8,9.99004364013672
676,180.9,33.2017478942871
677,181.1,349.973266601563
678,181.2,977.830017089844
679,181.4,5.40314388275146
680,181.6,1.09956336021423
681,181.8,9.12122249603271
682,182.0,74.079475402832
683,182.2,652.085571289063
684,182.3,333.253448486328
685,182.5,5.68524026870728
686,182.8,6.27965068817139
687,182.9,20.185152053833
688,183.1,265.234222412109
689,183.2,586.276000976563
690,183.4,9.84489059448242
691,183.7,3.84192132949829
692,183.8,7.1453275680542
693,184.0,78.3923110961914
694,184.2,201.369781494141
695,184.3,59.8242797851563
696,184.4,13.3491706848145
697,184.7,4.10323143005371
698,184.9,23.4131011962891
699,185.1,319.193176269531
700,185.2,346.19580078125
701,185.4,7.34358072280884
702,185.6,4.58061122894287
703,185.7,1.97624456882477
704,185.9,27.7413101196289
705,186.1,146.671264648438
706,186.2,103.169784545898
707,186.3,51.1579055786133
708,186.5,3.0372052192688
709,186.7,5.01519632339478
710,186.9,24.1608734130859
711,187.1,304.022888183594
712,187.2,583.917358398438
713,187.3,51.261833190918
714,187.5,1.86515283584595
715,187.7,3.92296934127808
716,187.8,5.52069854736328
717,188.0,71.4143218994141
718,188.1,107.840171813965
719,188.2,222.462005615234
720,188.4,11.0092573165894
721,188.7,3.37764191627502
722,188.9,31.1252403259277
723,189.1,652.76611328125
724,189.2,1410.88317871094
725,189.3,38.7128372192383
726,189.5,1.04366815090179
727,189.7,4.10200881958008
728,189.9,34.0269012451172
729,190.0,80.0969467163086
730,190.2,596.984436035156
731,190.3,63.7914428710938
732,190.4,7.22602605819702
733,190.7,5.19161558151245
734,190.9,56.9093437194824
735,191.1,4769.3583984375
736,191.2,158.140960693359
737,191.5,1.28820955753326
738,191.7,2.91895198822021
739,191.9,40.4773788452148
740,192.0,475.460266113281
741,192.1,1189.29260253906
742,192.3,18.8055896759033
743,192.4,4.05799150466919
744,192.6,1.25589513778687
745,192.8,11.5563316345215
746,193.0,1556.33044433594
747,193.1,6731.35986328125
748,193.3,6.24034929275513
749,193.6,1.1841048002243
750,193.8,8.40541458129883
751,194.0,530.011901855469
752,194.1,1190.74047851563
753,194.2,665.253112792969
754,194.4,5.89240169525146
755,194.6,1.69834065437317
756,194.8,7.48244524002075
757,195.0,372.887329101563
758,195.1,1408.06066894531
759,195.3,230.301666259766
760,195.5,1.07144105434418
761,195.7,2.14165949821472
762,195.9,33.0927505493164
763,196.1,233.874237060547
764,196.2,302.675109863281
765,196.3,430.989166259766
766,196.5,2.87860250473022
767,196.7,3.24960708618164
768,196.9,22.0618343353271
769,197.1,365.30322265625
770,197.2,598.334350585938
771,197.4,6.03406095504761
772,197.7,3.2712664604187
773,197.9,28.7757205963135
774,198.1,129.256072998047
775,198.2,141.846282958984
776,198.4,11.937816619873
777,198.6,1.77170300483704
778,198.8,8.01240158081055
779,198.9,14.5626201629639
780,199.1,191.912307739258
781,199.2,221.828475952148
782,199.4,10.7750215530396
783,199.7,7.81589508056641
784,199.8,10.5636682510376
785,200.0,92.7089920043945
786,200.2,206.434936523438
787,200.3,49.9369430541992
788,200.4,26.2986907958984
789,200.7,13.0317907333374
790,200.9,38.1737976074219
791,201.0,55.5165061950684
792,201.2,327.298858642578
793,201.3,63.7158088684082
794,201.6,6.50375556945801
795,201.8,10.784628868103
796,201.9,23.1535377502441
797,202.1,197.970306396484
798,202.2,214.621307373047
799,202.3,59.1755447387695
800,202.5,4.90078592300415
801,202.8,8.51301288604736
802,203.0,118.629348754883
803,203.1,247.024978637695
804,203.2,439.359985351563
805,203.4,8.03633213043213
806,203.6,1.5669869184494
807,203.8,11.1179037094116
808,204.0,77.4883880615234
809,204.2,219.406814575195
810,204.3,56.0913543701172
811,204.5,2.42323136329651
812,204.7,4.79144096374512
813,204.9,37.0974655151367
814,205.1,612.125061035156
815,205.2,231.348648071289
816,205.4,6.72104787826538
817,205.6,1.61834061145782
818,205.8,8.26410484313965
819,206.0,61.9455032348633
820,206.1,49.7996520996094
821,206.3,1.21938860416412
822,206.9,13.8630571365356
823,207.1,43229.31640625
824,207.2,69.6508331298828
825,207.7,0.196855887770653
826,207.9,34.6024436950684
827,208.1,9198.984375
828,208.2,567.06884765625
829,208.4,1.77956330776215
830,208.7,2.63703060150146
831,208.8,7.2199125289917
832,209.0,791.771179199219
833,209.1,5456.3896484375
834,209.3,167.905151367188
835,209.6,0.851004362106323
836,209.8,7.00786018371582
837,210.0,292.558074951172
838,210.1,904.540771484375
839,210.3,346.915985107422
840,210.5,2.09781670570374
841,210.7,3.40436673164368
842,210.8,5.47039318084717
843,211.0,276.037719726563
844,211.1,736.012390136719
845,211.3,147.789001464844
846,211.4,5.61310052871704
847,211.7,2.83196496963501
848,211.9,36.6644554138184
849,212.1,154.961578369141
850,212.2,126.792488098145
851,212.4,13.1884717941284
852,212.6,3.64296936988831
853,212.9,21.3441047668457
854,213.0,62.3587760925293
855,213.2,480.483673095703
856,213.3,74.6248016357422
857,213.5,1.7414847612381
858,213.7,3.66689968109131
859,213.9,19.8588638305664
860,214.1,91.9395599365234
861,214.2,64.6576385498047
862,214.3,51.3199996948242
863,214.6,5.78148460388184
864,214.8,9.55685615539551
865,215.0,70.3070755004883
866,215.2,300.725402832031
867,215.3,46.5778160095215
868,215.4,11.2964191436768
869,215.6,2.0646288394928
870,215.8,8.46951961517334
871,215.9,14.1020088195801
872,216.1,101.892753601074
873,216.2,160.147430419922
874,216.4,10.5638427734375
875,216.5,5.93659400939941
876,216.8,8.80838394165039
877,217.0,62.4242782592773
878,217.2,263.56787109375
879,217.3,62.2662010192871
880,217.4,15.6873359680176
881,217.7,4.31091690063477
882,217.9,19.9776420593262
883,218.1,94.4962463378906
884,218.2,111.780433654785
885,218.3,59.7463760375977
886,218.5,3.86462879180908
887,218.7,5.84820938110352
888,218.9,31.0330123901367
889,219.1,209.036163330078
890,219.2,160.386032104492
891,219.4,6.87912654876709
892,219.5,4.46253252029419
893,219.8,9.29292583465576
894,220.0,56.4202613830566
895,220.2,117.79126739502
896,220.3,27.913537979126
897,220.5,1.32541489601135
898,220.7,2.29746723175049
899,220.8,5.73397397994995
900,221.0,139.519470214844
901,221.1,5335.95166015625
902,221.3,29.8527507781982
903,221.5,0.48943230509758
904,221.7,2.1631441116333
905,221.9,16.5912666320801
906,222.1,1059.42370605469
907,222.2,768.7158203125
908,222.4,11.6293449401855
909,222.7,4.14620065689087
910,222.9,27.7641925811768
911,223.0,195.794586181641
912,223.1,954.685424804688
913,223.3,232.955978393555
914,223.5,2.73275113105774
915,223.7,1.5558078289032
916,223.9,30.3902187347412
917,224.1,175.293273925781
918,224.3,483.663238525391
919,224.4,12.7317028045654
920,224.5,6.03179025650024
921,224.8,10.8019218444824
922,225.0,100.894149780273
923,225.2,313.817108154297
924,225.3,169.809265136719
925,225.4,14.2658519744873
926,225.7,5.69746732711792
927,225.9,24.9580783843994
928,226.1,97.6232299804688
929,226.2,62.3924903869629
930,226.3,64.462532043457
931,226.5,2.72786021232605
932,226.7,5.48366832733154
933,226.9,21.1542358398438
934,227.0,43.3362426757813
935,227.2,219.958251953125
936,227.3,59.1799125671387
937,227.4,16.1180782318115
938,227.7,4.83807849884033
939,227.8,5.76471614837646
940,228.0,43.2728385925293
941,228.2,133.926635742188
942,228.3,55.9025344848633
943,228.5,3.33292579650879
944,228.7,4.17711782455444
945,228.8,4.58462905883789
946,229.0,40.7112655639648
947,229.2,719.664794921875
948,229.3,108.219039916992
949,229.4,15.9411354064941
950,229.6,1.993537068367
951,229.8,12.6621837615967
952,230.0,57.0768547058105
953,230.2,281.361755371094
954,230.3,79.2917022705078
955,230.4,26.9582538604736
956,230.6,7.04069852828979
957,230.8,18.6097812652588
958,231.0,56.0628814697266
959,231.2,149.586196899414
960,231.3,41.687858581543
961,231.4,15.1809606552124
962,231.7,6.59475994110107
963,231.8,5.5479474067688
964,232.0,43.0200881958008
965,232.2,104.348121643066
966,232.3,33.8972930908203
967,232.4,16.1337985992432
968,232.6,3.27860260009766
969,232.8,11.6817464828491
970,233.0,60.9606971740723
971,233.2,112.379386901855
972,233.3,38.6279487609863
973,233.6,5.8207859992981
974,233.8,12.4620084762573
975,233.9,18.2412223815918
976,234.1,84.3970336914063
977,234.2,79.8815689086914
978,234.4,15.269868850708
979,234.7,6.54480361938477
980,234.9,41.1063766479492
981,235.1,240.944625854492
982,235.2,143.527679443359
983,235.3,73.1430587768555
984,235.5,2.78480339050293
985,235.7,4.64541482925415
986,235.9,20.8181667327881
987,236.0,37.0389518737793
988,236.2,256.745330810547
989,236.3,392.867431640625
990,236.5,8.57746696472168
991,236.7,3.27441048622131
992,236.9,26.1229686737061
993,237.1,462.718597412109
994,237.2,655.882995605469
995,237.4,12.7888212203979
996,237.7,8.23912620544434
997,237.8,10.8291702270508
998,238.0,82.7135391235352
999,238.2,210.14079284668
1000,238.3,302.706726074219
1001,238.4,33.8967666625977
1002,238.7,4.73641920089722
1003,238.9,19.1565074920654
1004,239.0,52.8426208496094
1005,239.2,709.4775390625
1006,239.3,263.994934082031
1007,239.5,3.7933623790741
1008,239.8,4.60331869125366
1009,239.9,13.1612224578857
1010,240.1,109.548645019531
1011,240.2,166.382888793945
1012,240.4,25.7411346435547
1013,240.5,8.08960723876953
1014,240.8,7.62340593338013
1015,241.0,49.4773788452148
1016,241.2,215.180618286133
1017,241.3,81.6501312255859
1018,241.5,5.25135374069214
1019,241.8,5.8564190864563
1020,242.0,32.4637565612793
1021,242.1,38.2663764953613
1022,242.3,83.8429718017578
1023,242.4,17.5942363739014
1024,242.7,5.88052415847778
1025,242.8,4.81449794769287
1026,243.0,35.3692588806152
1027,243.2,122.482269287109
1028,243.3,49.7750205993652
1029,243.4,19.3219223022461
1030,243.6,2.03685593605042
1031,243.8,6.84628820419312
1032,244.0,27.6684722900391
1033,244.1,28.2967681884766
1034,244.2,63.0368576049805
1035,244.4,15.4062881469727
1036,244.7,6.21659374237061
1037,244.9,17.7351970672607
1038,245.1,55.3648910522461
1039,245.2,92.218864440918
1040,245.4,15.8199129104614
1041,245.7,5.05903911590576
1042,245.8,5.3086462020874
1043,246.0,29.5200004577637
1044,246.2,62.5724029541016
1045,246.3,33.3711776733398
1046,246.5,4.87877750396729
1047,246.7,7.40925741195679
1048,246.9,29.3477725982666
1049,247.0,42.3523139953613
1050,247.1,103.210655212402
1051,247.3,26.134147644043
1052,247.4,12.1806116104126
1053,247.7,6.32943248748779
1054,247.9,20.3821830749512
1055,248.1,55.9135360717773
1056,248.2,31.0036678314209
1057,248.3,22.4892578125
1058,248.6,6.31598234176636
1059,248.8,18.8085594177246
1060,249.0,518.908813476563
1061,249.1,378.305847167969
1062,249.3,34.4131011962891
1063,249.5,1.43388640880585
1064,249.7,5.66113519668579
1065,249.8,13.015022277832
1066,250.0,130.849609375
1067,250.2,261.142883300781
1068,250.3,305.328552246094
1069,250.4,28.2221832275391
1070,250.7,9.00524044036865
1071,250.9,68.0833206176758
1072,251.1,1066.44091796875
1073,251.3,271.783050537109
1074,251.4,5.00855875015259
1075,251.7,3.95283842086792
1076,251.9,45.2550201416016
1077,252.1,288.487335205078
1078,252.3,367.524017333984
1079,252.4,32.4539756774902
1080,252.5,7.40663766860962
1081,252.8,12.864803314209
1082,253.0,477.329071044922
1083,253.1,859.106201171875
1084,253.3,102.3388671875
1085,253.6,2.44943237304688
1086,253.8,10.2995634078979
1087,254.0,147.092758178711
1088,254.1,335.305145263672
1089,254.3,58.9991264343262
1090,254.4,19.3446292877197
1091,254.6,2.20890831947327
1092,254.8,11.0323143005371
1093,254.9,29.4424457550049
1094,255.1,257.162445068359
1095,255.2,194.542007446289
1096,255.4,13.6151962280273
1097,255.6,1.55615723133087
1098,255.8,5.51912641525269
1099,256.0,34.5327529907227
1100,256.2,264.462005615234
1101,256.3,223.91178894043
1102,256.5,6.94427967071533
1103,256.7,4.61781644821167
1104,256.9,10.0408735275269
1105,257.1,86.9575576782227
1106,257.3,297.161041259766
1107,257.4,30.3039302825928
1108,257.5,8.45327472686768
1109,257.7,1.92855894565582
1110,257.9,10.7545852661133
1111,258.0,17.4653282165527
1112,258.2,80.3613967895508
1113,258.3,64.2737121582031
1114,258.5,8.36593914031982
1115,258.8,8.57048034667969
1116,259.0,28.6197376251221
1117,259.2,61.3837547302246
1118,259.3,28.339038848877
1119,259.4,17.5462017059326
1120,259.6,2.84244537353516
1121,259.8,8.54445457458496
1122,260.0,23.8934497833252
1123,260.1,20.9065494537354
1124,260.3,45.7785148620605
1125,260.4,16.2616596221924
1126,260.7,7.64227056503296
1127,260.9,17.6447162628174
1128,261.0,16.5224456787109
1129,261.2,45.0759811401367
1130,261.3,26.2139739990234
1131,261.5,6.95947599411011
1132,261.8,7.88698673248291
1133,262.0,22.3903923034668
1134,262.2,38.7493438720703
1135,262.3,25.7088203430176
1136,262.5,4.4572925567627
1137,262.7,7.84454154968262
1138,262.8,9.01537132263184
1139,263.0,68.8976440429688
1140,263.2,126.272491455078
1141,263.3,68.59423828125
1142,263.5,4.24803495407104
1143,263.7,5.58375549316406
1144,263.9,17.0040168762207
1145,264.0,21.4494323730469
1146,264.2,112.885063171387
1147,264.3,212.176773071289
1148,264.4,109.86742401123
1149,264.7,8.82253265380859
1150,264.9,47.6211357116699
1151,265.1,1059.03088378906
1152,265.2,252.242446899414
1153,265.4,34.262882232666
1154,265.5,3.66253280639648
1155,265.8,9.91318798065186
1156,266.0,145.821487426758
1157,266.1,270.537811279297
1158,266.3,206.377639770508
1159,266.5,5.29502201080322
1160,266.7,4.09764194488525
1161,266.9,72.6181640625
1162,267.1,3021.26416015625
1163,267.2,183.649078369141
1164,267.4,1.86323142051697
1165,267.6,2.83091711997986
1166,267.8,17.0820960998535
1167,268.0,395.715270996094
1168,268.1,556.085388183594
1169,268.3,37.1376419067383
1170,268.5,3.10969424247742
1171,268.7,6.6931004524231
1172,268.9,53.3507423400879
1173,269.0,254.04052734375
1174,269.1,717.99755859375
1175,269.3,63.0880355834961
1176,269.6,3.42829704284668
1177,269.8,10.7570304870605
1178,269.9,28.609432220459
1179,270.1,161.631958007813
1180,270.2,126.460433959961
1181,270.4,14.5799131393433
1182,270.7,6.76890850067139
1183,270.9,32.2910041809082
1184,271.0,49.207160949707
1185,271.2,164.634414672852
1186,271.3,62.5523147583008
1187,271.5,3.7252402305603
1188,271.7,4.73082971572876
1189,271.9,14.1444540023804
1190,272.1,51.8328399658203
1191,272.3,77.9593048095703
1192,272.4,18.6955451965332
1193,272.7,5.87545871734619
1194,272.8,4.91423559188843
1195,273.0,26.6214847564697
1196,273.1,26.4869861602783
1197,273.3,55.4649772644043
1198,273.4,17.8527507781982
1199,273.7,6.40279483795166
1200,273.9,17.1123142242432
1201,274.0,18.4861125946045
1202,274.2,58.143928527832
1203,274.3,40.2365074157715
1204,274.5,8.22794723510742
1205,274.7,11.5952835083008
1206,274.9,18.3886470794678
1207,275.1,35.8062896728516
1208,275.2,39.7666358947754
1209,275.4,18.0611362457275
1210,275.7,6.95895195007324
1211,275.9,12.2288208007813
1212,276.1,29.522970199585
1213,276.3,39.1599998474121
1214,276.4,9.98393058776855
1215,276.5,8.56873321533203
1216,276.8,10.7993011474609
1217,277.0,29.7746715545654
1218,277.2,63.0228805541992
1219,277.3,71.127685546875
1220,277.5,10.2185153961182
1221,277.7,2.88227081298828
1222,277.9,11.6868124008179
1223,278.0,14.2583408355713
1224,278.2,73.9652404785156
1225,278.4,295.808563232422
1226,278.5,12.3999996185303
1227,278.8,11.5760698318481
1228,278.9,26.3283843994141
1229,279.1,231.102355957031
1230,279.2,191.372406005859
1231,279.4,88.1351928710938
1232,279.7,5.39266395568848
1233,279.9,28.18288230896
1234,280.1,106.411880493164
1235,280.2,28.1647167205811
1236,280.4,134.079483032227
1237,280.5,0.177816599607468
1238,280.7,1.03999996185303
1239,280.9,47.9379920959473
1240,281.1,10315.7626953125
1241,281.2,294.951629638672
1242,281.4,0.484192132949829
1243,281.6,0.703231453895569
1244,281.8,10.055196762085
1245,282.0,588.38623046875
1246,282.1,2508.49145507813
1247,282.3,22.221658706665
1248,282.5,2.50113534927368
1249,282.8,12.4345855712891
1250,283.0,378.267944335938
1251,283.1,2439.35766601563
1252,283.3,31.0101318359375
1253,283.6,1.69048035144806
1254,283.7,1.73170304298401
1255,283.9,28.2129249572754
1256,284.0,149.599304199219
1257,284.1,559.764709472656
1258,284.3,113.658866882324
1259,284.5,4.06130981445313
1260,284.8,7.64838409423828
1261,285.0,128.459213256836
1262,285.2,580.142028808594
1263,285.3,105.852226257324
1264,285.5,2.61379909515381
1265,285.8,8.50270748138428
1266,285.9,16.8269004821777
1267,286.1,100.893974304199
1268,286.2,105.525413513184
1269,286.4,19.4117031097412
1270,286.7,6.44855880737305
1271,286.8,7.38812208175659
1272,287.0,50.3523139953613
1273,287.2,91.5214004516602
1274,287.3,48.5736236572266
1275,287.5,3.51336240768433
1276,287.7,5.36925745010376
1277,287.9,12.5552835464478
1278,288.1,30.6571178436279
1279,288.3,40.0027961730957
1280,288.4,14.4794759750366
1281,288.7,6.30812215805054
1282,288.9,13.7413101196289
1283,289.1,29.5248908996582
1284,289.2,19.9110908508301
1285,289.3,25.2847156524658
1286,289.5,7.30899572372437
1287,289.8,6.78253269195557
1288,290.0,16.3268127441406
1289,290.2,29.4649772644043
1290,290.3,24.7028827667236
1291,290.5,9.0745849609375
1292,290.7,3.32855892181396
1293,290.9,14.0131006240845
1294,291.0,14.021484375
1295,291.2,46.8614845275879
1296,291.3,31.3152847290039
1297,291.4,39.9769439697266
1298,291.6,3.45903921127319
1299,291.8,6.14165925979614
1300,291.9,5.90148448944092
1301,292.1,29.084192276001
1302,292.3,131.834411621094
1303,292.4,188.62043762207
1304,292.7,10.0136241912842
1305,292.9,24.1318778991699
1306,293.1,75.5708312988281
1307,293.3,105.211875915527
1308,293.4,95.0136260986328
1309,293.7,6.89799118041992
1310,293.8,5.40908288955688
1311,294.0,26.134147644043
1312,294.2,53.596508026123
1313,294.4,148.858871459961
1314,294.5,10.9133625030518
1315,294.8,9.53554630279541
1316,294.9,14.8227071762085
1317,295.1,711.729064941406
1318,295.2,435.155639648438
1319,295.4,28.4539737701416
1320,295.7,4.15371179580688
1321,295.8,4.91720533370972
1322,296.0,99.6434936523438
1323,296.2,327.936584472656
1324,296.3,53.881046295166
1325,296.4,28.8237552642822
1326,296.7,6.31545829772949
1327,296.8,5.54637575149536
1328,297.0,81.2831420898438
1329,297.2,355.676147460938
1330,297.3,199.256942749023
1331,297.4,21.0634059906006
1332,297.6,2.52104806900024
1333,297.8,6.99213981628418
1334,298.0,44.0424461364746
1335,298.2,204.324890136719
1336,298.3,157.031448364258
1337,298.4,37.5498695373535
1338,298.6,3.7091703414917
1339,298.8,9.32489109039307
1340,299.0,46.7617454528809
1341,299.2,162.884536743164
1342,299.3,126.009956359863
1343,299.4,37.1512680053711
1344,299.7,4.9627947807312
1345,299.9,13.3935375213623
1346,300.1,62.0831451416016
1347,300.3,150.257110595703
1348,300.4,38.2878608703613
1349,300.7,6.32663774490356
1350,300.8,4.18183422088623
1351,301.0,22.6887340545654
1352,301.2,46.7711791992188
1353,301.3,37.3056755065918
1354,301.5,6.01100444793701
1355,301.7,4.82742357254028
1356,301.9,9.71039295196533
1357,302.1,30.7325763702393
1358,302.3,45.8288192749023
1359,302.4,21.5439300537109
1360,302.7,5.6917028427124
1361,302.9,10.3383407592773
1362,303.1,26.6096076965332
1363,303.2,16.8062877655029
1364,303.3,22.3451519012451
1365,303.5,8.54899597167969
1366,303.8,6.80227088928223
1367,304.0,16.9612236022949
1368,304.2,28.8087329864502
1369,304.3,28.0637550354004
1370,304.5,6.30969429016113
1371,304.7,8.60454177856445
1372,304.8,5.44558954238892
1373,305.0,19.2859382629395
1374,305.2,39.3598251342773
1375,305.3,28.778341293335
1376,305.4,33.1552848815918
1377,305.6,5.95825338363647
1378,305.9,8.15301322937012
1379,306.0,8.61519622802734
1380,306.2,45.3848037719727
1381,306.4,265.519470214844
1382,306.5,12.7987775802612
1383,306.6,10.0667247772217
1384,306.9,15.8214845657349
1385,307.1,41.5203475952148
1386,307.3,71.3278579711914
1387,307.4,91.9114379882813
1388,307.7,6.80698680877686
1389,307.9,11.1549348831177
1390,308.1,29.2492580413818
1391,308.2,22.248908996582
1392,308.4,131.529083251953
1393,308.5,30.1905670166016
1394,308.8,15.3537120819092
1395,309.0,60.0698699951172
1396,309.2,108.669342041016
1397,309.4,96.6069869995117
1398,309.5,14.0237550735474
1399,309.8,9.86585140228271
1400,310.0,28.9241924285889
1401,310.2,45.4087333679199
1402,310.3,44.5596504211426
1403,310.5,13.8752841949463
1404,310.8,17.7233180999756
1405,311.0,147.005935668945
1406,311.1,139.398956298828
1407,311.2,108.939559936523
1408,311.4,12.7070741653442
1409,311.7,6.17135381698608
1410,311.9,29.9000873565674
1411,312.1,81.7058486938477
1412,312.2,84.3072509765625
1413,312.4,26.700611114502
1414,312.7,9.88139724731445
1415,312.9,52.7825317382813
1416,313.0,127.581832885742
1417,313.1,293.83544921875
1418,313.3,45.4204368591309
1419,313.5,5.71668100357056
1420,313.8,13.1470746994019
1421,314.0,61.9121398925781
1422,314.2,97.0901336669922
1423,314.3,26.9416599273682
1424,314.4,16.006986618042
1425,314.7,8.95144081115723
1426,314.9,25.8656768798828
1427,315.1,60.4710922241211
1428,315.2,49.5809593200684
1429,315.4,12.763144493103
1430,315.7,5.39074230194092
1431,315.9,11.7731008529663
1432,316.1,25.887336730957
1433,316.3,32.5952835083008
1434,316.4,10.2457637786865
1435,316.5,8.48052406311035
1436,316.8,6.44890832901001
1437,317.0,15.02952003479
1438,317.2,23.5806121826172
1439,317.4,24.8744106292725
1440,317.5,8.66882133483887
1441,317.7,2.60786032676697
1442,317.9,7.02515268325806
1443,318.1,17.2906551361084
1444,318.3,24.4275989532471
1445,318.4,9.88209629058838
1446,318.5,9.7800874710083
1447,318.7,2.54585146903992
1448,318.9,8.38043689727783
1449,319.1,18.3095188140869
1450,319.3,36.4139747619629
1451,319.4,30.4611358642578
1452,319.6,3.7544105052948
1453,319.8,5.14392995834351
1454,320.0,10.9661130905151
1455,320.2,39.4230575561523
1456,320.4,201.579559326172
1457,320.5,26.6815719604492
1458,320.6,9.68017482757568
1459,320.8,4.01327514648438
1460,321.0,17.9580783843994
1461,321.2,42.7105674743652
1462,321.3,29.7944107055664
1463,321.4,88.1523132324219
1464,321.7,7.84349346160889
1465,321.9,7.99074220657349
1466,322.1,23.1310043334961
1467,322.3,55.8363304138184
1468,322.4,101.561569213867
1469,322.7,13.35755443573
1470,322.8,12.9818344116211
1471,323.0,77.205940246582
1472,323.2,136.903579711914
1473,323.3,193.44645690918
1474,323.5,13.9945850372314
1475,323.7,9.22777271270752
1476,323.9,19.1788654327393
1477,324.1,45.9423599243164
1478,324.3,81.2831420898438
1479,324.4,30.3860263824463
1480,324.7,12.6806983947754
1481,324.9,93.9872512817383
1482,325.1,722.802124023438
1483,325.2,110.105499267578
1484,325.4,8.20558929443359
1485,325.7,7.38393020629883
1486,325.9,66.259391784668
1487,326.1,210.233535766602
1488,326.2,57.4529266357422
1489,326.3,23.5835800170898
1490,326.5,2.95336246490479
1491,326.7,9.65449810028076
1492,326.8,16.7502174377441
1493,327.0,1067.65112304688
1494,327.1,1292.53051757813
1495,327.3,10.0682973861694
1496,327.6,2.74602627754211
1497,327.8,16.8758087158203
1498,327.9,66.0944976806641
1499,328.1,642.934997558594
1500,328.2,85.0270767211914
1501,328.4,3.66759824752808
1502,328.6,5.33082962036133
1503,328.8,20.5531883239746
1504,329.0,266.472503662109
1505,329.1,239.283325195313
1506,329.3,11.3668117523193
1507,329.5,1.68995630741119
1508,329.7,6.41606998443604
1509,329.9,39.2068138122559
1510,330.0,39.4426193237305
1511,330.1,71.9264602661133
1512,330.3,24.0742359161377
1513,330.5,4.56925773620605
1514,330.7,7.77589511871338
1515,330.8,8.40820980072021
1516,331.0,30.5226192474365
1517,331.2,43.0882110595703
1518,331.3,19.2417469024658
1519,331.5,6.95056772232056
1520,331.8,7.04820966720581
1521,331.9,4.75248908996582
1522,332.1,18.1222705841064
1523,332.2,11.9502182006836
1524,332.3,20.5980777740479
1525,332.5,9.09991264343262
1526,332.8,5.62829685211182
1527,333.0,10.9711790084839
1528,333.2,21.2427940368652
1529,333.4,33.1961555480957
1530,333.5,15.0642795562744
1531,333.7,2.87947607040405
1532,333.9,8.11266422271729
1533,334.1,19.568733215332
1534,334.3,61.1849784851074
1535,334.4,187.166290283203
1536,334.6,11.0999126434326
1537,334.9,9.44716167449951
1538,335.1,17.7105674743652
1539,335.2,14.4193887710571
1540,335.4,71.7559814453125
1541,335.5,33.5175552368164
1542,335.7,3.59004378318787
1543,335.9,7.22899580001831
1544,336.1,16.5432319641113
1545,336.2,14.7021837234497
1546,336.4,67.5638427734375
1547,336.5,56.1449775695801
1548,336.8,10.1610479354858
1549,336.9,7.51703071594238
1550,337.1,28.5200004577637
1551,337.2,23.9084720611572
1552,337.4,72.4800033569336
1553,337.5,24.6999130249023
1554,337.8,7.3776421546936
1555,338.0,13.8684711456299
1556,338.1,15.120698928833
1557,338.3,125.942008972168
1558,338.4,40.2651519775391
1559,338.5,16.2627067565918
1560,338.8,14.7350215911865
1561,339.0,117.520874023438
1562,339.1,212.741836547852
1563,339.3,80.5606994628906
1564,339.5,7.9289083480835
1565,339.8,13.222357749939
1566,340.0,53.5205230712891
1567,340.1,41.4000015258789
1568,340.2,51.5123138427734
1569,340.4,10.5944108963013
1570,340.7,5.7465500831604
1571,340.9,51.8267250061035
1572,341.0,505.499572753906
1573,341.1,2938.8876953125
1574,341.3,16.9472484588623
1575,341.6,2.7269868850708
1576,341.8,12.0964193344116
1577,342.0,350.966278076172
1578,342.1,880.220581054688
1579,342.3,49.31982421875
1580,342.6,3.84541487693787
1581,342.8,15.587423324585
1582,343.0,301.793548583984
1583,343.1,638.293640136719
1584,343.3,25.2213096618652
1585,343.4,5.66410493850708
1586,343.7,3.40000009536743
1587,343.9,43.4316139221191
1588,344.1,169.544097900391
1589,344.2,88.3834075927734
1590,344.4,7.24593877792358
1591,344.6,5.38532733917236
1592,344.8,16.4099559783936
1593,345.0,71.9344940185547
1594,345.1,60.5860252380371
1595,345.2,68.620964050293
1596,345.4,11.700611114502
1597,345.7,6.1650652885437
1598,345.9,15.890830039978
1599,346.0,15.0531005859375
1600,346.2,40.1509170532227
1601,346.3,15.7739734649658
1602,346.4,16.6985149383545
1603,346.6,3.30113530158997
1604,346.8,8.0356330871582
1605,347.0,17.7262878417969
1606,347.1,13.474235534668
1607,347.3,35.3582534790039
1608,347.4,25.9189510345459
1609,347.6,6.77938842773438
1610,347.8,2.89903926849365
1611,348.0,9.77222728729248
1612,348.2,26.6550216674805
1613,348.4,114.005241394043
1614,348.5,84.7692565917969
1615,348.8,6.77432298660278
1616,349.0,8.98864650726318
1617,349.2,23.8731880187988
1618,349.4,54.662181854248
1619,349.5,47.6312675476074
1620,349.8,5.33275127410889
1621,350.0,7.45117902755737
1622,350.2,19.3907432556152
1623,350.4,54.9605255126953
1624,350.5,52.4216575622559
1625,350.7,3.20227074623108
1626,350.9,7.82917022705078
1627,351.0,6.25764179229736
1628,351.2,25.0560703277588
1629,351.4,71.7360687255859
1630,351.5,31.1121406555176
1631,351.8,7.21082973480225
1632,352.0,9.49624443054199
1633,352.2,25.7285594940186
1634,352.3,21.3154582977295
1635,352.4,40.0820960998535
1636,352.6,5.7462010383606
1637,352.8,14.1275110244751
1638,353.0,44.1764183044434
1639,353.2,84.2873382568359
1640,353.3,69.0108261108398
1641,353.5,12.8724889755249
1642,353.7,4.46410465240479
1643,353.9,16.0277729034424
1644,354.1,38.3168563842773
1645,354.2,26.2733631134033
1646,354.4,6.31930112838745
1647,354.7,3.74393010139465
1648,354.9,37.4555473327637
1649,355.0,279.067962646484
1650,355.1,3305.89892578125
1651,355.3,25.2691707611084
1652,355.5,1.92995631694794
1653,355.8,8.14270782470703
1654,356.0,251.967681884766
1655,356.1,793.5986328125
1656,356.2,309.070404052734
1657,356.4,6.60716152191162
1658,356.7,4.27353715896606
1659,356.8,7.36279487609863
1660,357.0,226.817810058594
1661,357.1,829.84716796875
1662,357.3,24.6424446105957
1663,357.5,1.48716151714325
1664,357.7,3.16401743888855
1665,357.9,36.8988647460938
1666,358.1,198.707595825195
1667,358.2,84.9991302490234
1668,358.3,42.0012245178223
1669,358.6,5.20593881607056
1670,358.7,3.08716154098511
1671,358.9,29.9261131286621
1672,359.1,100.11580657959
1673,359.2,70.803840637207
1674,359.4,8.49868965148926
1675,359.5,6.46043682098389
1676,359.8,7.82358074188232
1677,360.0,21.7282104492188
1678,360.2,36.5984268188477
1679,360.3,25.1432323455811
1680,360.5,8.13310050964355
1681,360.8,7.06777286529541
1682,360.9,6.41921377182007
1683,361.1,19.3673362731934
1684,361.3,30.3938865661621
1685,361.4,20.2964191436768
1686,361.6,7.32401752471924
1687,361.9,5.43563318252563
1688,362.0,4.35475969314575
1689,362.2,20.9360694885254
1690,362.4,86.9540634155273
1691,362.5,87.4048919677734
1692,362.7,6.31283855438232
1693,363.0,8.13257598876953
1694,363.2,17.474235534668
1695,363.4,42.828296661377
1696,363.5,43.9949340820313
1697,363.7,3.08104801177979
1698,363.9,5.24541473388672
1699,364.1,10.7241916656494
1700,364.3,22.8487339019775
1701,364.5,71.5102157592773
1702,364.6,8.85869026184082
1703,364.9,7.83004379272461
1704,365.1,15.0171175003052
1705,365.2,12.5173797607422
1706,365.4,38.4354591369629
1707,365.5,18.1800880432129
1708,365.6,8.58096027374268
1709,365.9,5.94393014907837
1710,366.0,4.48995637893677
1711,366.2,17.1355457305908
1712,366.4,31.7855014801025
1713,366.5,17.5991268157959
1714,366.8,13.1434059143066
1715,367.0,28.6904811859131
1716,367.2,45.2796516418457
1717,367.3,32.8661994934082
1718,367.5,11.4558954238892
1719,367.8,7.62602615356445
1720,368.0,15.3919649124146
1721,368.2,28.5938873291016
1722,368.3,12.7643671035767
1723,368.4,13.598427772522
1724,368.7,6.37065505981445
1725,368.8,5.02008724212646
1726,369.0,106.166114807129
1727,369.2,280.176940917969
1728,369.3,73.0062866210938
1729,369.5,4.27213954925537
1730,369.7,2.37676858901978
1731,369.9,25.3130130767822
1732,370.1,90.4127502441406
1733,370.2,81.8153686523438
1734,370.4,19.7173805236816
1735,370.7,11.4971179962158
1736,370.9,46.0085601806641
1737,371.1,159.04313659668
1738,371.2,75.7341461181641
1739,371.4,8.77572059631348
1740,371.6,2.55039310455322
1741,371.8,13.6230564117432
1742,371.9,17.6204376220703
1743,372.1,53.0476837158203
1744,372.2,40.5530128479004
1745,372.4,7.80733633041382
1746,372.6,8.75004386901855
1747,372.8,16.9329261779785
1748,373.0,54.1227951049805
1749,373.2,64.2373809814453
1750,373.3,20.154411315918
1751,373.6,6.2765064239502
1752,373.8,9.27563285827637
1753,374.0,20.1993007659912
1754,374.2,29.4719657897949
1755,374.3,10.886812210083
1756,374.4,13.8132753372192
1757,374.7,7.1065502166748
1758,374.9,11.0567684173584
1759,375.0,9.10515308380127
1760,375.2,25.8504810333252
1761,375.4,28.1407852172852
1762,375.5,14.8319654464722
1763,375.8,5.65537118911743
1764,376.0,8.10427951812744
1765,376.2,18.7357196807861
1766,376.3,23.0946731567383
1767,376.5,107.228996276855
1768,376.6,6.52436685562134
1769,376.8,6.42847156524658
1770,376.9,3.35144114494324
1771,377.1,10.6613101959229
1772,377.2,11.9556331634521
1773,377.4,33.6497802734375
1774,377.5,32.7088203430176
1775,377.6,14.2337121963501
1776,377.8,2.98043656349182
1777,378.0,8.00960731506348
1778,378.2,17.9863758087158
1779,378.4,32.2735366821289
1780,378.5,53.888557434082
1781,378.8,7.09886455535889
1782,379.0,8.97572040557861
1783,379.1,8.76052379608154
1784,379.3,48.2431449890137
1785,379.4,80.8841934204102
1786,379.6,8.85030555725098
1787,379.7,6.48069858551025
1788,380.0,7.22794771194458
1789,380.2,19.1095199584961
1790,380.4,40.034236907959
1791,380.5,22.7367687225342
1792,380.7,5.27790403366089
1793,380.9,11.5837554931641
1794,381.1,21.0433197021484
1795,381.3,31.0310916900635
1796,381.4,13.08069896698
1797,381.5,12.7004365921021
1798,381.7,3.15755462646484
1799,381.9,7.39004373550415
1800,382.1,13.5046291351318
1801,382.3,22.8855895996094
1802,382.4,20.828821182251
1803,382.7,13.7053279876709
1804,382.9,35.9739723205566
1805,383.0,37.4419212341309
1806,383.1,69.5839309692383
1807,383.3,32.3367691040039
1808,383.5,5.53257656097412
1809,383.7,8.3689079284668
1810,383.8,7.84104824066162
1811,384.0,25.4291706085205
1812,384.1,16.8389511108398
1813,384.2,26.4094314575195
1814,384.4,9.09030532836914
1815,384.7,9.55196475982666
1816,384.9,67.7619247436523
1817,385.0,134.571182250977
1818,385.1,207.176773071289
1819,385.3,14.2197380065918
1820,385.6,4.83213996887207
1821,385.8,17.1095199584961
1822,386.0,69.3986053466797
1823,386.1,90.1498718261719
1824,386.3,14.2770309448242
1825,386.4,8.22183418273926
1826,386.6,2.21729254722595
1827,386.8,11.8085594177246
1828,387.0,254.321044921875
1829,387.1,287.562957763672
1830,387.2,125.087333679199
1831,387.4,3.82602620124817
1832,387.7,5.25799131393433
1833,387.9,44.2810478210449
1834,388.1,152.347427368164
1835,388.2,61.2125778198242
1836,388.3,26.5488204956055
1837,388.5,3.02288198471069
1838,388.7,9.23091697692871
1839,388.9,37.7860260009766
1840,389.1,94.9783401489258
1841,389.2,39.7977294921875
1842,389.3,26.6483840942383
1843,389.5,7.54812240600586
1844,389.8,9.57868957519531
1845,389.9,8.35912704467773
1846,390.1,28.880350112915
1847,390.2,18.3699569702148
1848,390.4,51.8627090454102
1849,390.5,66.1959838867188
1850,390.8,9.71737957000732
1851,390.9,4.9786901473999
1852,391.1,14.8441925048828
1853,391.2,13.3016595840454
1854,391.4,33.8164176940918
1855,391.5,38.9324035644531
1856,391.7,3.47598242759705
1857,391.9,4.63563299179077
1858,392.1,9.49868965148926
1859,392.3,23.6531009674072
1860,392.4,16.0793018341064
1861,392.5,63.077205657959
1862,392.7,3.30183410644531
1863,392.9,5.53467226028442
1864,393.1,9.50288200378418
1865,393.2,8.17956352233887
1866,393.4,26.5750217437744
1867,393.5,27.7855014801025
1868,393.7,2.73187780380249
1869,393.9,4.71545839309692
1870,394.1,8.09851551055908
1871,394.3,20.185152053833
1872,394.4,41.2936248779297
1873,394.6,10.41676902771
1874,394.9,7.00716161727905
1875,395.0,4.01292562484741
1876,395.2,14.7694320678711
1877,395.4,24.729606628418
1878,395.5,8.64855861663818
1879,395.6,7.3636679649353
1880,395.8,2.34305667877197
1881,396.0,6.3793888092041
1882,396.2,12.6572923660278
1883,396.4,19.4148464202881
1884,396.5,12.7030563354492
1885,396.7,4.76471614837646
1886,396.9,16.8118782043457
1887,397.0,10.7014846801758
1888,397.2,29.8496074676514
1889,397.3,16.1353702545166
1890,397.4,33.2200889587402
1891,397.7,8.30235767364502
1892,397.8,3.93554592132568
1893,398.0,11.5009603500366
1894,398.2,16.5931873321533
1895,398.3,7.10200881958008
1896,398.4,11.6641044616699
1897,398.7,7.38235807418823
1898,398.9,60.4567680358887
1899,399.1,225.07878112793
1900,399.2,86.065673828125
1901,399.4,4.69205236434937
1902,399.7,6.68925762176514
1903,399.8,12.1165065765381
1904,400.0,59.645938873291
1905,400.1,41.427074432373
1906,400.2,39.5570297241211
1907,400.4,3.23004364967346
1908,400.7,7.03109169006348
1909,400.9,56.2461128234863
1910,401.1,1307.30395507813
1911,401.2,142.347244262695
1912,401.4,4.11091709136963
1913,401.7,5.20855903625488
1914,401.9,60.8310928344727
1915,402.1,436.620971679688
1916,402.2,112.834762573242
1917,402.3,19.1264629364014
1918,402.6,4.99563312530518
1919,402.8,18.1603488922119
1920,403.0,185.420440673828
1921,403.1,242.919128417969
1922,403.3,25.1165065765381
1923,403.6,4.59545850753784
1924,403.7,4.39545869827271
1925,403.9,32.8613090515137
1926,404.1,69.9060287475586
1927,404.2,64.9896926879883
1928,404.4,22.4609603881836
1929,404.5,48.9194755554199
1930,404.7,5.59213972091675
1931,404.9,19.3524894714355
1932,405.1,35.1372909545898
1933,405.2,18.710916519165
1934,405.4,32.4717903137207
1935,405.5,14.6583404541016
1936,405.6,16.5669860839844
1937,405.8,4.07231426239014
1938,406.0,9.75248908996582
1939,406.2,21.6323146820068
1940,406.4,34.7919654846191
1941,406.5,46.6517028808594
1942,406.7,6.2924017906189
1943,407.0,7.04122257232666
1944,407.1,6.11423587799072
1945,407.3,31.5998249053955
1946,407.4,60.2759819030762
1947,407.6,17.7334499359131
1948,407.9,5.1292576789856
1949,408.0,3.32943224906921
1950,408.2,14.33607006073
1951,408.4,32.3009605407715
1952,408.5,24.7140617370605
1953,408.8,7.0015721321106
1954,409.0,6.28541469573975
1955,409.1,5.8742356300354
1956,409.3,16.6202621459961
1957,409.5,18.9751968383789
1958,409.6,9.42724895477295
1959,409.9,4.4148473739624
1960,410.0,3.0709171295166
1961,410.2,10.2253274917603
1962,410.3,8.41135406494141
1963,410.5,23.8710918426514
1964,410.6,4.70358085632324
1965,410.8,6.38951969146729
1966,411.0,8.96855926513672
1967,411.2,13.5648908615112
1968,411.4,13.1837558746338
1969,411.5,5.20262002944946
1970,411.6,7.79633188247681
1971,411.9,5.94165945053101
1972,412.1,9.82340621948242
1973,412.3,12.3397378921509
1974,412.4,10.0099563598633
1975,412.6,3.7979040145874
1976,412.8,13.0041923522949
1977,413.0,38.3945846557617
1978,413.2,64.3149337768555
1979,413.3,32.0413970947266
1980,413.5,4.80524015426636
1981,413.7,6.85834074020386
1982,413.9,13.9133625030518
1983,414.1,28.0508289337158
1984,414.2,15.7966814041138
1985,414.4,2.7624454498291
1986,414.7,4.53048038482666
1987,414.8,6.28751087188721
1988,415.0,133.467422485352
1989,415.1,1382.92736816406
1990,415.2,726.252746582031
1991,415.4,6.85956335067749
1992,415.6,0.97152841091156
1993,415.8,7.12209606170654
1994,416.0,139.061141967773
1995,416.1,804.753723144531
1996,416.3,44.1025314331055
1997,416.5,3.36838436126709
1998,416.8,7.29921388626099
1999,417.0,136.172576904297
2000,417.1,535.888549804688
2001,417.3,47.2078590393066
2002,417.5,2.71965074539185
2003,417.7,1.33729255199432
2004,417.9,24.6988639831543
2005,418.0,45.3009605407715
2006,418.2,137.597900390625
2007,418.3,62.1503944396973
2008,418.5,42.0859375
2009,418.8,10.3806114196777
2010,419.0,33.2962455749512
2011,419.2,62.5867233276367
2012,419.3,42.4744110107422
2013,419.5,12.0728387832642
2014,419.6,15.6920528411865
2015,419.9,9.31772899627686
2016,420.1,17.6544971466064
2017,420.3,30.1006107330322
2018,420.5,56.7627944946289
2019,420.6,95.3792114257813
2020,420.8,8.35650634765625
2021,420.9,4.379563331604
2022,421.1,13.313362121582
2023,421.3,21.94899559021
2024,421.5,26.9437561035156
2025,421.6,35.6391258239746
2026,421.9,5.09013080596924
2027,422.0,3.01746726036072
2028,422.2,14.295371055603
2029,422.4,76.0438461303711
2030,422.5,62.6536254882813
2031,422.7,3.8529257774353
2032,422.9,4.64017486572266
2033,423.0,3.35947608947754
2034,423.2,11.4176416397095
2035,423.3,11.9331007003784
2036,423.5,36.8158950805664
2037,423.6,10.0780782699585
2038,423.8,4.67423582077026
2039,424.1,7.04698705673218
2040,424.2,6.30445432662964
2041,424.4,25.2462882995605
2042,424.5,19.3547592163086
2043,424.8,6.33100414276123
2044,425.0,7.50689935684204
2045,425.2,12.7744979858398
2046,425.4,17.2471618652344
2047,425.5,15.398078918457
2048,425.7,5.79213953018188
2049,426.0,5.07161569595337
2050,426.2,9.25310039520264
2051,426.3,5.95825338363647
2052,426.5,10.9172048568726
2053,426.7,9.60908317565918
2054,426.9,12.7933626174927
2055,427.1,23.7428817749023
2056,427.3,22.28489112854
2057,427.4,11.6284713745117
2058,427.7,6.62620067596436
2059,427.9,9.92366790771484
2060,428.0,6.75475978851318
2061,428.2,15.769606590271
2062,428.3,6.41030550003052
2063,428.5,1.24838423728943
2064,428.7,3.65397381782532
2065,428.8,5.11755466461182
2066,429.0,137.04296875
2067,429.1,529.151611328125
2068,429.2,370.043853759766
2069,429.4,5.52628803253174
2070,429.6,3.39930129051208
2071,429.8,5.40663766860962
2072,430.0,105.907600402832
2073,430.1,344.192321777344
2074,430.3,45.7917900085449
2075,430.6,4.93746709823608
2076,430.7,2.26096081733704
2077,430.9,22.5704803466797
2078,431.1,231.962966918945
2079,431.2,182.039993286133
2080,431.4,8.00436687469482
2081,431.6,1.75231444835663
2082,431.8,8.09781646728516
2083,432.0,48.7013092041016
2084,432.1,41.9135360717773
2085,432.2,76.3746719360352
2086,432.4,15.3605241775513
2087,432.5,12.56995677948
2088,432.7,3.75144100189209
2089,432.9,18.3792133331299
2090,433.1,38.6204376220703
2091,433.2,43.3427085876465
2092,433.4,15.8389520645142
2093,433.6,6.4946722984314
2094,433.9,8.60716152191162
2095,434.1,14.5355463027954
2096,434.3,20.5441055297852
2097,434.4,8.54550170898438
2098,434.5,13.8499565124512
2099,434.7,6.95248889923096
2100,434.9,2.9255895614624
2101,435.1,9.04087352752686
2102,435.2,6.20628833770752
2103,435.4,13.8749341964722
2104,435.5,11.2759828567505
2105,435.8,5.98707437515259
2106,436.0,5.60209608078003
2107,436.1,3.70358085632324
2108,436.3,11.5484714508057
2109,436.4,12.6758079528809
2110,436.6,8.42917060852051
2111,436.8,2.11703062057495
2112,437.0,5.02200889587402
2113,437.2,6.66567707061768
2114,437.3,3.85572052001953
2115,437.5,7.92087316513062
2116,437.6,5.37257623672485
2117,437.8,2.10742354393005
2118,438.0,4.58061122894287
2119,438.1,3.51598262786865
2120,438.3,11.6618337631226
2121,438.5,21.9538860321045
2122,438.6,8.71248912811279
2123,438.9,5.49519634246826
2124,439.1,7.25676870346069
2125,439.3,8.84925746917725
2126,439.5,10.4571180343628
2127,439.6,5.8172926902771
2128,439.9,4.60541486740112
2129,440.0,2.78585147857666
2130,440.2,7.96698713302612
2131,440.3,10.0791263580322
2132,440.5,3.89711785316467
2133,440.7,7.2038426399231
2134,440.9,9.56890869140625
2135,441.0,6.15388631820679
2136,441.2,14.0808734893799
2137,441.3,7.1844539642334
2138,441.4,8.32331848144531
2139,441.7,5.3654146194458
2140,441.9,6.05694341659546
2141,442.0,4.49327516555786
2142,442.2,11.9954586029053
2143,442.3,6.51510906219482
2144,442.4,10.4855899810791
2145,442.7,11.0506553649902
2146,442.8,7.62864637374878
2147,443.0,28.0525760650635
2148,443.1,17.9117908477783
2149,443.2,30.1523151397705
2150,443.4,10.904803276062
2151,443.7,6.91772937774658
2152,443.8,4.78410482406616
2153,444.0,14.6896066665649
2154,444.1,9.36733627319336
2155,444.2,17.8555450439453
2156,444.4,4.69379901885986
2157,444.6,8.96768569946289
2158,444.8,17.8834934234619
2159,445.0,55.7044525146484
2160,445.2,71.8623580932617
2161,445.3,22.6331882476807
2162,445.5,6.96890830993652
2163,445.8,10.8585157394409
2164,446.0,26.3364200592041
2165,446.2,30.9110908508301
2166,446.4,25.0520515441895
2167,446.5,16.4679470062256
2168,446.6,39.6712646484375
2169,446.8,12.9633188247681
2170,447.0,58.1311798095703
2171,447.2,74.7234954833984
2172,447.3,29.4808731079102
2173,447.5,8.53484725952148
2174,447.6,11.1734495162964
2175,447.9,16.7224445343018
2176,448.0,13.4471616744995
2177,448.2,34.3446273803711
2178,448.3,26.303581237793
2179,448.5,15.5294322967529
2180,448.6,231.042266845703
2181,448.9,14.3717031478882
2182,449.0,8.80873394012451
2183,449.2,22.7023582458496
2184,449.3,10.0702180862427
2185,449.5,17.1807861328125
2186,449.7,82.9144134521484
2187,449.8,3.21606993675232
2188,450.0,6.83126640319824
2189,450.1,4.73187780380249
2190,450.3,12.7917900085449
2191,450.4,5.76733636856079
2192,450.6,19.3961563110352
2193,450.7,8.31912708282471
2194,450.9,5.10427951812744
2195,451.1,5.92296934127808
2196,451.3,6.87737989425659
2197,451.5,6.16052389144897
2198,451.7,7.2550220489502
2199,451.8,2.48209595680237
2200,452.0,4.60960721969604
2201,452.2,6.54183387756348
2202,452.3,4.13152837753296
2203,452.5,10.7905673980713
2204,452.6,4.65379905700684
2205,452.8,6.19336223602295
2206,453.0,5.06724882125854
2207,453.2,6.41065502166748
2208,453.4,7.04017448425293
2209,453.5,2.77117896080017
2210,453.6,5.23842811584473
2211,453.8,2.07790398597717
2212,454.0,4.9273362159729
2213,454.2,5.2695198059082
2214,454.3,3.4911789894104
2215,454.5,6.76296949386597
2216,454.7,4.93537139892578
2217,454.9,5.25729274749756
2218,455.1,6.78742361068726
2219,455.2,3.45117902755737
2220,455.4,7.01467227935791
2221,455.5,2.51668119430542
2222,455.6,3.98165941238403
2223,455.8,2.38812232017517
2224,456.0,4.94096088409424
2225,456.1,3.64978170394897
2226,456.3,7.44681215286255
2227,456.4,4.06061124801636
2228,456.6,6.890305519104
2229,456.8,10.1647157669067
2230,456.9,6.9806113243103
2231,457.1,17.8326644897461
2232,457.2,15.7647161483765
2233,457.4,6.88908290863037
2234,457.6,2.57729268074036
2235,457.8,6.42235803604126
2236,457.9,5.05205249786377
2237,458.1,10.437554359436
2238,458.2,9.80646324157715
2239,458.4,3.3068995475769
2240,458.6,5.75074243545532
2241,458.8,18.8829689025879
2242,459.0,65.724365234375
2243,459.1,85.4309158325195
2244,459.3,15.9259386062622
2245,459.4,9.5640172958374
2246,459.7,7.26497793197632
2247,459.9,21.4646282196045
2248,460.1,40.9014854431152
2249,460.2,16.4534492492676
2250,460.3,13.3680353164673
2251,460.5,3.67266368865967
2252,460.8,8.34462928771973
2253,460.9,25.8887329101563
2254,461.1,415.669006347656
2255,461.2,199.155975341797
2256,461.4,5.80349349975586
2257,461.6,1.95021831989288
2258,461.8,11.5262880325317
2259,461.9,25.4990386962891
2260,462.1,173.783935546875
2261,462.2,103.488906860352
2262,462.4,9.09467220306396
2263,462.7,7.70480346679688
2264,462.9,33.9207000732422
2265,463.1,104.510566711426
2266,463.2,69.6585159301758
2267,463.4,10.8310918807983
2268,463.6,2.48855900764465
2269,463.8,10.4506549835205
2270,464.0,27.7131881713867
2271,464.2,32.1016578674316
2272,464.3,17.4155464172363
2273,464.6,6.53956317901611
2274,464.8,8.41746711730957
2275,464.9,6.16698694229126
2276,465.1,15.2454147338867
2277,465.2,12.8915281295776
2278,465.4,6.14462900161743
2279,465.6,1.93886458873749
2280,465.8,4.78585147857666
2281,466.0,5.86131000518799
2282,466.2,7.24017477035522
2283,466.3,4.1809606552124
2284,466.4,9.0920524597168
2285,466.6,6.47004365921021
2286,466.8,2.30270743370056
2287,467.0,5.20244550704956
2288,467.1,2.6089084148407
2289,467.3,6.09344959259033
2290,467.5,5.8917031288147
2291,467.7,4.71510934829712
2292,467.9,3.9210479259491
2293,468.1,4.24820947647095
2294,468.3,4.73414850234985
2295,468.5,4.93606996536255
2296,468.7,4.49624443054199
2297,468.8,2.23790383338928
2298,469.0,4.46585130691528
2299,469.1,2.18480348587036
2300,469.3,4.88314390182495
2301,469.4,2.42951965332031
2302,469.6,4.65187788009644
2303,469.7,3.51755452156067
2304,470.0,3.53310036659241
2305,470.2,4.85676860809326
2306,470.4,6.52978181838989
2307,470.5,3.11248898506165
2308,470.7,5.81257629394531
2309,470.8,2.97502183914185
2310,471.0,7.04698705673218
2311,471.2,8.1593017578125
2312,471.4,8.23807907104492
2313,471.5,3.16890835762024
2314,471.7,5.57257652282715
2315,471.9,5.43161582946777
2316,472.1,5.83301305770874
2317,472.2,3.07510924339294
2318,472.3,5.75091695785522
2319,472.6,5.34427928924561
2320,472.7,3.6995632648468
2321,472.9,20.2298698425293
2322,473.0,21.6171188354492
2323,473.2,53.9006118774414
2324,473.3,24.7729263305664
2325,473.5,6.21152830123901
2326,473.8,8.04995632171631
2327,474.0,18.8688201904297
2328,474.1,13.5289087295532
2329,474.2,19.609432220459
2330,474.4,2.41606998443604
2331,474.6,2.52786016464233
2332,474.8,6.32541465759277
2333,475.0,50.913013458252
2334,475.1,405.499206542969
2335,475.2,789.748291015625
2336,475.4,12.9905681610107
2337,475.7,2.42847156524658
2338,475.9,11.7645416259766
2339,476.1,242.235290527344
2340,476.2,354.211883544922
2341,476.4,14.4398250579834
2342,476.6,6.52890825271606
2343,476.7,7.47877740859985
2344,477.0,62.0607872009277
2345,477.2,275.185333251953
2346,477.3,67.1965103149414
2347,477.4,17.5124893188477
2348,477.7,4.58986902236938
2349,477.8,3.94096064567566
2350,478.0,35.6289939880371
2351,478.1,38.1058502197266
2352,478.2,66.3231430053711
2353,478.4,16.4185161590576
2354,478.6,4.80576419830322
2355,478.8,3.9821834564209
2356,479.0,20.8099555969238
2357,479.2,31.7186031341553
2358,479.3,21.6085586547852
2359,479.5,5.17764186859131
2360,479.8,4.97589540481567
2361,480.0,7.95790386199951
2362,480.2,10.9416589736938
2363,480.3,5.35633182525635
2364,480.4,7.42585134506226
2365,480.7,4.75825309753418
2366,480.8,2.19423580169678
2367,481.0,4.93414831161499
2368,481.2,6.34148454666138
2369,481.4,5.64733600616455
2370,481.6,4.46288204193115
2371,481.8,3.53065490722656
2372,482.0,4.95213985443115
2373,482.2,4.95772933959961
2374,482.4,4.91109180450439
2375,482.5,5.64716148376465
2376,482.8,4.54550218582153
2377,483.0,4.72646284103394
2378,483.1,2.65921401977539
2379,483.3,4.83074235916138
2380,483.4,4.93449783325195
2381,483.6,2.04786014556885
2382,483.8,3.67441058158875
2383,484.0,3.97711801528931
2384,484.2,4.17938852310181
2385,484.4,5.43004369735718
2386,484.5,2.42427945137024
2387,484.7,4.69659376144409
2388,484.9,5.27039289474487
2389,485.1,5.63528394699097
2390,485.2,2.81310033798218
2391,485.3,6.73432302474976
2392,485.5,2.42497825622559
2393,485.7,4.76558971405029
2394,485.8,2.04506540298462
2395,486.0,4.07371187210083
2396,486.2,5.09327507019043
2397,486.4,5.39982509613037
2398,486.6,3.78672480583191
2399,486.8,6.62427949905396
2400,486.9,6.35842800140381
2401,487.1,19.106725692749
2402,487.3,23.353536605835
2403,487.4,13.3193016052246
2404,487.6,6.72960710525513
2405,487.8,3.36139726638794
2406,488.0,10.1764192581177
2407,488.2,14.1205244064331
2408,488.3,4.85607004165649
2409,488.4,3.09397387504578
2410,488.7,2.23685598373413
2411,488.9,9.42864608764648
2412,489.1,339.078247070313
2413,489.2,837.514770507813
2414,489.4,9.87074279785156
2415,489.5,3.55947589874268
2416,489.8,3.36314415931702
2417,490.0,44.5318794250488
2418,490.2,458.892578125
2419,490.3,118.116859436035
2420,490.5,4.2216591835022
2421,490.7,1.76943230628967
2422,490.9,10.25537109375
2423,491.1,166.203491210938
2424,491.2,257.684722900391
2425,491.4,12.270393371582
2426,491.5,4.47930145263672
2427,491.8,5.03510904312134
2428,491.9,11.4183406829834
2429,492.1,69.6352844238281
2430,492.2,44.8248023986816
2431,492.3,47.6232299804688
2432,492.5,3.75161576271057
2433,492.7,4.68820953369141
2434,492.9,11.8567686080933
2435,493.0,13.9549341201782
2436,493.2,37.3089942932129
2437,493.3,24.3816585540771
2438,493.5,3.92262005805969
2439,493.7,3.82812237739563
2440,493.8,2.8013973236084
2441,494.0,7.83598232269287
2442,494.2,13.3084716796875
2443,494.4,11.058690071106
2444,494.5,5.2019214630127
2445,494.7,2.09379911422729
2446,494.9,4.96331882476807
2447,495.1,7.6737117767334
2448,495.2,4.16349363327026
2449,495.4,7.29502201080322
2450,495.5,4.49152851104736
2451,495.7,1.76401746273041
2452,495.9,4.11353731155396
2453,496.1,4.7234935760498
2454,496.3,5.22759819030762
2455,496.4,2.16069865226746
2456,496.6,4.7252402305603
2457,496.8,3.61764192581177
2458,497.0,4.49327516555786
2459,497.2,4.76838445663452
2460,497.4,4.32506561279297
2461,497.5,1.99772930145264
2462,497.7,3.58812236785889
2463,497.9,3.10131001472473
2464,498.0,1.61152839660645
2465,498.2,3.78742361068726
2466,498.4,4.80646276473999
2467,498.6,5.29537105560303
2468,498.8,4.18882083892822
2469,499.0,4.66742372512817
2470,499.2,5.19755458831787
2471,499.3,6.09781646728516
2472,499.6,4.63336229324341
2473,499.7,2.11231446266174
2474,499.8,3.97030568122864
2475,500.1,4.02707433700562
2476,500.2,2.3554584980011
2477,500.3,4.85589504241943
2478,500.6,4.52314424514771
2479,500.8,5.71650648117065
2480,500.9,3.86724901199341
2481,501.1,9.88261985778809
2482,501.2,5.24104785919189
2483,501.3,8.25607013702393
2484,501.5,5.15318775177002
2485,501.7,2.39004373550415
2486,501.9,5.41572046279907
2487,502.1,7.35842800140381
2488,502.3,8.10078620910645
2489,502.4,4.71039295196533
2490,502.7,3.70724892616272
2491,502.9,17.4326629638672
2492,503.0,34.4691696166992
2493,503.2,130.116683959961
2494,503.3,44.2506561279297
2495,503.4,15.697642326355
2496,503.7,3.99231433868408
2497,503.8,3.68489074707031
2498,504.0,28.4510040283203
2499,504.1,29.1968555450439
2500,504.2,62.2020950317383
2501,504.4,16.1011352539063
2502,504.7,6.02323150634766
2503,504.9,16.871789932251
2504,505.1,48.7184295654297
2505,505.2,52.7175559997559
2506,505.4,14.0097818374634
2507,505.7,5.35720539093018
2508,505.9,9.73921394348145
2509,506.1,22.4777297973633
2510,506.2,22.7706546783447
2511,506.4,9.70235824584961
2512,506.6,2.83790397644043
2513,506.8,6.7624454498291
2514,507.0,15.2429695129395
2515,507.2,22.8309173583984
2516,507.3,13.9834060668945
2517,507.5,2.75248908996582
2518,507.7,4.54393005371094
2519,507.9,6.50847148895264
2520,508.1,8.61100482940674
2521,508.2,4.72262001037598
2522,508.3,7.39965057373047
2523,508.5,4.27266359329224
2524,508.8,4.68716144561768
2525,509.0,5.65799140930176
2526,509.2,7.80296945571899
2527,509.3,5.68262004852295
2528,509.6,3.88681221008301
2529,509.7,1.67441046237946
2530,509.9,3.47580790519714
2531,510.0,1.81048035621643
2532,510.2,4.59161567687988
2533,510.4,4.65065479278564
2534,510.5,1.90026199817657
2535,510.7,3.66620087623596
2536,510.8,2.03336238861084
2537,511.0,3.56471610069275
2538,511.2,4.24314403533936
2539,511.3,2.06986904144287
2540,511.5,3.73205232620239
2541,511.7,3.4620087146759
2542,511.9,2.97327518463135
2543,512.1,3.75213980674744
2544,512.2,2.14218330383301
2545,512.3,4.28978157043457
2546,512.5,2.12436676025391
2547,512.7,3.59772920608521
2548,512.9,3.85222697257996
2549,513.0,4.29310035705566
2550,513.3,4.5458517074585
2551,513.5,4.66794776916504
2552,513.7,3.51930141448975
2553,513.9,3.59772920608521
2554,514.1,3.92925763130188
2555,514.2,1.9402619600296
2556,514.4,3.5849781036377
2557,514.6,3.56733632087708
2558,514.8,4.5458517074585
2559,514.9,2.32174682617188
2560,515.1,6.79196500778198
2561,515.3,6.00366830825806
2562,515.5,5.04855918884277
2563,515.6,2.24786019325256
2564,515.8,3.47685599327087
2565,516.0,4.74026203155518
2566,516.2,5.46829700469971
2567,516.4,4.61065483093262
2568,516.5,2.59999990463257
2569,516.7,5.23126649856567
2570,516.8,3.27109169960022
2571,517.0,10.5007858276367
2572,517.2,12.3640174865723
2573,517.3,8.1804370880127
2574,517.6,3.97554588317871
2575,517.7,2.07772922515869
2576,517.9,4.9626202583313
2577,518.0,3.44786024093628
2578,518.2,7.86445426940918
2579,518.3,3.59703063964844
2580,518.5,5.77327489852905
2581,518.7,6.00646305084229
2582,518.9,17.816593170166
2583,519.0,14.5353708267212
2584,519.2,35.2700424194336
2585,519.3,11.0307426452637
2586,519.4,8.872314453125
2587,519.7,5.95545864105225
2588,519.9,10.9444541931152
2589,520.0,8.44157218933105
2590,520.2,18.8029689788818
2591,520.3,9.97484683990479
2592,520.6,5.52506542205811
2593,520.8,11.3626203536987
2594,520.9,16.2330131530762
2595,521.1,66.5339736938477
2596,521.2,50.3935356140137
2597,521.4,10.6728382110596
2598,521.7,5.29467248916626
2599,521.8,5.34113550186157
2600,522.0,23.5096950531006
2601,522.2,34.8691711425781
2602,522.3,17.2279472351074
2603,522.5,2.97170305252075
2604,522.7,5.13362455368042
2605,522.9,13.5126638412476
2606,523.1,22.5835800170898
2607,523.2,18.8242797851563
2608,523.4,3.79179048538208
2609,523.6,4.47790384292603
2610,523.7,1.99021828174591
2611,523.9,6.26305675506592
2612,524.0,4.26620101928711
2613,524.2,10.3191270828247
2614,524.4,7.82899570465088
2615,524.5,3.88593888282776
2616,524.8,4.44384288787842
2617,525.0,6.02707433700562
2618,525.2,6.49030590057373
2619,525.3,2.83807849884033
2620,525.5,4.40401744842529
2621,525.6,1.507248878479
2622,525.8,3.4894323348999
2623,526.0,3.98340606689453
2624,526.2,4.07004356384277
2625,526.4,4.66148471832275
2626,526.6,4.02427959442139
2627,526.8,3.81397390365601
2628,527.0,4.20104789733887
2629,527.1,2.0840175151825
2630,527.3,4.26759815216064
2631,527.5,3.90235805511475
2632,527.7,3.71406102180481
2633,527.9,3.03633189201355
2634,528.1,3.43475985527039
2635,528.2,1.8789519071579
2636,528.4,3.81869006156921
2637,528.5,3.63458514213562
2638,528.8,3.79947590827942
2639,529.0,3.6267249584198
2640,529.2,4.8190393447876
2641,529.3,2.17694330215454
2642,529.5,4.22148466110229
2643,529.7,3.70323133468628
2644,529.9,3.79947590827942
2645,530.1,4.1968560218811
2646,530.3,4.17344999313354
2647,530.5,4.12908315658569
2648,530.6,1.96558952331543
2649,530.8,4.21764183044434
2650,531.0,6.07580804824829
2651,531.2,6.81100416183472
2652,531.3,3.2262008190155
2653,531.4,5.07528400421143
2654,531.7,4.02917051315308
2655,531.9,4.59301328659058
2656,532.0,2.64244532585144
2657,532.2,6.25868988037109
2658,532.4,5.46113538742065
2659,532.6,4.25275087356567
2660,532.8,9.27196502685547
2661,532.9,9.5460262298584
2662,533.1,31.5765933990479
2663,533.2,27.2782535552979
2664,533.4,9.32157230377197
2665,533.7,4.5086464881897
2666,533.9,9.58724880218506
2667,534.1,16.233362197876
2668,534.2,8.62253284454346
2669,534.3,10.1577291488647
2670,534.6,4.01414823532104
2671,534.8,5.77729272842407
2672,535.0,64.2368545532227
2673,535.2,272.994598388672
2674,535.3,56.8782539367676
2675,535.4,14.1645412445068
2676,535.7,4.35144090652466
2677,535.9,17.7809600830078
2678,536.1,94.9283828735352
2679,536.2,106.808387756348
2680,536.4,16.636157989502
2681,536.7,5.41013097763062
2682,536.9,18.0960693359375
2683,537.1,63.7294311523438
2684,537.2,41.8710899353027
2685,537.3,39.9877738952637
2686,537.5,5.68611335754395
2687,537.7,2.2260262966156
2688,537.9,11.5383405685425
2689,538.1,26.4103050231934
2690,538.2,27.4062881469727
2691,538.4,9.84716129302979
2692,538.7,4.15930128097534
2693,538.8,2.88803482055664
2694,539.0,11.1107425689697
2695,539.1,13.1720523834229
2696,539.3,9.5110912322998
2697,539.6,3.92943239212036
2698,539.8,3.53222703933716
2699,539.9,2.61676859855652
2700,540.1,5.32663774490356
2701,540.3,5.36489105224609
2702,540.5,4.66567707061768
2703,540.7,3.64506554603577
2704,540.8,3.47615718841553
2705,541.0,2.18026208877563
2706,541.2,3.93938875198364
2707,541.3,2.21554589271545
2708,541.5,4.12331867218018
2709,541.6,1.58777296543121
2710,541.8,3.44227075576782
2711,542.0,4.15353727340698
2712,542.2,3.52995634078979
2713,542.3,3.75668120384216
2714,542.6,3.52314400672913
2715,542.8,3.09292578697205
2716,542.9,3.59895205497742
2717,543.2,3.40803503990173
2718,543.4,3.72000002861023
2719,543.6,3.74200868606567
2720,543.7,1.72960698604584
2721,543.9,3.16820955276489
2722,544.1,3.43877720832825
2723,544.2,3.05170297622681
2724,544.4,1.95318782329559
2725,544.6,3.90358090400696
2726,544.7,1.75877726078033
2727,544.8,3.96296954154968
2728,545.0,2.08384275436401
2729,545.2,4.59056758880615
2730,545.3,2.02550220489502
2731,545.5,3.98165941238403
2732,545.6,1.40663754940033
2733,545.8,3.89519643783569
2734,545.9,2.50235795974731
2735,546.1,4.37362432479858
2736,546.3,4.35895204544067
2737,546.5,3.46131014823914
2738,546.7,3.91283845901489
2739,546.9,9.17624473571777
2740,547.1,16.6999130249023
2741,547.2,17.8925762176514
2742,547.4,9.44209575653076
2743,547.7,4.78602600097656
2744,547.9,7.02620077133179
2745,548.1,11.2422704696655
2746,548.2,10.8600873947144
2747,548.4,3.33484721183777
2748,548.7,2.27039289474487
2749,548.8,2.62340617179871
2750,549.0,19.9757213592529
2751,549.2,454.815887451172
2752,549.3,333.729095458984
2753,549.5,6.02515268325806
2754,549.8,3.20611357688904
2755,549.9,4.39755439758301
