#"+ Scan (rt: 4.980-38.001 min, 5725 scans) DAMMAR121118_7.D "
#Point,X(Thompsons),Y(Counts)
0,45.1,1150.74633789063
1,45.3,32.0513534545898
2,45.6,1.62270736694336
3,45.8,6.13082981109619
4,46.0,35.4202613830566
5,46.1,30.4031448364258
6,46.2,42.210132598877
7,46.4,7.28157186508179
8,46.6,1.52227079868317
9,46.8,8.67301273345947
10,46.9,17.0684719085693
11,47.1,104.286636352539
12,47.2,43.3435821533203
13,47.3,17.0534496307373
14,47.6,2.76174664497375
15,47.7,1.66008734703064
16,47.9,11.4192142486572
17,48.1,17.0658512115479
18,48.3,12.7072486877441
19,48.4,4.74235820770264
20,48.6,1.84873366355896
21,48.8,6.91580772399902
22,49.0,35.5304794311523
23,49.1,26.9566802978516
24,49.2,38.447338104248
25,49.4,6.11982536315918
26,49.6,0.47179040312767
27,49.8,3.05746722221375
28,50.0,107.833190917969
29,50.1,802.953369140625
30,50.3,42.8193893432617
31,50.5,0.754585146903992
32,50.8,0.6389519572258
33,51.0,81.6885604858398
34,51.2,2075.720703125
35,51.3,36.4922256469727
36,51.5,0.166288211941719
37,51.6,0.264628827571869
38,51.9,14.7068996429443
39,52.1,462.308990478516
40,52.2,450.537811279297
41,52.4,6.00419235229492
42,52.6,0.184628814458847
43,52.8,0.134672492742538
44,53.0,32.8333625793457
45,53.2,3162.29736328125
46,53.3,37.427074432373
47,53.6,0.233362451195717
48,53.8,1.48069870471954
49,54.0,76.1837539672852
50,54.2,484.20751953125
51,54.3,81.7397384643555
52,54.4,10.215371131897
53,54.7,0.155283838510513
54,55.0,10.2424449920654
55,55.2,7160.830078125
56,55.3,60.6305694580078
57,55.9,6.81240177154541
58,56.1,342.747955322266
59,56.2,596.936767578125
60,56.4,11.0122270584106
61,56.5,2.39004373550415
62,56.8,1.57641923427582
63,57.0,51.4455909729004
64,57.2,1186.90832519531
65,57.3,192.255020141602
66,57.5,46.5179023742676
67,57.7,22.1519641876221
68,57.9,76.7220993041992
69,58.1,270.013610839844
70,58.2,229.649780273438
71,58.4,15.2183408737183
72,58.7,2.58393001556396
73,58.9,20.5535373687744
74,59.1,620.010681152344
75,59.2,631.389343261719
76,59.4,5.96000003814697
77,59.7,2.24314403533936
78,59.9,29.0244541168213
79,60.1,120.468994140625
80,60.2,96.256591796875
81,60.4,9.94620132446289
82,60.6,1.34497821331024
83,60.8,7.66899585723877
84,61.0,98.3448028564453
85,61.1,210.383056640625
86,61.3,33.0218353271484
87,61.6,2.07056760787964
88,61.8,6.99161577224731
89,62.0,105.00227355957
90,62.1,346.479827880859
91,62.3,36.5035820007324
92,62.5,2.68122267723083
93,62.8,3.4539737701416
94,63.0,122.231094360352
95,63.1,1328.83874511719
96,63.3,42.3103942871094
97,63.5,2.16768550872803
98,63.8,8.60331916809082
99,64.0,116.419738769531
100,64.2,383.408905029297
101,64.3,83.5778198242188
102,64.5,3.02515292167664
103,64.8,1.1196506023407
104,65.0,82.4253311157227
105,65.2,2565.67260742188
106,65.3,37.4717903137207
107,65.5,0.755982518196106
108,65.8,3.90008735656738
109,66.0,112.993713378906
110,66.2,607.75390625
111,66.3,89.3416595458984
112,66.5,0.721397399902344
113,66.8,0.354410469532013
114,67.0,22.3867244720459
115,67.2,5294.72021484375
116,67.3,69.0754547119141
117,67.6,0.145851522684097
118,67.8,0.73327511548996
119,68.0,78.2129287719727
120,68.2,999.885925292969
121,68.3,118.956855773926
122,68.5,1.31301307678223
123,68.8,0.247161567211151
124,69.0,29.7554588317871
125,69.2,5478.53857421875
126,69.3,150.783935546875
127,69.5,1.82864630222321
128,69.6,2.32838416099548
129,69.9,35.455020904541
130,70.1,301.760009765625
131,70.2,465.955291748047
132,70.4,34.8800010681152
133,70.5,38.7685585021973
134,70.8,33.5229682922363
135,71.0,134.231262207031
136,71.2,972.393371582031
137,71.3,109.001396179199
138,71.6,5.55650663375854
139,71.8,11.7360696792603
140,72.0,68.4288177490234
141,72.1,96.9676818847656
142,72.3,26.4827938079834
143,72.5,2.22742366790771
144,72.8,0.248908296227455
145,73.0,68.3055038452148
146,73.2,21524.583984375
147,73.3,30.7362442016602
148,73.5,0.0974672511219978
149,73.8,2.15441036224365
150,74.0,127.026725769043
151,74.2,2162.97583007813
152,74.3,37.7917900085449
153,74.5,0.476506561040878
154,74.7,0.602794766426086
155,74.9,15.1220960617065
156,75.1,1060.0830078125
157,75.2,609.283996582031
158,75.4,3.52087330818176
159,75.5,1.68541479110718
160,75.7,0.767510890960693
161,75.9,36.3596496582031
162,76.1,382.109161376953
163,76.2,308.382537841797
164,76.4,13.5615720748901
165,76.7,0.0462882108986378
166,77.0,53.9673347473145
167,77.1,6419.97216796875
168,77.3,15.3149347305298
169,77.5,0.0649781674146652
170,77.8,0.366113543510437
171,78.0,121.005065917969
172,78.2,2126.65795898438
173,78.3,69.2282943725586
174,78.6,0.135720521211624
175,79.0,27.1002616882324
176,79.2,7848.8955078125
177,79.3,22.4546718597412
178,79.5,0.0868122279644012
179,79.8,0.761397361755371
180,80.0,97.9544067382813
181,80.2,1510.53015136719
182,80.3,125.698516845703
183,80.5,1.19825327396393
184,80.8,0.235807865858078
185,81.0,36.6779022216797
186,81.2,6369.36181640625
187,81.3,110.763671875
188,81.6,0.256943225860596
189,81.8,3.48349356651306
190,81.9,16.2162437438965
191,82.1,573.604736328125
192,82.2,1106.4970703125
193,82.4,41.6267242431641
194,82.6,12.0085592269897
195,82.9,41.2396507263184
196,83.1,689.961730957031
197,83.2,1042.15454101563
198,83.4,8.97344970703125
199,83.5,2.27685594558716
200,83.7,1.79860258102417
201,83.9,30.6644535064697
202,84.0,59.1282081604004
203,84.2,223.161392211914
204,84.3,63.0001754760742
205,84.4,26.2560691833496
206,84.6,2.88803482055664
207,84.8,10.7827072143555
208,85.0,100.286987304688
209,85.2,495.649780273438
210,85.3,80.9552841186523
211,85.5,2.7820086479187
212,85.7,5.41781663894653
213,85.9,38.7063751220703
214,86.1,148.886810302734
215,86.2,106.436332702637
216,86.4,11.5900440216064
217,86.6,1.62934494018555
218,86.8,10.7544107437134
219,86.9,41.3512649536133
220,87.1,317.612579345703
221,87.2,197.089080810547
222,87.4,13.4773797988892
223,87.6,3.34340620040894
224,87.8,21.0193881988525
225,88.0,112.143928527832
226,88.2,162.540267944336
227,88.3,51.2457656860352
228,88.5,5.60192155838013
229,88.8,8.64087295532227
230,89.0,281.490478515625
231,89.1,543.316711425781
232,89.2,448.717193603516
233,89.4,8.79231452941895
234,89.6,6.90585136413574
235,89.8,21.8289947509766
236,90.0,99.4510040283203
237,90.1,68.6600875854492
238,90.2,82.4831466674805
239,90.4,2.31528377532959
240,90.6,0.103231437504292
241,91.0,25.7647171020508
242,91.2,12205.50390625
243,91.3,8.73379898071289
244,91.6,0.0176419205963612
245,91.8,0.310917019844055
246,92.0,111.847686767578
247,92.2,2247.03076171875
248,92.3,103.116508483887
249,92.5,0.849956333637238
250,92.7,0.21834060549736
251,93.0,30.452751159668
252,93.2,7746.2314453125
253,93.3,71.5493469238281
254,93.4,0.971703052520752
255,93.7,0.148646295070648
256,93.9,9.74567699432373
257,94.1,667.098327636719
258,94.2,1454.37951660156
259,94.4,43.3769416809082
260,94.6,2.82567691802979
261,94.8,1.14445412158966
262,95.0,53.2511787414551
263,95.2,5492.04248046875
264,95.3,161.207855224609
265,95.5,1.2052401304245
266,95.8,2.43021845817566
267,96.0,243.784622192383
268,96.2,1898.91320800781
269,96.3,141.892395019531
270,96.6,6.89659404754639
271,96.7,6.66602611541748
272,96.9,68.6148452758789
273,97.1,507.8232421875
274,97.2,601.150207519531
275,97.4,16.0953712463379
276,97.6,3.02218341827393
277,97.8,11.7737989425659
278,98.0,102.575370788574
279,98.2,193.573974609375
280,98.3,64.752311706543
281,98.5,5.91353702545166
282,98.8,11.0779037475586
283,99.0,85.8920516967773
284,99.2,170.833541870117
285,99.3,55.517204284668
286,99.5,3.87790393829346
287,99.7,7.73554563522339
288,99.9,29.1089954376221
289,100.0,29.0190391540527
290,100.2,76.643669128418
291,100.3,37.5481224060059
292,100.5,9.75772953033447
293,100.8,18.5200004577637
294,101.0,131.695892333984
295,101.1,114.841575622559
296,101.2,164.421829223633
297,101.4,23.3991260528564
298,101.6,5.14655017852783
299,101.8,24.2738857269287
300,102.0,184.224273681641
301,102.1,301.863586425781
302,102.2,313.525756835938
303,102.4,16.1680355072021
304,102.6,1.24698686599731
305,102.9,27.064977645874
306,103.1,1329.0185546875
307,103.2,773.034057617188
308,103.4,1.45257639884949
309,103.7,2.06899571418762
310,103.9,33.3102188110352
311,104.1,589.953857421875
312,104.2,554.998596191406
313,104.4,14.1360702514648
314,104.8,0.513013124465942
315,105.0,45.5680351257324
316,105.2,9408.8955078125
317,105.3,35.5152854919434
318,105.8,0.888209581375122
319,106.0,95.6195602416992
320,106.2,2288.50610351563
321,106.3,181.574493408203
322,106.5,1.72401750087738
323,106.8,0.457816600799561
324,107.0,45.4115295410156
325,107.2,6571.50244140625
326,107.3,133.706726074219
327,107.5,0.196681216359138
328,107.8,1.62218344211578
329,108.0,94.0160675048828
330,108.2,2477.61694335938
331,108.3,185.708129882813
332,108.5,1.07545852661133
333,108.8,1.9289083480835
334,109.0,60.6497802734375
335,109.2,4468.5029296875
336,109.3,193.366638183594
337,109.5,0.953362464904785
338,109.7,0.447336256504059
339,109.9,20.3647155761719
340,110.1,318.322448730469
341,110.2,638.554748535156
342,110.4,21.6073360443115
343,110.6,1.93764197826385
344,110.8,8.90026187896729
345,111.0,96.4854125976563
346,111.1,187.819732666016
347,111.2,333.325073242188
348,111.4,20.7535362243652
349,111.6,2.59737992286682
350,111.8,12.8883838653564
351,112.0,56.5842781066895
352,112.2,87.7362442016602
353,112.3,33.6581649780273
354,112.4,23.3643665313721
355,112.7,11.0682973861694
356,112.8,13.7668123245239
357,113.0,110.279647827148
358,113.2,215.307250976563
359,113.3,75.9039306640625
360,113.5,6.63545846939087
361,113.7,11.4165935516357
362,113.8,14.8291702270508
363,114.0,80.5199966430664
364,114.1,118.708297729492
365,114.3,37.7762451171875
366,114.5,1.21432316303253
367,114.8,0.957554578781128
368,115.0,161.292221069336
369,115.1,3117.875
370,115.2,2190.77075195313
371,115.4,0.639999985694885
372,115.7,0.693973779678345
373,115.9,21.1290836334229
374,116.1,904.325927734375
375,116.2,736.295349121094
376,116.4,6.96139717102051
377,116.5,1.65903925895691
378,116.8,1.21362447738647
379,117.0,112.694847106934
380,117.1,2034.31042480469
381,117.2,2502.47534179688
382,117.4,0.892052412033081
383,117.5,0.168384283781052
384,117.8,2.35056757926941
385,118.0,136.403671264648
386,118.1,581.584777832031
387,118.2,952.366271972656
388,118.4,18.3468990325928
389,118.6,0.0361572057008743
390,118.8,0.297816604375839
391,119.0,84.4836654663086
392,119.2,6891.26416015625
393,119.3,88.9924926757813
394,119.5,0.526812255382538
395,119.7,0.200000002980232
396,119.9,15.1364192962646
397,120.1,894.838806152344
398,120.2,1892.27331542969
399,120.4,8.74148464202881
400,120.5,1.90829694271088
401,120.8,0.389344990253448
402,120.9,4.40646266937256
403,121.1,1162.00415039063
404,121.2,3603.54858398438
405,121.4,4.15738010406494
406,121.7,0.0871615707874298
407,121.9,10.2943229675293
408,122.1,575.210998535156
409,122.2,1142.90197753906
410,122.3,234.024276733398
411,122.5,2.96139740943909
412,122.8,1.96558952331543
413,123.0,68.2880325317383
414,123.1,482.601745605469
415,123.2,1685.31628417969
416,123.4,13.6985149383545
417,123.6,2.01537108421326
418,123.7,0.725414872169495
419,123.9,22.8094329833984
420,124.1,226.942001342773
421,124.2,352.416259765625
422,124.4,25.853099822998
423,124.5,7.37222719192505
424,124.8,7.21100425720215
425,125.0,85.1551055908203
426,125.2,1546.62951660156
427,125.3,127.71947479248
428,125.5,6.97484731674194
429,125.7,4.37694311141968
430,125.9,45.1420097351074
431,126.1,314.082275390625
432,126.2,319.168914794922
433,126.4,26.6649780273438
434,126.7,6.01379919052124
435,126.9,30.2013969421387
436,127.1,905.316345214844
437,127.2,757.660461425781
438,127.4,9.75772953033447
439,127.5,2.90288209915161
440,127.8,2.8918776512146
441,128.0,96.4438400268555
442,128.2,4536.0029296875
443,128.3,69.9208755493164
444,128.5,1.70323145389557
445,128.8,2.78410482406616
446,129.0,101.02759552002
447,129.2,4275.84423828125
448,129.3,63.6572914123535
449,129.5,0.508820950984955
450,129.7,1.0434935092926
451,129.9,12.7324018478394
452,130.1,700.199645996094
453,130.2,743.037353515625
454,130.3,147.911437988281
455,130.5,2.32331871986389
456,130.8,1.58969438076019
457,130.9,4.2710919380188
458,131.1,1822.80126953125
459,131.2,2761.609375
460,131.4,1.72192144393921
461,131.5,0.412052392959595
462,131.8,2.18602609634399
463,132.0,135.954238891602
464,132.1,603.313354492188
465,132.2,1096.66442871094
466,132.4,16.4782524108887
467,132.5,1.15475988388062
468,132.8,1.42410480976105
469,133.0,125.108299255371
470,133.1,2707.86694335938
471,133.2,3369.05078125
472,133.4,1.64908301830292
473,133.7,0.330480337142944
474,133.9,9.71650695800781
475,134.0,114.426025390625
476,134.2,2331.51538085938
477,134.3,205.881927490234
478,134.5,1.00436675548553
479,134.8,0.658340632915497
480,135.0,70.2696914672852
481,135.1,1702.58251953125
482,135.2,3404.38696289063
483,135.4,4.87039279937744
484,135.7,0.669869005680084
485,135.9,12.8085594177246
486,136.1,548.303039550781
487,136.2,961.752136230469
488,136.3,207.057113647461
489,136.5,1.70043671131134
490,136.7,3.06515288352966
491,136.9,23.9055023193359
492,137.1,447.127868652344
493,137.2,795.911987304688
494,137.4,20.1332759857178
495,137.5,3.06777286529541
496,137.8,6.11388635635376
497,138.0,81.8391265869141
498,138.2,284.35791015625
499,138.3,107.094146728516
500,138.5,8.86183452606201
501,138.8,7.29641914367676
502,138.9,26.7987766265869
503,139.1,508.854858398438
504,139.2,423.700622558594
505,139.4,14.5643663406372
506,139.7,4.13921403884888
507,139.9,34.5121383666992
508,140.0,52.5331001281738
509,140.2,124.139389038086
510,140.3,45.5781669616699
511,140.5,3.68296933174133
512,140.8,3.82061123847961
513,141.0,96.5856781005859
514,141.2,3171.81762695313
515,141.3,79.1124877929688
516,141.5,0.98969429731369
517,141.7,1.88104808330536
518,141.9,11.9537115097046
519,142.1,991.0263671875
520,142.2,1215.8896484375
521,142.4,7.75248908996582
522,142.5,2.60820960998535
523,142.8,2.33956336975098
524,143.0,57.6082077026367
525,143.2,3800.92358398438
526,143.3,127.77677154541
527,143.5,1.36401748657227
528,143.7,1.15475988388062
529,143.9,12.7706546783447
530,144.1,599.081909179688
531,144.2,835.699768066406
532,144.3,174.925933837891
533,144.5,2.39737987518311
534,144.8,1.34777295589447
535,144.9,4.53205251693726
536,145.1,1175.17102050781
537,145.2,2988.19287109375
538,145.4,4.91039323806763
539,145.6,0.692227065563202
540,145.9,14.3011350631714
541,146.1,504.910217285156
542,146.2,995.518615722656
543,146.4,17.8302192687988
544,146.7,0.79126638174057
545,146.9,6.76890850067139
546,147.1,5270.041015625
547,147.2,5834.97412109375
548,147.4,2.14305686950684
549,147.6,0.606462895870209
550,147.9,6.04366827011108
551,148.1,1172.5302734375
552,148.2,1602.24169921875
553,148.3,195.351089477539
554,148.5,2.12663745880127
555,148.7,1.57554590702057
556,148.9,7.04244518280029
557,149.1,1053.07006835938
558,149.2,1796.38989257813
559,149.3,218.735717773438
560,149.5,2.12349343299866
561,149.8,2.3262882232666
562,150.0,108.102180480957
563,150.2,847.510192871094
564,150.3,216.880874633789
565,150.5,3.73572063446045
566,150.7,4.66689968109131
567,150.9,25.0553703308105
568,151.1,421.771514892578
569,151.2,479.646118164063
570,151.4,20.6476860046387
571,151.5,3.86689949035645
572,151.7,1.92506551742554
573,151.9,18.7420082092285
574,152.0,133.764892578125
575,152.2,1490.91003417969
576,152.3,105.971351623535
577,152.5,3.28471612930298
578,152.8,5.17868995666504
579,153.0,115.761924743652
580,153.2,1563.44311523438
581,153.3,111.467597961426
582,153.6,2.93484711647034
583,153.8,7.04296922683716
584,154.0,126.541656494141
585,154.2,693.721557617188
586,154.3,127.961921691895
587,154.5,2.68698692321777
588,154.7,2.98585152626038
589,154.9,14.598952293396
590,155.1,923.8662109375
591,155.2,1191.86657714844
592,155.3,130.518951416016
593,155.5,3.82270741462708
594,155.8,5.41082954406738
595,156.0,105.193710327148
596,156.2,1211.74633789063
597,156.3,150.325408935547
598,156.5,3.33467245101929
599,156.8,4.44174671173096
600,157.0,67.5879440307617
601,157.1,740.819763183594
602,157.2,1647.6494140625
603,157.4,9.26253318786621
604,157.5,2.24454140663147
605,157.7,0.714235782623291
606,157.9,12.5545854568481
607,158.1,426.445404052734
608,158.2,977.170471191406
609,158.4,25.672664642334
610,158.6,1.02794754505157
611,158.8,2.55860257148743
612,159.0,45.7170295715332
613,159.1,656.484741210938
614,159.2,2554.08325195313
615,159.4,11.7580785751343
616,159.6,0.44698691368103
617,159.8,2.93764185905457
618,160.0,68.0169448852539
619,160.1,334.7802734375
620,160.2,1067.89013671875
621,160.4,39.494499206543
622,160.7,2.6090829372406
623,160.9,16.1895198822021
624,161.1,554.475463867188
625,161.2,3508.75610351563
626,161.4,11.0576419830322
627,161.6,1.53082966804504
628,161.8,4.27056789398193
629,162.0,79.6200866699219
630,162.1,309.148986816406
631,162.2,1421.05346679688
632,162.4,45.2055892944336
633,162.6,1.25065505504608
634,162.8,4.92122268676758
635,163.0,159.783233642578
636,163.1,632.285217285156
637,163.2,1933.84802246094
638,163.4,15.7343235015869
639,163.5,3.6073362827301
640,163.7,1.98637557029724
641,163.9,29.0061130523682
642,164.1,286.020599365234
643,164.2,455.1240234375
644,164.4,37.4054145812988
645,164.7,2.8172926902771
646,164.9,24.6927509307861
647,165.1,1324.36889648438
648,165.2,1190.30090332031
649,165.4,5.08681201934814
650,165.6,1.91528379917145
651,165.8,6.27633190155029
652,166.0,132.262710571289
653,166.1,328.712677001953
654,166.2,417.099914550781
655,166.4,15.2571182250977
656,166.7,3.6525764465332
657,166.9,20.8950214385986
658,167.0,94.3517913818359
659,167.2,1010.73516845703
660,167.3,115.541137695313
661,167.5,2.69362449645996
662,167.7,1.33572053909302
663,167.9,22.8263759613037
664,168.1,290.225158691406
665,168.2,280.125244140625
666,168.3,125.972579956055
667,168.5,3.9175546169281
668,168.7,3.33624458312988
669,168.9,11.9271612167358
670,169.1,528.635986328125
671,169.2,843.768737792969
672,169.4,13.7804365158081
673,169.7,3.11406111717224
674,169.9,17.6635799407959
675,170.1,317.255706787109
676,170.2,573.222351074219
677,170.4,30.8880348205566
678,170.6,1.38148474693298
679,170.8,4.05432319641113
680,171.0,58.1385154724121
681,171.2,1175.55126953125
682,171.3,242.217636108398
683,171.5,1.83633184432983
684,171.7,2.27336239814758
685,171.8,2.15703058242798
686,172.0,76.134147644043
687,172.2,648.744079589844
688,172.3,213.992660522461
689,172.5,5.66026210784912
690,172.8,3.05449771881104
691,173.0,45.4466361999512
692,173.2,1529.09533691406
693,173.3,377.965759277344
694,173.5,2.57729268074036
695,173.7,2.56087327003479
696,173.9,11.4763317108154
697,174.1,276.428985595703
698,174.2,760.542724609375
699,174.4,44.3893432617188
700,174.7,2.63371181488037
701,174.9,10.4232311248779
702,175.1,397.826538085938
703,175.2,1981.00903320313
704,175.4,29.7261142730713
705,175.6,1.02847158908844
706,175.8,5.6754584312439
707,176.0,102.915458679199
708,176.1,302.061645507813
709,176.2,832.203857421875
710,176.4,36.0424461364746
711,176.6,2.34707427024841
712,176.8,6.82777309417725
713,177.0,229.059036254883
714,177.2,1563.13940429688
715,177.3,166.770126342773
716,177.4,21.402271270752
717,177.7,2.35091710090637
718,177.9,23.2431449890137
719,178.0,117.27214050293
720,178.2,1307.45104980469
721,178.3,148.603317260742
722,178.5,3.05397391319275
723,178.7,3.52611351013184
724,178.9,22.6272487640381
725,179.0,173.065505981445
726,179.2,1515.48364257813
727,179.3,90.8843688964844
728,179.5,2.26235818862915
729,179.8,5.29467248916626
730,179.9,21.5765933990479
731,180.1,303.578521728516
732,180.2,335.573089599609
733,180.4,23.4862880706787
734,180.6,1.80419218540192
735,180.8,4.74934482574463
736,181.0,91.4981689453125
737,181.1,327.977478027344
738,181.2,570.500610351563
739,181.4,12.9414844512939
740,181.6,1.55685591697693
741,181.8,5.5123143196106
742,182.0,77.0691680908203
743,182.2,374.820098876953
744,182.3,125.771705627441
745,182.5,6.40139722824097
746,182.7,1.50864624977112
747,182.9,11.1797380447388
748,183.1,341.414672851563
749,183.2,640.237731933594
750,183.4,21.6820964813232
751,183.7,3.98253273963928
752,183.9,17.084716796875
753,184.0,50.127685546875
754,184.2,411.784790039063
755,184.3,152.825332641602
756,184.5,8.89292621612549
757,184.8,4.75545835494995
758,185.0,59.2131004333496
759,185.2,741.160339355469
760,185.3,260.431427001953
761,185.5,5.9255895614624
762,185.8,4.77956342697144
763,186.0,55.9131889343262
764,186.2,403.4033203125
765,186.3,175.026901245117
766,186.4,45.708122253418
767,186.6,2.64052391052246
768,186.8,3.84401750564575
769,187.0,41.3002624511719
770,187.2,1163.46826171875
771,187.3,440.691009521484
772,187.5,5.0352840423584
773,187.8,2.9563319683075
774,188.0,48.3533630371094
775,188.2,534.809753417969
776,188.3,321.109008789063
777,188.5,6.78812217712402
778,188.7,2.36227083206177
779,188.9,12.127685546875
780,189.1,473.403656005859
781,189.2,2602.81372070313
782,189.4,21.4913539886475
783,189.6,0.969606995582581
784,189.8,4.72995615005493
785,190.0,67.6139755249023
786,190.2,872.199462890625
787,190.3,448.465850830078
788,190.5,4.77344989776611
789,190.7,4.48908281326294
790,190.9,21.3189525604248
791,191.1,2272.85620117188
792,191.2,1723.97961425781
793,191.4,16.887336730957
794,191.7,2.28576421737671
795,191.9,16.4632320404053
796,192.1,781.947082519531
797,192.2,953.898193359375
798,192.4,23.4675979614258
799,192.5,6.59877729415894
800,192.8,8.50829696655273
801,193.0,133.285247802734
802,193.1,7297.73486328125
803,193.3,60.5016593933105
804,193.4,6.383056640625
805,193.7,1.96244537830353
806,193.9,16.7049789428711
807,194.1,1094.96435546875
808,194.2,703.477905273438
809,194.4,10.828821182251
810,194.6,1.97344982624054
811,194.8,4.91371202468872
812,195.0,155.020782470703
813,195.2,1216.02270507813
814,195.3,141.078430175781
815,195.5,1.76890826225281
816,195.7,1.62899565696716
817,195.9,20.8118782043457
818,196.1,220.352493286133
819,196.2,305.037719726563
820,196.4,31.7841053009033
821,196.6,2.09152841567993
822,196.8,5.43580770492554
823,197.0,64.063232421875
824,197.2,505.131713867188
825,197.3,182.660430908203
826,197.4,29.1743240356445
827,197.7,3.12296938896179
828,197.9,14.7421836853027
829,198.1,149.350738525391
830,198.2,271.251190185547
831,198.4,40.8122253417969
832,198.5,10.777117729187
833,198.7,1.64017462730408
834,198.9,9.3790397644043
835,199.1,194.72087097168
836,199.2,532.20751953125
837,199.4,47.6293449401855
838,199.7,5.61327505111694
839,199.9,19.6171188354492
840,200.1,210.528915405273
841,200.2,241.473358154297
842,200.3,215.580612182617
843,200.5,11.7084712982178
844,200.7,10.4307422637939
845,200.8,4.84489059448242
846,201.0,51.0027961730957
847,201.2,601.667236328125
848,201.3,405.9833984375
849,201.5,10.6651525497437
850,201.8,4.22655010223389
851,202.0,55.7792129516602
852,202.2,1033.45361328125
853,202.3,469.711608886719
854,202.5,9.05886459350586
855,202.8,4.85834074020386
856,202.9,6.24419212341309
857,203.1,277.529083251953
858,203.3,2144.412109375
859,203.4,60.1949348449707
860,203.7,2.20069861412048
861,203.9,8.45816612243652
862,204.1,186.716156005859
863,204.3,1734.75122070313
864,204.4,78.6358108520508
865,204.7,4.0550217628479
866,204.9,10.6436681747437
867,205.1,391.583221435547
868,205.2,2102.29321289063
869,205.4,34.3446273803711
870,205.6,2.14672493934631
871,205.8,3.8288209438324
872,206.0,65.9219207763672
873,206.2,424.740264892578
874,206.3,241.832656860352
875,206.5,2.51213979721069
876,206.8,0.653449773788452
877,207.0,161.366806030273
878,207.1,23004.0859375
879,207.3,39.3381652832031
880,207.7,0.0675982534885406
881,207.9,22.9858512878418
882,208.1,2973.34497070313
883,208.2,2259.97900390625
884,208.4,11.5842790603638
885,208.7,3.96262001991272
886,208.9,21.012228012085
887,209.1,2043.37524414063
888,209.2,1465.18859863281
889,209.4,7.2003493309021
890,209.5,2.08576416969299
891,209.8,3.56838417053223
892,210.0,129.171524047852
893,210.2,560.752136230469
894,210.3,149.435104370117
895,210.5,4.6702184677124
896,210.8,6.37676858901978
897,211.0,91.9262847900391
898,211.2,469.121215820313
899,211.3,186.457641601563
900,211.5,5.57013082504272
901,211.7,1.06742358207703
902,211.9,14.4903059005737
903,212.1,113.990219116211
904,212.2,211.34375
905,212.4,45.4565925598145
906,212.6,4.99860239028931
907,212.8,3.43807864189148
908,213.0,51.250129699707
909,213.1,137.971008300781
910,213.2,454.904815673828
911,213.4,54.5383415222168
912,213.7,4.35283851623535
913,213.9,11.4871616363525
914,214.1,106.612922668457
915,214.2,119.411003112793
916,214.3,149.997909545898
917,214.5,13.8365068435669
918,214.7,2.53222703933716
919,214.9,9.40401744842529
920,215.1,284.538177490234
921,215.2,749.013122558594
922,215.4,41.998950958252
923,215.5,8.37205219268799
924,215.7,1.67912662029266
925,215.9,11.4186897277832
926,216.1,173.220779418945
927,216.2,207.161575317383
928,216.3,203.409255981445
929,216.5,9.93886470794678
930,216.7,6.07528400421143
931,216.9,12.481746673584
932,217.1,178.738510131836
933,217.2,503.407501220703
934,217.4,52.8604354858398
935,217.6,4.90008735656738
936,217.9,12.5060262680054
937,218.1,148.263748168945
938,218.3,516.410278320313
939,218.4,80.3783416748047
940,218.7,7.54497814178467
941,218.9,16.9027080535889
942,219.1,192.681579589844
943,219.2,278.939392089844
944,219.3,244.922973632813
945,219.5,6.11109161376953
946,219.7,3.91283845901489
947,219.8,4.08192157745361
948,220.0,48.7240180969238
949,220.1,102.449081420898
950,220.2,272.551788330078
951,220.4,35.8027954101563
952,220.7,3.20751094818115
953,220.9,14.7144107818604
954,221.1,1998.47143554688
955,221.2,3665.66088867188
956,221.3,152.497634887695
957,221.5,3.23179030418396
958,221.8,3.64366817474365
959,222.0,74.5783386230469
960,222.2,1312.46606445313
961,222.3,151.786193847656
962,222.4,24.248908996582
963,222.7,4.05013084411621
964,222.8,3.59982538223267
965,223.0,92.8260269165039
966,223.1,433.908996582031
967,223.2,727.614318847656
968,223.4,27.164192199707
969,223.6,0.807685613632202
970,223.8,3.49484705924988
971,224.0,67.4571151733398
972,224.1,111.940437316895
973,224.2,279.693115234375
974,224.4,40.5194778442383
975,224.7,6.15720510482788
976,224.9,17.8186893463135
977,225.0,50.020263671875
978,225.2,332.518249511719
979,225.3,205.083145141602
980,225.5,9.50427913665771
981,225.7,2.53152847290039
982,225.9,14.4798250198364
983,226.0,40.8459396362305
984,226.2,293.147766113281
985,226.3,134.046813964844
986,226.4,45.4642791748047
987,226.6,3.09449791908264
988,226.8,5.88227081298828
989,227.0,39.9072494506836
990,227.2,337.04052734375
991,227.3,168.456588745117
992,227.4,58.2761573791504
993,227.7,4.67283821105957
994,227.9,11.5751962661743
995,228.1,150.510040283203
996,228.2,166.353881835938
997,228.3,173.333801269531
998,228.5,13.7931880950928
999,228.7,6.22445392608643
1000,229.0,32.5100440979004
1001,229.2,426.703063964844
1002,229.3,268.94970703125
1003,229.4,64.3058547973633
1004,229.6,2.89257645606995
1005,229.8,6.80925750732422
1006,230.0,46.0441932678223
1007,230.2,231.460968017578
1008,230.3,186.817291259766
1009,230.5,20.0993881225586
1010,230.8,10.4445419311523
1011,230.9,11.5280351638794
1012,231.1,130.850311279297
1013,231.3,295.579925537109
1014,231.4,62.2597389221191
1015,231.7,5.82777309417725
1016,231.9,10.6197376251221
1017,232.1,103.057121276855
1018,232.3,314.063049316406
1019,232.4,45.5531883239746
1020,232.5,13.1299562454224
1021,232.8,7.53344964981079
1022,233.0,50.4137992858887
1023,233.2,221.784973144531
1024,233.3,110.624282836914
1025,233.4,44.2052383422852
1026,233.7,5.5636682510376
1027,233.9,13.2396507263184
1028,234.0,27.958776473999
1029,234.2,128.376770019531
1030,234.3,93.6661987304688
1031,234.5,16.3703060150146
1032,234.8,9.69921398162842
1033,235.0,70.9549331665039
1034,235.2,220.061141967773
1035,235.3,91.5720520019531
1036,235.4,33.4588661193848
1037,235.6,2.16646289825439
1038,235.8,7.89659404754639
1039,236.0,43.5638427734375
1040,236.2,124.628295898438
1041,236.3,83.9173812866211
1042,236.5,11.0932750701904
1043,236.7,4.02410459518433
1044,236.9,28.0644550323486
1045,237.0,61.5432319641113
1046,237.2,343.038238525391
1047,237.3,163.886291503906
1048,237.5,8.72384262084961
1049,237.7,8.05187797546387
1050,237.9,26.3572044372559
1051,238.0,36.384105682373
1052,238.2,154.124710083008
1053,238.3,69.931526184082
1054,238.4,49.3456764221191
1055,238.6,7.96227073669434
1056,238.9,17.7993011474609
1057,239.1,196.828994750977
1058,239.2,276.126098632813
1059,239.3,209.113708496094
1060,239.5,9.16262054443359
1061,239.8,6.11842775344849
1062,240.0,38.0827941894531
1063,240.2,184.221313476563
1064,240.3,139.985504150391
1065,240.5,12.7337989807129
1066,240.7,2.7430567741394
1067,240.9,11.9732751846313
1068,241.1,120.206634521484
1069,241.3,376.736755371094
1070,241.4,68.2890853881836
1071,241.6,5.19196510314941
1072,241.8,3.66358089447021
1073,242.0,31.7062015533447
1074,242.2,195.753890991211
1075,242.3,145.321578979492
1076,242.5,15.5456771850586
1077,242.8,6.30759811401367
1078,243.0,33.9624443054199
1079,243.2,245.300262451172
1080,243.3,160.646118164063
1081,243.4,68.5547561645508
1082,243.6,5.46096086502075
1083,243.8,2.63441038131714
1084,244.0,26.1021842956543
1085,244.2,177.507949829102
1086,244.3,147.1025390625
1087,244.5,19.2246284484863
1088,244.8,5.66829681396484
1089,244.9,6.32943248748779
1090,245.1,90.8614883422852
1091,245.2,155.595458984375
1092,245.3,299.161926269531
1093,245.5,14.4899559020996
1094,245.8,5.64681243896484
1095,245.9,7.32384300231934
1096,246.1,67.0754547119141
1097,246.3,182.119827270508
1098,246.4,51.2571182250977
1099,246.6,8.8939733505249
1100,246.8,5.61676836013794
1101,247.0,44.5357208251953
1102,247.2,161.016067504883
1103,247.3,104.028121948242
1104,247.5,8.21851539611816
1105,247.6,5.59965085983276
1106,247.9,12.4974670410156
1107,248.1,65.760871887207
1108,248.3,99.4780807495117
1109,248.4,22.0532760620117
1110,248.5,11.7729253768921
1111,248.8,11.5540609359741
1112,249.0,209.42707824707
1113,249.1,486.028289794922
1114,249.3,64.8427963256836
1115,249.5,2.94113540649414
1116,249.7,4.62986898422241
1117,249.9,33.2910041809082
1118,250.1,150.819381713867
1119,250.2,144.094665527344
1120,250.4,23.9647159576416
1121,250.5,10.1283845901489
1122,250.8,10.7538862228394
1123,251.0,184.683837890625
1124,251.1,800.045227050781
1125,251.3,90.8756332397461
1126,251.5,4.38026189804077
1127,251.8,7.94602632522583
1128,252.0,92.2494354248047
1129,252.2,292.710205078125
1130,252.3,116.990043640137
1131,252.5,10.0546722412109
1132,252.7,3.26305675506592
1133,252.9,24.7310047149658
1134,253.1,718.172241210938
1135,253.2,559.960510253906
1136,253.4,17.3262882232666
1137,253.5,6.03109169006348
1138,253.8,7.49921417236328
1139,254.0,84.3455047607422
1140,254.2,281.131866455078
1141,254.3,137.664276123047
1142,254.5,12.6703929901123
1143,254.8,8.6207857131958
1144,255.0,63.1021842956543
1145,255.2,333.858001708984
1146,255.3,230.159133911133
1147,255.5,8.84768581390381
1148,255.6,5.75441026687622
1149,255.9,11.9325761795044
1150,256.1,91.3287353515625
1151,256.2,127.286460876465
1152,256.3,163.632659912109
1153,256.5,19.2019214630127
1154,256.6,6.72646284103394
1155,256.9,8.75807857513428
1156,257.1,67.7385177612305
1157,257.3,299.025848388672
1158,257.4,85.5236663818359
1159,257.6,4.28611373901367
1160,257.7,5.40803480148315
1161,257.9,4.85676860809326
1162,258.1,60.0866394042969
1163,258.3,176.801223754883
1164,258.4,51.9315299987793
1165,258.5,23.4192142486572
1166,258.7,3.21589517593384
1167,258.9,9.28384304046631
1168,259.1,61.1063766479492
1169,259.2,77.6489105224609
1170,259.3,121.035461425781
1171,259.5,19.6073360443115
1172,259.8,5.85834074020386
1173,260.0,21.6992130279541
1174,260.2,85.4831466674805
1175,260.3,81.2127532958984
1176,260.5,11.8003492355347
1177,260.6,7.72576427459717
1178,260.8,4.00593900680542
1179,261.0,29.4204368591309
1180,261.2,92.4101333618164
1181,261.3,49.6190376281738
1182,261.4,37.6239318847656
1183,261.6,5.75772905349731
1184,261.9,8.96034908294678
1185,262.1,48.1208724975586
1186,262.2,102.503059387207
1187,262.4,36.6571197509766
1188,262.7,8.28978157043457
1189,262.9,22.1779918670654
1190,263.1,109.304801940918
1191,263.2,166.439300537109
1192,263.4,40.0335388183594
1193,263.7,5.19213962554932
1194,263.9,11.6213102340698
1195,264.1,59.0326652526855
1196,264.2,87.8076858520508
1197,264.4,20.0852394104004
1198,264.5,10.1189517974854
1199,264.8,8.72436714172363
1200,265.0,142.128204345703
1201,265.2,813.944458007813
1202,265.3,103.728736877441
1203,265.4,20.6258506774902
1204,265.6,1.78917026519775
1205,265.8,6.42043685913086
1206,266.0,77.9664611816406
1207,266.2,238.199478149414
1208,266.3,74.7147598266602
1209,266.4,28.9257640838623
1210,266.7,8.41432285308838
1211,266.8,9.66375541687012
1212,267.0,144.554580688477
1213,267.1,2367.99291992188
1214,267.3,79.3289108276367
1215,267.4,17.0108299255371
1216,267.7,3.87545847892761
1217,267.9,31.8586902618408
1218,268.1,428.514923095703
1219,268.2,386.722961425781
1220,268.4,35.7814865112305
1221,268.6,2.70323133468628
1222,268.8,10.3814849853516
1223,268.9,15.3882970809937
1224,269.1,326.852416992188
1225,269.2,636.025695800781
1226,269.4,49.6744117736816
1227,269.6,4.52034950256348
1228,269.9,17.317554473877
1229,270.1,107.937294006348
1230,270.3,258.275115966797
1231,270.4,51.2225341796875
1232,270.5,19.8398246765137
1233,270.8,8.36087322235107
1234,271.0,32.7565078735352
1235,271.2,155.007858276367
1236,271.3,222.732925415039
1237,271.5,24.872314453125
1238,271.7,3.1827073097229
1239,271.9,8.09886455535889
1240,272.0,14.7617464065552
1241,272.2,101.359825134277
1242,272.3,133.03825378418
1243,272.5,23.0969429016113
1244,272.7,6.47633171081543
1245,272.9,5.84366798400879
1246,273.1,48.0358085632324
1247,273.3,122.948295593262
1248,273.4,53.4296951293945
1249,273.6,7.42742347717285
1250,273.9,11.3523139953613
1251,274.1,46.7739753723145
1252,274.3,100.757553100586
1253,274.4,53.2953720092773
1254,274.6,10.5187768936157
1255,274.9,13.8144979476929
1256,275.1,41.432487487793
1257,275.3,83.0826187133789
1258,275.4,37.1325759887695
1259,275.6,4.15598249435425
1260,275.8,7.33135366439819
1261,275.9,7.84454154968262
1262,276.1,46.3495178222656
1263,276.2,45.7343215942383
1264,276.3,79.7703094482422
1265,276.5,11.4543228149414
1266,276.6,6.29537105560303
1267,276.9,12.2199125289917
1268,277.1,55.8124008178711
1269,277.3,102.666198730469
1270,277.4,43.792839050293
1271,277.6,6.96960687637329
1272,277.9,9.17222690582275
1273,278.0,15.995982170105
1274,278.2,76.2562408447266
1275,278.3,81.9524917602539
1276,278.5,16.488733291626
1277,278.7,3.15039300918579
1278,278.9,16.7186031341553
1279,279.0,53.6307411193848
1280,279.2,297.669525146484
1281,279.3,117.88786315918
1282,279.4,56.1881217956543
1283,279.6,2.80227065086365
1284,279.8,7.57589530944824
1285,280.0,55.8248023986816
1286,280.1,81.0625305175781
1287,280.2,128.134323120117
1288,280.4,17.3703060150146
1289,280.6,1.4604367017746
1290,280.8,6.26689958572388
1291,281.0,104.83895111084
1292,281.2,6874.74853515625
1293,281.3,117.003143310547
1294,281.4,17.8122272491455
1295,281.7,2.10078597068787
1296,281.9,17.1886463165283
1297,282.1,964.106872558594
1298,282.2,1133.94055175781
1299,282.4,21.701135635376
1300,282.5,8.25834083557129
1301,282.8,9.492751121521
1302,283.0,68.3689117431641
1303,283.2,1788.76110839844
1304,283.3,195.820953369141
1305,283.4,29.850830078125
1306,283.7,2.59336233139038
1307,283.9,14.6969432830811
1308,284.1,220.39616394043
1309,284.2,348.723327636719
1310,284.4,53.3757209777832
1311,284.7,6.25781679153442
1312,284.9,18.7701301574707
1313,285.1,124.125068664551
1314,285.2,109.636329650879
1315,285.3,158.076675415039
1316,285.5,11.7233190536499
1317,285.6,6.68052387237549
1318,285.8,4.00978183746338
1319,286.0,24.6358070373535
1320,286.2,77.2448883056641
1321,286.3,86.1137084960938
1322,286.5,14.7565069198608
1323,286.6,7.66986894607544
1324,286.9,9.99720478057861
1325,287.0,15.4052400588989
1326,287.2,62.7542343139648
1327,287.3,72.1837539672852
1328,287.5,17.007511138916
1329,287.8,5.35842800140381
1330,288.0,16.2241039276123
1331,288.2,47.1112670898438
1332,288.3,54.9979057312012
1333,288.5,17.8616600036621
1334,288.8,5.83545827865601
1335,289.0,19.2022705078125
1336,289.2,54.0586891174316
1337,289.3,32.0483856201172
1338,289.4,35.9095191955566
1339,289.6,6.0373797416687
1340,289.9,7.82410478591919
1341,290.0,10.405065536499
1342,290.2,43.1430549621582
1343,290.3,51.667423248291
1344,290.5,13.5103931427002
1345,290.8,5.72244548797607
1346,291.0,18.738166809082
1347,291.2,62.4061126708984
1348,291.3,57.955982208252
1349,291.5,18.0586891174316
1350,291.8,5.50602626800537
1351,291.9,4.81205224990845
1352,292.1,32.1152839660645
1353,292.3,64.5580749511719
1354,292.4,39.7708282470703
1355,292.6,8.39074230194092
1356,292.9,15.9421834945679
1357,293.0,22.6410484313965
1358,293.2,101.774848937988
1359,293.3,94.208381652832
1360,293.5,18.9014854431152
1361,293.7,3.06672477722168
1362,293.9,10.0047159194946
1363,294.1,45.1173782348633
1364,294.2,44.0731887817383
1365,294.3,74.5827102661133
1366,294.5,15.8896074295044
1367,294.8,7.9626202583313
1368,295.0,47.6892585754395
1369,295.1,281.033874511719
1370,295.2,820.610473632813
1371,295.4,45.2876853942871
1372,295.6,3.91650652885437
1373,295.9,10.6595630645752
1374,296.0,40.7009620666504
1375,296.2,310.125427246094
1376,296.3,208.054840087891
1377,296.5,21.7888202667236
1378,296.8,6.73310041427612
1379,297.0,43.8291702270508
1380,297.2,263.453460693359
1381,297.3,185.783233642578
1382,297.4,106.890655517578
1383,297.6,7.27231454849243
1384,297.9,11.9982528686523
1385,298.1,61.5945854187012
1386,298.3,154.018508911133
1387,298.4,81.4896087646484
1388,298.6,11.5044546127319
1389,298.8,4.97432327270508
1390,299.0,28.2646293640137
1391,299.2,96.7797393798828
1392,299.3,178.934677124023
1393,299.5,25.026725769043
1394,299.7,3.2845413684845
1395,299.9,9.37327480316162
1396,300.0,10.4593887329102
1397,300.2,55.2265510559082
1398,300.4,93.1402587890625
1399,300.5,21.1055030822754
1400,300.8,6.89764213562012
1401,300.9,4.74707412719727
1402,301.1,29.099214553833
1403,301.3,50.2684707641602
1404,301.4,36.4136238098145
1405,301.6,4.60174655914307
1406,301.8,5.62253284454346
1407,301.9,3.96978163719177
1408,302.1,23.3846282958984
1409,302.2,19.4256763458252
1410,302.4,37.5926628112793
1411,302.5,10.0848903656006
1412,302.6,7.81624460220337
1413,302.8,3.32908296585083
1414,303.0,15.5413103103638
1415,303.2,36.5910911560059
1416,303.3,22.2337112426758
1417,303.4,26.6213092803955
1418,303.6,5.90165948867798
1419,303.9,7.2730131149292
1420,304.1,23.7393894195557
1421,304.3,36.7678604125977
1422,304.4,28.623929977417
1423,304.6,4.54917049407959
1424,304.8,8.01606941223145
1425,305.0,16.1233196258545
1426,305.2,45.9783401489258
1427,305.3,49.1889953613281
1428,305.5,16.8522262573242
1429,305.8,6.0356330871582
1430,306.0,14.1645412445068
1431,306.2,41.6410484313965
1432,306.4,53.1332740783691
1433,306.5,12.8377294540405
1434,306.6,9.6344108581543
1435,306.9,10.7030563354492
1436,307.1,43.0806999206543
1437,307.3,88.8993911743164
1438,307.4,33.2354583740234
1439,307.5,20.9823589324951
1440,307.8,6.54235792160034
1441,308.0,13.5708293914795
1442,308.2,57.2995643615723
1443,308.4,73.239128112793
1444,308.5,26.7035808563232
1445,308.8,12.039999961853
1446,309.0,36.2796516418457
1447,309.1,46.2524032592773
1448,309.3,133.558074951172
1449,309.4,46.1193008422852
1450,309.5,26.4745845794678
1451,309.7,3.51930141448975
1452,309.9,11.18288230896
1453,310.1,39.3117904663086
1454,310.3,90.4805221557617
1455,310.4,58.5491714477539
1456,310.6,9.35283851623535
1457,310.8,14.0606117248535
1458,311.0,69.3292541503906
1459,311.2,247.811004638672
1460,311.3,112.108642578125
1461,311.4,105.866897583008
1462,311.6,9.8227071762085
1463,311.9,16.2117023468018
1464,312.1,63.1243667602539
1465,312.2,52.3434066772461
1466,312.4,120.449432373047
1467,312.5,19.7353706359863
1468,312.6,14.1619215011597
1469,312.8,6.71458530426025
1470,313.0,74.4401779174805
1471,313.2,289.984100341797
1472,313.3,184.146377563477
1473,313.5,10.1344976425171
1474,313.6,6.83301305770874
1475,313.8,4.84768581390381
1476,314.0,34.0658531188965
1477,314.1,44.8944969177246
1478,314.3,134.10969543457
1479,314.4,79.0826187133789
1480,314.6,10.3201742172241
1481,314.9,12.5205240249634
1482,315.0,15.5606985092163
1483,315.2,65.2270736694336
1484,315.3,56.5186042785645
1485,315.4,147.994583129883
1486,315.6,7.84558963775635
1487,315.8,2.87842798233032
1488,316.0,12.6969432830811
1489,316.2,37.5907440185547
1490,316.4,74.8489074707031
1491,316.5,16.0052394866943
1492,316.6,10.2490825653076
1493,316.9,6.79406118392944
1494,317.1,18.944278717041
1495,317.3,40.1135368347168
1496,317.4,31.3037548065186
1497,317.6,6.84890842437744
1498,317.9,5.28314399719238
1499,318.1,16.0537986755371
1500,318.2,16.4992141723633
1501,318.4,28.9558086395264
1502,318.5,15.678427696228
1503,318.7,5.27388668060303
1504,319.0,11.8370304107666
1505,319.1,13.4370307922363
1506,319.3,41.2394752502441
1507,319.4,29.5996513366699
1508,319.6,7.73746728897095
1509,319.8,2.62707424163818
1510,320.0,10.2466373443604
1511,320.1,12.9367685317993
1512,320.3,41.2347602844238
1513,320.4,32.5570297241211
1514,320.6,9.71947574615479
1515,320.8,3.57205247879028
1516,321.0,15.6321401596069
1517,321.2,48.4637565612793
1518,321.3,68.1196517944336
1519,321.5,22.9154586791992
1520,321.8,5.85694313049316
1521,322.0,11.2855892181396
1522,322.2,38.937816619873
1523,322.4,52.708122253418
1524,322.5,24.141658782959
1525,322.8,15.4057645797729
1526,323.0,48.1832313537598
1527,323.2,114.828300476074
1528,323.3,94.5856781005859
1529,323.5,16.4024448394775
1530,323.6,11.8242797851563
1531,323.9,12.5900440216064
1532,324.1,43.1751976013184
1533,324.3,82.7627944946289
1534,324.4,46.8892593383789
1535,324.7,15.5713539123535
1536,324.9,33.9521408081055
1537,325.1,381.269348144531
1538,325.2,398.36279296875
1539,325.4,37.1764183044434
1540,325.6,3.5362446308136
1541,325.8,12.7500438690186
1542,326.0,75.6567687988281
1543,326.2,172.930313110352
1544,326.3,67.1853256225586
1545,326.4,36.4779052734375
1546,326.7,10.9369430541992
1547,326.9,31.2604370117188
1548,327.0,137.128387451172
1549,327.2,1737.79162597656
1550,327.3,80.8420944213867
1551,327.4,11.8712663650513
1552,327.7,4.40174674987793
1553,327.9,23.3816585540771
1554,328.0,105.278602600098
1555,328.2,478.750915527344
1556,328.3,100.760177612305
1557,328.5,4.06759834289551
1558,328.7,7.89956331253052
1559,328.8,9.46008777618408
1560,329.0,108.156158447266
1561,329.1,133.037384033203
1562,329.2,199.442794799805
1563,329.4,18.4627075195313
1564,329.7,5.07336235046387
1565,329.9,16.8695201873779
1566,330.1,56.1065521240234
1567,330.2,38.6082077026367
1568,330.3,51.4368553161621
1569,330.5,7.67580795288086
1570,330.7,6.75615739822388
1571,330.8,4.98951959609985
1572,331.0,19.2387771606445
1573,331.2,36.696418762207
1574,331.3,35.0057640075684
1575,331.5,12.3233184814453
1576,331.7,2.11475992202759
1577,331.9,6.38183403015137
1578,332.1,15.4342355728149
1579,332.3,28.7257633209229
1580,332.4,21.1814842224121
1581,332.6,7.96908283233643
1582,332.8,2.34899568557739
1583,333.0,9.68262004852295
1584,333.2,24.3240165710449
1585,333.3,13.5643663406372
1586,333.4,24.5605239868164
1587,333.6,4.23720502853394
1588,333.8,5.37013101577759
1589,334.0,10.405065536499
1590,334.2,25.5416603088379
1591,334.4,33.5007858276367
1592,334.5,20.0920524597168
1593,334.7,2.80890822410583
1594,334.9,7.71598243713379
1595,335.1,18.453275680542
1596,335.3,35.5818328857422
1597,335.4,19.6466369628906
1598,335.5,18.3137111663818
1599,335.8,7.29327487945557
1600,336.0,8.73432350158691
1601,336.2,28.0179920196533
1602,336.4,40.5465507507324
1603,336.5,14.258864402771
1604,336.6,11.0275983810425
1605,336.9,9.05379867553711
1606,337.1,24.6272487640381
1607,337.3,52.8394775390625
1608,337.4,30.5970306396484
1609,337.5,30.9310035705566
1610,337.7,3.92524027824402
1611,337.9,7.16244554519653
1612,338.1,20.4943237304688
1613,338.3,52.5364189147949
1614,338.4,40.7165069580078
1615,338.6,17.0061130523682
1616,338.8,6.86043691635132
1617,339.0,56.9851531982422
1618,339.2,175.070922851563
1619,339.3,128.586730957031
1620,339.5,20.8537998199463
1621,339.7,3.85938858985901
1622,339.9,14.248384475708
1623,340.1,60.0548477172852
1624,340.3,92.2934494018555
1625,340.4,37.1910934448242
1626,340.7,4.49973821640015
1627,340.9,27.652925491333
1628,341.1,865.375183105469
1629,341.2,1913.2490234375
1630,341.4,22.171178817749
1631,341.6,1.37397384643555
1632,341.8,6.37222719192505
1633,342.0,83.2607879638672
1634,342.2,739.193725585938
1635,342.3,198.063751220703
1636,342.4,40.0261993408203
1637,342.7,6.22462892532349
1638,342.9,17.8607864379883
1639,343.1,295.081756591797
1640,343.2,299.300445556641
1641,343.3,153.953536987305
1642,343.5,6.76663732528687
1643,343.7,2.41310048103333
1644,343.9,19.3991260528564
1645,344.0,32.5835800170898
1646,344.2,122.395462036133
1647,344.3,58.4761581420898
1648,344.4,39.1720542907715
1649,344.6,4.741135597229
1650,344.8,7.93467235565186
1651,344.9,10.6758079528809
1652,345.1,46.8034934997559
1653,345.3,69.7339706420898
1654,345.4,20.9257640838623
1655,345.5,14.8588647842407
1656,345.8,5.74148464202881
1657,346.0,10.9751968383789
1658,346.2,31.0389518737793
1659,346.4,36.6967697143555
1660,346.5,16.380786895752
1661,346.7,2.88314414024353
1662,346.9,6.5105676651001
1663,347.1,17.1444549560547
1664,347.3,36.3926620483398
1665,347.4,19.5624446868896
1666,347.5,20.0813980102539
1667,347.7,6.18882083892822
1668,348.0,6.91790390014648
1669,348.2,22.7392139434814
1670,348.3,18.8384284973145
1671,348.4,31.6096076965332
1672,348.6,10.8448905944824
1673,348.9,5.69711780548096
1674,349.1,15.8335371017456
1675,349.2,17.2352828979492
1676,349.4,42.7947616577148
1677,349.5,24.6632308959961
1678,349.7,5.85764169692993
1679,350.0,6.16646289825439
1680,350.2,22.1257648468018
1681,350.4,37.7455024719238
1682,350.5,14.7647161483765
1683,350.6,13.9439296722412
1684,350.9,6.83283853530884
1685,351.0,5.72122287750244
1686,351.2,26.6209602355957
1687,351.4,42.7299575805664
1688,351.5,27.4462890625
1689,351.7,6.20611333847046
1690,352.0,8.37519645690918
1691,352.1,9.4714412689209
1692,352.3,38.0352821350098
1693,352.4,48.5098686218262
1694,352.6,14.6641044616699
1695,352.9,15.2672491073608
1696,353.1,45.0564193725586
1697,353.3,80.4302215576172
1698,353.4,32.1531867980957
1699,353.5,20.1669864654541
1700,353.8,9.06532764434814
1701,354.0,20.1750221252441
1702,354.2,42.6822700500488
1703,354.3,24.7813091278076
1704,354.5,4.68349361419678
1705,354.8,6.13449764251709
1706,355.0,54.1587791442871
1707,355.2,2582.45458984375
1708,355.3,512.498718261719
1709,355.5,8.04506587982178
1710,355.8,4.5462007522583
1711,356.0,52.2735366821289
1712,356.2,841.863220214844
1713,356.3,267.429351806641
1714,356.4,43.3234939575195
1715,356.6,2.26218342781067
1716,356.8,6.61292552947998
1717,357.0,60.8480339050293
1718,357.2,638.572204589844
1719,357.3,262.074584960938
1720,357.5,9.28785991668701
1721,357.7,1.03196501731873
1722,357.9,12.160698890686
1723,358.0,33.4971160888672
1724,358.2,165.999298095703
1725,358.3,148.34375
1726,358.5,15.5399122238159
1727,358.8,6.60576438903809
1728,359.0,28.7641925811768
1729,359.1,34.356330871582
1730,359.3,89.876335144043
1731,359.4,31.9984283447266
1732,359.5,18.2571182250977
1733,359.7,2.20558953285217
1734,359.9,6.15458536148071
1735,360.1,19.5351963043213
1736,360.2,17.4744110107422
1737,360.4,46.4578170776367
1738,360.5,16.2833194732666
1739,360.6,10.5793886184692
1740,360.9,6.29362440109253
1741,361.1,15.528733253479
1742,361.3,42.9610481262207
1743,361.4,25.0906543731689
1744,361.5,25.2873363494873
1745,361.8,5.06585168838501
1746,362.0,6.86951971054077
1747,362.2,23.1601753234863
1748,362.4,47.5582542419434
1749,362.5,18.5844535827637
1750,362.6,14.3806114196777
1751,362.9,4.94812250137329
1752,363.0,3.48855900764465
1753,363.2,23.51877784729
1754,363.4,76.3652420043945
1755,363.5,36.389518737793
1756,363.7,5.55074214935303
1757,363.9,2.56366801261902
1758,364.1,11.4641046524048
1759,364.2,18.1938858032227
1760,364.4,55.8487319946289
1761,364.5,38.1839294433594
1762,364.7,4.65152835845947
1763,364.9,6.90585136413574
1764,365.1,11.8440170288086
1765,365.3,55.9669876098633
1766,365.4,115.421310424805
1767,365.6,21.9166812896729
1768,365.9,4.99615716934204
1769,366.1,9.94899559020996
1770,366.3,35.7961578369141
1771,366.5,55.7842788696289
1772,366.6,21.5807857513428
1773,366.9,13.2997379302979
1774,367.1,26.1928386688232
1775,367.3,44.9082984924316
1776,367.4,40.0864639282227
1777,367.6,8.17589473724365
1778,367.7,9.76174640655518
1779,367.9,4.37414836883545
1780,368.1,15.1650657653809
1781,368.3,28.2508296966553
1782,368.4,11.7049779891968
1783,368.5,11.8843669891357
1784,368.8,9.94847202301025
1785,369.0,46.729606628418
1786,369.2,237.621139526367
1787,369.3,163.176940917969
1788,369.5,14.9753713607788
1789,369.8,6.08768558502197
1790,370.0,30.1261138916016
1791,370.2,86.972053527832
1792,370.3,76.8082122802734
1793,370.5,23.1145858764648
1794,370.8,12.9395637512207
1795,371.0,52.0241050720215
1796,371.1,58.3201751708984
1797,371.2,122.751441955566
1798,371.4,31.6773796081543
1799,371.7,7.25816583633423
1800,371.9,13.984977722168
1801,372.1,37.7998237609863
1802,372.2,25.9240169525146
1803,372.3,41.5402603149414
1804,372.5,8.50917053222656
1805,372.7,11.5750217437744
1806,372.8,6.52401733398438
1807,373.0,29.7767677307129
1808,373.1,26.5364189147949
1809,373.2,57.1016578674316
1810,373.4,23.7206993103027
1811,373.6,3.50934505462646
1812,373.8,6.55283832550049
1813,374.0,12.3828821182251
1814,374.2,32.227424621582
1815,374.4,42.0546722412109
1816,374.5,19.4733619689941
1817,374.7,4.04593896865845
1818,374.9,6.74759817123413
1819,375.0,6.30969429016113
1820,375.2,25.4985160827637
1821,375.4,33.0868110656738
1822,375.5,19.1879482269287
1823,375.7,2.75842785835266
1824,375.9,5.06882095336914
1825,376.1,10.8262004852295
1826,376.3,37.5413093566895
1827,376.4,60.0017471313477
1828,376.6,11.1406116485596
1829,376.7,5.92820978164673
1830,377.0,5.86707401275635
1831,377.2,23.0169429779053
1832,377.4,52.6188659667969
1833,377.5,34.8913536071777
1834,377.7,3.97170305252075
1835,377.8,5.91720533370972
1836,378.0,2.91947603225708
1837,378.2,24.5406112670898
1838,378.3,32.7507438659668
1839,378.4,81.7496948242188
1840,378.6,23.30637550354
1841,378.8,3.57240176200867
1842,379.0,6.21554565429688
1843,379.2,24.7491703033447
1844,379.4,71.174674987793
1845,379.5,43.9287338256836
1846,379.7,8.42620086669922
1847,380.0,6.2199125289917
1848,380.2,20.8841915130615
1849,380.3,24.1668128967285
1850,380.5,144.967864990234
1851,380.6,23.4592132568359
1852,380.8,3.63615727424622
1853,381.0,10.0529260635376
1854,381.2,26.9413108825684
1855,381.4,77.9374694824219
1856,381.5,56.3484725952148
1857,381.7,8.58847141265869
1858,382.0,7.48331880569458
1859,382.2,17.8228816986084
1860,382.4,28.6557197570801
1861,382.5,25.2864627838135
1862,382.7,8.3790397644043
1863,382.9,23.6410484313965
1864,383.1,46.2344093322754
1865,383.2,31.4531002044678
1866,383.3,45.0466384887695
1867,383.5,13.9247159957886
1868,383.8,9.47074222564697
1869,383.9,6.55161571502686
1870,384.1,22.9961566925049
1871,384.2,14.3970308303833
1872,384.3,18.6510047912598
1873,384.6,9.24576377868652
1874,384.8,15.0377292633057
1875,385.0,82.3896942138672
1876,385.2,197.390213012695
1877,385.3,60.7411346435547
1878,385.4,22.7573795318604
1879,385.6,7.14917039871216
1880,385.9,20.7622699737549
1881,386.0,24.6981658935547
1882,386.2,68.9477691650391
1883,386.3,40.4225311279297
1884,386.5,5.52628803253174
1885,386.7,6.71423578262329
1886,386.8,7.15510940551758
1887,387.0,103.803489685059
1888,387.2,350.622192382813
1889,387.3,110.416946411133
1890,387.4,27.070219039917
1891,387.7,3.88331866264343
1892,387.8,5.43353700637817
1893,388.0,49.2111778259277
1894,388.1,55.8310928344727
1895,388.3,114.073364257813
1896,388.4,38.0597381591797
1897,388.6,5.28541469573975
1898,388.8,11.6136245727539
1899,389.0,36.4600868225098
1900,389.2,74.8901290893555
1901,389.3,34.6291694641113
1902,389.4,28.0740604400635
1903,389.6,4.18340587615967
1904,389.8,6.6382532119751
1905,389.9,5.08733606338501
1906,390.1,21.9563312530518
1907,390.3,39.4553718566895
1908,390.4,37.0990409851074
1909,390.6,13.4675979614258
1910,390.9,7.11021852493286
1911,391.1,13.4831438064575
1912,391.3,31.8913536071777
1913,391.4,17.1875991821289
1914,391.5,25.296070098877
1915,391.7,7.66340589523315
1916,392.0,4.69519662857056
1917,392.1,5.05537128448486
1918,392.3,36.7273368835449
1919,392.5,75.7229690551758
1920,392.6,20.9441051483154
1921,392.8,6.27406120300293
1922,393.1,7.3828821182251
1923,393.3,40.207160949707
1924,393.4,83.1516189575195
1925,393.6,20.814847946167
1926,393.7,10.1954584121704
1927,394.0,5.17030572891235
1928,394.2,16.6719646453857
1929,394.3,25.0349349975586
1930,394.4,75.6917037963867
1931,394.6,27.1980781555176
1932,394.8,2.58602619171143
1933,395.0,4.98183393478394
1934,395.2,15.1308298110962
1935,395.3,17.7346725463867
1936,395.5,56.7771186828613
1937,395.6,22.3984279632568
1938,395.8,3.54969429969788
1939,396.0,4.32174682617188
1940,396.2,12.23388671875
1941,396.3,12.3336248397827
1942,396.5,30.5945854187012
1943,396.6,10.9056768417358
1944,396.7,13.4424457550049
1945,397.0,13.4836683273315
1946,397.2,22.3568553924561
1947,397.3,13.0955457687378
1948,397.4,21.1841049194336
1949,397.6,8.89187812805176
1950,397.8,2.85572052001953
1951,398.0,8.4183406829834
1952,398.1,6.09764194488525
1953,398.3,13.9062004089355
1954,398.4,9.12296962738037
1955,398.7,8.06986904144287
1956,398.8,9.06340599060059
1957,399.0,66.0048904418945
1958,399.2,155.053100585938
1959,399.3,100.025505065918
1960,399.5,14.1287336349487
1961,399.8,8.68558979034424
1962,400.0,31.2567691802979
1963,400.2,57.6555442810059
1964,400.3,21.0244541168213
1965,400.4,12.5800876617432
1966,400.6,3.14847159385681
1967,400.8,9.28943252563477
1968,401.0,93.388298034668
1969,401.2,887.857299804688
1970,401.3,202.060791015625
1971,401.5,5.17589521408081
1972,401.8,6.71004343032837
1973,402.0,83.2410507202148
1974,402.2,308.584106445313
1975,402.3,116.801223754883
1976,402.5,9.84751129150391
1977,402.7,4.49729251861572
1978,402.9,27.7070751190186
1979,403.1,148.523849487305
1980,403.2,168.655899047852
1981,403.4,21.6550216674805
1982,403.5,8.6918773651123
1983,403.8,7.31615734100342
1984,404.0,27.1028823852539
1985,404.1,25.5360698699951
1986,404.3,58.4413986206055
1987,404.4,29.5240173339844
1988,404.7,10.5477733612061
1989,404.9,10.7165069580078
1990,405.1,20.8305683135986
1991,405.3,27.4497814178467
1992,405.4,20.5710048675537
1993,405.6,5.73310041427612
1994,405.7,5.21746730804443
1995,406.0,6.74934482574463
1996,406.2,18.4773807525635
1997,406.3,20.9385147094727
1998,406.5,74.6517028808594
1999,406.6,24.6737117767334
2000,406.8,2.84209609031677
2001,407.0,5.98882102966309
2002,407.2,14.5537118911743
2003,407.4,36.9896926879883
2004,407.5,31.9032306671143
2005,407.7,6.04227066040039
2006,407.9,5.58270740509033
2007,408.1,5.88244533538818
2008,408.2,10.0782537460327
2009,408.4,102.885940551758
2010,408.5,225.793182373047
2011,408.7,15.0541486740112
2012,409.0,4.55668115615845
2013,409.2,11.6386022567749
2014,409.4,74.8515319824219
2015,409.5,104.547073364258
2016,409.7,11.3229694366455
2017,410.0,4.98882102966309
2018,410.1,3.20506548881531
2019,410.3,18.2279472351074
2020,410.5,94.5895233154297
2021,410.6,41.7109184265137
2022,410.9,7.76646280288696
2023,411.0,3.39528393745422
2024,411.2,10.2387771606445
2025,411.4,26.3081226348877
2026,411.5,15.5947599411011
2027,411.6,16.6868114471436
2028,411.8,2.98759818077087
2029,412.0,4.14934492111206
2030,412.2,7.18358087539673
2031,412.3,5.38847160339355
2032,412.4,11.9629697799683
2033,412.7,10.7379913330078
2034,412.9,14.952488899231
2035,413.1,31.1441040039063
2036,413.3,43.2398262023926
2037,413.4,25.6801738739014
2038,413.6,3.589519739151
2039,413.8,6.16034936904907
2040,414.0,13.9357204437256
2041,414.1,9.82026195526123
2042,414.2,17.4179916381836
2043,414.4,5.96034955978394
2044,414.7,2.86829686164856
2045,414.9,11.5806112289429
2046,415.1,246.941665649414
2047,415.2,1188.23620605469
2048,415.4,73.5952835083008
2049,415.6,4.35231447219849
2050,415.9,9.99842834472656
2051,416.0,33.6822700500488
2052,416.2,350.69921875
2053,416.3,267.181304931641
2054,416.5,8.24471569061279
2055,416.6,4.9788646697998
2056,416.9,16.2819213867188
2057,417.1,135.264984130859
2058,417.3,285.7685546875
2059,417.4,53.1800880432129
2060,417.5,14.2031440734863
2061,417.8,5.34462881088257
2062,417.9,7.06427955627441
2063,418.1,52.6939735412598
2064,418.2,41.7965049743652
2065,418.3,67.6419219970703
2066,418.5,15.5224456787109
2067,418.8,6.76838445663452
2068,418.9,5.96541500091553
2069,419.1,23.3640174865723
2070,419.3,32
2071,419.4,14.5491704940796
2072,419.5,11.7187776565552
2073,419.7,2.82864618301392
2074,419.9,4.69519662857056
2075,420.1,10.5053272247314
2076,420.2,7.1278600692749
2077,420.4,18.6134490966797
2078,420.5,9.63388633728027
2079,420.6,10.9252405166626
2080,420.9,5.12733602523804
2081,421.1,6.19213962554932
2082,421.3,9.90270709991455
2083,421.5,10.8284711837769
2084,421.6,3.67755460739136
2085,421.7,4.46410465240479
2086,421.9,2.20331883430481
2087,422.1,7.16052389144897
2088,422.3,19.8490829467773
2089,422.5,38.7505683898926
2090,422.6,15.0468120574951
2091,422.7,12.6855897903442
2092,422.9,1.85694324970245
2093,423.1,5.05048036575317
2094,423.3,12.4450654983521
2095,423.4,16.5931873321533
2096,423.6,11.3573799133301
2097,423.8,2.3021833896637
2098,424.0,4.124192237854
2099,424.2,8.75982570648193
2100,424.4,38.193187713623
2101,424.5,153.527679443359
2102,424.7,11.8190393447876
2103,425.0,4.20331859588623
2104,425.1,3.18759822845459
2105,425.3,14.8124017715454
2106,425.5,40.0639305114746
2107,425.6,27.9586029052734
2108,425.8,2.86515283584595
2109,426.0,4.54235792160034
2110,426.2,6.75126647949219
2111,426.4,15.2150220870972
2112,426.6,21.7037563323975
2113,426.8,9.98724937438965
2114,427.0,11.4013977050781
2115,427.2,17.4904804229736
2116,427.4,20.6885585784912
2117,427.5,12.2648038864136
2118,427.7,2.7606987953186
2119,427.9,6.60506534576416
2120,428.1,9.08716201782227
2121,428.2,4.70218324661255
2122,428.3,7.35737991333008
2123,428.5,1.39545845985413
2124,428.7,2.2393012046814
2125,428.9,11.488733291626
2126,429.0,24.6922264099121
2127,429.2,463.873352050781
2128,429.3,283.250305175781
2129,429.4,79.2368545532227
2130,429.6,5.05729246139526
2131,429.8,2.92314410209656
2132,430.0,36.0593872070313
2133,430.2,191.087692260742
2134,430.3,171.136947631836
2135,430.5,18.8766803741455
2136,430.8,8.12296962738037
2137,431.0,35.6911773681641
2138,431.2,168.31510925293
2139,431.3,101.594062805176
2140,431.4,65.8487319946289
2141,431.6,5.63982534408569
2142,431.9,10.4675979614258
2143,432.1,42.2925758361816
2144,432.3,63.9491691589355
2145,432.4,36.3241920471191
2146,432.6,8.1666374206543
2147,432.9,7.7624454498291
2148,433.1,25.4890823364258
2149,433.3,34.1710052490234
2150,433.4,22.1500434875488
2151,433.6,5.43021821975708
2152,433.9,5.18969440460205
2153,434.0,4.13799142837524
2154,434.2,11.1706552505493
2155,434.4,12.6483840942383
2156,434.5,4.64436674118042
2157,434.6,5.10392999649048
2158,434.9,3.60419225692749
2159,435.0,2.5718777179718
2160,435.2,6.24349355697632
2161,435.3,3.64890837669373
2162,435.5,5.90689945220947
2163,435.6,1.78794765472412
2164,435.8,3.53013110160828
2165,435.9,1.48489081859589
2166,436.1,4.82864618301392
2167,436.3,8.76698684692383
2168,436.5,9.50078582763672
2169,436.6,7.98497819900513
2170,436.8,3.58986902236938
2171,437.1,4.01030588150024
2172,437.2,2.3343231678009
2173,437.4,6.54829692840576
2174,437.6,5.01869010925293
2175,437.7,2.00751090049744
2176,437.9,3.12558960914612
2177,438.0,1.80489087104797
2178,438.2,5.71685600280762
2179,438.4,14.2834930419922
2180,438.5,10.7002620697021
2181,438.6,9.21449756622314
2182,438.9,4.40384292602539
2183,439.0,2.12995624542236
2184,439.2,5.37100458145142
2185,439.4,8.32087326049805
2186,439.5,4.73379898071289
2187,439.6,7.15301322937012
2188,439.9,3.38602614402771
2189,440.1,4.07650661468506
2190,440.3,8.93205261230469
2191,440.4,5.51353693008423
2192,440.6,10.8475112915039
2193,440.7,7.64925765991211
2194,440.9,3.51283836364746
2195,441.1,7.90480327606201
2196,441.3,10.9629697799683
2197,441.4,9.19371223449707
2198,441.7,5.3297815322876
2199,441.8,2.22742366790771
2200,442.0,5.19301319122314
2201,442.1,2.88157200813293
2202,442.3,7.1631441116333
2203,442.5,6.76489067077637
2204,442.7,5.59301328659058
2205,442.9,10.9329261779785
2206,443.1,21.2747592926025
2207,443.3,28.0969429016113
2208,443.4,17.2813968658447
2209,443.6,5.8529257774353
2210,443.9,7.14777278900146
2211,444.1,11.76611328125
2212,444.3,13.6696939468384
2213,444.4,9.38375568389893
2214,444.7,7.40436697006226
2215,444.9,18.7130126953125
2216,445.1,46.4628829956055
2217,445.2,29.4539737701416
2218,445.3,39.9900436401367
2219,445.5,8.09624481201172
2220,445.7,6.68890810012817
2221,445.9,9.69397354125977
2222,446.0,8.9963321685791
2223,446.2,23.1467247009277
2224,446.3,21.0092582702637
2225,446.5,8.26061153411865
2226,446.8,9.78986930847168
2227,447.0,30.2897815704346
2228,447.1,26.1371173858643
2229,447.3,61.4546737670898
2230,447.4,25.913537979126
2231,447.6,5.58689975738525
2232,447.9,9.52593898773193
2233,448.1,22.1818332672119
2234,448.3,25.0389518737793
2235,448.4,9.99056816101074
2236,448.5,8.83406066894531
2237,448.7,2.86882090568542
2238,448.9,8.08454132080078
2239,449.1,13.7327508926392
2240,449.2,14.938515663147
2241,449.4,10.014497756958
2242,449.6,1.972576379776
2243,449.8,3.83633184432983
2244,450.0,4.6558952331543
2245,450.2,6.57886457443237
2246,450.4,7.16960716247559
2247,450.5,5.19580793380737
2248,450.7,1.71021831035614
2249,450.9,3.64000010490417
2250,451.0,1.8417466878891
2251,451.2,4.34812211990356
2252,451.4,4.43685579299927
2253,451.6,3.18148469924927
2254,451.8,3.12262010574341
2255,452.0,3.47598242759705
2256,452.2,4.48139715194702
2257,452.4,5.11685609817505
2258,452.6,5.09362459182739
2259,452.8,3.99738001823425
2260,452.9,1.97310042381287
2261,453.1,3.52890825271606
2262,453.2,2.08908295631409
2263,453.4,4.3245415687561
2264,453.5,2.24524021148682
2265,453.7,3.52192139625549
2266,453.9,3.00069880485535
2267,454.1,3.22288203239441
2268,454.3,4.87283849716187
2269,454.5,4.82567691802979
2270,454.6,2.04786014556885
2271,454.8,4.03598260879517
2272,455.0,3.96978163719177
2273,455.1,2.32209610939026
2274,455.3,4.31807851791382
2275,455.5,4.17781639099121
2276,455.6,1.8256767988205
2277,455.8,3.03860259056091
2278,455.9,1.47458517551422
2279,456.1,3.45799136161804
2280,456.3,4.14655017852783
2281,456.5,3.90689945220947
2282,456.7,4.42515277862549
2283,456.9,7.87458515167236
2284,457.1,11.2137994766235
2285,457.2,13.9042797088623
2286,457.4,4.60454130172729
2287,457.5,4.88436698913574
2288,457.8,3.93048024177551
2289,457.9,2.85851526260376
2290,458.1,7.2181658744812
2291,458.3,8.26672458648682
2292,458.4,5.00506544113159
2293,458.7,5.9238429069519
2294,458.9,20.4314403533936
2295,459.1,53.9266357421875
2296,459.3,61.7872505187988
2297,459.4,23.9671611785889
2298,459.7,6.11144113540649
2299,459.9,12.6651525497437
2300,460.1,25.0786018371582
2301,460.2,26.2370300292969
2302,460.4,11.1184282302856
2303,460.7,6.09729242324829
2304,460.9,18.6569423675537
2305,461.1,147.19091796875
2306,461.3,300.778350830078
2307,461.4,60.3327522277832
2308,461.7,6.26131010055542
2309,461.8,4.58724880218506
2310,462.0,36.9360694885254
2311,462.2,115.500259399414
2312,462.3,57.963493347168
2313,462.4,43.6773796081543
2314,462.7,10.3488206863403
2315,462.9,16.5093441009521
2316,463.1,56.7572059631348
2317,463.3,72.1666412353516
2318,463.4,22.2480354309082
2319,463.5,13.3593015670776
2320,463.8,5.868821144104
2321,464.0,14.857292175293
2322,464.2,22.4862880706787
2323,464.3,10.82532787323
2324,464.4,14.4939737319946
2325,464.6,4.85327529907227
2326,464.9,5.97135353088379
2327,465.0,3.92873358726501
2328,465.2,9.55650615692139
2329,465.4,9.37240219116211
2330,465.5,2.98655033111572
2331,465.7,3.29484724998474
2332,465.9,3.22550225257874
2333,466.1,4.23056745529175
2334,466.3,5.29903936386108
2335,466.5,4.29991245269775
2336,466.7,3.55668115615845
2337,466.8,1.71056771278381
2338,467.0,3.15056777000427
2339,467.2,3.80628824234009
2340,467.4,3.32681226730347
2341,467.6,3.35423588752747
2342,467.8,2.85903930664063
2343,468.0,2.68716168403625
2344,468.2,3.0096070766449
2345,468.3,1.74759829044342
2346,468.4,3.73292565345764
2347,468.7,3.54288220405579
2348,468.9,2.9839301109314
2349,469.1,3.34707427024841
2350,469.3,3.13834071159363
2351,469.5,3.100261926651
2352,469.6,1.51406109333038
2353,469.8,2.94864630699158
2354,469.9,1.1130131483078
2355,470.1,2.57537126541138
2356,470.2,1.20663750171661
2357,470.3,2.91021823883057
2358,470.5,1.59790396690369
2359,470.7,3.59074234962463
2360,470.8,1.98427951335907
2361,471.0,4.1294322013855
2362,471.2,5.65502166748047
2363,471.4,4.62462902069092
2364,471.5,3.82602620124817
2365,471.8,2.98724889755249
2366,472.0,2.89502191543579
2367,472.2,4.14585161209106
2368,472.4,4.23947620391846
2369,472.5,1.81327509880066
2370,472.7,5.00698709487915
2371,472.9,12.1638431549072
2372,473.0,10.5324020385742
2373,473.2,32.7448043823242
2374,473.4,29.8525772094727
2375,473.5,7.741135597229
2376,473.6,6.47266387939453
2377,473.9,6.81379890441895
2378,474.1,13.3570308685303
2379,474.3,14.7201747894287
2380,474.4,7.60489082336426
2381,474.7,2.76524019241333
2382,474.9,8.28262042999268
2383,475.1,103.150566101074
2384,475.2,255.252395629883
2385,475.3,458.440887451172
2386,475.5,24.9084720611572
2387,475.6,5.84349346160889
2388,475.9,7.71842813491821
2389,476.1,79.4344100952148
2390,476.2,101.638778686523
2391,476.3,205.910736083984
2392,476.5,38.3399124145508
2393,476.8,7.88978147506714
2394,477.0,26.9862003326416
2395,477.2,108.940086364746
2396,477.3,74.9068984985352
2397,477.4,70.7533645629883
2398,477.6,8.00960731506348
2399,477.8,2.34480357170105
2400,478.0,16.189868927002
2401,478.2,38.4815711975098
2402,478.4,40.7872505187988
2403,478.5,10.6731882095337
2404,478.6,8.71074199676514
2405,478.9,5.6756329536438
2406,479.1,12.025502204895
2407,479.3,18.23388671875
2408,479.4,8.08157157897949
2409,479.5,8.12943267822266
2410,479.7,3.68052411079407
2411,480.0,3.80611348152161
2412,480.2,5.82882118225098
2413,480.4,5.94620084762573
2414,480.5,2.59231448173523
2415,480.7,3.39703059196472
2416,480.8,1.29921400547028
2417,481.0,3.15441036224365
2418,481.1,1.59737992286682
2419,481.3,3.72960710525513
2420,481.4,3.28576421737671
2421,481.7,2.77292585372925
2422,481.9,2.42672491073608
2423,482.0,1.61956334114075
2424,482.1,3.04541492462158
2425,482.4,3.19475984573364
2426,482.5,2.74532747268677
2427,482.8,2.9806113243103
2428,483.0,2.7430567741394
2429,483.2,3.37659382820129
2430,483.4,2.81187772750854
2431,483.5,1.83004367351532
2432,483.7,2.6754584312439
2433,483.9,2.77275109291077
2434,484.0,1.24681222438812
2435,484.1,2.40663766860962
2436,484.3,3.15598249435425
2437,484.5,2.49187779426575
2438,484.8,2.57135367393494
2439,485.0,3.12733626365662
2440,485.1,1.95877730846405
2441,485.3,3.4150218963623
2442,485.4,2.11737990379333
2443,485.6,3.27109169960022
2444,485.7,1.73851525783539
2445,485.9,2.92803502082825
2446,486.1,3.14951968193054
2447,486.3,3.46480345726013
2448,486.4,1.46515285968781
2449,486.6,3.00786018371582
2450,486.8,4.5814847946167
2451,486.9,3.41222715377808
2452,487.1,11.4476852416992
2453,487.3,14.955982208252
2454,487.4,11.4581661224365
2455,487.6,4.69589519500732
2456,487.8,1.83755457401276
2457,488.0,6.96681213378906
2458,488.2,8.44716167449951
2459,488.3,7.54882097244263
2460,488.5,2.64593887329102
2461,488.8,3.39161562919617
2462,489.0,15.762619972229
2463,489.2,259.697631835938
2464,489.3,428.985504150391
2465,489.5,38.6581649780273
2466,489.7,2.82288217544556
2467,489.9,8.43528366088867
2468,490.1,64.864631652832
2469,490.2,102.162796020508
2470,490.3,187.029861450195
2471,490.5,44.8251533508301
2472,490.8,8.8510046005249
2473,491.0,23.0834941864014
2474,491.2,102.096069335938
2475,491.4,137.706207275391
2476,491.5,31.5058517456055
2477,491.8,5.27213954925537
2478,492.0,13.1694326400757
2479,492.2,40.5044555664063
2480,492.3,43.8356323242188
2481,492.5,19.6251525878906
2482,492.8,4.49921417236328
2483,493.0,9.70358085632324
2484,493.2,20.2487335205078
2485,493.3,9.65694332122803
2486,493.4,17.6602611541748
2487,493.6,5.4557204246521
2488,493.9,3.49187779426575
2489,494.0,2.03021836280823
2490,494.2,6.62585163116455
2491,494.4,6.95860242843628
2492,494.5,3.07528376579285
2493,494.6,3.03755450248718
2494,494.8,1.14637553691864
2495,495.0,3.25275111198425
2496,495.2,4.35615730285645
2497,495.3,1.8013973236084
2498,495.4,3.45275115966797
2499,495.6,3.04890823364258
2500,495.8,2.00611352920532
2501,496.1,2.5442795753479
2502,496.3,2.60209608078003
2503,496.4,2.90864634513855
2504,496.6,1.46288204193115
2505,496.8,2.46323132514954
2506,496.9,1.23388648033142
2507,497.1,2.46026206016541
2508,497.3,2.49816584587097
2509,497.5,2.44192147254944
2510,497.7,2.7933623790741
2511,497.8,1.3570305109024
2512,498.0,2.56104803085327
2513,498.2,2.64698696136475
2514,498.3,2.56646299362183
2515,498.5,1.30672490596771
2516,498.6,2.71860265731812
2517,498.8,1.1147598028183
2518,499.0,3.04279470443726
2519,499.1,1.6737117767334
2520,499.3,3.28384280204773
2521,499.5,2.7657642364502
2522,499.7,2.44209599494934
2523,499.9,2.61764192581177
2524,500.1,2.91493439674377
2525,500.2,3.03528380393982
2526,500.5,2.83388638496399
2527,500.7,2.92174673080444
2528,500.9,4.13868999481201
2529,501.0,3.15126633644104
2530,501.2,7.02096080780029
2531,501.4,7.27580785751343
2532,501.5,2.53379917144775
2533,501.6,3.40524005889893
2534,501.9,3.46113538742065
2535,502.1,4.51021814346313
2536,502.3,5.09746742248535
2537,502.5,3.73013091087341
2538,502.6,1.5718777179718
2539,502.8,5.54969453811646
2540,503.0,23.1765937805176
2541,503.2,71.5337982177734
2542,503.3,81.6368560791016
2543,503.5,30.1039295196533
2544,503.7,6.33834075927734
2545,504.0,14.3304805755615
2546,504.2,35.0047149658203
2547,504.4,41.8620071411133
2548,504.5,19.8242797851563
2549,504.8,7.88209629058838
2550,505.0,16.1463756561279
2551,505.1,15.7496938705444
2552,505.3,40.7133636474609
2553,505.4,27.7173805236816
2554,505.6,7.09641933441162
2555,505.9,5.4541482925415
2556,506.1,12.8090829849243
2557,506.2,8.99266338348389
2558,506.4,16.2569427490234
2559,506.5,5.53659391403198
2560,506.7,5.88104820251465
2561,506.8,2.32122278213501
2562,507.0,9.14794731140137
2563,507.2,15.7620964050293
2564,507.4,14.1397380828857
2565,507.5,6.59807872772217
2566,507.8,3.60209608078003
2567,508.0,5.22602605819702
2568,508.2,6.91248893737793
2569,508.4,5.97152853012085
2570,508.5,4.31528377532959
2571,508.7,2.98497819900513
2572,508.9,1.60227072238922
2573,509.1,4.37746715545654
2574,509.3,4.88803482055664
2575,509.4,3.55685591697693
2576,509.6,1.54131007194519
2577,509.8,2.0824453830719
2578,510.0,2.55266380310059
2579,510.2,2.98480343818665
2580,510.4,3.11703062057495
2581,510.5,2.42340612411499
2582,510.7,1.21781659126282
2583,510.9,2.69991254806519
2584,511.0,1.35842800140381
2585,511.2,2.6834933757782
2586,511.4,2.85030579566956
2587,511.5,2.12436676025391
2588,511.7,0.946026206016541
2589,511.9,2.56611347198486
2590,512.0,1.12192142009735
2591,512.2,2.22358083724976
2592,512.3,1.20104801654816
2593,512.5,2.34305667877197
2594,512.7,2.66497826576233
2595,512.8,1.26550221443176
2596,513.0,2.98288202285767
2597,513.2,2.99109172821045
2598,513.4,3.06200861930847
2599,513.6,2.42864632606506
2600,513.7,2.224454164505
2601,514.0,2.42829704284668
2602,514.1,1.15475988388062
2603,514.3,2.95423579216003
2604,514.5,2.36820960044861
2605,514.6,2.7641921043396
2606,514.9,2.85362434387207
2607,515.1,3.81013107299805
2608,515.3,4.20104789733887
2609,515.5,3.71860265731812
2610,515.6,1.46148467063904
2611,515.8,2.03772926330566
2612,516.0,2.84366822242737
2613,516.2,3.37554574012756
2614,516.3,1.90917026996613
2615,516.5,3.5282096862793
2616,516.7,3.75388646125793
2617,516.9,5.01414823532104
2618,517.1,7.16611337661743
2619,517.3,9.06899547576904
2620,517.4,5.94358062744141
2621,517.6,1.69449782371521
2622,517.8,2.9159824848175
2623,517.9,2.17641925811768
2624,518.1,4.8529257774353
2625,518.3,5.57834053039551
2626,518.4,2.39737987518311
2627,518.6,4.26096057891846
2628,518.8,6.19179058074951
2629,518.9,5.38620090484619
2630,519.1,18.8412227630615
2631,519.2,13.2260265350342
2632,519.3,21.8517036437988
2633,519.5,5.22480344772339
2634,519.6,5.28209590911865
2635,519.8,2.6055896282196
2636,520.0,9.13868999481201
2637,520.2,12.4709167480469
2638,520.4,10.8513536453247
2639,520.5,5.83126640319824
2640,520.7,2.90585160255432
2641,520.9,13.9116153717041
2642,521.1,39.8600883483887
2643,521.3,49.1572036743164
2644,521.4,30.7470741271973
2645,521.6,4.45275115966797
2646,521.8,5.70550203323364
2647,522.0,13.3507423400879
2648,522.2,21.6658515930176
2649,522.3,23.0817470550537
2650,522.5,9.52227115631104
2651,522.7,2.06672477722168
2652,522.9,7.20786046981812
2653,523.1,13.6705675125122
2654,523.2,7.83039283752441
2655,523.3,16.5013103485107
2656,523.5,4.44157218933105
2657,523.6,4.09903907775879
2658,523.9,4.41991281509399
2659,524.0,2.97641921043396
2660,524.2,6.63074254989624
2661,524.3,6.87755441665649
2662,524.5,3.92192149162292
2663,524.7,1.1680349111557
2664,524.9,2.81641912460327
2665,525.1,3.79528379440308
2666,525.3,3.98515272140503
2667,525.4,4.01449775695801
2668,525.6,1.55353713035583
2669,525.8,2.44943237304688
2670,526.0,3.22008728981018
2671,526.1,1.56593883037567
2672,526.3,2.4443666934967
2673,526.5,3.01310038566589
2674,526.7,2.42427945137024
2675,526.8,1.12296938896179
2676,527.0,2.83423590660095
2677,527.2,2.62969422340393
2678,527.4,2.84943222999573
2679,527.5,0.985327482223511
2680,527.7,2.60349345207214
2681,527.9,2.05170297622681
2682,528.0,2.282794713974
2683,528.3,2.05886459350586
2684,528.5,2.13868999481201
2685,528.6,1.22794759273529
2686,528.8,2.61432313919067
2687,528.9,1.24122273921967
2688,529.1,3.10393023490906
2689,529.3,2.97834062576294
2690,529.4,1.32558953762054
2691,529.6,2.69414854049683
2692,529.7,1.07842791080475
2693,529.9,2.07807850837708
2694,530.0,1.07668125629425
2695,530.2,2.61275100708008
2696,530.3,1.24489080905914
2697,530.5,3.06375551223755
2698,530.6,1.44698691368103
2699,530.8,2.82934498786926
2700,531.0,3.75947594642639
2701,531.2,4.98462867736816
2702,531.3,2.06934499740601
2703,531.4,3.80331873893738
2704,531.6,1.42550218105316
2705,531.8,3.09869003295898
2706,532.0,2.7544105052948
2707,532.2,3.55179047584534
2708,532.3,3.34986901283264
2709,532.6,3.27458524703979
2710,532.7,2.20943236351013
2711,532.9,8.61013126373291
2712,533.0,8.1100435256958
2713,533.2,20.3669872283936
2714,533.4,21.1446285247803
2715,533.5,8.6738862991333
2716,533.8,4.79545831680298
2717,533.9,3.24087333679199
2718,534.1,11.5778169631958
2719,534.3,11.8939733505249
2720,534.4,7.89222717285156
2721,534.6,2.62375545501709
2722,534.8,5.71965074539185
2723,535.0,29.5056762695313
2724,535.2,130.559829711914
2725,535.3,82.9395599365234
2726,535.4,81.9603500366211
2727,535.6,7.04454135894775
2728,535.8,7.52384281158447
2729,535.9,7.6347599029541
2730,536.1,44.8050651550293
2731,536.2,40.5947608947754
2732,536.3,71.4883880615234
2733,536.5,26.6040172576904
2734,536.7,4.12471628189087
2735,536.9,9.97047996520996
2736,537.1,30.4537982940674
2737,537.2,25.5131874084473
2738,537.4,50.462532043457
2739,537.5,20.1556339263916
2740,537.7,5.69606971740723
2741,538.0,9.28314399719238
2742,538.2,17.7255897521973
2743,538.4,18.2592144012451
2744,538.5,6.05799150466919
2745,538.6,5.42637538909912
2746,538.9,4.15353727340698
2747,539.1,6.8724889755249
2748,539.3,9.95772933959961
2749,539.4,3.9839301109314
2750,539.5,5.21397399902344
2751,539.7,1.15248906612396
2752,539.9,2.56873369216919
2753,540.1,3.4716157913208
2754,540.3,4.01502180099487
2755,540.5,4.08209609985352
2756,540.6,1.32855892181396
2757,540.7,2.48838424682617
2758,541.0,2.54393005371094
2759,541.2,2.4911789894104
2760,541.4,2.46899557113647
2761,541.6,2.40663766860962
2762,541.7,2.50375556945801
2763,542.0,2.3572051525116
2764,542.2,2.52646279335022
2765,542.4,2.282794713974
2766,542.6,2.33729267120361
2767,542.8,2.12558960914612
2768,543.0,2.73764181137085
2769,543.1,0.826375544071198
2770,543.3,2.46672487258911
2771,543.5,2.14742350578308
2772,543.6,2.32524013519287
2773,543.9,1.96960699558258
2774,544.0,1.03528380393982
2775,544.1,2.30620098114014
2776,544.3,1.37292575836182
2777,544.5,2.29606986045837
2778,544.7,2.30096077919006
2779,544.8,1.19179034233093
2780,544.9,2.77275109291077
2781,545.1,1.4813973903656
2782,545.2,3.54113531112671
2783,545.5,2.58794760704041
2784,545.7,2.50410485267639
2785,545.8,1.13240170478821
2786,546.0,2.48174667358398
2787,546.2,2.8207859992981
2788,546.4,2.71144104003906
2789,546.6,2.80192136764526
2790,546.8,3.20279479026794
2791,547.0,6.6950216293335
2792,547.2,10.0793008804321
2793,547.4,11.3222703933716
2794,547.5,7.77275085449219
2795,547.7,4.02742338180542
2796,548.0,5.26393032073975
2797,548.2,6.60296964645386
2798,548.3,3.49205231666565
2799,548.4,5.5462007522583
2800,548.7,2.64174675941467
2801,548.9,6.31318759918213
2802,549.1,43.7634925842285
2803,549.3,224.362976074219
2804,549.4,215.6181640625
2805,549.6,21.630392074585
2806,549.9,7.53991270065308
