#"+ Scan (rt: 4.977-40.000 min, 11478 scans) FRANK_140726_2.D "
#Point,X(Thompsons),Y(Counts)
0,45.2,1670.78552246094
1,45.3,37.3639144897461
2,45.6,0.0438229665160179
3,45.8,2.04957318305969
4,46.0,58.2734794616699
5,46.1,123.126762390137
6,46.3,19.4214153289795
7,46.4,6.4634952545166
8,46.7,3.40616822242737
9,46.9,23.8371658325195
10,47.1,122.316429138184
11,47.2,79.7347106933594
12,47.4,5.12188529968262
13,47.7,3.74777841567993
14,47.9,17.9225482940674
15,48.1,45.0433006286621
16,48.2,25.1407032012939
17,48.4,4.17694711685181
18,48.7,2.36138701438904
19,48.9,16.6811294555664
20,49.1,78.0773620605469
21,49.2,55.8053665161133
22,49.4,4.58032751083374
23,49.7,0.687314867973328
24,49.9,6.94101762771606
25,50.1,415.364776611328
26,50.2,608.742370605469
27,50.4,3.68548536300659
28,50.6,0.0242202468216419
29,50.8,0.286112576723099
30,51.0,30.5932216644287
31,51.2,2084.849609375
32,51.3,48.5965309143066
33,51.5,0.0697856768965721
34,51.7,0.160219550132751
35,51.9,5.2938666343689
36,52.1,334.540252685547
37,52.2,793.612976074219
38,52.4,6.02117109298706
39,52.7,0.181738972663879
40,52.8,0.0293605159968138
41,53.0,10.2848930358887
42,53.2,4835.62939453125
43,53.3,75.1143035888672
44,53.5,0.0317999646067619
45,53.7,0.0746645778417587
46,53.9,0.699773490428925
47,54.1,287.536163330078
48,54.2,1932.35437011719
49,54.4,10.2686004638672
50,55.2,14148.892578125
51,55.3,123.420280456543
52,56.0,5.09478998184204
53,56.2,3238.04736328125
54,56.3,384.321228027344
55,56.5,0.0521867908537388
56,57.0,1.10358953475952
57,57.2,6286.9453125
58,57.3,347.219451904297
59,57.6,8.29961681365967
60,57.7,5.5974907875061
61,58.0,69.3672256469727
62,58.2,1089.14855957031
63,58.3,114.234619140625
64,58.5,2.11360859870911
65,58.8,1.05157697200775
66,59.0,56.4251594543457
67,59.2,1457.74291992188
68,59.3,84.1111679077148
69,59.5,0.194720327854156
70,59.6,0.24272520840168
71,59.8,0.242638096213341
72,60.0,50.9203681945801
73,60.2,3592.8974609375
74,60.3,23.7823657989502
75,60.5,0.138090252876282
76,60.8,1.26398324966431
77,61.0,89.4208908081055
78,61.2,1079.21472167969
79,61.3,29.7716503143311
80,61.5,0.419759541749954
81,61.7,0.712493479251862
82,61.9,16.5644702911377
83,62.1,269.25537109375
84,62.2,208.21711730957
85,62.4,5.77748727798462
86,62.6,0.237933441996574
87,62.8,1.24472904205322
88,63.0,63.6119537353516
89,63.2,1203.99401855469
90,63.3,47.3085899353027
91,63.5,0.568391680717468
92,63.7,1.24133121967316
93,63.9,25.1750297546387
94,64.1,349.182342529297
95,64.2,327.615783691406
96,64.4,12.3896150588989
97,64.7,0.655340671539307
98,64.8,0.357640713453293
99,65.0,27.3328971862793
100,65.2,2997.41625976563
101,65.3,51.286808013916
102,65.5,0.405732691287994
103,65.7,0.474385768175125
104,65.9,8.01559543609619
105,66.1,356.284820556641
106,66.2,849.344665527344
107,66.4,8.77888107299805
108,67.0,2.47395014762878
109,67.2,10208.0517578125
110,67.3,86.3577270507813
111,67.9,0.619533002376556
112,68.1,388.258331298828
113,68.2,5880.07958984375
114,68.4,2.60707449913025
115,69.0,0.682087481021881
116,69.2,11272.2890625
117,69.3,153.823669433594
118,69.7,0.438752382993698
119,70.0,16.8487548828125
120,70.2,3112.18774414063
121,70.3,278.25537109375
122,70.6,7.31686687469482
123,70.7,6.14087820053101
124,71.0,25.027530670166
125,71.2,9203.712890625
126,71.3,120.568046569824
127,71.5,0.172765284776688
128,71.8,0.637916028499603
129,72.0,58.6234550476074
130,72.2,830.644104003906
131,72.3,89.2602386474609
132,72.4,8.73523235321045
133,72.6,0.0541906245052814
134,72.9,1.11909735202789
135,73.1,1076.85876464844
136,73.2,5957.34521484375
137,73.4,0.341087311506271
138,73.6,0.0252657253295183
139,73.8,0.245861649513245
140,74.0,95.7031707763672
141,74.2,1112.17419433594
142,74.3,38.4422378540039
143,74.5,0.345356345176697
144,74.7,0.0431259796023369
145,74.9,5.63469266891479
146,75.1,731.484985351563
147,75.2,503.662322998047
148,75.3,37.5718765258789
149,75.5,0.605157673358917
150,75.7,0.495295345783234
151,75.9,16.7135391235352
152,76.0,71.6582183837891
153,76.2,722.027587890625
154,76.3,106.352325439453
155,76.5,1.06952428817749
156,77.0,14.9932918548584
157,77.2,7819.2822265625
158,77.3,12.6082067489624
159,77.8,0.21162223815918
160,78.0,41.6489791870117
161,78.2,2233.37646484375
162,78.3,310.721038818359
163,78.5,0.164662837982178
164,79.0,6.81678009033203
165,79.2,10463.4462890625
166,79.3,22.2473430633545
167,79.8,0.154208049178123
168,80.0,28.4533882141113
169,80.2,2682.58129882813
170,80.3,516.247314453125
171,80.5,0.3782017827034
172,81.0,5.91854000091553
173,81.2,13597.5498046875
174,81.3,65.014289855957
175,81.5,0.0927862003445625
176,81.8,0.152639836072922
177,82.0,17.1730270385742
178,82.2,4512.892578125
179,82.3,235.12353515625
180,82.5,2.0725736618042
181,82.9,1.58930122852325
182,83.1,555.373413085938
183,83.2,5517.24462890625
184,83.4,0.456961154937744
185,83.6,0.149503394961357
186,83.9,2.10559320449829
187,84.1,675.23681640625
188,84.2,2815.67944335938
189,84.4,1.82653772830963
190,84.6,0.0764070376753807
191,84.8,0.328802913427353
192,85.0,27.1935882568359
193,85.2,3207.03149414063
194,85.3,85.2631988525391
195,85.5,0.0323227047920227
196,85.7,0.0807631984353065
197,85.9,9.91557788848877
198,86.1,416.271911621094
199,86.2,624.622436523438
200,86.4,7.35607242584229
201,86.7,0.858686208724976
202,86.9,15.5602025985718
203,87.0,112.597923278809
204,87.2,1409.556640625
205,87.3,34.4293441772461
206,87.5,0.654643654823303
207,87.7,3.10411214828491
208,87.9,38.2941284179688
209,88.1,332.116821289063
210,88.2,242.521514892578
211,88.4,9.71528148651123
212,88.5,2.87541389465332
213,88.8,3.4527792930603
214,89.0,152.040420532227
215,89.2,1343.5361328125
216,89.3,44.7774887084961
217,89.4,4.62563180923462
218,89.7,5.2393274307251
219,89.8,13.2507410049438
220,90.0,96.4977340698242
221,90.2,227.946151733398
222,90.3,27.4283847808838
223,90.5,0.127025619149208
224,90.7,0.115176856517792
225,91.0,6.58738470077515
226,91.2,13867.4345703125
227,91.3,8.58172130584717
228,91.8,0.512197256088257
229,92.0,44.9814414978027
230,92.2,2914.8232421875
231,92.3,278.209442138672
232,92.5,0.379160135984421
233,93.0,8.3043212890625
234,93.2,12526.087890625
235,93.3,40.9812698364258
236,93.5,0.184265553951263
237,93.9,1.52805364131927
238,94.1,586.054626464844
239,94.2,4265.736328125
240,94.4,18.8994598388672
241,94.6,0.477260857820511
242,95.0,4.18984127044678
243,95.2,11937.4931640625
244,95.3,80.8497161865234
245,96.0,38.857292175293
246,96.2,5028.166015625
247,96.3,61.965934753418
248,96.8,4.36992502212524
249,97.0,76.9507751464844
250,97.2,4808.6640625
251,97.3,83.1012344360352
252,97.6,0.0926119536161423
253,97.8,1.04120922088623
254,98.0,57.6975936889648
255,98.1,907.547058105469
256,98.2,1807.4921875
257,98.4,0.85711795091629
258,98.7,0.15176859498024
259,98.9,8.53911876678467
260,99.1,656.338500976563
261,99.2,1065.86853027344
262,99.4,2.94737768173218
263,99.7,1.08180868625641
264,99.9,20.87375831604
265,100.1,492.345611572266
266,100.2,404.098266601563
267,100.4,10.6498517990112
268,100.6,0.990590691566467
269,100.8,3.35284900665283
270,100.9,16.4014644622803
271,101.1,745.608215332031
272,101.2,730.827575683594
273,101.4,5.23505830764771
274,101.7,2.95260500907898
275,101.9,40.7438583374023
276,102.1,598.061218261719
277,102.2,445.193572998047
278,102.4,9.4851016998291
279,102.6,0.816867053508759
280,102.9,9.84544372558594
281,103.1,1260.18786621094
282,103.2,1233.54870605469
283,103.4,1.21615266799927
284,103.5,0.244380548596382
285,103.8,4.00644731521606
286,104.0,106.173721313477
287,104.2,1115.67553710938
288,104.3,103.954780578613
289,104.4,4.83202648162842
290,105.0,17.2990074157715
291,105.1,1712.86535644531
292,105.2,10960.0224609375
293,105.4,0.0417320095002651
294,105.8,0.539466798305511
295,106.0,41.4208908081055
296,106.2,3982.02124023438
297,106.3,281.491882324219
298,106.5,1.65028750896454
299,106.7,0.0723122507333755
300,106.9,0.534065186977386
301,107.1,891.7255859375
302,107.2,11407.51171875
303,107.4,0.12127548456192
304,107.6,0.0775396376848221
305,107.8,1.35528838634491
306,108.0,51.2903823852539
307,108.2,4998.56787109375
308,108.3,101.6728515625
309,108.5,0.351019352674484
310,108.9,0.684962511062622
311,109.1,682.230590820313
312,109.2,7725.38818359375
313,109.4,0.704042494297028
314,109.7,0.0578497983515263
315,109.9,4.51646614074707
316,110.1,809.775756835938
317,110.2,1790.54467773438
318,110.4,2.67668581008911
319,110.5,0.487367123365402
320,110.8,0.794911980628967
321,111.0,50.8758506774902
322,111.2,2830.63671875
323,111.3,85.5918273925781
324,111.5,0.167625024914742
325,111.7,0.692106664180756
326,111.9,12.0703086853027
327,112.1,634.809631347656
328,112.2,893.671203613281
329,112.4,7.15908718109131
330,112.5,2.11439275741577
331,112.8,3.75945281982422
332,112.9,15.5669107437134
333,113.1,549.893005371094
334,113.2,666.068054199219
335,113.4,7.83228778839111
336,113.5,3.04330015182495
337,113.8,6.98754119873047
338,113.9,23.398588180542
339,114.1,452.650360107422
340,114.2,400.923431396484
341,114.4,9.14784812927246
342,114.7,0.216239765286446
343,114.9,4.81251096725464
344,115.1,2385.09838867188
345,115.2,2888.6376953125
346,115.4,0.360428631305695
347,115.5,0.0378985889256001
348,115.8,1.46863567829132
349,116.0,107.987022399902
350,116.2,1963.82824707031
351,116.3,51.2755699157715
352,116.5,0.154208049178123
353,116.7,0.0946157872676849
354,116.9,3.80606389045715
355,117.1,1818.15441894531
356,117.2,3139.86889648438
357,117.4,0.321658819913864
358,117.6,0.180432125926018
359,117.8,1.54565250873566
360,118.0,79.6974182128906
361,118.2,1666.33581542969
362,118.3,220.194625854492
363,118.4,10.5675201416016
364,118.7,0.164575710892677
365,118.9,2.01411390304565
366,119.0,27.6833934783936
367,119.2,10913.4208984375
368,119.3,33.837516784668
369,119.5,0.154120922088623
370,119.7,0.864697694778442
371,119.9,11.267032623291
372,120.0,59.8512802124023
373,120.2,4415.2216796875
374,120.3,184.506530761719
375,120.4,5.42237329483032
376,120.6,0.323575526475906
377,120.8,0.175901725888252
378,121.0,21.5484409332275
379,121.2,10759.2236328125
380,121.3,44.1376533508301
381,121.7,0.062118835747242
382,121.9,3.19550442695618
383,122.1,1019.037109375
384,122.2,5057.55126953125
385,122.3,112.347099304199
386,122.6,0.150200381875038
387,122.9,1.85589826107025
388,123.1,678.316772460938
389,123.2,5453.998046875
390,123.3,77.0113296508789
391,123.6,0.112998783588409
392,123.9,5.4634952545166
393,124.1,716.175048828125
394,124.2,1782.53894042969
395,124.4,3.43648719787598
396,124.5,0.439536511898041
397,124.7,0.391967236995697
398,124.9,8.83080673217773
399,125.1,697.080139160156
400,125.2,1655.03051757813
401,125.4,4.44075632095337
402,125.6,1.36034154891968
403,125.8,6.14837074279785
404,126.0,132.81982421875
405,126.2,1206.3310546875
406,126.3,91.9658508300781
407,126.4,10.3178253173828
408,126.7,2.11848759651184
409,126.9,14.3915319442749
410,127.1,906.22216796875
411,127.2,3920.232421875
412,127.4,4.93230533599854
413,127.7,1.19707262516022
414,127.9,9.6952428817749
415,128.1,1811.56433105469
416,128.2,2625.9267578125
417,128.4,1.36103856563568
418,128.6,0.332287847995758
419,128.8,1.09505140781403
420,129.0,46.4101753234863
421,129.2,5996.39599609375
422,129.3,11.1282453536987
423,129.5,0.12868095934391
424,129.7,0.512981355190277
425,129.9,9.7466459274292
426,130.1,923.946228027344
427,130.2,1343.81469726563
428,130.4,4.09871053695679
429,130.5,0.616657972335815
430,130.8,0.945373773574829
431,131.0,37.9756050109863
432,131.2,5112.02783203125
433,131.3,37.9804840087891
434,131.6,5.59487724304199
435,131.7,6.41862678527832
436,132.0,72.4926834106445
437,132.2,2214.85302734375
438,132.3,274.607421875
439,132.6,1.13634777069092
440,132.8,3.30702209472656
441,133.0,69.6725921630859
442,133.2,9089.59375
443,133.3,10.273567199707
444,133.4,0.768862187862396
445,133.7,0.511848747730255
446,133.9,10.834379196167
447,134.1,872.002685546875
448,134.2,4398.5546875
449,134.3,164.999389648438
450,134.5,0.234361380338669
451,134.7,0.391880124807358
452,134.9,2.82836723327637
453,135.1,978.894775390625
454,135.2,7848.22509765625
455,135.4,0.708834290504456
456,135.6,0.0454783067107201
457,135.9,5.10559320449829
458,136.1,681.92138671875
459,136.2,4655.8798828125
460,136.4,2.28846478462219
461,136.7,0.305192530155182
462,136.9,7.34317827224731
463,137.1,792.528198242188
464,137.2,2677.06298828125
465,137.4,1.67712140083313
466,137.6,0.168757617473602
467,137.8,2.21946334838867
468,138.0,107.851974487305
469,138.1,443.196624755859
470,138.2,788.2060546875
471,138.4,6.56133460998535
472,138.5,2.09801363945007
473,138.8,4.04286479949951
474,139.0,110.498870849609
475,139.2,1505.68566894531
476,139.3,46.5735321044922
477,139.5,1.5282279253006
478,139.7,3.59165358543396
479,139.9,28.5539283752441
480,140.1,333.383178710938
481,140.2,490.339599609375
482,140.4,13.7020387649536
483,140.5,2.19350051879883
484,140.8,2.53258419036865
485,141.0,65.7344512939453
486,141.2,3336.47143554688
487,141.3,25.2917747497559
488,141.6,0.92995297908783
489,141.8,4.1050705909729
490,142.0,81.4712524414063
491,142.2,2288.93017578125
492,142.3,31.8543300628662
493,142.5,1.3788115978241
494,142.8,1.80806756019592
495,143.0,44.1562995910645
496,143.2,4080.42553710938
497,143.3,22.3835163116455
498,143.5,0.675901710987091
499,143.7,1.76424467563629
500,143.8,3.14828372001648
501,144.0,68.6880111694336
502,144.1,645.172485351563
503,144.2,1378.62316894531
504,144.4,8.15507888793945
505,144.6,1.22399377822876
506,144.9,4.94467687606812
507,145.0,27.4801349639893
508,145.2,5632.044921875
509,145.3,19.6463661193848
510,145.5,0.167973518371582
511,145.7,0.713016211986542
512,145.8,1.72599756717682
513,146.0,63.9252471923828
514,146.2,2009.94873046875
515,146.3,203.516464233398
516,146.5,0.265115886926651
517,146.7,0.525439977645874
518,146.9,4.65298843383789
519,147.1,1578.01147460938
520,147.2,5304.92333984375
521,147.4,0.964627981185913
522,147.6,0.222251266241074
523,147.7,0.25744903087616
524,147.9,6.29012012481689
525,148.1,731.016540527344
526,148.2,2903.06884765625
527,148.4,2.09949469566345
528,148.7,0.324533879756927
529,148.9,6.39127016067505
530,149.1,1463.97485351563
531,149.2,3094.78344726563
532,149.4,1.29360520839691
533,149.7,0.594702899456024
534,149.8,1.7521345615387
535,150.0,106.592262268066
536,150.2,1853.13854980469
537,150.3,107.905990600586
538,150.4,5.16518545150757
539,150.7,1.2554452419281
540,150.9,13.0967063903809
541,151.0,134.804580688477
542,151.2,1753.97827148438
543,151.3,34.6316413879395
544,151.4,1.86103856563568
545,151.6,0.537375867366791
546,151.8,3.41200566291809
547,152.0,105.753700256348
548,152.1,2178.71484375
549,152.3,18.2913398742676
550,152.4,2.6809549331665
551,152.7,1.30806756019592
552,152.9,14.8036241531372
553,153.1,1229.50744628906
554,153.2,3026.43115234375
555,153.4,1.41827845573425
556,153.6,1.12859380245209
557,153.8,5.16579532623291
558,154.0,103.44554901123
559,154.2,1481.73571777344
560,154.3,111.428382873535
561,154.4,8.17947387695313
562,154.7,2.43761968612671
563,154.8,2.96262407302856
564,155.0,69.388916015625
565,155.2,2996.177734375
566,155.3,32.0643844604492
567,155.6,1.92254745960236
568,155.8,4.87924718856812
569,156.0,104.883255004883
570,156.1,756.453735351563
571,156.2,1138.09741210938
572,156.4,6.46384382247925
573,156.6,0.91784280538559
574,156.8,3.61082077026367
575,157.0,44.3674850463867
576,157.2,3914.96215820313
577,157.3,21.0651683807373
578,157.4,2.03240990638733
579,157.6,0.587471663951874
580,157.8,3.34465932846069
581,158.0,55.7596282958984
582,158.2,2123.99731445313
583,158.3,96.1357345581055
584,158.5,0.755706548690796
585,158.7,0.754922449588776
586,158.9,5.42559671401978
587,159.1,926.475524902344
588,159.2,3993.00366210938
589,159.3,26.3490161895752
590,159.5,0.107771389186382
591,159.7,0.884736001491547
592,159.9,8.09113121032715
593,160.1,591.821472167969
594,160.2,1537.74243164063
595,160.4,4.87715625762939
596,160.7,0.868443965911865
597,160.9,10.2767906188965
598,161.0,59.3788108825684
599,161.2,6764.1552734375
600,161.3,31.4577445983887
601,161.5,0.300052285194397
602,161.7,0.83472728729248
603,161.9,12.3136434555054
604,162.1,553.560119628906
605,162.2,2073.6181640625
606,162.3,139.375930786133
607,162.5,0.894580960273743
608,162.8,2.46358251571655
609,162.9,14.705436706543
610,163.1,963.68603515625
611,163.2,2452.17065429688
612,163.4,2.2104024887085
613,163.7,1.16178774833679
614,163.8,3.42559671401978
615,164.0,118.356597900391
616,164.2,1083.15478515625
617,164.3,148.910095214844
618,164.6,1.00479173660278
619,164.7,1.10907828807831
620,164.9,18.0028743743896
621,165.0,132.326019287109
622,165.1,3210.275390625
623,165.3,7.37706899642944
624,165.5,0.841522932052612
625,165.8,4.01280689239502
626,166.0,142.390396118164
627,166.1,928.323913574219
628,166.2,685.873657226563
629,166.4,0.895626425743103
630,166.5,0.935877323150635
631,166.8,4.21928930282593
632,167.0,107.081718444824
633,167.1,1997.52880859375
634,167.3,16.1534233093262
635,167.5,0.370186448097229
636,167.7,1.47229480743408
637,167.9,16.1421852111816
638,168.1,718.669372558594
639,168.2,561.477722167969
640,168.4,3.23810768127441
641,168.6,1.82854151725769
642,168.7,1.12493467330933
643,168.9,11.1930646896362
644,169.1,990.99267578125
645,169.2,1115.82922363281
646,169.4,2.95713543891907
647,169.6,0.495295345783234
648,169.8,4.37393283843994
649,170.0,76.2677307128906
650,170.2,1361.20043945313
651,170.3,50.2326202392578
652,170.4,4.00993204116821
653,170.6,0.249085202813148
654,170.8,2.14026832580566
655,171.0,39.1082954406738
656,171.2,2851.15014648438
657,171.3,27.34352684021
658,171.5,0.237933441996574
659,171.7,0.705872118473053
660,171.9,9.77130126953125
661,172.1,642.104919433594
662,172.2,1116.75732421875
663,172.4,4.57910776138306
664,172.6,0.333507567644119
665,172.8,1.45251786708832
666,173.0,35.1380920410156
667,173.2,3525.224609375
668,173.3,40.007926940918
669,173.5,0.368182599544525
670,173.7,0.709879755973816
671,173.9,9.30710887908936
672,174.0,52.9937286376953
673,174.2,1325.51928710938
674,174.3,297.505828857422
675,174.4,4.89884996414185
676,174.7,0.785938322544098
677,174.9,6.55663013458252
678,175.1,571.091247558594
679,175.2,4262.3095703125
680,175.4,2.50174236297607
681,175.7,1.16806066036224
682,175.8,2.77975249290466
683,176.0,115.624496459961
684,176.2,2090.57958984375
685,176.3,284.412780761719
686,176.5,0.790033102035522
687,176.8,2.65987110137939
688,176.9,17.9914627075195
689,177.1,1176.30383300781
690,177.2,1021.45306396484
691,177.4,1.7469071149826
692,177.6,0.550792813301086
693,177.8,3.85511422157288
694,178.0,142.579452514648
695,178.1,1879.30847167969
696,178.3,29.9871921539307
697,178.5,1.28619968891144
698,178.8,4.60942649841309
699,178.9,16.9490337371826
700,179.1,1523.27307128906
701,179.2,834.598266601563
702,179.4,0.95417320728302
703,179.7,1.06603932380676
704,179.9,23.5556716918945
705,180.1,756.564819335938
706,180.2,528.859985351563
707,180.4,2.77583193778992
708,180.6,0.552099645137787
709,180.8,4.98048448562622
710,181.0,89.9950332641602
711,181.1,864.466979980469
712,181.2,719.303161621094
713,181.4,2.65673470497131
714,181.7,1.37070918083191
715,181.9,17.8996334075928
716,182.1,723.13232421875
717,182.2,538.380920410156
718,182.4,2.39100885391235
719,182.5,1.72303533554077
720,182.8,3.62484765052795
721,183.0,57.8777656555176
722,183.1,688.207092285156
723,183.2,928.783081054688
724,183.4,2.48841261863708
725,183.7,1.36138701438904
726,183.9,12.352499961853
727,184.1,448.774597167969
728,184.2,609.848510742188
729,184.4,5.83978033065796
730,184.6,0.693413496017456
731,184.8,1.93073701858521
732,184.9,4.59235048294067
733,185.1,632.836791992188
734,185.2,1788.7353515625
735,185.4,1.67912530899048
736,185.6,0.9546959400177
737,185.7,0.634953796863556
738,185.9,9.94685459136963
739,186.1,501.692535400391
740,186.2,720.393798828125
741,186.4,5.73000526428223
742,186.7,0.971075117588043
743,186.9,5.04391002655029
744,187.1,551.508117675781
745,187.2,2445.3251953125
746,187.4,1.88273215293884
747,187.7,0.847098827362061
748,187.9,8.61369609832764
749,188.1,381.666748046875
750,188.2,1211.66735839844
751,188.4,8.81512451171875
752,188.7,0.76546436548233
753,188.9,6.23227024078369
754,189.1,807.372009277344
755,189.2,4775.6025390625
756,189.3,743.000610351563
757,189.5,0.291165709495544
758,189.7,1.07553577423096
759,189.9,6.91557741165161
760,190.0,51.0805892944336
761,190.2,2012.78161621094
762,190.3,342.752410888672
763,190.6,1.1536853313446
764,190.8,5.52831506729126
765,191.0,516.379943847656
766,191.1,3431.54760742188
767,191.3,194.709014892578
768,191.5,0.459052085876465
769,191.7,1.18295872211456
770,191.9,19.2074394226074
771,192.1,1036.70446777344
772,192.2,692.378295898438
773,192.4,2.7341001033783
774,192.7,2.93979787826538
775,192.9,25.0087127685547
776,193.1,2391.37817382813
777,193.2,587.525634765625
778,193.3,22.0597667694092
779,193.5,0.518557250499725
780,193.7,1.50182962417603
781,193.9,24.1357383728027
782,194.1,851.270629882813
783,194.2,577.104125976563
784,194.4,2.36774706840515
785,194.7,1.49660217761993
786,194.9,21.325927734375
787,195.1,903.156982421875
788,195.2,679.278442382813
789,195.3,17.1420974731445
790,195.5,0.3484927713871
791,195.7,1.28541553020477
792,195.9,18.9296035766602
793,196.0,67.6048965454102
794,196.2,920.294799804688
795,196.3,40.066650390625
796,196.6,1.5913051366806
797,196.8,3.51141309738159
798,197.0,65.8611221313477
799,197.2,1271.75573730469
800,197.3,28.1826972961426
801,197.6,0.967241704463959
802,197.8,4.17590188980103
803,198.0,77.1557769775391
804,198.2,700.761169433594
805,198.3,46.7071800231934
806,198.6,1.05689144134521
807,198.8,2.54939889907837
808,198.9,5.76877498626709
809,199.1,484.373046875
810,199.2,1063.98547363281
811,199.4,2.30109786987305
812,199.7,0.851542055606842
813,199.9,13.1405296325684
814,200.1,433.796051025391
815,200.2,579.650695800781
816,200.4,5.07056999206543
817,200.7,1.36469769477844
818,200.8,1.70221292972565
819,201.0,43.3515434265137
820,201.2,1651.9853515625
821,201.3,136.573532104492
822,201.5,0.579717695713043
823,201.7,1.28245341777802
824,201.9,9.82453346252441
825,202.1,840.1318359375
826,202.2,914.275573730469
827,202.4,5.43526744842529
828,202.6,0.570918262004852
829,202.8,2.54260325431824
830,203.0,50.8975448608398
831,203.2,5592.34619140625
832,203.3,1628.57531738281
833,203.5,0.423244476318359
834,203.7,0.931956768035889
835,203.9,9.84718608856201
836,204.1,421.958953857422
837,204.2,1979.21960449219
838,204.4,5.89266443252563
839,204.7,1.35180342197418
840,204.9,15.9647150039673
841,205.1,740.563415527344
842,205.2,1342.64770507813
843,205.4,2.14906787872314
844,205.6,1.14906775951385
845,205.8,2.22416806221008
846,205.9,5.06595230102539
847,206.1,325.802764892578
848,206.2,375.005493164063
849,206.3,161.786804199219
850,206.6,0.453476220369339
851,206.8,4.82827997207642
852,207.0,207.273742675781
853,207.1,18180.142578125
854,207.3,38.2477798461914
855,207.5,0.0581982918083668
856,207.7,1.86896669864655
857,207.9,18.8179130554199
858,208.1,4128.46435546875
859,208.2,456.976226806641
860,208.3,56.9944229125977
861,208.5,0.359557420015335
862,208.7,2.12876796722412
863,208.9,18.8502349853516
864,209.1,2865.05004882813
865,209.2,566.993041992188
866,209.4,1.36887955665588
867,209.7,1.33760237693787
868,209.9,20.2749614715576
869,210.0,165.024215698242
870,210.1,942.740112304688
871,210.3,24.4125289916992
872,210.4,1.95809376239777
873,210.7,1.87480401992798
874,210.9,15.8669624328613
875,211.1,728.406372070313
876,211.2,624.68017578125
877,211.4,1.67076146602631
878,211.7,1.09165358543396
879,211.9,15.6488933563232
880,212.0,67.0440826416016
881,212.2,574.925659179688
882,212.3,50.2594528198242
883,212.5,1.50479173660278
884,212.8,2.5635998249054
885,213.0,53.9542617797852
886,213.2,1623.34582519531
887,213.3,66.8250579833984
888,213.5,0.732444703578949
889,213.8,2.5998432636261
890,214.0,61.7746124267578
891,214.2,635.407409667969
892,214.3,87.6535110473633
893,214.5,0.784457206726074
894,214.7,1.32592785358429
895,214.8,1.93936228752136
896,215.0,43.7977867126465
897,215.2,1765.48352050781
898,215.3,110.401985168457
899,215.5,1.17468202114105
900,215.8,3.02909922599792
901,215.9,8.24080848693848
902,216.1,542.859802246094
903,216.2,568.445922851563
904,216.4,4.79769992828369
905,216.6,0.477957844734192
906,216.8,2.81434059143066
907,217.0,55.9309120178223
908,217.2,974.276977539063
909,217.3,78.8017044067383
910,217.5,0.699250757694244
911,217.7,1.01690185070038
912,217.9,6.76764249801636
913,218.1,347.307891845703
914,218.3,17787.576171875
915,218.4,5.872887134552
916,218.7,1.8965847492218
917,218.9,11.0938320159912
918,219.1,455.635375976563
919,219.3,3611.1396484375
920,219.4,3.17816686630249
921,219.5,1.56290292739868
922,219.8,4.3076319694519
923,220.0,72.1609191894531
924,220.2,881.4423828125
925,220.3,293.873840332031
926,220.5,0.509322166442871
927,220.7,1.83803796768188
928,220.9,13.3572053909302
929,221.0,117.278968811035
930,221.1,1351.0849609375
931,221.3,39.597053527832
932,221.6,1.01951563358307
933,221.8,3.59914612770081
934,222.0,102.056541442871
935,222.2,806.537719726563
936,222.3,49.2830619812012
937,222.6,1.87123191356659
938,222.8,6.59574842453003
939,223.0,117.422721862793
940,223.2,957.595397949219
941,223.3,22.1197071075439
942,223.6,0.674943387508392
943,223.7,0.906081199645996
944,223.9,17.4573097229004
945,224.1,369.446075439453
946,224.2,347.196807861328
947,224.4,5.24202823638916
948,224.7,2.24960803985596
949,224.9,16.7926464080811
950,225.1,478.660034179688
951,225.2,582.177734375
952,225.4,3.01359128952026
953,225.7,1.84762156009674
954,225.9,16.0743160247803
955,226.1,493.634704589844
956,226.2,320.002349853516
957,226.3,39.32470703125
958,226.5,1.41261541843414
959,226.8,2.61526393890381
960,227.0,44.7963066101074
961,227.2,1248.52697753906
962,227.3,77.4927673339844
963,227.5,1.13835167884827
964,227.8,3.03223562240601
965,228.0,63.0988845825195
966,228.2,936.582092285156
967,228.3,95.1233673095703
968,228.4,6.58189582824707
969,228.6,0.354678511619568
970,228.8,2.52718234062195
971,229.0,39.5804138183594
972,229.2,2399.32177734375
973,229.3,302.554809570313
974,229.5,0.450339794158936
975,229.7,1.41740715503693
976,229.9,11.8246212005615
977,230.1,477.98779296875
978,230.2,686.517517089844
979,230.4,6.30188179016113
980,230.6,0.90346747636795
981,230.8,3.11683225631714
982,231.0,53.9797859191895
983,231.1,388.852142333984
984,231.2,772.100463867188
985,231.4,4.11665773391724
986,231.6,1.63321137428284
987,231.7,1.25614213943481
988,231.9,14.275221824646
989,232.1,394.738189697266
990,232.2,752.083618164063
991,232.4,5.90111494064331
992,232.7,2.36321663856506
993,232.9,16.9520816802979
994,233.0,58.0649948120117
995,233.2,707.093566894531
996,233.3,46.2985725402832
997,233.5,2.05297088623047
998,233.8,5.66492414474487
999,234.0,76.1892318725586
1000,234.1,269.589050292969
1001,234.2,326.880035400391
1002,234.4,5.58860445022583
1003,234.7,3.79639315605164
1004,234.9,27.9515590667725
1005,235.0,82.6589126586914
1006,235.2,595.649475097656
1007,235.3,21.0866870880127
1008,235.4,3.50801539421082
1009,235.7,2.51620483398438
1010,235.9,20.3592090606689
1011,236.1,298.720520019531
1012,236.2,287.788208007813
1013,236.4,5.221031665802
1014,236.7,3.12632870674133
1015,236.9,24.9906768798828
1016,237.1,388.919067382813
1017,237.2,303.871154785156
1018,237.4,4.18348121643066
1019,237.7,2.81251096725464
1020,237.9,17.1533374786377
1021,238.1,260.355804443359
1022,238.2,224.659866333008
1023,238.3,53.1657943725586
1024,238.6,2.2557065486908
1025,238.7,1.13024914264679
1026,238.9,10.946418762207
1027,239.1,514.306091308594
1028,239.2,662.433959960938
1029,239.4,4.69454622268677
1030,239.7,1.76633560657501
1031,239.9,14.5279664993286
1032,240.1,319.558013916016
1033,240.2,368.206909179688
1034,240.4,7.36156129837036
1035,240.7,2.0291862487793
1036,240.9,9.64366626739502
1037,241.1,378.089721679688
1038,241.2,772.829345703125
1039,241.3,110.069091796875
1040,241.5,0.831503748893738
1041,241.7,1.59574842453003
1042,241.9,12.799355506897
1043,242.1,349.904693603516
1044,242.2,534.391906738281
1045,242.4,7.81399202346802
1046,242.7,1.38883078098297
1047,242.9,8.89841461181641
1048,243.1,430.570037841797
1049,243.2,887.260437011719
1050,243.4,5.74141836166382
1051,243.7,1.69158387184143
1052,243.9,11.6438407897949
1053,244.1,379.553497314453
1054,244.2,519.492004394531
1055,244.4,7.28741931915283
1056,244.7,1.67198121547699
1057,244.9,9.97647666931152
1058,245.1,396.806671142578
1059,245.2,505.153778076172
1060,245.4,4.89327430725098
1061,245.5,1.65281403064728
1062,245.7,1.18234884738922
1063,245.9,14.3128595352173
1064,246.1,344.633819580078
1065,246.2,328.835418701172
1066,246.4,6.29682874679565
1067,246.7,2.03807282447815
1068,246.8,3.16466283798218
1069,247.0,61.0815467834473
1070,247.2,771.032592773438
1071,247.3,231.293258666992
1072,247.4,5.25222158432007
1073,247.7,2.53833413124084
1074,247.9,15.7030839920044
1075,248.0,53.0317993164063
1076,248.2,468.788543701172
1077,248.3,81.6267623901367
1078,248.6,1.93247950077057
1079,248.8,10.65647315979
1080,249.0,414.0234375
1081,249.1,568.533569335938
1082,249.3,19.2445545196533
1083,249.6,1.41914963722229
1084,249.8,12.0407733917236
1085,250.0,155.119354248047
1086,250.1,236.411911010742
1087,250.2,220.2197265625
1088,250.4,3.72512626647949
1089,250.7,4.72538757324219
1090,250.9,65.1848754882813
1091,251.1,568.108276367188
1092,251.2,225.276962280273
1093,251.4,1.51777315139771
1094,251.6,1.38752400875092
1095,251.8,8.8034496307373
1096,251.9,25.2718238830566
1097,252.1,362.941619873047
1098,252.2,190.856506347656
1099,252.3,42.9299545288086
1100,252.5,0.984404921531677
1101,252.7,4.22983121871948
1102,252.9,31.4076499938965
1103,253.1,533.395629882813
1104,253.2,343.441467285156
1105,253.4,2.58076310157776
1106,253.6,0.617180705070496
1107,253.8,6.18252325057983
1108,254.0,82.5536651611328
1109,254.2,458.418090820313
1110,254.3,65.7668609619141
1111,254.5,1.24838817119598
1112,254.7,1.88813376426697
1113,254.9,10.4117441177368
1114,255.1,303.016204833984
1115,255.2,1096.31298828125
1116,255.3,168.518035888672
1117,255.5,1.02509152889252
1118,255.7,1.56290292739868
1119,255.9,10.3392572402954
1120,256.1,303.148559570313
1121,256.2,596.122924804688
1122,256.3,530.017333984375
1123,256.5,2.54451990127563
1124,256.8,2.48571181297302
1125,257.0,28.7517852783203
1126,257.2,1423.92932128906
1127,257.3,733.575012207031
1128,257.4,7.108642578125
1129,257.6,0.639919817447662
1130,257.8,3.1392228603363
1131,258.0,45.1939353942871
1132,258.2,804.623046875
1133,258.3,206.025360107422
1134,258.5,1.40111517906189
1135,258.7,2.17546606063843
1136,258.9,11.3707094192505
1137,259.1,293.833068847656
1138,259.2,364.875061035156
1139,259.3,86.9580078125
1140,259.5,2.14758658409119
1141,259.8,5.22573614120483
1142,260.0,55.401725769043
1143,260.2,495.245422363281
1144,260.3,40.9681129455566
1145,260.6,1.8581634759903
1146,260.8,5.2466459274292
1147,261.0,60.2198104858398
1148,261.2,492.112823486328
1149,261.3,38.7575378417969
1150,261.4,5.340651512146
1151,261.7,2.3968460559845
1152,261.9,15.3346405029297
1153,262.1,245.261978149414
1154,262.2,228.972122192383
1155,262.4,5.91122150421143
1156,262.6,0.822617173194885
1157,262.8,5.97891616821289
1158,263.0,78.2425537109375
1159,263.2,480.647338867188
1160,263.3,36.4690704345703
1161,263.6,1.52204215526581
1162,263.7,1.28140795230865
1163,263.9,14.669454574585
1164,264.1,199.995651245117
1165,264.2,265.282012939453
1166,264.3,111.770690917969
1167,264.5,0.773479700088501
1168,264.7,2.73793339729309
1169,264.8,4.47630262374878
1170,265.0,366.45166015625
1171,265.1,722.236633300781
1172,265.3,32.8412628173828
1173,265.6,1.31076848506927
1174,265.8,6.60846853256226
1175,266.0,123.663787841797
1176,266.2,457.077453613281
1177,266.3,48.9067764282227
1178,266.4,7.25126314163208
1179,266.7,7.70587205886841
1180,266.9,85.3124237060547
1181,267.1,1275.74011230469
1182,267.2,234.738189697266
1183,267.3,21.5386829376221
1184,267.6,1.73566818237305
1185,267.8,16.286111831665
1186,268.0,208.510894775391
1187,268.2,553.61865234375
1188,268.3,58.4028587341309
1189,268.5,0.959313452243805
1190,268.7,4.25544500350952
1191,268.9,39.2201614379883
1192,269.0,131.139221191406
1193,269.2,690.585632324219
1194,269.3,133.679565429688
1195,269.5,0.851542055606842
1196,269.7,1.7760933637619
1197,269.8,4.36278104782104
1198,270.0,64.0078430175781
1199,270.2,801.844848632813
1200,270.3,268.819030761719
1201,270.4,6.71981191635132
1202,270.6,1.04887616634369
1203,270.8,5.24228954315186
1204,271.0,54.2335777282715
1205,271.2,693.103698730469
1206,271.3,288.366607666016
1207,271.5,1.19367480278015
1208,271.7,1.55262243747711
1209,271.8,2.69620132446289
1210,272.0,49.4879760742188
1211,272.2,778.908325195313
1212,272.3,1344.56188964844
1213,272.4,10.8031015396118
1214,272.6,0.754922449588776
1215,272.8,3.764244556427
1216,273.0,50.8019676208496
1217,273.2,534.345092773438
1218,273.3,320.272613525391
1219,273.4,10.7387170791626
1220,273.7,1.99616658687592
1221,273.9,13.6454086303711
1222,274.1,205.944412231445
1223,274.2,263.426818847656
1224,274.4,11.4893712997437
1225,274.7,2.70953130722046
1226,274.9,14.5566301345825
1227,275.0,42.1686706542969
1228,275.2,310.40869140625
1229,275.3,87.0952224731445
1230,275.5,2.95295357704163
1231,275.7,1.88229656219482
1232,275.9,18.4377937316895
1233,276.0,56.0232620239258
1234,276.2,318.300140380859
1235,276.3,39.6424446105957
1236,276.4,5.71693658828735
1237,276.7,3.13382124900818
1238,276.8,5.09600973129272
1239,277.0,68.7462997436523
1240,277.1,157.184097290039
1241,277.2,199.440139770508
1242,277.4,6.86731147766113
1243,277.6,0.753267109394073
1244,277.8,5.84187126159668
1245,277.9,13.0051403045654
1246,278.1,184.364868164063
1247,278.2,210.612213134766
1248,278.3,55.5003471374512
1249,278.5,2.42428994178772
1250,278.8,5.29752588272095
1251,279.0,74.2915115356445
1252,279.1,205.714141845703
1253,279.2,400.487182617188
1254,279.4,6.8508448600769
1255,279.7,1.50060987472534
1256,279.9,4.93169546127319
1257,280.0,12.9493818283081
1258,280.2,246.591049194336
1259,280.3,69.0433883666992
1260,280.5,0.825666487216949
1261,280.7,3.86800837516785
1262,280.9,54.9730796813965
1263,281.1,7986.44970703125
1264,281.2,234.501220703125
1265,281.4,1.09888482093811
1266,281.7,3.36966371536255
1267,281.9,25.763635635376
1268,282.0,734.08544921875
1269,282.1,1853.25280761719
1270,282.3,37.9729919433594
1271,282.5,0.974472880363464
1272,282.7,4.09130525588989
1273,282.8,7.58145999908447
1274,283.0,559.201416015625
1275,283.1,1217.28918457031
1276,283.2,285.013244628906
1277,283.4,2.44537377357483
1278,283.6,1.09940755367279
1279,283.8,4.58381271362305
1280,284.0,175.350845336914
1281,284.2,637.577453613281
1282,284.3,183.414016723633
1283,284.5,1.35563683509827
1284,284.7,3.33272337913513
1285,284.9,29.1907997131348
1286,285.0,109.341346740723
1287,285.2,426.688171386719
1288,285.3,102.635475158691
1289,285.5,0.995469570159912
1290,285.7,2.58877849578857
1291,285.9,19.6406173706055
1292,286.1,185.537979125977
1293,286.2,178.974639892578
1294,286.3,100.92106628418
1295,286.5,2.71989893913269
1296,286.8,7.89275121688843
1297,287.0,80.3540649414063
1298,287.2,214.683746337891
1299,287.3,47.446418762207
1300,287.5,1.90015685558319
1301,287.7,2.608642578125
1302,287.9,17.9219379425049
1303,288.1,148.716934204102
1304,288.2,171.177124023438
1305,288.4,7.43753290176392
1306,288.5,3.08241844177246
1307,288.8,6.68923139572144
1308,288.9,17.2799263000488
1309,289.1,159.655776977539
1310,289.2,108.970726013184
1311,289.4,7.48484039306641
1312,289.6,1.03833425045013
1313,289.8,5.7068305015564
1314,290.0,63.0619430541992
1315,290.2,207.349182128906
1316,290.3,198.398498535156
1317,290.5,3.02674674987793
1318,290.7,1.35624670982361
1319,290.9,16.5984497070313
1320,291.1,141.631561279297
1321,291.2,94.4891967773438
1322,291.3,68.4197616577148
1323,291.5,2.59017252922058
1324,291.8,5.95042705535889
1325,291.9,12.7822790145874
1326,292.1,146.427169799805
1327,292.2,202.634689331055
1328,292.4,5.44180154800415
1329,292.5,2.69053840637207
1330,292.8,6.70334529876709
1331,292.9,14.1657085418701
1332,293.1,188.877151489258
1333,293.2,166.242813110352
1334,293.3,48.4854507446289
1335,293.5,2.36138701438904
1336,293.8,5.03685331344604
1337,294.0,49.0737915039063
1338,294.2,408.997467041016
1339,294.3,81.7819290161133
1340,294.4,8.8341178894043
1341,294.7,2.77496075630188
1342,294.9,18.2071781158447
1343,295.0,62.3277587890625
1344,295.2,470.366607666016
1345,295.3,77.877067565918
1346,295.6,1.92185044288635
1347,295.8,4.66265916824341
1348,295.9,12.9335250854492
1349,296.1,194.957916259766
1350,296.2,194.758239746094
1351,296.3,87.6422729492188
1352,296.5,2.64453744888306
1353,296.8,4.56534242630005
1354,297.0,49.1861839294434
1355,297.2,777.666870117188
1356,297.3,125.510276794434
1357,297.5,1.50845098495483
1358,297.7,1.99782192707062
1359,297.8,2.79473781585693
1360,298.0,56.9448509216309
1361,298.2,327.832214355469
1362,298.3,116.223472595215
1363,298.6,3.38996338844299
1364,298.7,1.79595744609833
1365,298.9,16.3814258575439
1366,299.1,182.937973022461
1367,299.2,171.331848144531
1368,299.3,90.8836898803711
1369,299.5,3.02744388580322
1370,299.7,1.83690536022186
1371,299.9,20.7745246887207
1372,300.1,154.098617553711
1373,300.2,107.389007568359
1374,300.3,51.8133811950684
1375,300.5,1.86260676383972
1376,300.7,3.08076310157776
1377,300.9,19.9959926605225
1378,301.0,40.7386322021484
1379,301.2,130.004623413086
1380,301.3,24.2564907073975
1381,301.4,8.51942825317383
1382,301.7,3.30327582359314
1383,301.9,20.17067527771
1384,302.1,115.456962585449
1385,302.2,88.5966186523438
1386,302.4,7.86861801147461
1387,302.7,3.71022820472717
1388,302.8,5.68775033950806
1389,303.0,57.3635635375977
1390,303.2,110.481178283691
1391,303.3,25.5317134857178
1392,303.5,1.74246382713318
1393,303.7,2.97543120384216
1394,303.8,4.77618074417114
1395,304.0,57.1411399841309
1396,304.2,133.935958862305
1397,304.3,30.4669799804688
1398,304.5,3.1795608997345
1399,304.8,6.93700981140137
1400,305.0,54.9224586486816
1401,305.1,156.426376342773
1402,305.3,30.7949123382568
1403,305.5,3.18714070320129
1404,305.8,6.49085187911987
1405,306.0,54.9872817993164
1406,306.1,92.9472045898438
1407,306.2,187.533538818359
1408,306.4,8.73810768127441
1409,306.7,2.53746294975281
1410,306.9,16.2907295227051
1411,307.1,129.926910400391
1412,307.2,163.689834594727
1413,307.3,60.6141319274902
1414,307.5,3.33376884460449
1415,307.7,1.56917583942413
1416,307.9,15.08642578125
1417,308.1,128.807373046875
1418,308.2,186.053848266602
1419,308.4,11.5835514068604
1420,308.7,3.01245856285095
1421,308.9,14.7415056228638
1422,309.1,133.626678466797
1423,309.2,259.374969482422
1424,309.4,12.2217283248901
1425,309.7,2.44302153587341
1426,309.8,3.63303709030151
1427,310.0,44.7343597412109
1428,310.2,232.840911865234
1429,310.3,96.167366027832
1430,310.4,13.6772956848145
1431,310.6,1.71118664741516
1432,310.8,8.17537879943848
1433,311.0,61.060115814209
1434,311.2,229.089385986328
1435,311.3,91.2871551513672
1436,311.4,11.8155603408813
1437,311.7,3.25030493736267
1438,311.9,15.8991985321045
1439,312.1,122.651245117188
1440,312.2,123.079803466797
1441,312.3,76.9334411621094
1442,312.5,2.49651503562927
1443,312.7,4.24499034881592
1444,312.8,5.62371492385864
1445,313.0,62.2414169311523
1446,313.2,239.034240722656
1447,313.3,59.2782707214355
1448,313.5,3.81660556793213
1449,313.7,1.7855898141861
1450,313.9,18.3048439025879
1451,314.0,41.6203155517578
1452,314.2,166.870010375977
1453,314.3,40.865047454834
1454,314.5,1.55305802822113
1455,314.7,3.24403214454651
1456,314.9,18.0543651580811
1457,315.1,103.351364135742
1458,315.2,98.2666854858398
1459,315.4,7.3442234992981
1460,315.6,3.124760389328
1461,315.7,1.6992506980896
1462,315.9,18.7938671112061
1463,316.0,37.4797859191895
1464,316.2,129.325408935547
1465,316.3,37.9506874084473
1466,316.5,4.13512802124023
1467,316.7,2.15682172775269
1468,316.9,19.1542949676514
1469,317.1,82.1104736328125
1470,317.2,69.5430374145508
1471,317.4,9.04600143432617
1472,317.7,2.84535622596741
1473,317.9,19.9415397644043
1474,318.0,37.4039039611816
1475,318.2,120.59880065918
1476,318.3,33.7154541015625
1477,318.5,3.17415928840637
1478,318.8,7.21815633773804
1479,319.0,44.465934753418
1480,319.1,50.6260681152344
1481,319.2,73.6729431152344
1482,319.4,7.17799282073975
1483,319.5,3.65734457969666
1484,319.7,1.55157697200775
1485,319.9,17.8307189941406
1486,320.0,32.0683059692383
1487,320.2,133.60124206543
1488,320.3,42.3328971862793
1489,320.5,2.32531809806824
1490,320.7,2.54547834396362
1491,320.9,16.2458610534668
1492,321.1,86.0822448730469
1493,321.2,62.6319046020508
1494,321.3,38.968635559082
1495,321.5,3.69803094863892
1496,321.8,5.7645058631897
1497,321.9,11.7594528198242
1498,322.1,92.7762680053711
1499,322.2,113.723556518555
1500,322.4,12.2335777282715
1501,322.7,5.75840759277344
1502,322.9,26.8715801239014
1503,323.1,124.717460632324
1504,323.2,73.7926483154297
1505,323.3,49.6304244995117
1506,323.5,5.23601675033569
1507,323.8,7.75100183486938
1508,324.0,48.2533531188965
1509,324.2,143.165100097656
1510,324.3,66.1626586914063
1511,324.5,3.59609699249268
1512,324.7,11.5566301345825
1513,324.9,67.0683059692383
1514,325.0,97.5746612548828
1515,325.1,215.393447875977
1516,325.3,37.0685653686523
1517,325.4,9.71589088439941
1518,325.7,6.64889335632324
1519,325.9,31.0906085968018
1520,326.1,124.807548522949
1521,326.2,135.688095092773
1522,326.4,15.4616661071777
1523,326.7,14.5561075210571
1524,326.8,27.9359645843506
1525,327.0,286.063171386719
1526,327.1,149.381072998047
1527,327.2,79.199951171875
1528,327.4,2.59296035766602
1529,327.6,3.99982571601868
1530,327.8,22.3471851348877
1531,327.9,34.6613502502441
1532,328.1,155.773132324219
1533,328.2,96.8596420288086
1534,328.4,8.36461067199707
1535,328.7,8.79186248779297
1536,328.8,14.2538766860962
1537,329.0,80.5348510742188
1538,329.1,66.9048614501953
1539,329.2,69.490592956543
1540,329.4,7.03859567642212
1541,329.7,4.79778718948364
1542,329.8,6.43003988265991
1543,330.0,42.9864959716797
1544,330.1,66.4504241943359
1545,330.2,144.530670166016
1546,330.4,8.18635654449463
1547,330.6,1.93640005588531
1548,330.8,7.92516136169434
1549,331.0,38.2413330078125
1550,331.2,129.49006652832
1551,331.3,30.003833770752
1552,331.4,7.99782180786133
1553,331.7,3.68261027336121
1554,331.8,5.11291170120239
1555,332.0,39.3397789001465
1556,332.2,136.23811340332
1557,332.3,40.7205963134766
1558,332.4,8.30676078796387
1559,332.7,3.32932567596436
1560,332.9,14.1502876281738
1561,333.1,70.8579025268555
1562,333.2,116.173812866211
1563,333.4,10.4208917617798
1564,333.7,3.32000350952148
1565,333.8,4.05192565917969
1566,334.0,34.9824028015137
1567,334.1,47.9682884216309
1568,334.2,97.3120727539063
1569,334.4,11.4340476989746
1570,334.6,1.55462622642517
1571,334.8,5.60141134262085
1572,334.9,10.368182182312
1573,335.1,62.4358787536621
1574,335.2,86.9472045898438
1575,335.4,12.8034496307373
1576,335.7,3.72416806221008
1577,335.9,13.8996343612671
1578,336.1,65.0072326660156
1579,336.2,71.6561279296875
1580,336.4,12.3153858184814
1581,336.7,3.52300047874451
1582,336.8,3.86025428771973
1583,337.0,32.0362434387207
1584,337.1,39.4688987731934
1585,337.3,91.0606384277344
1586,337.4,13.6860952377319
1587,337.7,3.55750131607056
1588,337.9,13.7559680938721
1589,338.0,24.6488056182861
1590,338.2,85.969596862793
1591,338.3,44.6901893615723
1592,338.5,3.32880282402039
1593,338.7,6.97699928283691
1594,338.9,29.2842826843262
1595,339.1,118.155685424805
1596,339.3,111.034759521484
1597,339.4,9.00339794158936
1598,339.5,4.29726409912109
1599,339.8,8.32462120056152
1600,340.0,38.773567199707
1601,340.2,94.9742126464844
1602,340.3,47.5359802246094
1603,340.6,7.30571508407593
1604,340.8,32.5519256591797
1605,341.0,500.018463134766
1606,341.1,298.674255371094
1607,341.3,8.15455627441406
1608,341.6,3.77818441390991
1609,341.8,20.8629550933838
1610,342.0,163.016464233398
1611,342.2,279.317291259766
1612,342.3,25.4532146453857
1613,342.6,6.54913759231567
1614,342.8,22.3857822418213
1615,342.9,52.569522857666
1616,343.1,215.864608764648
1617,343.2,76.7632827758789
1618,343.4,5.74891090393066
1619,343.6,1.76529014110565
1620,343.8,12.5642099380493
1621,344.0,55.216064453125
1622,344.2,326.437103271484
1623,344.3,82.9216766357422
1624,344.4,9.16475009918213
1625,344.7,7.42002105712891
1626,344.9,27.9857120513916
1627,345.0,36.4353561401367
1628,345.2,176.141830444336
1629,345.3,52.051139831543
1630,345.5,1.97813212871552
1631,345.7,4.28445720672607
1632,345.9,15.1664056777954
1633,346.1,69.5908660888672
1634,346.2,300.817657470703
1635,346.4,13.372974395752
1636,346.6,1.85851192474365
1637,346.8,6.0797176361084
1638,347.0,26.3004016876221
1639,347.2,396.063171386719
1640,347.3,597.489562988281
1641,347.5,1.98736715316772
1642,347.7,3.16248464584351
1643,347.9,11.6735496520996
1644,348.1,52.2900314331055
1645,348.2,385.040588378906
1646,348.4,15.1784286499023
1647,348.7,2.8804669380188
1648,348.8,3.58085036277771
1649,349.0,21.9918098449707
1650,349.2,201.322616577148
1651,349.3,332.236022949219
1652,349.4,13.022216796875
1653,349.7,3.0635998249054
1654,349.9,11.6563863754272
1655,350.1,50.4405822753906
1656,350.2,83.8977203369141
1657,350.3,111.18383026123
1658,350.5,3.73941445350647
1659,350.7,1.73958873748779
1660,350.9,10.2336645126343
1661,351.1,44.6015853881836
1662,351.2,43.5286636352539
1663,351.3,52.5185585021973
1664,351.5,3.57562303543091
1665,351.7,4.0324969291687
1666,351.8,3.08581638336182
1667,352.0,24.5886917114258
1668,352.2,61.6360855102539
1669,352.3,35.9530410766602
1670,352.5,3.17781853675842
1671,352.7,3.83472728729248
1672,352.9,14.917929649353
1673,353.0,18.0465240478516
1674,353.2,72.9613189697266
1675,353.3,65.0676040649414
1676,353.5,3.24411916732788
1677,353.7,3.56586503982544
1678,353.9,10.1914968490601
1679,354.1,29.4598369598389
1680,354.3,41.7181549072266
1681,354.4,4.09548711776733
1682,354.6,3.73235750198364
1683,354.8,19.6899280548096
1684,355.0,733.539367675781
1685,355.1,607.519592285156
1686,355.3,7.33385610580444
1687,355.5,0.786722421646118
1688,355.7,4.66074228286743
1689,355.9,74.4577484130859
1690,356.1,427.544250488281
1691,356.2,66.6943740844727
1692,356.3,15.9180173873901
1693,356.5,1.13068473339081
1694,356.7,6.41897535324097
1695,356.9,67.4849243164063
1696,357.1,312.599853515625
1697,357.2,55.8753280639648
1698,357.3,11.221118927002
1699,357.6,2.00514030456543
1700,357.8,11.5410346984863
1701,358.0,70.0602035522461
1702,358.2,156.14079284668
1703,358.3,26.8138179779053
1704,358.4,8.79857158660889
1705,358.7,5.63460540771484
1706,358.9,25.7435970306396
1707,359.1,78.7418518066406
1708,359.2,63.7468185424805
1709,359.4,7.86069011688232
1710,359.7,3.76459312438965
1711,359.9,14.3850841522217
1712,360.0,18.1661434173584
1713,360.2,148.419235229492
1714,360.3,64.0449523925781
1715,360.4,14.6894931793213
1716,360.6,1.45103681087494
1717,360.8,5.84605312347412
1718,361.0,23.778881072998
1719,361.2,135.291595458984
1720,361.3,84.5648193359375
1721,361.4,14.9015512466431
1722,361.7,2.74350929260254
1723,361.9,9.69820499420166
1724,362.0,12.9905033111572
1725,362.2,164.040679931641
1726,362.3,403.752044677734
1727,362.5,3.49939012527466
1728,362.7,3.7846314907074
1729,362.8,3.90869498252869
1730,363.0,20.3238372802734
1731,363.2,194.734008789063
1732,363.3,261.319580078125
1733,363.5,3.90111517906189
1734,363.7,2.4274263381958
1735,363.8,3.02709531784058
1736,364.0,17.9847526550293
1737,364.2,145.193237304688
1738,364.3,495.600555419922
1739,364.5,4.62885522842407
1740,364.7,1.41688442230225
1741,364.9,8.50644683837891
1742,365.1,40.2840232849121
1743,365.2,83.2752227783203
1744,365.3,249.234802246094
1745,365.5,3.48283672332764
1746,365.7,2.93204402923584
1747,365.9,8.47386264801025
1748,366.0,11.8295001983643
1749,366.2,73.6205749511719
1750,366.3,91.5493087768555
1751,366.5,5.54756927490234
1752,366.7,2.36583018302917
1753,366.9,13.0044431686401
1754,367.1,44.3853454589844
1755,367.3,55.2152824401855
1756,367.4,12.3712320327759
1757,367.7,3.7862868309021
1758,367.9,10.9358777999878
1759,368.1,38.743335723877
1760,368.3,52.3753280639648
1761,368.4,15.264331817627
1762,368.7,6.52282619476318
1763,368.8,6.54033803939819
1764,369.0,40.7652015686035
1765,369.2,70.5277938842773
1766,369.3,28.951473236084
1767,369.5,4.95600271224976
1768,369.8,7.1736364364624
1769,370.0,27.1450595855713
1770,370.1,26.3191318511963
1771,370.2,48.8183479309082
1772,370.4,11.6972465515137
1773,370.7,6.75030469894409
1774,370.8,7.59566116333008
1775,371.0,38.8040580749512
1776,371.2,55.3414344787598
1777,371.3,20.4669799804688
1778,371.6,4.4526047706604
1779,371.8,7.08355093002319
1780,372.0,26.2014293670654
1781,372.2,49.8436126708984
1782,372.3,20.9987812042236
1783,372.5,5.61500263214111
1784,372.7,3.09905910491943
1785,372.9,18.6156120300293
1786,373.0,17.9559154510498
1787,373.2,43.5585479736328
1788,373.3,17.2191143035889
1789,373.5,4.32131052017212
1790,373.7,1.9402334690094
1791,373.9,12.1522912979126
1792,374.0,15.4956436157227
1793,374.2,64.7810592651367
1794,374.3,32.5345001220703
1795,374.5,4.61848735809326
1796,374.8,5.1629204750061
1797,375.0,20.9584426879883
1798,375.2,63.0811996459961
1799,375.3,37.4360504150391
1800,375.5,4.99703788757324
1801,375.8,3.96663188934326
1802,376.0,16.9022483825684
1803,376.1,29.1732883453369
1804,376.3,185.117095947266
1805,376.4,18.3840389251709
1806,376.5,5.67624998092651
1807,376.8,2.79796123504639
1808,376.9,4.9599232673645
1809,377.1,38.3551139831543
1810,377.3,210.239761352539
1811,377.4,28.8647842407227
1812,377.6,3.38325500488281
1813,377.9,7.58973693847656
1814,378.1,31.0186443328857
1815,378.3,524.590270996094
1816,378.4,46.6377410888672
1817,378.7,2.9566125869751
1818,378.9,5.93003988265991
1819,379.1,37.7366256713867
1820,379.3,965.756042480469
1821,379.4,196.490585327148
1822,379.6,1.52840220928192
1823,379.8,3.73645234107971
1824,380.0,14.4276876449585
1825,380.2,87.3395156860352
1826,380.3,371.240539550781
1827,380.5,5.45565414428711
1828,380.8,4.64018106460571
1829,381.0,16.0345878601074
1830,381.1,22.4878902435303
1831,381.3,99.1919326782227
1832,381.4,27.9486846923828
1833,381.5,5.92472553253174
1834,381.7,1.59478998184204
1835,381.9,8.83472728729248
1836,382.1,31.6624851226807
1837,382.3,65.0942687988281
1838,382.4,16.2660751342773
1839,382.6,3.20508790016174
1840,382.8,9.47281742095947
1841,383.0,25.8207874298096
1842,383.2,38.0776252746582
1843,383.3,24.6547298431396
1844,383.5,2.90242195129395
1845,383.7,4.73209619522095
1846,383.8,3.71711111068726
1847,384.0,20.0261363983154
1848,384.1,20.1715450286865
1849,384.3,56.9356155395508
1850,384.4,14.6084680557251
1851,384.7,12.3791599273682
1852,384.9,31.897891998291
1853,385.1,49.7795791625977
1854,385.2,21.0081024169922
1855,385.3,16.1284198760986
1856,385.6,5.88978910446167
1857,385.8,10.1109075546265
1858,386.0,26.6732006072998
1859,386.1,20.8478832244873
1860,386.2,32.9023361206055
1861,386.4,10.8771562576294
1862,386.6,4.31643152236938
1863,386.8,20.6976833343506
1864,386.9,24.6533374786377
1865,387.1,71.0037460327148
1866,387.2,24.5487880706787
1867,387.3,18.1980304718018
1868,387.5,2.60681295394897
1869,387.7,6.05244827270508
1870,387.9,18.8736705780029
1871,388.1,47.2126693725586
1872,388.2,41.5579376220703
1873,388.4,10.6921062469482
1874,388.7,5.73810768127441
1875,388.9,14.4129638671875
1876,389.1,45.9436302185059
1877,389.2,63.5644721984863
1878,389.4,9.60054016113281
1879,389.5,4.953040599823
1880,389.8,4.3916187286377
1881,390.0,18.5980129241943
1882,390.2,73.7499542236328
1883,390.3,58.0338897705078
1884,390.5,6.00121974945068
1885,390.8,3.93038845062256
1886,390.9,4.86705017089844
1887,391.1,34.9634971618652
1888,391.2,44.9743003845215
1889,391.3,59.5208206176758
1890,391.5,6.48571157455444
1891,391.8,3.20761466026306
1892,392.0,12.3796825408936
1893,392.1,21.6968975067139
1894,392.3,390.317047119141
1895,392.4,43.7781829833984
1896,392.5,7.09278631210327
1897,392.8,2.5453040599823
1898,392.9,2.9162745475769
1899,393.1,27.9276008605957
1900,393.2,86.3439636230469
1901,393.3,491.926391601563
1902,393.5,7.778968334198
1903,393.8,2.86095142364502
1904,393.9,3.11779046058655
1905,394.1,24.2866344451904
1906,394.3,934.191040039063
1907,394.4,1115.96936035156
1908,394.6,2.68356847763062
1909,394.9,5.17224264144897
1910,395.1,26.2528324127197
1911,395.3,318.464721679688
1912,395.4,407.858612060547
1913,395.7,3.11752915382385
1914,395.8,2.04208040237427
1915,396.0,10.9352674484253
1916,396.1,17.0220413208008
1917,396.3,103.716499328613
1918,396.4,85.1677093505859
1919,396.7,4.6342568397522
1920,396.9,8.29839706420898
1921,397.0,9.47360134124756
1922,397.2,36.1907997131348
1923,397.3,35.9308242797852
1924,397.5,6.24551296234131
1925,397.8,4.8183479309082
1926,398.0,13.2662487030029
1927,398.2,23.8173904418945
1928,398.3,16.9899806976318
1929,398.5,4.44328260421753
1930,398.7,13.2780103683472
1931,398.9,31.1312942504883
1932,399.1,40.6023712158203
1933,399.2,12.3749780654907
1934,399.3,10.7371492385864
1935,399.6,4.7609338760376
1936,399.8,10.1585645675659
1937,399.9,10.0788469314575
1938,400.1,27.9989547729492
1939,400.2,13.0501832962036
1940,400.3,11.5010452270508
1941,400.6,10.8307199478149
1942,400.8,54.6259803771973
1943,400.9,80.5076675415039
1944,401.0,149.663269042969
1945,401.2,21.1578674316406
1946,401.5,4.96070766448975
1947,401.7,12.2661609649658
1948,401.9,48.1684951782227
1949,402.1,65.4631500244141
1950,402.2,20.1791248321533
1951,402.3,13.7645063400269
1952,402.6,9.11134338378906
1953,402.8,21.8836898803711
1954,403.0,52.7483863830566
1955,403.2,71.0966186523438
1956,403.3,25.9773483276367
1957,403.6,5.58241844177246
1958,403.7,3.30284023284912
1959,403.9,14.6970729827881
1960,404.0,15.7845439910889
1961,404.2,54.2910804748535
1962,404.3,27.7902069091797
1963,404.5,5.70456504821777
1964,404.7,2.28707098960876
1965,404.9,8.50452995300293
1966,405.0,13.0338039398193
1967,405.2,115.958877563477
1968,405.3,131.968902587891
1969,405.4,18.6454963684082
1970,405.6,3.37349700927734
1971,405.9,6.03415250778198
1972,406.1,33.4794387817383
1973,406.2,61.9711608886719
1974,406.3,88.557243347168
1975,406.5,6.97342729568481
1976,406.8,3.20744037628174
1977,407.0,10.6473255157471
1978,407.1,23.7970027923584
1979,407.3,175.278701782227
1980,407.4,23.1412258148193
1981,407.5,7.46245002746582
1982,407.7,1.04905033111572
1983,407.9,4.18182611465454
1984,408.0,6.6705002784729
1985,408.2,87.9827499389648
1986,408.3,337.302062988281
1987,408.5,6.87785339355469
1988,408.7,3.47821927070618
1989,408.9,4.503746509552
1990,409.1,24.2642440795898
1991,409.3,186.587387084961
1992,409.4,37.4537391662598
1993,409.6,2.37872457504272
1994,409.8,3.23026657104492
1995,410.0,9.02709484100342
1996,410.2,47.5546264648438
1997,410.3,123.354507446289
1998,410.5,8.47203350067139
1999,410.8,3.38491034507751
2000,411.0,7.95974922180176
2001,411.1,11.6026315689087
2002,411.3,403.202484130859
2003,411.4,56.4823150634766
2004,411.6,3.24394488334656
2005,411.8,2.22895979881287
2006,412.0,9.53014469146729
2007,412.2,35.068042755127
2008,412.3,133.823318481445
2009,412.5,4.41967248916626
2010,412.7,5.65795421600342
2011,412.8,4.2829761505127
2012,413.0,14.027530670166
2013,413.1,10.9732532501221
2014,413.3,30.5231742858887
2015,413.4,11.0687398910522
2016,413.7,3.75596785545349
2017,413.8,3.52282619476318
2018,414.0,11.3008365631104
2019,414.2,12.9689846038818
2020,414.3,5.93378639221191
2021,414.6,5.18714046478271
2022,414.8,33.4692459106445
2023,415.0,215.423675537109
2024,415.1,115.157783508301
2025,415.3,7.55541038513184
2026,415.6,4.39876270294189
2027,415.8,22.7168502807617
2028,415.9,37.8070220947266
2029,416.0,90.6408767700195
2030,416.2,28.0669097900391
2031,416.4,5.64558267593384
2032,416.7,10.4656734466553
2033,416.8,15.7138872146606
2034,417.0,71.1024551391602
2035,417.1,52.8034515380859
2036,417.3,9.49294281005859
2037,417.6,3.72617173194885
2038,417.8,10.106725692749
2039,417.9,11.6197071075439
2040,418.1,39.024829864502
2041,418.2,34.1057662963867
2042,418.4,9.03737545013428
2043,418.7,5.58947563171387
2044,418.8,5.16013240814209
2045,419.0,23.3320274353027
2046,419.2,39.7916030883789
2047,419.3,19.7540512084961
2048,419.5,4.02909898757935
2049,419.8,4.07344484329224
2050,420.0,13.1955041885376
2051,420.1,20.3869132995605
2052,420.3,83.8042373657227
2053,420.4,17.9540863037109
2054,420.6,1.79578328132629
2055,420.8,4.00993204116821
2056,420.9,4.67537879943848
2057,421.1,35.4235916137695
2058,421.3,303.425262451172
2059,421.4,15.1433172225952
2060,421.5,5.36443614959717
2061,421.8,2.94938135147095
2062,421.9,2.99303007125854
2063,422.1,27.0214328765869
2064,422.2,58.9137496948242
2065,422.3,106.16187286377
2066,422.5,6.64985179901123
2067,422.8,3.35162925720215
2068,423.0,12.3081550598145
2069,423.2,63.9092178344727
2070,423.3,65.5691757202148
2071,423.5,6.15812873840332
2072,423.8,2.71824359893799
2073,424.0,10.1739854812622
2074,424.2,54.2210311889648
2075,424.3,108.372192382813
2076,424.5,7.10446071624756
2077,424.6,3.83925771713257
2078,424.8,1.58869135379791
2079,425.0,8.50853824615479
2080,425.1,14.2030839920044
2081,425.3,84.1811294555664
2082,425.4,25.7806243896484
2083,425.7,3.47543120384216
2084,425.8,1.61160480976105
2085,426.0,6.93901395797729
2086,426.2,45.112735748291
2087,426.3,168.806671142578
2088,426.4,114.616310119629
2089,426.6,4.1055064201355
2090,426.9,5.20465230941772
2091,427.0,4.48815107345581
2092,427.2,29.0392932891846
2093,427.3,83.3323745727539
2094,427.5,7.25875568389893
2095,427.7,3.64384031295776
2096,427.9,5.10559320449829
2097,428.1,8.98231410980225
2098,428.3,13.9069528579712
2099,428.4,5.46114301681519
2100,428.6,6.41261529922485
2101,428.8,32.1228446960449
2102,429.0,177.360000610352
2103,429.1,103.90251159668
2104,429.3,7.96802568435669
2105,429.5,1.24089562892914
2106,429.7,8.16788673400879
2107,429.9,47.2130165100098
2108,430.0,42.4368362426758
2109,430.1,52.0479164123535
2110,430.3,8.47307872772217
2111,430.6,4.26502895355225
2112,430.8,22.2587566375732
2113,430.9,25.7087478637695
2114,431.1,64.0965347290039
2115,431.2,21.471248626709
2116,431.4,4.04469442367554
2117,431.7,5.70744037628174
2118,431.9,17.0540161132813
2119,432.1,26.0575885772705
2120,432.2,16.5067081451416
2121,432.4,5.49851894378662
2122,432.7,5.94101762771606
2123,432.8,5.42620658874512
2124,433.0,17.3023166656494
2125,433.2,16.095573425293
2126,433.3,7.71048974990845
2127,433.5,1.39249002933502
2128,433.7,2.89797878265381
2129,433.9,7.77356672286987
2130,434.0,7.68957996368408
2131,434.2,26.9283847808838
2132,434.3,12.4959926605225
2133,434.4,8.7821044921875
2134,434.6,1.75196027755737
2135,434.8,4.42681646347046
2136,435.0,9.66954135894775
2137,435.2,18.6679725646973
2138,435.3,12.9781322479248
2139,435.5,3.82810592651367
2140,435.8,3.22512626647949
2141,436.0,10.0863389968872
2142,436.2,44.0799789428711
2143,436.3,84.9166259765625
2144,436.5,5.65446949005127
2145,436.8,3.88830804824829
2146,437.0,11.8847360610962
2147,437.2,40.2511749267578
2148,437.3,29.9750823974609
2149,437.4,13.020299911499
2150,437.7,3.23479700088501
2151,437.8,2.05244827270508
2152,438.0,10.9317827224731
2153,438.1,14.1881856918335
2154,438.3,39.146800994873
2155,438.4,15.7199859619141
2156,438.6,3.6083812713623
2157,438.8,1.91122150421143
2158,439.0,8.5943546295166
2159,439.2,20.0303192138672
2160,439.3,16.6182270050049
2161,439.5,2.82305288314819
2162,439.6,3.12789678573608
2163,439.9,4.44824886322021
2164,440.1,13.6394844055176
2165,440.3,28.5916538238525
2166,440.4,10.2814083099365
2167,440.5,5.74089574813843
2168,440.7,1.72895979881287
2169,440.9,5.52239084243774
2170,441.1,11.1109075546265
2171,441.2,14.7210311889648
2172,441.4,4.11883592605591
2173,441.5,4.0251784324646
2174,441.8,3.32627630233765
2175,442.0,7.49686336517334
2176,442.2,11.1234531402588
2177,442.3,4.40703964233398
2178,442.5,5.84884119033813
2179,442.7,4.04591369628906
2180,442.9,7.35764074325562
2181,443.1,10.2496948242188
2182,443.2,7.40146350860596
2183,443.5,3.92986583709717
2184,443.7,3.07501316070557
2185,443.9,5.06255435943604
2186,444.1,7.9238543510437
2187,444.2,6.58860445022583
2188,444.4,2.23592948913574
2189,444.6,5.21928930282593
2190,444.7,3.766597032547
2191,444.9,13.3473606109619
2192,445.1,15.5631647109985
2193,445.2,5.90843343734741
2194,445.3,5.98980665206909
2195,445.5,1.76206660270691
2196,445.7,4.09566116333008
2197,445.9,7.24673271179199
2198,446.1,11.2021255493164
2199,446.2,8.49512100219727
2200,446.4,2.42446422576904
2201,446.6,5.00453042984009
2202,446.8,9.1232795715332
2203,447.0,13.7826280593872
2204,447.2,11.6903638839722
2205,447.3,6.14950323104858
2206,447.5,1.39963412284851
2207,447.7,3.88848233222961
2208,447.9,6.78872632980347
2209,448.1,9.99573135375977
2210,448.2,8.15865135192871
2211,448.4,4.09296035766602
2212,448.7,3.42298316955566
2213,448.8,2.41148281097412
2214,449.0,7.75605487823486
2215,449.2,11.289945602417
2216,449.3,7.41461944580078
2217,449.5,3.42097926139832
2218,449.8,3.08808159828186
2219,449.9,2.87558817863464
2220,450.1,9.64784812927246
2221,450.3,9.4922456741333
2222,450.4,5.6190972328186
2223,450.6,2.83498859405518
2224,450.9,4.57806253433228
2225,451.1,10.5683917999268
2226,451.3,11.8814249038696
2227,451.4,6.16152620315552
2228,451.7,2.53450083732605
2229,451.9,4.57875919342041
2230,452.0,4.74891090393066
2231,452.2,14.5697860717773
2232,452.3,13.4972991943359
2233,452.5,5.11561250686646
2234,452.8,2.45818090438843
2235,453.0,5.84875392913818
2236,453.2,18.7253875732422
2237,453.3,15.190712928772
2238,453.4,11.2178077697754
2239,453.6,1.45521867275238
2240,453.8,2.76459312438965
2241,453.9,2.34387516975403
2242,454.1,9.29857158660889
2243,454.3,14.2636346817017
2244,454.4,5.08651351928711
2245,454.5,4.41784286499023
2246,454.7,1.03972816467285
2247,454.9,3.28193068504333
2248,455.1,6.39919853210449
2249,455.2,3.72547483444214
2250,455.3,7.12275648117065
2251,455.5,1.84152293205261
2252,455.7,2.19149684906006
2253,455.8,1.34849274158478
2254,456.0,5.15464353561401
2255,456.2,7.04443264007568
2256,456.4,4.94633197784424
2257,456.5,1.81399202346802
2258,456.7,3.62719988822937
2259,456.8,2.25596785545349
2260,457.0,6.35189056396484
2261,457.2,6.42829751968384
2262,457.3,2.6034152507782
2263,457.4,3.06908869743347
2264,457.7,2.27286982536316
2265,457.8,1.65438234806061
2266,458.0,4.83342027664185
2267,458.2,5.98649597167969
2268,458.3,2.07518720626831
2269,458.5,4.52753114700317
2270,458.7,8.48806381225586
2271,458.9,14.2294826507568
2272,459.0,7.27452516555786
2273,459.1,11.6808681488037
2274,459.3,1.90886914730072
2275,459.4,3.88107681274414
2276,459.7,5.32732200622559
2277,459.9,7.8508448600769
2278,460.0,4.41967248916626
2279,460.1,7.89344835281372
2280,460.4,5.09766530990601
2281,460.5,3.59705519676208
2282,460.7,16.0095844268799
2283,460.8,20.3762855529785
2284,461.0,57.260498046875
2285,461.1,29.7424640655518
2286,461.3,6.73802042007446
2287,461.6,5.41880130767822
2288,461.8,16.0071449279785
2289,462.0,25.4612293243408
2290,462.1,17.4470291137695
2291,462.3,3.9947726726532
2292,462.5,5.00174236297607
2293,462.7,8.42751312255859
2294,462.9,16.4390144348145
2295,463.0,9.61665821075439
2296,463.1,13.223819732666
2297,463.3,2.84744739532471
2298,463.5,3.41549038887024
2299,463.7,4.41200542449951
2300,463.8,3.3837776184082
2301,464.0,8.19193267822266
2302,464.1,8.34178447723389
2303,464.3,5.45504426956177
2304,464.6,3.59696817398071
2305,464.8,4.11073350906372
2306,465.0,7.32444667816162
2307,465.2,10.7416801452637
2308,465.3,7.9312596321106
2309,465.5,2.90547132492065
2310,465.8,2.98937106132507
2311,465.9,2.40573263168335
2312,466.1,8.88726234436035
2313,466.3,12.1171808242798
2314,466.4,7.5362434387207
2315,466.6,2.84030318260193
2316,466.8,1.47804498672485
2317,467.0,6.00845098495483
2318,467.2,16.6099491119385
2319,467.3,15.7103157043457
2320,467.5,5.33612108230591
2321,467.7,1.04591393470764
2322,467.9,3.47116231918335
2323,468.1,9.30292701721191
2324,468.3,19.9454612731934
2325,468.4,10.6047220230103
2326,468.6,2.70473957061768
2327,468.8,1.26633560657501
2328,469.0,4.69742107391357
2329,469.2,8.18261051177979
2330,469.3,4.2758321762085
2331,469.4,5.39606189727783
2332,469.6,1.10115003585815
2333,469.8,2.23941445350647
2334,470.0,4.20456504821777
2335,470.1,3.4257709980011
2336,470.3,6.24176692962646
2337,470.4,3.92437696456909
2338,470.7,2.17520475387573
2339,470.9,3.46968102455139
2340,471.1,4.93021440505981
2341,471.2,2.22721719741821
2342,471.3,4.25570678710938
2343,471.5,2.21048974990845
2344,471.8,2.0906081199646
2345,471.9,1.62528312206268
2346,472.1,4.64593124389648
2347,472.3,4.21684980392456
2348,472.4,1.77748739719391
2349,472.6,3.45173382759094
2350,472.8,5.78280210494995
2351,473.0,9.72181606292725
2352,473.2,8.26119518280029
2353,473.3,2.83228778839111
2354,473.5,2.83298492431641
2355,473.6,1.3358598947525
2356,473.8,3.91836547851563
2357,473.9,3.02761816978455
2358,474.1,6.10437345504761
2359,474.2,4.36504602432251
2360,474.5,3.6880989074707
2361,474.7,10.4184522628784
2362,474.9,66.8569412231445
2363,475.0,127.620750427246
2364,475.2,25.2401123046875
2365,475.3,9.76589965820313
2366,475.6,3.96628332138062
2367,475.8,18.7152805328369
2368,476.0,54.6611785888672
2369,476.1,39.1682357788086
2370,476.3,10.3045825958252
2371,476.6,4.75858163833618
2372,476.8,16.496603012085
2373,477.0,35.6706733703613
2374,477.1,26.8930130004883
2375,477.3,7.8764591217041
2376,477.6,3.50940918922424
2377,477.8,7.39832735061646
2378,478.0,13.9583549499512
2379,478.1,6.78794193267822
2380,478.2,8.81799983978271
2381,478.4,3.54966020584106
2382,478.6,1.58982396125793
2383,478.8,5.03179979324341
2384,479.0,8.45966243743896
2385,479.2,8.45025253295898
2386,479.3,4.84378814697266
2387,479.6,2.26624846458435
2388,479.8,3.18592095375061
2389,480.0,6.03362941741943
2390,480.2,9.9785680770874
2391,480.4,10.3950166702271
2392,480.5,4.70735311508179
2393,480.8,2.91000175476074
2394,481.0,4.73514556884766
2395,481.2,6.41061162948608
2396,481.3,3.01603055000305
2397,481.4,4.81869649887085
2398,481.6,2.59871053695679
2399,481.9,3.76790380477905
2400,482.1,6.9274263381958
2401,482.2,5.10141134262085
2402,482.3,8.39789199829102
2403,482.5,3.40390300750732
2404,482.8,2.3877854347229
2405,483.0,4.24464178085327
2406,483.2,6.30928754806519
2407,483.3,3.75622940063477
2408,483.4,3.90538430213928
2409,483.6,1.26677119731903
2410,483.8,2.1143057346344
2411,483.9,1.7557065486908
2412,484.1,4.81808662414551
2413,484.2,2.85554981231689
2414,484.3,4.6667537689209
2415,484.5,2.68888306617737
2416,484.7,2.26180529594421
2417,485.0,3.22164130210876
2418,485.1,2.46793866157532
2419,485.3,4.10794544219971
2420,485.5,2.97734808921814
2421,485.7,1.97229480743408
2422,485.9,2.50679564476013
2423,486.1,3.72442936897278
2424,486.3,3.89614915847778
2425,486.4,1.3624324798584
2426,486.6,2.96907114982605
2427,486.8,3.44572234153748
2428,487.0,6.02221632003784
2429,487.2,7.61535120010376
2430,487.3,2.71519422531128
2431,487.5,3.80989718437195
2432,487.6,1.27051746845245
2433,487.8,2.94563508033752
2434,488.0,4.01080322265625
2435,488.1,4.32784461975098
2436,488.3,1.36861824989319
2437,488.5,2.83525013923645
2438,488.6,2.8985013961792
2439,488.8,25.6110820770264
2440,489.0,103.265380859375
2441,489.1,71.4972991943359
2442,489.3,8.90991497039795
2443,489.4,3.68374276161194
2444,489.7,7.84134864807129
2445,489.8,12.2208576202393
2446,490.0,50.0679550170898
2447,490.1,23.0647315979004
2448,490.2,20.4022483825684
2449,490.4,2.50862526893616
2450,490.6,4.71336460113525
2451,490.8,15.5393800735474
2452,491.0,37.2384567260742
2453,491.1,29.0636005401611
2454,491.3,5.12101411819458
2455,491.4,3.31442761421204
2456,491.7,4.21441030502319
2457,491.8,4.53545904159546
2458,492.0,13.868444442749
2459,492.1,7.47943878173828
2460,492.2,8.6019344329834
2461,492.4,2.97377586364746
2462,492.7,3.80249166488647
2463,492.8,3.5958354473114
2464,493.0,9.36826992034912
2465,493.1,4.88909196853638
2466,493.2,5.86156129837036
2467,493.4,2.55227398872375
2468,493.7,2.17206835746765
2469,493.8,1.51907992362976
2470,494.0,5.28907489776611
2471,494.2,6.81974220275879
2472,494.4,6.31974220275879
2473,494.5,4.18356847763062
2474,494.7,1.73993730545044
2475,494.9,3.53319382667542
2476,495.1,5.22138023376465
2477,495.2,5.31224966049194
2478,495.4,1.58546781539917
2479,495.6,2.69384908676147
2480,495.8,2.4418888092041
2481,495.9,1.53502357006073
2482,496.1,4.53868246078491
2483,496.3,4.15046167373657
2484,496.4,2.94258570671082
2485,496.7,2.0239589214325
2486,496.9,3.0163791179657
2487,497.1,4.20064449310303
2488,497.2,4.04051208496094
2489,497.4,2.96375679969788
2490,497.7,1.97264337539673
2491,497.8,1.15821576118469
2492,498.0,3.70421671867371
2493,498.2,5.26529026031494
2494,498.4,4.57475185394287
2495,498.5,2.38839530944824
2496,498.8,2.01393961906433
2497,498.9,1.47377586364746
2498,499.1,4.21728515625
2499,499.3,5.55445194244385
2500,499.4,2.42777490615845
2501,499.6,2.38665270805359
2502,499.7,0.98431783914566
2503,499.9,2.49207186698914
2504,500.1,3.59470295906067
2505,500.2,2.1290295124054
2506,500.3,3.29613184928894
2507,500.5,1.51402688026428
2508,500.7,2.82244300842285
2509,500.9,3.5324969291687
2510,501.1,4.53171300888062
2511,501.3,4.0837254524231
2512,501.5,3.28881335258484
2513,501.7,2.05270957946777
2514,501.9,2.95591568946838
2515,502.0,1.86661434173584
2516,502.2,5.36461067199707
2517,502.3,2.34213280677795
2518,502.5,4.48187828063965
2519,502.7,9.14183616638184
2520,502.8,8.54103469848633
2521,503.0,28.6107330322266
2522,503.1,13.9052972793579
2523,503.2,13.1066389083862
2524,503.4,3.4350061416626
2525,503.7,5.00322341918945
2526,503.9,12.2231225967407
2527,504.0,7.8256664276123
2528,504.1,13.318696975708
2529,504.3,2.87985706329346
2530,504.4,3.37750482559204
2531,504.7,5.85075807571411
2532,504.8,5.39214134216309
2533,505.0,12.8317651748657
2534,505.1,11.6723299026489
2535,505.3,4.46053314208984
2536,505.5,1.01489806175232
2537,505.7,2.64052963256836
2538,505.8,2.53310680389404
2539,506.0,6.26459312438965
2540,506.2,5.90808486938477
2541,506.4,3.06717205047607
2542,506.6,2.6053318977356
2543,506.8,4.4566125869751
2544,506.9,2.96933269500732
2545,507.1,6.91819143295288
2546,507.2,4.70805025100708
2547,507.4,1.07745254039764
2548,507.6,1.86783409118652
2549,507.7,1.24882388114929
2550,507.9,3.44110465049744
2551,508.1,4.52021265029907
2552,508.3,5.01855707168579
2553,508.5,5.58599042892456
2554,508.6,3.40564560890198
2555,508.9,2.73427414894104
2556,509.0,1.64758670330048
2557,509.1,4.02648544311523
2558,509.3,1.66596972942352
2559,509.4,2.74664568901062
2560,509.6,2.06656217575073
2561,509.9,2.30588960647583
2562,510.1,3.50975775718689
2563,510.2,1.73479700088501
2564,510.4,2.82784461975098
2565,510.5,1.1050705909729
2566,510.7,1.97778356075287
2567,510.9,2.4297788143158
2568,511.0,1.41653597354889
2569,511.2,3.5780622959137
2570,511.3,1.33246207237244
2571,511.5,2.09722948074341
2572,511.7,1.67964804172516
2573,511.9,2.33464026451111
2574,512.0,1.61090779304504
2575,512.2,4.35267448425293
2576,512.3,1.91627466678619
2577,512.4,3.39972114562988
2578,512.7,1.7734797000885
2579,512.9,2.10376381874084
2580,513.0,1.64209794998169
2581,513.2,3.08311557769775
2582,513.4,2.73470997810364
2583,513.5,1.12711274623871
2584,513.7,1.58224427700043
2585,513.9,1.99285590648651
2586,514.0,1.30388569831848
2587,514.2,3.45783233642578
2588,514.4,2.73653936386108
2589,514.6,2.22808861732483
2590,514.8,2.24324798583984
2591,515.0,3.11857461929321
2592,515.1,1.64723813533783
2593,515.3,3.20561075210571
2594,515.5,2.41540336608887
2595,515.6,1.66727650165558
2596,515.9,2.51167440414429
2597,516.1,3.02047395706177
2598,516.3,3.31921935081482
2599,516.4,2.23479700088501
2600,516.7,2.59653258323669
2601,516.9,3.53615617752075
2602,517.1,3.63129472732544
2603,517.3,2.13826441764832
2604,517.4,1.60724866390228
2605,517.7,1.71362602710724
2606,517.9,2.53511071205139
2607,518.1,3.05628156661987
2608,518.2,2.76929783821106
2609,518.4,1.40913045406342
2610,518.6,3.54565262794495
2611,518.8,5.87253856658936
2612,518.9,4.16004514694214
2613,519.1,8.03336811065674
2614,519.2,4.93064975738525
2615,519.5,2.38334202766418
2616,519.6,1.35589826107025
2617,519.8,4.07091808319092
2618,519.9,2.31590867042542
2619,520.1,4.53850841522217
2620,520.2,1.96471512317657
2621,520.4,2.7032585144043
2622,520.6,4.59470272064209
2623,520.8,8.89684581756592
2624,520.9,5.23139905929565
2625,521.1,10.123366355896
2626,521.2,5.44694185256958
2627,521.4,1.47002959251404
2628,521.6,2.86644005775452
2629,521.8,5.34108734130859
2630,521.9,3.13242721557617
2631,522.1,6.27792310714722
2632,522.3,4.98423051834106
2633,522.5,4.07919502258301
2634,522.6,2.28567695617676
2635,522.8,4.34483337402344
2636,523.0,4.63347291946411
2637,523.2,4.16091632843018
2638,523.4,2.78166937828064
2639,523.6,2.36095142364502
2640,523.8,2.12685132026672
2641,524.0,2.61456704139709
2642,524.2,2.73418712615967
2643,524.3,2.18531107902527
2644,524.6,1.64166235923767
2645,524.7,0.929168820381165
2646,524.9,2.10115003585815
2647,525.1,2.76241517066956
2648,525.2,1.01158738136292
2649,525.4,1.72347104549408
2650,525.6,1.30815470218658
2651,525.8,1.79194986820221
2652,525.9,0.911395728588104
2653,526.1,2.45243072509766
2654,526.3,2.34335255622864
2655,526.4,1.10559332370758
2656,526.6,1.73610389232635
2657,526.7,0.868792474269867
2658,526.9,1.89928555488586
2659,527.1,2.17851543426514
2660,527.3,2.27609348297119
2661,527.4,1.63504099845886
2662,527.6,0.766684114933014
2663,527.8,1.51907992362976
2664,527.9,0.812249541282654
2665,528.1,2.13443112373352
2666,528.2,1.33167803287506
2667,528.3,2.07335782051086
2668,528.5,0.966806054115295
2669,528.7,1.76014983654022
2670,528.8,0.97813206911087
2671,529.0,2.1195330619812
2672,529.1,1.15891265869141
2673,529.3,2.12920379638672
2674,529.5,1.63138175010681
2675,529.6,0.658912718296051
2676,529.8,1.58302843570709
2677,529.9,0.717198133468628
2678,530.1,2.577800989151
2679,530.3,3.49381422996521
2680,530.5,2.90730094909668
2681,530.6,2.00862526893616
2682,530.8,1.10899114608765
2683,531.0,2.12815833091736
2684,531.2,2.65464377403259
2685,531.3,1.16849625110626
2686,531.5,2.11204051971436
2687,531.7,1.89440667629242
2688,531.9,2.05087995529175
2689,532.0,1.06089913845062
2690,532.2,2.30205607414246
2691,532.4,2.09400582313538
2692,532.6,3.54652380943298
2693,532.7,2.77391529083252
2694,532.9,6.78428316116333
2695,533.1,6.92307043075562
2696,533.2,2.04269027709961
2697,533.3,2.48902249336243
2698,533.6,2.24716854095459
2699,533.8,3.74542593955994
2700,533.9,2.24612307548523
2701,534.1,3.73671364784241
2702,534.2,3.16353034973145
2703,534.5,3.38351631164551
2704,534.6,4.41331243515015
2705,534.8,22.1907119750977
2706,535.0,37.8082427978516
2707,535.1,13.6725912094116
2708,535.2,12.1673641204834
2709,535.4,2.03589487075806
2710,535.6,5.19733381271362
2711,535.8,12.3793344497681
2712,536.0,19.4246387481689
2713,536.1,14.2749605178833
2714,536.3,7.43962383270264
2715,536.5,2.3263635635376
2716,536.7,7.54748201370239
2717,536.9,13.0402507781982
2718,537.1,12.3614740371704
2719,537.2,6.3909215927124
2720,537.5,2.79360508918762
2721,537.7,3.81224942207336
2722,537.9,4.91705894470215
2723,538.1,5.8147759437561
2724,538.2,2.20047044754028
2725,538.3,2.57039546966553
2726,538.5,1.20412969589233
2727,538.7,2.19367480278015
2728,538.9,3.21719813346863
2729,539.1,3.29290819168091
2730,539.2,1.35615956783295
2731,539.3,1.92733931541443
2732,539.6,1.40730094909668
2733,539.8,1.84152293205261
2734,540.0,2.07353186607361
2735,540.1,2.28654813766479
2736,540.4,1.88090264797211
2737,540.6,1.60855555534363
2738,540.8,1.68862175941467
2739,541.0,1.78410875797272
2740,541.2,1.85563683509827
2741,541.3,0.869837939739227
2742,541.5,1.5948771238327
2743,541.7,1.39074754714966
2744,541.9,1.59278619289398
2745,542.0,0.789858877658844
2746,542.1,1.94946849346161
2747,542.4,1.84404945373535
2748,542.6,1.51733756065369
2749,542.8,1.4103502035141
2750,543.0,1.73392581939697
2751,543.1,1.88874363899231
2752,543.4,1.75814604759216
2753,543.6,1.41836559772491
2754,543.7,0.756142199039459
2755,543.9,1.8178254365921
2756,544.0,0.877766132354736
2757,544.2,2.09182786941528
2758,544.4,1.82026481628418
2759,544.5,0.990416467189789
2760,544.7,1.34727299213409
2761,544.8,0.921327769756317
2762,545.0,1.8026659488678
2763,545.1,0.91505491733551
2764,545.3,1.83498871326447
2765,545.5,1.65577626228333
2766,545.6,0.622843682765961
2767,545.8,1.53728878498077
2768,545.9,0.652639806270599
2769,546.1,1.93518030643463
2770,546.3,1.83193933963776
2771,546.5,1.49120056629181
2772,546.7,2.24681997299194
2773,546.8,1.63861298561096
2774,547.0,4.15281391143799
2775,547.2,3.87724351882935
2776,547.4,1.8930127620697
2777,547.6,1.52047395706177
2778,547.8,2.43361210823059
2779,548.0,2.91157007217407
2780,548.1,1.26677119731903
2781,548.3,2.07701683044434
2782,548.4,0.557849824428558
2783,548.6,3.64044260978699
2784,548.7,6.91348648071289
2785,548.9,46.9435424804688
2786,549.1,86.1398315429688
2787,549.2,35.1254577636719
2788,549.4,3.469158411026
2789,549.6,3.86156129837036
2790,549.8,15.6367835998535
2791,549.9,18.3037109375
