#"+ Scan (rt: 4.977-40.000 min, 11478 scans) LIGNIN_031125_4.D "
#Point,X(Thompsons),Y(Counts)
0,45.1,561.4033203125
1,45.3,7.87532663345337
2,45.4,1.05784976482391
3,45.6,0.842481255531311
4,45.8,10.8949298858643
5,46.0,70.1863555908203
6,46.1,75.7452545166016
7,46.2,43.5517501831055
8,46.4,3.27034330368042
9,46.7,3.79534769058228
10,46.9,34.3488426208496
11,47.1,160.49494934082
12,47.2,69.0521850585938
13,47.4,5.97342729568481
14,47.7,6.02883768081665
15,47.9,32.595401763916
16,48.1,102.274871826172
17,48.2,28.9837074279785
18,48.4,2.18025779724121
19,48.6,0.945286631584167
20,48.8,6.70038318634033
21,48.9,11.5102806091309
22,49.1,94.4492950439453
23,49.2,102.514030456543
24,49.4,2.44075632095337
25,49.6,0.538769841194153
26,49.8,5.75701332092285
27,50.0,91.942756652832
28,50.1,618.373779296875
29,50.2,693.898498535156
30,50.4,1.70186448097229
31,50.5,0.954870164394379
32,50.8,3.53955388069153
33,51.0,88.6171798706055
34,51.2,2469.16528320313
35,51.3,12.7887258529663
36,51.5,0.565778017044067
37,51.7,1.80658650398254
38,51.9,19.7856769561768
39,52.1,443.405914306641
40,52.2,1106.95349121094
41,52.4,2.75631642341614
42,52.7,1.45765817165375
43,52.9,15.675989151001
44,53.1,940.583312988281
45,53.2,1568.71472167969
46,53.4,1.89170587062836
47,53.7,1.43300223350525
48,53.9,20.2653770446777
49,54.1,303.888061523438
50,54.2,295.785064697266
51,54.4,3.36548185348511
52,54.7,0.792908191680908
53,54.8,1.99939012527466
54,55.0,95.9582672119141
55,55.1,1586.568359375
56,55.3,15.8227910995483
57,55.5,0.359993040561676
58,55.7,1.08956265449524
59,55.9,19.6771221160889
60,56.1,199.789596557617
61,56.2,101.966979980469
62,56.3,21.3884830474854
63,56.5,1.13931000232697
64,56.7,1.80667364597321
65,56.9,20.3683567047119
66,57.1,257.914794921875
67,57.2,204.16780090332
68,57.4,27.7435970306396
69,57.6,10.3970203399658
70,57.8,26.967155456543
71,58.0,84.3496246337891
72,58.1,129.927169799805
73,58.3,19.6520290374756
74,58.6,4.37933444976807
75,58.8,10.3258409500122
76,59.0,108.151420593262
77,59.2,290.268676757813
78,59.3,18.2603244781494
79,59.6,2.13103318214417
80,59.8,9.78933620452881
81,60.0,95.2669448852539
82,60.1,215.265640258789
83,60.3,12.2706050872803
84,60.4,4.19027709960938
85,60.7,3.1828715801239
86,60.9,35.8538932800293
87,61.1,360.161956787109
88,61.2,132.713973999023
89,61.4,2.47386312484741
90,61.6,1.76415753364563
91,61.8,7.340651512146
92,62.0,98.1298141479492
93,62.1,457.962005615234
94,62.2,256.414611816406
95,62.4,3.16474986076355
96,62.7,2.28733229637146
97,62.8,3.86347794532776
98,63.0,105.91357421875
99,63.1,1878.58581542969
100,63.3,16.4238548278809
101,63.6,2.41871404647827
102,63.7,2.73026657104492
103,63.9,43.8279304504395
104,64.1,843.669006347656
105,64.2,456.076934814453
106,64.4,2.47220778465271
107,64.5,1.73322880268097
108,64.8,5.92115354537964
109,65.0,89.6160507202148
110,65.2,2606.15258789063
111,65.3,19.5325832366943
112,65.5,1.76703262329102
113,65.7,4.2971773147583
114,65.9,31.441801071167
115,66.1,602.1865234375
116,66.2,874.686706542969
117,66.4,3.82009053230286
118,66.6,0.845791935920715
119,66.8,6.11308574676514
120,67.0,93.9043350219727
121,67.2,1298.50354003906
122,67.3,15.9728174209595
123,67.5,0.733490169048309
124,67.7,2.22730445861816
125,67.9,25.2711277008057
126,68.1,283.232879638672
127,68.2,154.203521728516
128,68.4,4.88551998138428
129,68.7,2.67293953895569
130,68.9,26.7304401397705
131,69.1,483.007415771484
132,69.2,182.749603271484
133,69.4,13.737585067749
134,69.6,6.50879955291748
135,69.8,20.7373237609863
136,70.0,86.119010925293
137,70.1,142.53092956543
138,70.3,30.0484409332275
139,70.5,7.93936204910278
140,70.8,16.4129638671875
141,71.0,90.6510696411133
142,71.1,113.237236022949
143,71.2,94.5837249755859
144,71.4,6.74533891677856
145,71.7,5.02683401107788
146,71.9,27.5395545959473
147,72.1,89.6848754882813
148,72.2,50.6405296325684
149,72.4,6.87497806549072
150,72.7,4.15124607086182
151,72.9,25.4847526550293
152,73.1,1235.71594238281
153,73.2,651.480590820313
154,73.4,3.0889527797699
155,73.6,0.504966020584106
156,73.8,6.38229656219482
157,74.0,174.589218139648
158,74.1,531.470703125
159,74.3,13.5162916183472
160,74.4,2.39902424812317
161,74.7,1.16265904903412
162,74.9,31.8494510650635
163,75.1,581.328308105469
164,75.2,169.098281860352
165,75.4,3.95199513435364
166,75.6,4.25849437713623
167,75.8,13.6589126586914
168,76.0,128.444763183594
169,76.1,396.095062255859
170,76.3,28.9162750244141
171,76.5,2.07536149024963
172,76.7,0.846663177013397
173,76.9,20.703519821167
174,77.1,4002.66259765625
175,77.2,863.409118652344
176,77.5,0.980571508407593
177,77.7,1.01271998882294
178,77.9,24.4651508331299
179,78.1,1163.06823730469
180,78.2,958.833068847656
181,78.4,3.5958354473114
182,78.6,0.426903635263443
183,78.8,4.57318353652954
184,79.0,159.149597167969
185,79.2,2584.36376953125
186,79.3,10.0990591049194
187,79.6,0.721641421318054
188,79.8,8.29804801940918
189,79.9,22.8205261230469
190,80.1,408.316009521484
191,80.2,308.423767089844
192,80.4,5.12327909469604
193,80.6,1.01507234573364
194,80.8,9.15394687652588
195,81.0,159.73828125
196,81.1,4899.84228515625
197,81.3,27.5108032226563
198,81.5,4.65987110137939
199,81.7,13.5389442443848
200,81.9,57.6399192810059
201,82.1,591.652465820313
202,82.2,236.725738525391
203,82.4,15.8272342681885
204,82.6,28.42995262146
205,82.8,34.4824867248535
206,83.0,119.870185852051
207,83.1,159.266418457031
208,83.2,107.056800842285
209,83.4,5.55741405487061
210,83.6,6.72277402877808
211,83.8,17.0297966003418
212,84.0,83.556282043457
213,84.1,124.274353027344
214,84.3,23.5060119628906
215,84.6,6.89797878265381
216,84.8,15.1968984603882
217,85.0,108.843872070313
218,85.1,178.910003662109
219,85.3,15.8038854598999
220,85.4,7.69262933731079
221,85.6,2.94093036651611
222,85.8,15.8698377609253
223,86.0,86.1609191894531
224,86.1,131.941619873047
225,86.3,13.0725736618042
226,86.5,2.03223562240601
227,86.7,5.06290292739868
228,86.9,61.7794914245605
229,87.1,246.120498657227
230,87.2,74.8227005004883
231,87.5,7.77400255203247
232,87.7,10.017599105835
233,87.9,54.4159278869629
234,88.1,135.543045043945
235,88.2,56.4527778625488
236,88.4,8.07858467102051
237,88.7,5.6335597038269
238,88.9,60.1710243225098
239,89.1,824.105163574219
240,89.2,226.973342895508
241,89.4,6.01698923110962
242,89.6,3.6031539440155
243,89.8,17.3251438140869
244,90.0,82.3945846557617
245,90.1,502.549041748047
246,90.3,23.1982917785645
247,90.5,2.1973340511322
248,90.7,2.64262056350708
249,90.9,23.32253074646
250,91.1,2779.11694335938
251,91.2,886.154357910156
252,91.4,1.49364006519318
253,91.7,1.64924204349518
254,91.9,31.3557243347168
255,92.1,755.259826660156
256,92.2,237.925415039063
257,92.4,4.36896657943726
258,92.6,1.29926812648773
259,92.8,9.58886528015137
260,93.0,109.972991943359
261,93.1,716.039184570313
262,93.3,24.5757102966309
263,93.6,5.93683576583862
264,93.8,12.5609865188599
265,93.9,26.6150894165039
266,94.1,2961.72509765625
267,94.2,277.598968505859
268,94.5,23.1400947570801
269,94.6,18.1712837219238
270,94.8,39.986930847168
271,95.0,135.431259155273
272,95.1,1676.22998046875
273,95.3,18.346923828125
274,95.5,1.64715111255646
275,95.7,4.15708303451538
276,95.9,40.4603576660156
277,96.1,1615.38330078125
278,96.2,299.663360595703
279,96.4,4.89884996414185
280,96.6,7.47212076187134
281,96.8,50.1475868225098
282,97.0,195.688354492188
283,97.1,353.727569580078
284,97.3,26.4120063781738
285,97.5,4.01637935638428
286,97.7,12.4357032775879
287,97.8,13.647500038147
288,98.0,106.598190307617
289,98.1,159.084686279297
290,98.3,20.3209609985352
291,98.6,7.1671895980835
292,98.8,16.3612995147705
293,99.0,78.2979583740234
294,99.1,85.4296951293945
295,99.3,15.2345352172852
296,99.6,4.97063970565796
297,99.7,4.50583744049072
298,99.9,28.9817047119141
299,100.0,25.8181743621826
300,100.1,49.4782180786133
301,100.3,15.8263635635376
302,100.6,7.37680768966675
303,100.8,21.5924377441406
304,101.0,103.401985168457
305,101.1,159.486663818359
306,101.3,21.2437705993652
307,101.6,5.99032926559448
308,101.8,17.4872798919678
309,102.0,143.241149902344
310,102.1,358.997039794922
311,102.3,21.2621536254883
312,102.6,4.04948616027832
313,102.8,14.1066389083862
314,103.0,283.083892822266
315,103.1,806.744750976563
316,103.2,206.990509033203
317,103.4,1.90982747077942
318,103.6,4.62545728683472
319,103.8,21.1999473571777
320,103.9,41.2422027587891
321,104.1,424.314605712891
322,104.2,161.015686035156
323,104.4,3.47290468215942
324,104.6,2.53371667861938
325,104.8,12.5011329650879
326,105.0,185.579284667969
327,105.1,1318.66467285156
328,105.3,15.7593660354614
329,105.5,1.96236276626587
330,105.7,7.10062742233276
331,105.9,39.5635147094727
332,106.1,505.14208984375
333,106.2,242.154998779297
334,106.4,9.18940544128418
335,106.7,8.66265869140625
336,106.9,38.638614654541
337,107.1,5748.0048828125
338,107.2,246.414794921875
339,107.4,4.20160293579102
340,107.6,6.68766355514526
341,107.8,18.3633899688721
342,107.9,31.8613872528076
343,108.1,2916.84033203125
344,108.2,194.782974243164
345,108.4,8.25169849395752
346,108.6,2.40172505378723
347,108.8,12.1549053192139
348,108.9,30.3106803894043
349,109.1,7627.013671875
350,109.2,200.540420532227
351,109.4,4.11082077026367
352,109.6,9.92916870117188
353,109.8,19.0669975280762
354,110.0,159.607421875
355,110.1,2844.8408203125
356,110.3,16.817476272583
357,110.5,3.05880808830261
358,110.7,8.85537528991699
359,110.9,48.8246192932129
360,111.1,511.023620605469
361,111.2,73.6768569946289
362,111.4,8.72381973266602
363,111.7,9.15830326080322
364,111.9,39.2256507873535
365,112.1,214.747863769531
366,112.2,49.7248649597168
367,112.4,5.93683576583862
368,112.5,9.80850315093994
369,112.8,20.7649421691895
370,113.0,92.2943878173828
371,113.1,109.698379516602
372,113.3,13.7612829208374
373,113.4,8.27347946166992
374,113.7,8.95443439483643
375,113.8,11.8555498123169
376,114.0,65.0046157836914
377,114.1,67.8930130004883
378,114.3,12.272608757019
379,114.5,1.70421671867371
380,114.8,6.89980840682983
381,115.0,247.905212402344
382,115.1,1247.375
383,115.2,245.732879638672
384,115.4,1.49939012527466
385,115.7,3.25840735435486
386,115.8,10.0321483612061
387,116.0,137.038513183594
388,116.1,362.146728515625
389,116.3,17.5568923950195
390,116.6,2.39196729660034
391,116.8,13.1272869110107
392,117.0,182.189666748047
393,117.1,687.156188964844
394,117.3,12.8827323913574
395,117.6,3.70953130722046
396,117.8,17.3248825073242
397,117.9,37.1580429077148
398,118.1,290.2890625
399,118.2,97.2075271606445
400,118.4,6.28611278533936
401,118.7,3.93064999580383
402,118.9,69.6595230102539
403,119.0,253.025436401367
404,119.1,828.053955078125
405,119.3,13.5967063903809
406,119.6,3.90050530433655
407,119.8,19.4702911376953
408,120.0,125.451644897461
409,120.1,584.907653808594
410,120.3,20.174768447876
411,120.5,3.35354590415955
412,120.8,11.5890398025513
413,121.0,185.826370239258
414,121.1,3202.591796875
415,121.2,332.457061767578
416,121.4,2.65133309364319
417,121.7,3.63295006752014
418,121.9,39.0618591308594
419,122.0,126.435440063477
420,122.1,3131.57666015625
421,122.3,16.7307891845703
422,122.6,3.13512802124023
423,122.8,10.9576578140259
424,123.0,153.141571044922
425,123.1,3909.19116210938
426,123.3,9.97281742095947
427,123.4,4.08642625808716
428,123.7,4.40216064453125
429,123.8,8.57222557067871
430,124.0,146.685043334961
431,124.1,7727.57763671875
432,124.3,9.36609172821045
433,124.4,4.50636005401611
434,124.7,8.41766834259033
435,124.8,16.0689144134521
436,125.0,166.241424560547
437,125.1,793.120056152344
438,125.3,15.4793519973755
439,125.4,11.4085206985474
440,125.7,14.33873462677
441,125.9,56.3985900878906
442,126.1,371.965576171875
443,126.2,66.9106979370117
444,126.4,7.41165685653687
445,126.7,8.12990093231201
446,126.9,41.8955383300781
447,127.1,441.355285644531
448,127.2,99.0034866333008
449,127.4,3.85912179946899
450,127.6,3.32601499557495
451,127.8,11.105767250061
452,128.0,166.949722290039
453,128.1,827.942077636719
454,128.3,14.1907997131348
455,128.5,0.989980816841125
456,128.7,4.81843519210815
457,128.9,35.3783760070801
458,129.1,591.219909667969
459,129.2,154.827499389648
460,129.4,3.46689319610596
461,129.7,5.09444141387939
462,129.9,32.8010101318359
463,130.1,210.780014038086
464,130.2,68.9330902099609
465,130.4,3.41374802589417
466,130.6,3.37794041633606
467,130.7,3.06638789176941
468,130.9,44.1021957397461
469,131.1,1162.43688964844
470,131.2,123.418106079102
471,131.3,12.8968458175659
472,131.6,3.58355116844177
473,131.8,16.1180515289307
474,131.9,32.8672256469727
475,132.1,449.707702636719
476,132.2,91.2207717895508
477,132.3,12.7313995361328
478,132.6,0.552970886230469
479,132.8,4.90468740463257
480,133.0,587.9541015625
481,133.1,1387.31176757813
482,133.2,134.421417236328
483,133.4,1.30728352069855
484,133.6,1.51890575885773
485,133.8,26.0909557342529
486,134.0,211.673370361328
487,134.1,442.409057617188
488,134.2,154.743591308594
489,134.4,4.40233469009399
490,134.7,2.41339945793152
491,134.9,49.751350402832
492,135.1,2270.91528320313
493,135.2,261.991027832031
494,135.3,7.8661789894104
495,135.5,0.460010468959808
496,135.7,3.88203525543213
497,135.9,48.7313995361328
498,136.0,135.283584594727
499,136.1,1512.59155273438
500,136.3,10.7784461975098
501,136.4,3.03023171424866
502,136.7,1.96645760536194
503,136.9,34.4565238952637
504,137.1,6089.4541015625
505,137.2,209.64697265625
506,137.4,1.25762331485748
507,137.6,0.548179149627686
508,137.8,8.12963962554932
509,138.0,144.822616577148
510,138.1,3924.01611328125
511,138.3,11.240460395813
512,138.6,2.38273215293884
513,138.8,11.804931640625
514,139.0,176.553237915039
515,139.1,591.210083007813
516,139.3,9.06011486053467
517,139.4,3.80832886695862
518,139.7,5.5618577003479
519,139.9,41.5678672790527
520,140.0,69.3007507324219
521,140.1,207.883605957031
522,140.3,10.001916885376
523,140.4,5.22138023376465
524,140.7,4.50060987472534
525,140.9,34.45556640625
526,141.1,442.142791748047
527,141.2,97.6593475341797
528,141.3,13.3139915466309
529,141.5,1.68888306617737
530,141.7,5.2241678237915
531,141.9,37.8673973083496
532,142.0,74.2271270751953
533,142.1,174.934829711914
534,142.3,14.2490854263306
535,142.5,1.59339606761932
536,142.7,6.21615266799927
537,142.9,35.6117782592773
538,143.0,78.8374252319336
539,143.1,223.06282043457
540,143.3,11.5548000335693
541,143.4,5.22477769851685
542,143.7,6.24777841567993
543,143.9,33.8041458129883
544,144.1,364.284027099609
545,144.2,76.5521011352539
546,144.3,14.7293081283569
547,144.5,1.74394488334656
548,144.7,5.89632320404053
549,144.9,40.0453910827637
550,145.1,852.285217285156
551,145.2,129.22346496582
552,145.3,12.3033628463745
553,145.6,3.11866188049316
554,145.7,4.34117460250854
555,145.9,37.4759521484375
556,146.1,483.522399902344
557,146.2,85.7500457763672
558,146.3,12.0361557006836
559,146.5,0.435703098773956
560,146.7,1.79944241046906
561,146.9,49.3873481750488
562,147.1,1228.43090820313
563,147.2,118.626327514648
564,147.5,1.05323231220245
565,147.7,2.92089223861694
566,147.9,56.7875061035156
567,148.1,484.202117919922
568,148.2,115.64087677002
569,148.3,16.3041477203369
570,148.5,1.2272173166275
571,148.7,4.25300598144531
572,148.9,74.1071624755859
573,149.1,1023.41845703125
574,149.2,99.1501998901367
575,149.4,1.19550442695618
576,149.6,1.85406863689423
577,149.7,3.15882563591003
578,149.9,42.3224411010742
579,150.1,1658.30529785156
580,150.2,206.080062866211
581,150.4,3.13016200065613
582,150.6,0.740111529827118
583,150.8,9.97264289855957
584,151.0,311.345794677734
585,151.1,3656.88793945313
586,151.3,5.84448528289795
587,151.5,0.542341887950897
588,151.7,3.06211876869202
589,151.9,30.9913749694824
590,152.1,2688.4990234375
591,152.2,168.732437133789
592,152.4,2.59513854980469
593,152.7,4.17860269546509
594,152.8,9.09060764312744
595,153.0,162.888824462891
596,153.1,416.065856933594
597,153.2,93.4533004760742
598,153.4,2.73749780654907
599,153.7,5.35328435897827
600,153.9,43.5139389038086
601,154.0,82.380729675293
602,154.1,203.566299438477
603,154.3,14.9866704940796
604,154.5,5.17633724212646
605,154.7,4.68766355514526
606,154.9,40.2318344116211
607,155.1,252.21711730957
608,155.2,53.5141143798828
609,155.3,14.9476385116577
610,155.6,4.76154375076294
611,155.8,13.1081199645996
612,156.0,66.762939453125
613,156.1,74.5534973144531
614,156.2,49.6827850341797
615,156.4,2.87506532669067
616,156.6,4.94336986541748
617,156.8,12.5247430801392
618,157.0,123.835861206055
619,157.1,406.180267333984
620,157.2,85.8477935791016
621,157.4,3.90974044799805
622,157.7,4.4274263381958
623,157.9,34.4409294128418
624,158.1,574.211120605469
625,158.2,77.3823852539063
626,158.4,3.11343431472778
627,158.6,3.52753090858459
628,158.7,3.72233843803406
629,158.9,32.9945106506348
630,159.1,572.030639648438
631,159.2,103.882820129395
632,159.3,10.0906076431274
633,159.5,1.37916016578674
634,159.7,5.47456026077271
635,159.8,8.07292175292969
636,160.0,93.8169555664063
637,160.1,417.087829589844
638,160.3,10.6917581558228
639,160.6,3.11003661155701
640,160.8,29.6601333618164
641,161.0,221.134338378906
642,161.1,422.610656738281
643,161.3,7.84779596328735
644,161.6,2.8515419960022
645,161.7,5.5075798034668
646,161.9,58.4760398864746
647,162.1,404.836547851563
648,162.2,79.4806594848633
649,162.4,2.09688091278076
650,162.6,1.93317651748657
651,162.8,21.2747859954834
652,162.9,111.274963378906
653,163.1,562.683654785156
654,163.2,61.0841598510742
655,163.4,0.998170435428619
656,163.6,2.23105072975159
657,163.8,18.460620880127
658,164.0,152.357894897461
659,164.1,963.306396484375
660,164.3,14.921763420105
661,164.6,1.6520299911499
662,164.8,14.1908864974976
663,165.0,344.192291259766
664,165.1,981.743225097656
665,165.2,130.447814941406
666,165.4,1.42829763889313
667,165.7,3.63713192939758
668,165.9,50.7658996582031
669,166.0,203.118392944336
670,166.1,1242.82556152344
671,166.3,6.82113599777222
672,166.6,1.97133648395538
673,166.8,14.3765468597412
674,167.0,138.567077636719
675,167.1,256.989105224609
676,167.3,8.95513153076172
677,167.5,0.937619805335999
678,167.7,4.81843519210815
679,167.8,8.83359432220459
680,168.0,111.100456237793
681,168.1,203.145065307617
682,168.3,9.36844444274902
683,168.4,3.9129638671875
684,168.7,4.17198133468628
685,168.9,32.7305297851563
686,169.1,213.063858032227
687,169.2,50.0557594299316
688,169.4,2.01298141479492
689,169.5,2.84814429283142
690,169.8,11.7510023117065
691,170.0,82.2607574462891
692,170.1,147.752044677734
693,170.3,10.7717370986938
694,170.5,1.49965155124664
695,170.7,4.64810943603516
696,170.9,29.4685478210449
697,171.1,330.947723388672
698,171.2,82.1487197875977
699,171.4,3.60062718391418
700,171.7,4.14610576629639
701,171.9,26.4140090942383
702,172.1,443.570220947266
703,172.2,80.484489440918
704,172.4,4.38299369812012
705,172.7,4.91740703582764
706,172.9,29.2243423461914
707,173.0,80.7998809814453
708,173.1,327.129455566406
709,173.3,10.2217283248901
710,173.6,2.77670335769653
711,173.8,10.502875328064
712,174.0,93.4793548583984
713,174.1,347.324981689453
714,174.3,10.2550964355469
715,174.5,1.31677997112274
716,174.7,5.406081199646
717,174.8,11.4725561141968
718,175.0,128.702728271484
719,175.1,260.405212402344
720,175.3,10.1414012908936
721,175.5,1.23096358776093
722,175.7,5.30981016159058
723,175.8,18.6873149871826
724,176.0,194.928466796875
725,176.1,300.449981689453
726,176.3,8.26589965820313
727,176.4,1.92132771015167
728,176.7,2.54347443580627
729,176.9,124.477699279785
730,177.0,441.972381591797
731,177.1,305.631652832031
732,177.3,4.78140783309937
733,177.6,0.798309803009033
734,177.8,19.0846843719482
735,178.0,227.010284423828
736,178.1,513.447814941406
737,178.3,8.79796123504639
738,178.5,0.320090621709824
739,178.7,2.11108207702637
740,178.9,81.8465728759766
741,179.1,872.502258300781
742,179.2,86.2257385253906
743,179.4,0.699076473712921
744,179.7,3.61613512039185
745,179.9,55.1396598815918
746,180.1,698.631713867188
747,180.2,96.0276184082031
748,180.4,2.65595054626465
749,180.7,4.13216590881348
750,180.9,49.4575691223145
751,181.0,136.870452880859
752,181.1,317.421508789063
753,181.3,8.32488250732422
754,181.5,0.711970746517181
755,181.7,3.43404769897461
756,181.9,33.2672958374023
757,182.1,754.490417480469
758,182.2,66.800048828125
759,182.4,2.092524766922
760,182.6,2.62763547897339
761,182.8,9.17773151397705
762,183.0,93.3515396118164
763,183.1,222.921157836914
764,183.3,9.76938533782959
765,183.6,2.21153521537781
766,183.7,2.74777841567993
767,183.9,28.9833602905273
768,184.1,166.141662597656
769,184.2,46.4420623779297
770,184.4,2.8949294090271
771,184.6,1.09661960601807
772,184.8,8.29238510131836
773,185.0,90.5223922729492
774,185.1,128.878372192383
775,185.2,60.0426902770996
776,185.4,3.14000701904297
777,185.6,1.28053665161133
778,185.8,11.3464889526367
779,186.0,90.3744583129883
780,186.1,258.361633300781
781,186.3,6.79656744003296
782,186.4,2.78567695617676
783,186.6,1.30623805522919
784,186.8,10.6049833297729
785,186.9,22.1290302276611
786,187.1,231.796661376953
787,187.2,57.6486320495605
788,187.4,1.71458446979523
789,187.6,1.84648895263672
790,187.8,8.36757278442383
791,188.0,83.8273239135742
792,188.1,259.502716064453
793,188.3,9.72381973266602
794,188.5,0.827583193778992
795,188.7,4.66161346435547
796,188.9,59.0388565063477
797,189.1,433.688629150391
798,189.2,65.7433319091797
799,189.4,1.5101934671402
800,189.6,1.77321827411652
801,189.7,2.98457908630371
802,189.9,37.5867729187012
803,190.1,262.328369140625
804,190.2,48.874195098877
805,190.3,7.46419239044189
806,190.5,0.610559344291687
807,190.7,2.92446422576904
808,190.9,67.8503189086914
809,191.0,1704.42895507813
810,191.2,45.3604278564453
811,191.4,0.851367831230164
812,191.6,0.651507258415222
813,191.8,11.6733751296997
814,192.0,358.606536865234
815,192.1,369.6923828125
816,192.3,7.76250219345093
817,192.4,1.26877510547638
818,192.6,0.685311019420624
819,192.8,7.92437696456909
820,192.9,54.7589302062988
821,193.1,1471.5458984375
822,193.2,58.8248825073242
823,193.4,0.363739341497421
824,193.6,0.676250219345093
825,193.8,11.8873500823975
826,194.0,294.753967285156
827,194.1,385.673461914063
828,194.3,6.94981718063354
829,194.6,1.1522912979126
830,194.8,16.4977340698242
831,195.0,201.735488891602
832,195.1,270.906433105469
833,195.3,7.07832384109497
834,195.6,1.47142362594604
835,195.8,12.2676420211792
836,196.0,105.76171875
837,196.1,305.163452148438
838,196.3,8.86905384063721
839,196.6,2.02239060401917
840,196.7,2.72312259674072
841,196.9,34.0706558227539
842,197.1,258.508453369141
843,197.2,55.7144966125488
844,197.4,1.62998783588409
845,197.6,2.06778192520142
846,197.8,9.62711238861084
847,198.0,84.5399017333984
848,198.1,146.164489746094
849,198.3,7.99834442138672
850,198.5,0.964366614818573
851,198.7,3.22477793693542
852,198.9,27.083812713623
853,199.1,149.721115112305
854,199.2,33.6002769470215
855,199.3,8.77034282684326
856,199.5,0.899285614490509
857,199.7,3.83838653564453
858,199.8,8.5803279876709
859,200.0,89.0717010498047
860,200.1,166.150115966797
861,200.3,7.8479700088501
862,200.4,3.89362263679504
863,200.7,5.56595230102539
864,200.9,32.3096351623535
865,201.0,70.7571868896484
866,201.1,152.592880249023
867,201.3,8.45626449584961
868,201.5,1.00008714199066
869,201.7,3.53519773483276
870,201.9,32.0859909057617
871,202.0,87.3406524658203
872,202.1,281.777923583984
873,202.3,9.6514196395874
874,202.5,0.983969330787659
875,202.7,5.4311728477478
876,202.9,59.0611610412598
877,203.1,297.037017822266
878,203.2,44.8689651489258
879,203.4,2.42725205421448
880,203.7,4.45696115493774
881,203.8,9.78881359100342
882,204.0,103.794822692871
883,204.1,189.430038452148
884,204.2,48.3708839416504
885,204.4,1.36042869091034
886,204.6,1.79883253574371
887,204.8,18.6651859283447
888,204.9,58.2611083984375
889,205.1,367.300476074219
890,205.2,62.0263977050781
891,205.4,1.79891967773438
892,205.6,0.635737955570221
893,205.8,6.38473606109619
894,206.0,85.008186340332
895,206.1,212.642883300781
896,206.3,5.96419239044189
897,206.5,0.269036412239075
898,206.7,2.18687915802002
899,206.9,49.736888885498
900,207.1,14139.333984375
901,207.2,36.9718589782715
902,207.4,0.332462102174759
903,207.6,0.503572046756744
904,207.8,7.67685985565186
905,208.0,1210.74792480469
906,208.1,2032.86706542969
907,208.3,4.43239259719849
908,208.4,0.929865837097168
909,208.7,2.61282444000244
910,208.9,35.8335952758789
911,209.1,1969.81396484375
912,209.2,36.8832550048828
913,209.4,1.23854327201843
914,209.7,1.78898763656616
915,209.8,9.29221153259277
916,210.0,254.603149414063
917,210.1,252.777572631836
918,210.3,6.82113599777222
919,210.4,2.00566291809082
920,210.6,0.714410185813904
921,210.8,15.7140617370605
922,210.9,53.9982566833496
923,211.1,335.962615966797
924,211.2,53.369140625
925,211.4,0.900069713592529
926,211.6,1.5239589214325
927,211.8,11.0940933227539
928,212.0,89.5612487792969
929,212.1,133.208404541016
930,212.3,8.74019908905029
931,212.6,2.31564736366272
932,212.8,11.6738977432251
933,212.9,26.0818958282471
934,213.1,171.372360229492
935,213.2,42.0380744934082
936,213.4,1.66762506961823
937,213.6,1.49642789363861
938,213.7,1.8640878200531
939,213.9,24.7642440795898
940,214.1,143.524307250977
941,214.2,42.9129638671875
942,214.4,3.3024046421051
943,214.6,1.2101411819458
944,214.8,9.15002632141113
945,215.0,78.2833251953125
946,215.1,132.451217651367
947,215.3,7.87628507614136
948,215.6,1.8939710855484
949,215.8,10.6347799301147
950,216.0,93.548698425293
951,216.1,140.584777832031
952,216.3,7.90364170074463
953,216.5,0.893361210823059
954,216.7,4.77365398406982
955,216.8,8.67285251617432
956,217.0,81.2014312744141
957,217.1,111.518646240234
958,217.3,8.65682220458984
959,217.6,2.12624144554138
960,217.8,12.046088218689
961,218.0,85.6616134643555
962,218.1,92.5027847290039
963,218.2,39.5345878601074
964,218.4,2.83472728729248
965,218.7,5.1772084236145
966,218.9,41.3100700378418
967,219.1,378.658996582031
968,219.2,43.5345001220703
969,219.4,1.81930649280548
970,219.6,2.00400757789612
971,219.8,13.0760583877563
972,220.0,81.9159240722656
973,220.1,153.85920715332
974,220.2,49.5645599365234
975,220.4,2.04086089134216
976,220.7,2.70787596702576
977,220.9,53.3441352844238
978,221.1,425.151672363281
979,221.2,90.2791442871094
980,221.4,1.93727135658264
981,221.7,3.78881335258484
982,221.9,50.171459197998
983,222.0,83.6965484619141
984,222.1,147.984405517578
985,222.3,9.21144771575928
986,222.4,3.05166411399841
987,222.6,1.93883955478668
988,222.8,17.8537197113037
989,223.0,116.034934997559
990,223.1,162.903213500977
991,223.3,10.1586513519287
992,223.6,2.19184517860413
993,223.8,11.9772605895996
994,224.0,78.9762191772461
995,224.1,120.887084960938
996,224.3,7.76720666885376
997,224.4,2.7032585144043
998,224.7,5.43152093887329
999,224.9,44.4507751464844
1000,225.1,293.261199951172
1001,225.2,68.0719604492188
1002,225.4,1.60446071624756
1003,225.6,2.11578679084778
1004,225.8,10.0027008056641
1005,226.0,98.3333358764648
1006,226.1,368.820526123047
1007,226.3,8.76328659057617
1008,226.6,1.94363129138947
1009,226.8,10.5566301345825
1010,227.0,80.9964294433594
1011,227.1,129.727828979492
1012,227.3,7.50209093093872
1013,227.5,0.719811797142029
1014,227.7,3.35006093978882
1015,227.9,24.3581638336182
1016,228.1,124.476127624512
1017,228.2,35.2178955078125
1018,228.4,1.99782192707062
1019,228.6,2.07004714012146
1020,228.8,12.1169195175171
1021,229.0,87.4499053955078
1022,229.1,109.50008392334
1023,229.3,8.26346015930176
1024,229.6,1.81364345550537
1025,229.7,3.00879955291748
1026,229.9,35.8357734680176
1027,230.1,190.226440429688
1028,230.2,38.1209259033203
1029,230.4,1.97203350067139
1030,230.6,2.84526920318604
1031,230.8,11.0467853546143
1032,231.0,68.5114974975586
1033,231.1,52.5305786132813
1034,231.2,30.8379516601563
1035,231.4,1.91784286499023
1036,231.6,2.22495198249817
1037,231.8,9.75657749176025
1038,232.0,65.5894775390625
1039,232.1,111.327583312988
1040,232.2,46.4838829040527
1041,232.4,2.84160995483398
1042,232.6,1.32470810413361
1043,232.8,11.2910785675049
1044,232.9,22.4190616607666
1045,233.1,102.767295837402
1046,233.2,36.1474990844727
1047,233.4,1.91827845573425
1048,233.6,2.20700478553772
1049,233.7,3.07675552368164
1050,233.9,31.2190284729004
1051,234.1,135.720764160156
1052,234.2,196.755447387695
1053,234.3,7.82052612304688
1054,234.6,3.91200566291809
1055,234.8,22.2006454467773
1056,235.0,89.1855697631836
1057,235.1,130.151245117188
1058,235.3,7.48135566711426
1059,235.6,2.77896857261658
1060,235.7,4.2430739402771
1061,235.9,32.319393157959
1062,236.1,116.468460083008
1063,236.2,73.2688598632813
1064,236.4,3.33646965026855
1065,236.7,6.83847379684448
1066,236.8,12.9671545028687
1067,237.0,80.8017959594727
1068,237.1,73.014030456543
1069,237.2,83.4749069213867
1070,237.4,2.81137824058533
1071,237.6,3.78341174125671
1072,237.8,11.617790222168
1073,238.0,60.5423431396484
1074,238.1,59.7106628417969
1075,238.2,71.5304946899414
1076,238.4,2.20970559120178
1077,238.6,2.87149333953857
1078,238.8,10.6834812164307
1079,238.9,20.702823638916
1080,239.1,164.323394775391
1081,239.2,183.888488769531
1082,239.4,3.86661434173584
1083,239.7,3.64749956130981
1084,239.8,6.61439275741577
1085,240.0,67.9361419677734
1086,240.1,203.500091552734
1087,240.3,7.67807960510254
1088,240.4,2.71284198760986
1089,240.7,3.74882388114929
1090,240.9,24.1344318389893
1091,241.1,103.814598083496
1092,241.2,39.2430725097656
1093,241.4,2.87828898429871
1094,241.7,3.4710750579834
1095,241.9,25.3571186065674
1096,242.1,114.484230041504
1097,242.2,32.7432479858398
1098,242.4,2.3910961151123
1099,242.7,4.03554630279541
1100,242.9,27.4519958496094
1101,243.1,84.7798385620117
1102,243.2,26.5258750915527
1103,243.4,2.51751184463501
1104,243.6,1.21911478042603
1105,243.8,9.98231410980225
1106,244.0,69.6890563964844
1107,244.1,111.883079528809
1108,244.2,38.4073867797852
1109,244.4,2.72033452987671
1110,244.6,1.06394839286804
1111,244.8,10.3018817901611
1112,244.9,17.4880638122559
1113,245.1,66.054801940918
1114,245.2,15.7729568481445
1115,245.3,7.88342905044556
1116,245.6,2.52422022819519
1117,245.8,9.98719310760498
1118,246.0,56.0649948120117
1119,246.1,75.8380355834961
1120,246.3,7.62650299072266
1121,246.6,2.6392228603363
1122,246.7,3.52012538909912
1123,246.9,27.517162322998
1124,247.1,54.5254402160645
1125,247.2,20.3505840301514
1126,247.4,1.60872972011566
1127,247.6,2.68261027336121
1128,247.8,10.8537197113037
1129,248.0,59.016902923584
1130,248.1,86.5777130126953
1131,248.3,7.04042530059814
1132,248.5,0.831503748893738
1133,248.7,5.77043056488037
1134,248.9,176.731918334961
1135,249.0,255.101928710938
1136,249.2,14.359992980957
1137,249.3,4.57022142410278
1138,249.6,2.88168668746948
1139,249.8,27.2024745941162
1140,250.0,117.582328796387
1141,250.1,99.4516448974609
1142,250.3,6.72704315185547
1143,250.4,2.79369235038757
1144,250.7,6.89945983886719
1145,250.9,118.39501953125
1146,251.0,194.564819335938
1147,251.2,23.7627639770508
1148,251.4,2.28271484375
1149,251.7,6.92943000793457
1150,251.9,49.0271835327148
1151,252.1,116.198204040527
1152,252.2,37.0279655456543
1153,252.3,11.0935707092285
1154,252.6,3.85345888137817
1155,252.8,25.2978744506836
1156,253.0,122.99146270752
1157,253.1,98.8419570922852
1158,253.3,7.34631490707397
1159,253.4,2.32584071159363
1160,253.7,5.65316247940063
1161,253.9,33.2190284729004
1162,254.1,110.913139343262
1163,254.2,88.8689651489258
1164,254.4,4.01794719696045
1165,254.7,5.16875743865967
1166,254.9,29.5689144134521
1167,255.1,89.6766891479492
1168,255.2,38.2759208679199
1169,255.4,3.08782029151917
1170,255.7,3.391357421875
1171,255.9,24.5390319824219
1172,256.1,117.519599914551
1173,256.2,43.9327392578125
1174,256.4,3.04948592185974
1175,256.7,3.30554103851318
1176,256.9,21.9573974609375
1177,257.0,29.2816696166992
1178,257.1,49.0081901550293
1179,257.3,6.35720491409302
1180,257.4,3.46933269500732
1181,257.7,3.65377235412598
1182,257.9,21.7769641876221
1183,258.0,32.1522903442383
1184,258.1,71.4862365722656
1185,258.3,5.82418537139893
1186,258.4,2.7032585144043
1187,258.7,3.92568397521973
1188,258.8,5.84814405441284
1189,259.0,43.2879409790039
1190,259.1,87.9915466308594
1191,259.3,6.88430023193359
1192,259.6,1.94441545009613
1193,259.8,9.56647491455078
1194,259.9,16.4059944152832
1195,260.1,100.868270874023
1196,260.2,22.6651859283447
1197,260.4,2.62066555023193
1198,260.6,1.50522744655609
1199,260.8,8.77853298187256
1200,261.0,35.8091125488281
1201,261.1,33.7026481628418
1202,261.3,4.61665773391724
1203,261.4,2.54042506217957
1204,261.7,4.06464529037476
1205,261.9,22.9663696289063
1206,262.1,52.973949432373
1207,262.2,18.426118850708
1208,262.4,1.96549916267395
1209,262.6,2.50845098495483
1210,262.8,12.1875762939453
1211,263.0,39.5990600585938
1212,263.1,20.0690021514893
1213,263.2,16.4889354705811
1214,263.4,2.89858865737915
1215,263.7,4.22922134399414
1216,263.8,6.05575895309448
1217,264.0,38.3985900878906
1218,264.1,40.6546440124512
1219,264.3,4.41793012619019
1220,264.4,3.22704315185547
1221,264.7,4.21292924880981
1222,264.9,121.173896789551
1223,265.0,234.34814453125
1224,265.1,118.813552856445
1225,265.3,4.20648193359375
1226,265.5,0.929168820381165
1227,265.7,5.93936204910278
1228,265.9,63.1063766479492
1229,266.1,119.010543823242
1230,266.2,29.2099666595459
1231,266.4,3.09836196899414
1232,266.7,7.41897535324097
1233,266.9,194.804580688477
1234,267.0,525.769470214844
1235,267.2,16.4367485046387
1236,267.5,1.28471863269806
1237,267.7,7.48501491546631
1238,267.9,92.9825744628906
1239,268.0,98.6282424926758
1240,268.1,94.4018096923828
1241,268.3,7.68348121643066
1242,268.6,3.48414349555969
1243,268.8,29.71728515625
1244,269.0,134.801010131836
1245,269.1,73.0473937988281
1246,269.3,6.86408805847168
1247,269.5,0.921327769756317
1248,269.7,5.40669107437134
1249,269.9,34.7342758178711
1250,270.0,52.6319046020508
1251,270.1,94.8294143676758
1252,270.3,8.97447299957275
1253,270.5,1.18104195594788
1254,270.7,5.62014293670654
1255,270.9,29.4868450164795
1256,271.1,74.883171081543
1257,271.2,15.6222333908081
1258,271.3,7.65717029571533
1259,271.5,1.03580760955811
1260,271.7,3.65412092208862
1261,271.9,26.8062381744385
1262,272.1,457.62353515625
1263,272.2,34.6630058288574
1264,272.4,2.84335255622864
1265,272.7,3.66440153121948
1266,272.9,20.0415573120117
1267,273.0,28.3286285400391
1268,273.1,95.4593124389648
1269,273.3,6.22983121871948
1270,273.6,2.45365047454834
1271,273.8,9.20151615142822
1272,274.0,47.518383026123
1273,274.1,83.9739532470703
1274,274.2,29.8786373138428
1275,274.4,2.11901021003723
1276,274.6,2.84448504447937
1277,274.8,8.53720188140869
1278,275.0,26.8673114776611
1279,275.1,31.9872798919678
1280,275.3,4.48963212966919
1281,275.4,2.96471500396729
1282,275.7,4.34282970428467
1283,275.9,20.2043037414551
1284,276.1,37.5303192138672
1285,276.2,11.4534759521484
1286,276.3,6.78515434265137
1287,276.6,2.24237680435181
1288,276.8,8.53720188140869
1289,277.0,24.6298999786377
1290,277.1,21.702823638916
1291,277.3,5.82061338424683
1292,277.5,0.927252113819122
1293,277.7,4.05933094024658
1294,277.9,18.0424289703369
1295,278.1,33.202995300293
1296,278.2,10.9025964736938
1297,278.3,6.76703262329102
1298,278.5,1.04966020584106
1299,278.7,5.40590715408325
1300,278.8,9.13730621337891
1301,279.0,36.4737777709961
1302,279.1,30.5123710632324
1303,279.3,6.17224264144897
1304,279.6,2.29360508918762
1305,279.7,1.95844221115112
1306,279.9,11.8902244567871
1307,280.0,11.9754314422607
1308,280.1,16.275484085083
1309,280.3,3.09330892562866
1310,280.5,0.541383504867554
1311,280.7,6.2613697052002
1312,280.9,59.8183479309082
1313,281.0,5512.7109375
1314,281.2,14.6506357192993
1315,281.3,3.14436316490173
1316,281.5,0.497124940156937
1317,281.7,3.95565438270569
1318,281.9,48.8578147888184
1319,282.0,1614.10363769531
1320,282.2,22.0434741973877
1321,282.4,1.51411390304565
1322,282.6,1.1392228603363
1323,282.8,11.4130506515503
1324,283.0,712.882202148438
1325,283.1,417.943725585938
1326,283.3,3.9018120765686
1327,283.6,1.14619266986847
1328,283.8,15.6820878982544
1329,284.0,191.773910522461
1330,284.1,137.547302246094
1331,284.3,6.29308223724365
1332,284.6,2.55253529548645
1333,284.8,20.2116222381592
1334,285.0,108.682525634766
1335,285.1,57.2450790405273
1336,285.2,27.4496421813965
1337,285.4,2.33376884460449
1338,285.6,1.44467675685883
1339,285.8,11.8830804824829
1340,285.9,20.3934478759766
1341,286.1,187.282272338867
1342,286.2,35.2387161254883
1343,286.4,2.45974898338318
1344,286.7,5.17956066131592
1345,286.8,8.62815856933594
1346,287.0,41.679126739502
1347,287.1,46.061595916748
1348,287.3,6.02422046661377
1349,287.5,1.07126677036285
1350,287.7,3.89501667022705
1351,287.9,18.222599029541
1352,288.1,68.1540374755859
1353,288.2,23.6664924621582
1354,288.4,1.73906600475311
1355,288.6,2.49660229682922
1356,288.8,8.12728691101074
1357,289.0,23.0834636688232
1358,289.1,20.9171466827393
1359,289.3,5.9311728477478
1360,289.5,0.950252652168274
1361,289.7,4.1411395072937
1362,289.9,16.3389091491699
1363,290.0,12.9733400344849
1364,290.1,21.2470817565918
1365,290.3,3.74438047409058
1366,290.4,3.13416981697083
1367,290.7,3.64959049224854
1368,290.9,12.4556541442871
1369,291.0,9.59775257110596
1370,291.1,15.3434400558472
1371,291.3,3.28201770782471
1372,291.4,2.39127016067505
1373,291.7,4.16535997390747
1374,291.9,13.138090133667
1375,292.1,24.9578323364258
1376,292.2,11.798397064209
1377,292.4,1.7153685092926
1378,292.6,2.99198460578918
1379,292.7,3.3119010925293
1380,292.9,21.323314666748
1381,293.1,27.9018115997314
1382,293.2,11.2168493270874
1383,293.4,3.10646462440491
1384,293.7,4.22050857543945
1385,293.8,6.66283321380615
1386,294.0,37.7841949462891
1387,294.1,34.7002944946289
1388,294.3,7.32775735855103
1389,294.5,1.01890575885773
1390,294.7,6.62780952453613
1391,294.9,39.2090950012207
1392,295.1,70.555061340332
1393,295.2,23.1683216094971
1394,295.4,1.75370275974274
1395,295.6,2.16989016532898
1396,295.8,11.5534067153931
1397,296.0,48.3619956970215
1398,296.1,32.7754821777344
1399,296.2,25.1860084533691
1400,296.4,3.33185219764709
1401,296.7,5.4058198928833
1402,296.9,25.0703086853027
1403,297.1,40.9768257141113
1404,297.2,17.5677814483643
1405,297.4,3.40721368789673
1406,297.7,4.48771572113037
1407,297.8,6.26633548736572
1408,298.0,43.8671379089355
1409,298.1,34.2804489135742
1410,298.2,20.26633644104
1411,298.4,3.31033277511597
1412,298.7,6.08782005310059
1413,298.9,26.2407207489014
1414,299.1,43.5237846374512
1415,299.2,27.0875587463379
1416,299.4,2.78776788711548
1417,299.6,1.16405296325684
1418,299.8,9.58712291717529
1419,300.0,48.9480743408203
1420,300.1,47.0654296875
1421,300.2,30.9195861816406
1422,300.4,3.30850315093994
1423,300.7,3.97386312484741
1424,300.9,17.3625202178955
1425,301.1,29.9458961486816
1426,301.2,15.1070747375488
1427,301.4,2.92794919013977
1428,301.7,4.07449054718018
1429,301.9,19.5060977935791
1430,302.0,22.8538074493408
1431,302.1,40.005313873291
1432,302.3,5.57780122756958
1433,302.4,3.13347268104553
1434,302.7,3.56630063056946
1435,302.8,4.96279859542847
1436,303.0,18.3450946807861
1437,303.1,9.77983951568604
1438,303.2,10.132513999939
1439,303.4,1.59836208820343
1440,303.6,2.51690196990967
1441,303.7,2.59740376472473
1442,303.9,13.35276222229
1443,304.0,11.0094966888428
1444,304.1,17.0236968994141
1445,304.3,6.03415250778198
1446,304.5,0.983359456062317
1447,304.7,3.52674674987793
1448,304.8,4.44894599914551
1449,305.0,14.202561378479
1450,305.1,11.8578147888184
1451,305.3,3.38264513015747
1452,305.4,2.35877323150635
1453,305.6,1.20369398593903
1454,305.8,7.71101236343384
1455,305.9,7.79534769058228
1456,306.1,18.6224956512451
1457,306.2,11.0338907241821
1458,306.4,2.47926473617554
1459,306.7,4.07579708099365
1460,306.9,14.0558462142944
1461,307.0,9.53467464447021
1462,307.1,14.1430559158325
1463,307.3,4.94885873794556
1464,307.5,0.953563332557678
1465,307.7,4.31556034088135
1466,307.8,5.60751008987427
1467,308.0,23.9385776519775
1468,308.1,21.4729042053223
1469,308.3,6.57780122756958
1470,308.6,2.68130326271057
1471,308.7,3.12223386764526
1472,308.9,16.9963417053223
1473,309.1,21.4728183746338
1474,309.2,10.9081726074219
1475,309.4,2.50967073440552
1476,309.7,3.62772250175476
1477,309.8,6.50435638427734
1478,310.0,35.206916809082
1479,310.1,32.8133811950684
1480,310.3,6.7139744758606
1481,310.5,1.16962885856628
1482,310.7,6.86365222930908
1483,310.9,24.6286811828613
1484,311.1,31.74289894104
1485,311.2,11.5714406967163
1486,311.4,1.78550267219543
1487,311.6,2.69994783401489
1488,311.8,9.82279109954834
1489,312.0,39.6041107177734
1490,312.1,39.3831672668457
1491,312.3,7.9309983253479
1492,312.6,3.30580234527588
1493,312.8,13.5828542709351
1494,313.0,34.4501647949219
1495,313.1,23.5794563293457
1496,313.3,6.46340847015381
1497,313.5,1.01263284683228
1498,313.7,4.63687038421631
1499,313.9,19.7408084869385
1500,314.1,40.7242546081543
1501,314.2,22.8411750793457
1502,314.3,8.24168014526367
1503,314.6,2.12711262702942
1504,314.7,2.69297790527344
1505,314.9,13.850061416626
1506,315.0,9.82113647460938
1507,315.1,18.1320781707764
1508,315.3,5.46236276626587
1509,315.5,1.03119015693665
1510,315.7,3.87201595306396
1511,315.8,6.07388067245483
1512,316.0,26.4631462097168
1513,316.1,16.7023868560791
1514,316.2,20.7678165435791
1515,316.4,2.97342753410339
1516,316.6,1.26407039165497
1517,316.8,6.37611103057861
1518,317.0,14.2407217025757
1519,317.1,12.6577796936035
1520,317.3,4.46994256973267
1521,317.6,2.23139929771423
1522,317.7,2.0581111907959
1523,317.9,11.8870010375977
1524,318.1,18.2368011474609
1525,318.2,8.91453170776367
1526,318.4,2.56272864341736
1527,318.6,1.17503046989441
1528,318.8,5.99573087692261
1529,318.9,5.43666124343872
1530,319.1,12.4739503860474
1531,319.2,6.91862678527832
1532,319.4,1.3335075378418
1533,319.6,2.18661785125732
1534,319.8,6.51925420761108
1535,319.9,6.40346765518188
1536,320.1,17.2063941955566
1537,320.2,5.53519773483276
1538,320.3,4.90947914123535
1539,320.5,1.06952428817749
1540,320.7,3.22364521026611
1541,320.8,4.02692127227783
1542,321.0,12.5698728561401
1543,321.1,11.4643669128418
1544,321.3,3.15856409072876
1545,321.4,2.54748225212097
1546,321.7,3.61901021003723
1547,321.8,4.24255084991455
1548,322.0,18.2188529968262
1549,322.1,16.175989151001
1550,322.3,3.54373574256897
1551,322.4,3.60602903366089
1552,322.7,7.13390827178955
1553,322.8,10.0429515838623
1554,323.0,30.4795265197754
1555,323.1,19.9702911376953
1556,323.3,4.04234170913696
1557,323.5,1.06098628044128
1558,323.7,4.73026657104492
1559,323.9,19.6010627746582
1560,324.1,32.2488250732422
1561,324.2,12.0519256591797
1562,324.5,4.47194623947144
1563,324.7,13.88316822052
1564,324.8,23.6495914459229
1565,325.0,84.9216766357422
1566,325.1,32.5090599060059
1567,325.3,4.03005743026733
1568,325.6,3.59627103805542
1569,325.8,16.9110469818115
1570,325.9,19.8582496643066
1571,326.0,44.1891441345215
1572,326.2,10.2811470031738
1573,326.3,6.2353196144104
1574,326.5,2.52291345596313
1575,326.7,15.6644887924194
1576,326.8,34.6935005187988
1577,327.0,145.094879150391
1578,327.1,47.253963470459
1579,327.3,2.68914437294006
1580,327.5,2.40076661109924
1581,327.7,10.5433006286621
1582,327.9,44.0656051635742
1583,328.0,30.9225482940674
1584,328.1,32.417407989502
1585,328.3,6.78872632980347
1586,328.6,5.07518720626831
1587,328.8,18.2185916900635
1588,329.0,34.4323921203613
1589,329.1,21.345006942749
1590,329.3,4.43971061706543
1591,329.5,1.36400067806244
1592,329.7,5.26014995574951
1593,329.9,16.7647666931152
1594,330.1,25.0473957061768
1595,330.2,12.163966178894
1596,330.4,3.07004714012146
1597,330.7,3.77208566665649
1598,330.8,4.97499561309814
1599,331.0,13.7791423797607
1600,331.1,11.4378814697266
1601,331.3,2.62537026405334
1602,331.4,2.48344659805298
1603,331.7,3.61012363433838
1604,331.9,9.73636531829834
1605,332.1,15.1045475006104
1606,332.2,8.2326192855835
1607,332.4,2.65830278396606
1608,332.7,3.25840735435486
1609,332.9,7.21005392074585
1610,333.1,9.84361362457275
1611,333.2,3.97778367996216
1612,333.3,3.78515410423279
1613,333.5,0.927774846553802
1614,333.7,2.93518042564392
1615,333.9,9.55880832672119
1616,334.1,12.9911136627197
1617,334.2,7.92376708984375
1618,334.4,1.47821915149689
1619,334.6,2.17938661575317
1620,334.8,5.362868309021
1621,335.0,9.71327781677246
1622,335.1,5.02587556838989
1623,335.2,6.08050203323364
1624,335.4,2.202561378479
1625,335.7,3.37828898429871
1626,335.8,3.99529528617859
1627,336.0,13.7601499557495
1628,336.1,7.4234185218811
1629,336.2,9.51725006103516
1630,336.4,1.67067432403564
1631,336.6,2.37489104270935
1632,336.8,5.19071245193481
1633,337.0,11.0400762557983
1634,337.1,9.65655994415283
1635,337.3,2.65542769432068
1636,337.4,2.07832384109497
1637,337.6,0.980135917663574
1638,337.8,5.95574140548706
1639,338.0,14.1264162063599
1640,338.1,13.4752569198608
1641,338.3,4.87018632888794
1642,338.6,3.91322541236877
1643,338.8,17.3670501708984
1644,339.0,35.3134689331055
1645,339.1,22.1339950561523
1646,339.3,3.76328635215759
1647,339.5,2.74403214454651
1648,339.7,5.34918975830078
1649,339.8,6.86347818374634
1650,340.0,22.5345001220703
1651,340.1,16.4086074829102
1652,340.3,4.41392230987549
1653,340.6,4.29482507705688
1654,340.8,38.124324798584
1655,341.0,315.200744628906
1656,341.1,92.4405822753906
1657,341.3,3.70247435569763
1658,341.5,0.883342027664185
1659,341.7,9.83211326599121
1660,341.9,72.0959243774414
1661,342.0,90.1577835083008
1662,342.2,13.734884262085
1663,342.3,6.72930812835693
1664,342.6,4.77835845947266
1665,342.8,28.2760925292969
1666,343.0,75.9038162231445
1667,343.1,34.8025779724121
1668,343.3,4.9712495803833
1669,343.6,3.24150538444519
1670,343.8,13.1674509048462
1671,344.0,28.0813732147217
1672,344.1,23.3356857299805
1673,344.3,5.47952604293823
1674,344.6,3.64148807525635
1675,344.8,11.0250911712646
1676,345.0,22.0129814147949
1677,345.1,15.7679042816162
1678,345.3,3.30327582359314
1679,345.4,2.7625892162323
1680,345.7,3.81477618217468
1681,345.8,4.80397272109985
1682,346.0,13.0320615768433
1683,346.1,11.7146711349487
1684,346.3,5.0144624710083
1685,346.6,1.99538242816925
1686,346.8,5.03876972198486
1687,346.9,4.06952428817749
1688,347.1,9.34997367858887
1689,347.2,5.50296211242676
1690,347.4,2.17372369766235
1691,347.7,2.83812499046326
1692,347.9,7.86583042144775
1693,348.1,9.95033931732178
1694,348.2,6.36408805847168
1695,348.4,2.22164130210876
1696,348.7,2.74725556373596
1697,348.8,2.35851192474365
1698,349.0,7.19158411026001
1699,349.1,6.52003812789917
1700,349.3,2.62232089042664
1701,349.5,0.690712690353394
1702,349.7,2.76860070228577
1703,349.8,3.56133460998535
1704,350.0,10.6801710128784
1705,350.1,5.8116397857666
1706,350.2,7.59513854980469
1707,350.4,1.37558805942535
1708,350.6,2.18853449821472
1709,350.7,1.76459312438965
1710,350.9,6.18400430679321
1711,351.1,8.80127239227295
1712,351.2,3.14793515205383
1713,351.3,3.27286982536316
1714,351.5,0.867921233177185
1715,351.7,3.07492589950562
1716,351.8,3.26860070228577
1717,352.0,9.96985530853271
1718,352.1,10.9201078414917
1719,352.3,4.24438047409058
1720,352.5,1.02073526382446
1721,352.7,3.35624670982361
1722,352.9,8.13530254364014
1723,353.1,9.98667049407959
1724,353.2,4.05689144134521
1725,353.3,3.62519598007202
1726,353.6,2.45669984817505
1727,353.8,5.49181032180786
1728,354.0,9.38482284545898
1729,354.1,3.59888482093811
1730,354.2,3.30571532249451
1731,354.4,0.70517510175705
1732,354.6,2.69071269035339
1733,354.8,18.5647315979004
1734,355.0,493.769470214844
1735,355.1,269.980133056641
1736,355.3,4.84805727005005
1737,355.5,0.608468353748322
1738,355.7,4.71388721466064
1739,355.9,80.9313507080078
1740,356.0,120.570137023926
1741,356.1,102.329933166504
1742,356.3,4.73941469192505
1743,356.5,2.41444492340088
1744,356.7,6.66666650772095
1745,356.8,16.7077884674072
1746,357.0,132.112396240234
1747,357.1,69.6021957397461
1748,357.3,6.23166036605835
1749,357.6,2.71022820472717
1750,357.8,14.6441020965576
1751,358.0,38.5175971984863
1752,358.1,20.3508453369141
1753,358.2,15.9369230270386
1754,358.4,2.90338039398193
1755,358.7,5.6961145401001
1756,358.9,18.3579025268555
1757,359.0,12.319655418396
1758,359.1,18.5088863372803
1759,359.3,3.41784286499023
1760,359.4,2.20935702323914
1761,359.7,3.55131554603577
1762,359.8,3.87044787406921
1763,360.0,12.2239933013916
1764,360.1,10.3926639556885
1765,360.3,4.56272888183594
1766,360.5,0.693674862384796
1767,360.7,3.06612658500671
1768,360.9,6.98536348342896
1769,361.0,4.40991449356079
1770,361.1,7.76084661483765
1771,361.3,2.85145497322083
1772,361.6,1.8512806892395
1773,361.8,4.2502179145813
1774,362.0,6.91226673126221
1775,362.1,3.8877854347229
1776,362.2,5.26494169235229
1777,362.4,2.0666491985321
1778,362.7,2.89736890792847
1779,362.9,5.90303182601929
1780,363.1,7.11291170120239
1781,363.2,4.2678165435791
1782,363.4,0.972904682159424
1783,363.6,1.93230533599854
1784,363.8,4.15795421600342
1785,364.0,7.13634777069092
1786,364.2,6.64375305175781
1787,364.3,2.2554452419281
1788,364.4,1.9392751455307
1789,364.7,2.16718935966492
1790,364.8,2.10829401016235
1791,365.0,5.87053489685059
1792,365.1,3.15743160247803
1793,365.2,3.89388394355774
1794,365.4,0.987367153167725
1795,365.6,1.76729393005371
1796,365.8,4.14070415496826
1797,365.9,3.91078591346741
1798,366.1,9.26694583892822
1799,366.2,6.74115705490112
1800,366.4,2.47002959251404
1801,366.7,3.34614038467407
1802,366.8,3.19184517860413
1803,367.0,8.96759033203125
1804,367.2,7.50792837142944
1805,367.3,3.31007146835327
1806,367.6,1.99276876449585
1807,367.8,4.42969179153442
1808,368.0,8.04225444793701
1809,368.1,4.42481279373169
1810,368.2,5.63530254364014
1811,368.5,2.70665621757507
1812,368.6,1.81216239929199
1813,368.8,9.33167839050293
1814,369.0,17.432653427124
1815,369.1,14.907039642334
1816,369.3,3.65865135192871
1817,369.4,2.43012714385986
1818,369.7,3.78236627578735
1819,369.9,9.03572082519531
1820,370.1,11.5417318344116
1821,370.2,6.99372720718384
1822,370.4,2.38482308387756
1823,370.7,5.26014995574951
1824,370.8,5.40033102035522
1825,371.0,14.2125806808472
1826,371.1,6.09932041168213
1827,371.2,7.52909898757935
1828,371.4,2.19724678993225
1829,371.6,1.27435088157654
1830,371.8,5.0761456489563
1831,372.0,10.3952779769897
1832,372.1,9.56264114379883
1833,372.3,3.76459312438965
1834,372.5,1.1975953578949
1835,372.7,3.92446422576904
1836,372.9,10.0863389968872
1837,373.0,6.51873159408569
1838,373.1,9.616135597229
1839,373.3,2.27809715270996
1840,373.4,2.03450083732605
1841,373.7,3.06037640571594
1842,373.9,7.06098604202271
1843,374.1,8.33847332000732
1844,374.3,5.49991273880005
1845,374.4,1.26833939552307
1846,374.6,1.58389961719513
1847,374.7,1.54478132724762
1848,374.9,4.70918273925781
1849,375.1,6.18252325057983
1850,375.2,4.09522581100464
1851,375.4,1.74438059329987
1852,375.6,0.722425520420074
1853,375.8,2.96184015274048
1854,375.9,2.3768949508667
1855,376.1,5.51777315139771
1856,376.2,2.74673295021057
1857,376.3,2.85955739021301
1858,376.5,0.870273590087891
1859,376.7,1.86112558841705
1860,376.9,3.36652731895447
1861,377.0,2.60811996459961
1862,377.2,4.15839004516602
1863,377.3,2.09722948074341
1864,377.6,1.51062905788422
1865,377.7,1.23749780654907
1866,377.9,4.18801164627075
1867,378.1,5.68687915802002
1868,378.2,1.98989367485046
1869,378.3,3.11186623573303
1870,378.6,1.83307194709778
1871,378.8,2.40974044799805
1872,378.9,1.77740025520325
1873,379.1,4.1994252204895
1874,379.2,1.83298480510712
1875,379.4,2.13739323616028
1876,379.6,1.47717368602753
1877,379.8,3.45251774787903
1878,380.0,5.89876270294189
1879,380.1,6.45887804031372
1880,380.3,1.8010106086731
1881,380.4,2.08215713500977
1882,380.7,2.8190450668335
1883,380.8,2.21048974990845
1884,381.0,4.70395517349243
1885,381.1,4.80310153961182
1886,381.3,1.60027873516083
1887,381.4,2.10001730918884
1888,381.7,2.3024046421051
1889,381.9,3.99520826339722
1890,382.1,5.1268515586853
1891,382.2,3.50104546546936
1892,382.5,2.31721544265747
1893,382.7,4.66492414474487
1894,382.9,8.82906436920166
1895,383.0,4.48536348342896
1896,383.1,5.88220930099487
1897,383.3,2.21658825874329
1898,383.5,1.10899114608765
1899,383.7,3.0633385181427
1900,383.9,5.29891967773438
1901,384.1,5.90521001815796
1902,384.2,4.24812698364258
1903,384.5,3.19916367530823
1904,384.6,2.97194623947144
1905,384.8,13.4424991607666
1906,384.9,9.13321113586426
1907,385.1,15.8044958114624
1908,385.2,5.85136795043945
1909,385.4,0.889527797698975
1910,385.6,2.72713017463684
1911,385.7,2.64375329017639
1912,385.9,8.48440456390381
1913,386.0,5.39057350158691
1914,386.1,7.63791608810425
1915,386.4,3.32209444046021
1916,386.6,5.02256488800049
1917,386.8,16.3037109375
1918,387.0,27.6542949676514
1919,387.1,16.7151947021484
1920,387.3,4.03511047363281
1921,387.5,1.22312247753143
1922,387.7,4.55401659011841
1923,387.9,10.8618230819702
1924,388.0,7.0723123550415
1925,388.2,8.6959400177002
1926,388.3,3.57205080986023
1927,388.6,3.10045313835144
1928,388.8,6.09121799468994
1929,389.0,8.56211853027344
1930,389.1,3.23845624923706
1931,389.2,4.6380033493042
1932,389.4,1.10716152191162
1933,389.6,1.87462973594666
1934,389.8,3.64497303962708
1935,390.0,5.60524463653564
1936,390.2,4.85119342803955
1937,390.3,1.62981355190277
1938,390.4,1.76041126251221
1939,390.7,1.83437883853912
1940,390.8,1.25683915615082
1941,391.0,3.65272688865662
1942,391.1,3.14540863037109
1943,391.3,2.04469418525696
1944,391.5,0.733751535415649
1945,391.7,1.69071269035339
1946,391.9,3.24141836166382
1947,392.1,3.96210145950317
1948,392.2,1.59679388999939
1949,392.4,2.21902775764465
1950,392.6,1.42934310436249
1951,392.8,1.92350578308105
1952,393.0,3.28010106086731
1953,393.2,2.76868796348572
1954,393.3,2.05445194244385
1955,393.5,0.758581638336182
1956,393.7,1.6973340511322
1957,393.9,3.09200215339661
1958,394.1,3.35241341590881
1959,394.2,1.66379165649414
1960,394.3,2.28489279747009
1961,394.6,1.29569613933563
1962,394.7,0.868182599544525
1963,394.9,2.51141309738159
1964,395.1,2.92455124855042
1965,395.2,1.62223386764526
1966,395.3,1.92463839054108
1967,395.5,0.751350402832031
1968,395.7,1.74133121967316
1969,395.8,1.26729393005371
1970,396.0,3.23279309272766
1971,396.2,3.97055244445801
1972,396.3,2.99947714805603
1973,396.5,1.06987285614014
1974,396.7,2.85781502723694
1975,396.8,1.99886739253998
1976,397.0,4.81285953521729
1977,397.1,4.06098604202271
1978,397.3,1.26886212825775
1979,397.4,1.93709707260132
1980,397.7,2.18757629394531
1981,397.9,3.11012363433838
1982,398.0,3.78733229637146
1983,398.3,3.09670662879944
1984,398.5,2.80893874168396
1985,398.7,7.5685658454895
1986,398.9,18.42995262146
1987,399.0,16.9008541107178
1988,399.2,4.08433532714844
1989,399.3,2.96776437759399
1990,399.6,3.20142889022827
1991,399.7,2.79526042938232
1992,399.9,8.45155906677246
1993,400.0,5.11430549621582
1994,400.1,6.27800989151001
1995,400.4,3.27609348297119
1996,400.6,6.862868309021
1997,400.7,11.2785329818726
1998,400.9,66.7571868896484
1999,401.0,42.3264503479004
2000,401.1,33.9205436706543
2001,401.3,4.71789503097534
2002,401.5,1.82784461975098
2003,401.7,9.56072521209717
2004,401.8,11.6576929092407
2005,402.0,30.717981338501
2006,402.1,17.382905960083
2007,402.3,4.38743686676025
2008,402.6,4.69707250595093
2009,402.8,13.8961486816406
2010,402.9,11.3017950057983
2011,403.0,18.3064117431641
2012,403.2,4.46820020675659
2013,403.3,3.36696290969849
2014,403.6,2.65220427513123
2015,403.7,2.66893196105957
2016,403.9,6.74063444137573
2017,404.0,3.98161697387695
2018,404.2,5.69811820983887
2019,404.3,2.62929081916809
2020,404.5,1.04242897033691
2021,404.7,3.08128595352173
2022,404.9,5.07388067245483
2023,405.1,5.08938837051392
2024,405.2,2.79238533973694
2025,405.4,1.41740715503693
2026,405.7,2.02944755554199
2027,405.9,2.93648719787598
2028,406.1,3.2794041633606
2029,406.2,3.04330015182495
2030,406.4,0.818696618080139
2031,406.6,1.55689144134521
2032,406.8,1.89649760723114
2033,407.0,2.63190460205078
2034,407.2,2.67868971824646
2035,407.4,1.99294304847717
2036,407.6,1.42272174358368
2037,407.8,2.06028914451599
2038,408.0,3.0163791179657
2039,408.1,1.57196378707886
2040,408.2,2.2409827709198
2041,408.4,1.0725736618042
2042,408.6,1.30292737483978
2043,408.8,2.07902073860168
2044,408.9,1.23061513900757
2045,409.1,2.37637209892273
2046,409.2,1.16396582126617
2047,409.4,1.8325492143631
2048,409.5,1.453040599823
2049,409.8,2.15943551063538
2050,410.0,2.81765127182007
2051,410.1,1.44389271736145
2052,410.3,2.28254055976868
2053,410.5,1.45818090438843
2054,410.7,1.48109424114227
2055,410.9,2.27400255203247
2056,411.1,2.73192191123962
2057,411.2,2.28567695617676
2058,411.5,1.46741592884064
2059,411.7,1.63626062870026
2060,411.9,2.46715450286865
2061,412.1,2.71266770362854
2062,412.2,2.31373071670532
2063,412.4,0.695852935314178
2064,412.6,2.14802241325378
2065,412.8,4.62197256088257
2066,413.0,6.778968334198
2067,413.1,5.35572385787964
2068,413.3,1.26764249801636
2069,413.4,1.81198811531067
2070,413.7,2.43317651748657
2071,413.9,3.88525867462158
2072,414.0,2.28071093559265
2073,414.1,4.1306848526001
2074,414.4,1.8897020816803
2075,414.6,3.81948065757751
2076,414.8,27.2169361114502
2077,415.0,129.386306762695
2078,415.1,74.0801544189453
2079,415.3,6.9888482093811
2080,415.6,3.57536149024963
2081,415.8,18.181303024292
2082,415.9,23.5457401275635
2083,416.0,49.4554786682129
2084,416.2,16.6034145355225
2085,416.4,1.88708829879761
2086,416.6,3.90033102035522
2087,416.8,14.7923851013184
2088,417.0,37.5626411437988
2089,417.1,25.1932392120361
2090,417.3,3.96968102455139
2091,417.4,3.02064824104309
2092,417.6,1.40930473804474
2093,417.8,6.92324447631836
2094,418.0,12.477783203125
2095,418.1,8.99085235595703
2096,418.3,3.64950346946716
2097,418.5,0.759365737438202
2098,418.7,3.14662837982178
2099,418.9,6.67581462860107
2100,419.1,7.26163101196289
2101,419.2,4.70020914077759
2102,419.4,1.72686874866486
2103,419.7,2.19158387184143
2104,419.9,3.19228076934814
2105,420.0,2.05776262283325
2106,420.2,3.64192366600037
2107,420.3,1.24011147022247
2108,420.5,1.46149158477783
2109,420.7,1.56734621524811
2110,420.9,2.7592785358429
2111,421.1,3.23714923858643
2112,421.3,2.62066555023193
2113,421.5,1.28863918781281
2114,421.7,1.40233492851257
2115,421.9,2.38316774368286
2116,422.1,2.85729217529297
2117,422.2,1.21432304382324
2118,422.4,1.84265553951263
2119,422.6,1.14697682857513
2120,422.7,0.823662638664246
2121,422.9,1.67964804172516
2122,423.0,1.13913571834564
2123,423.1,1.85337162017822
2124,423.3,1.75004351139069
2125,423.6,1.19271647930145
2126,423.8,1.68984138965607
2127,424.0,2.43805551528931
2128,424.1,1.41296398639679
2129,424.3,2.73026657104492
2130,424.5,1.77469944953918
2131,424.7,1.49154901504517
2132,424.9,2.05488753318787
2133,425.1,2.27713894844055
2134,425.3,1.70169019699097
2135,425.4,1.27905559539795
2136,425.7,1.80310153961182
2137,425.9,2.10027885437012
2138,426.0,1.01481091976166
2139,426.1,2.12049126625061
2140,426.3,1.78219199180603
2141,426.5,0.66788637638092
2142,426.7,1.80284023284912
2143,426.9,3.00148105621338
2144,427.0,1.72155427932739
2145,427.2,2.68496251106262
2146,427.4,1.8633908033371
2147,427.6,1.34204566478729
2148,427.7,0.835772812366486
2149,427.9,2.4001567363739
2150,428.1,2.54251623153687
2151,428.2,1.96793866157532
2152,428.5,1.6691061258316
2153,428.7,8.78646087646484
2154,428.8,18.9996509552002
2155,429.0,95.0961837768555
2156,429.1,60.1030654907227
2157,429.3,5.83124256134033
2158,429.4,2.82139754295349
2159,429.7,6.51385259628296
2160,429.9,29.3862171173096
2161,430.0,21.4832725524902
2162,430.1,26.8608646392822
2163,430.3,4.91923666000366
2164,430.4,2.86731147766113
2165,430.7,6.64183664321899
2166,430.9,24.3393440246582
2167,431.0,16.0234355926514
2168,431.1,22.3976306915283
2169,431.3,4.22765302658081
2170,431.4,2.67912530899048
2171,431.6,1.21684968471527
2172,431.8,6.32070064544678
2173,431.9,5.17372369766235
2174,432.1,10.7449903488159
2175,432.2,6.35433006286621
2176,432.4,2.21815657615662
2177,432.7,3.41383504867554
2178,432.9,6.45730972290039
2179,433.1,8.297438621521
2180,433.2,4.66701507568359
2181,433.4,1.60629034042358
2182,433.7,1.8349015712738
2183,433.8,1.80562818050385
2184,434.0,3.71092534065247
2185,434.1,1.76128244400024
2186,434.2,2.72477793693542
2187,434.4,1.77051746845245
2188,434.7,1.61848759651184
2189,434.9,2.78219199180603
2190,435.1,3.13495373725891
2191,435.2,2.18609523773193
2192,435.5,1.35990595817566
2193,435.7,1.39553928375244
2194,435.8,0.934309124946594
2195,436.0,2.34300398826599
2196,436.1,1.18592083454132
2197,436.3,2.0344135761261
2198,436.5,1.50932216644287
2199,436.7,1.65490508079529
2200,436.9,2.12101411819458
2201,437.1,2.62824535369873
2202,437.2,1.2153685092926
2203,437.3,1.67084860801697
2204,437.5,0.73688793182373
2205,437.7,1.48179125785828
2206,437.9,2.1719810962677
2207,438.0,1.30658650398254
2208,438.2,2.81207537651062
2209,438.3,1.61151766777039
2210,438.6,1.34753441810608
2211,438.8,1.61169195175171
2212,439.0,2.22521352767944
2213,439.1,1.87863743305206
2214,439.3,0.738281905651093
2215,439.5,1.43422198295593
2216,439.7,1.39884996414185
2217,439.8,0.926990747451782
2218,440.0,2.1506359577179
2219,440.2,2.16997742652893
2220,440.4,1.33281064033508
2221,440.5,0.718417823314667
2222,440.7,1.96279835700989
2223,440.9,2.20648193359375
2224,441.1,3.06081199645996
2225,441.3,2.28558993339539
2226,441.4,1.29578328132629
2227,441.7,1.73070216178894
2228,441.8,1.09940755367279
2229,441.9,2.55506181716919
2230,442.2,2.38726258277893
2231,442.4,1.4546959400177
2232,442.6,1.76833939552307
2233,442.8,2.76215362548828
2234,443.0,3.85520124435425
2235,443.1,1.7829761505127
2236,443.3,2.50627279281616
2237,443.5,1.26999473571777
2238,443.7,1.61935877799988
2239,443.8,1.13085901737213
2240,444.0,2.66448855400085
2241,444.1,2.66535973548889
2242,444.4,1.99485969543457
2243,444.6,2.54948592185974
2244,444.7,2.40346741676331
2245,444.9,5.74202823638916
2246,445.1,6.28105926513672
2247,445.2,3.5656909942627
2248,445.5,1.51071619987488
2249,445.7,2.49764776229858
2250,445.9,3.70456528663635
2251,446.0,3.50409483909607
2252,446.2,2.56316423416138
2253,446.4,0.810071468353271
2254,446.6,2.4326536655426
2255,446.7,2.26014995574951
2256,446.9,5.57022142410278
2257,447.1,5.94058179855347
2258,447.2,3.18025779724121
2259,447.4,1.34413659572601
2260,447.6,0.85659521818161
2261,447.8,2.46314692497253
2262,448.0,3.36722421646118
2263,448.2,3.07536149024963
2264,448.3,1.88543295860291
2265,448.5,0.74176687002182
2266,448.7,1.7829761505127
2267,448.8,1.10629034042358
2268,449.0,2.85624670982361
2269,449.2,2.27687740325928
2270,449.4,1.42211186885834
2271,449.5,1.35615956783295
2272,449.7,0.680344998836517
2273,449.9,1.42725217342377
2274,450.0,2.13713192939758
2275,450.2,0.994511246681213
2276,450.3,1.77530932426453
2277,450.6,1.22739148139954
2278,450.8,1.46689319610596
2279,451.0,1.62554454803467
2280,451.1,1.00792825222015
2281,451.3,1.4658477306366
2282,451.4,1.17381072044373
2283,451.6,0.56874018907547
2284,451.8,1.49390137195587
2285,452.0,1.96140444278717
2286,452.2,2.08146023750305
2287,452.4,1.93230533599854
2288,452.5,1.55628156661987
2289,452.8,1.36853110790253
2290,452.9,1.72625887393951
2291,453.2,1.68487536907196
2292,453.3,1.55602025985718
2293,453.5,0.507056951522827
2294,453.7,1.33185219764709
2295,453.9,1.51507234573364
2296,454.1,1.71981179714203
2297,454.2,0.596968114376068
2298,454.4,1.68809902667999
2299,454.6,1.17241680622101
2300,454.8,1.43892669677734
2301,455.0,1.85450422763824
2302,455.2,1.49921584129333
2303,455.3,1.19419765472412
2304,455.5,0.623453557491302
2305,455.7,1.35938322544098
2306,455.9,1.44851016998291
2307,456.0,0.983185231685638
2308,456.2,1.77530932426453
2309,456.3,1.58956265449524
2310,456.6,1.64749956130981
2311,456.8,1.99625372886658
2312,456.9,1.27260851860046
2313,457.1,2.50940918922424
2314,457.2,1.01759886741638
2315,457.3,1.56055057048798
2316,457.6,1.49294304847717
2317,457.8,1.79735147953033
2318,458.0,2.18104195594788
2319,458.1,0.883951902389526
2320,458.2,1.5761456489563
2321,458.5,1.88795959949493
2322,458.6,1.84396231174469
2323,458.8,5.99355268478394
2324,459.0,6.96305990219116
2325,459.1,5.23227024078369
2326,459.3,2.2265202999115
2327,459.6,2.0180344581604
2328,459.8,3.72338390350342
2329,459.9,2.16231060028076
2330,460.0,3.5941801071167
2331,460.2,2.28532838821411
2332,460.5,2.68618226051331
2333,460.7,9.74542617797852
2334,460.9,24.7462978363037
2335,461.0,14.5742292404175
2336,461.1,18.452953338623
2337,461.3,4.87166738510132
2338,461.6,3.08808159828186
2339,461.8,8.49146175384521
2340,461.9,6.62868118286133
2341,462.1,11.7701692581177
2342,462.2,4.96515083312988
2343,462.5,2.48867392539978
2344,462.7,4.30876445770264
2345,462.9,8.36330413818359
2346,463.1,8.18539810180664
2347,463.2,3.71554279327393
2348,463.4,1.73192191123962
2349,463.7,2.52334904670715
2350,463.9,3.61317300796509
2351,464.0,1.92002093791962
2352,464.1,2.75178599357605
2353,464.4,1.73148632049561
2354,464.5,0.763809025287628
2355,464.7,1.54181909561157
2356,464.9,2.07919502258301
2357,465.0,1.15124583244324
2358,465.1,1.8512806892395
2359,465.4,1.21841788291931
2360,465.5,0.554190635681152
2361,465.7,1.31390488147736
2362,465.8,0.769907653331757
2363,466.0,1.64105248451233
2364,466.2,1.89484226703644
2365,466.3,1.46140444278717
2366,466.6,1.10184705257416
2367,466.8,1.29012024402618
2368,466.9,1.328977227211
2369,467.1,1.46271121501923
2370,467.4,1.10202121734619
2371,467.5,1.19027709960938
2372,467.8,1.25178599357605
2373,467.9,0.698292374610901
2374,468.1,1.34039032459259
2375,468.3,1.4973863363266
2376,468.5,1.3171284198761
2377,468.7,1.01176166534424
2378,468.8,0.669890224933624
2379,469.0,1.51150023937225
2380,469.1,0.716762483119965
2381,469.2,1.52840220928192
2382,469.5,1.2571005821228
2383,469.6,0.684178411960602
2384,469.8,1.23784625530243
2385,470.0,1.42394149303436
2386,470.2,1.68417847156525
2387,470.3,0.703694045543671
2388,470.5,1.36382639408112
2389,470.7,1.30223035812378
2390,470.9,1.52125811576843
2391,471.0,0.789423227310181
2392,471.2,1.83577275276184
2393,471.3,0.592089235782623
2394,471.4,1.1178777217865
2395,471.7,1.37105762958527
2396,471.9,1.56542956829071
2397,472.0,0.862171113491058
2398,472.2,1.68897020816803
2399,472.3,0.784544348716736
2400,472.5,1.46340823173523
2401,472.7,2.52988314628601
2402,472.8,2.07152819633484
2403,472.9,4.87149333953857
2404,473.1,2.35868620872498
2405,473.2,3.05828547477722
2406,473.4,0.641313791275024
2407,473.6,1.49032938480377
2408,473.7,1.15211713314056
2409,473.9,2.57030844688416
2410,474.1,2.86417484283447
2411,474.3,2.20944404602051
2412,474.5,2.10245680809021
2413,474.7,8.666579246521
2414,474.9,40.2641563415527
2415,475.1,67.6763381958008
2416,475.2,25.1407909393311
2417,475.4,5.01332998275757
2418,475.7,6.30798053741455
2419,475.9,21.8067607879639
2420,476.1,30.9226341247559
2421,476.2,10.307544708252
2422,476.3,7.60620307922363
2423,476.6,3.09766507148743
2424,476.8,9.77713871002197
2425,477.0,17.9013767242432
2426,477.1,15.6659698486328
2427,477.3,5.54756927490234
2428,477.6,2.37506532669067
2429,477.8,4.31198835372925
2430,478.0,6.40913057327271
2431,478.1,6.54269027709961
2432,478.3,1.6572573184967
2433,478.4,2.1650984287262
2434,478.7,2.23105072975159
2435,478.9,3.37785339355469
2436,479.0,1.7324446439743
2437,479.1,3.57309627532959
2438,479.3,1.11822617053986
2439,479.5,1.37994420528412
2440,479.7,1.25178599357605
2441,479.9,2.0581111907959
2442,480.0,1.28689670562744
2443,480.2,1.92899465560913
2444,480.4,1.39797878265381
2445,480.6,1.18818604946136
2446,480.8,1.56995987892151
2447,481.0,1.81704127788544
2448,481.2,1.60951387882233
2449,481.3,0.689667165279388
2450,481.5,1.35581111907959
2451,481.7,1.03572046756744
2452,481.8,0.653249680995941
2453,482.0,1.38029277324677
2454,482.2,1.42359292507172
2455,482.3,0.601934134960175
2456,482.5,1.29726433753967
2457,482.6,0.674246370792389
2458,482.8,1.2606725692749
2459,483.0,1.530144572258
2460,483.2,1.15516638755798
2461,483.4,1.26842653751373
2462,483.5,0.645844221115112
2463,483.7,1.16849625110626
2464,483.9,1.42106640338898
2465,484.1,1.21562993526459
2466,484.3,1.20787596702576
2467,484.4,0.594354391098022
2468,484.6,1.33795082569122
2469,484.7,0.478567689657211
2470,484.8,1.40913045406342
2471,485.0,0.815734446048737
2472,485.2,1.38752400875092
2473,485.4,1.20622062683105
2474,485.6,1.13216590881348
2475,485.7,0.694197595119476
2476,485.9,1.18801188468933
2477,486.0,0.595051407814026
2478,486.2,1.3958877325058
2479,486.3,0.657867252826691
2480,486.4,1.23322880268097
2481,486.7,2.08119893074036
2482,486.9,2.52186799049377
2483,487.1,2.5846836566925
2484,487.2,2.04826617240906
2485,487.5,1.32096183300018
2486,487.7,1.282017827034
2487,487.9,1.91984665393829
2488,488.1,2.26224088668823
2489,488.2,1.69219374656677
2490,488.5,1.60637736320496
2491,488.7,7.48484039306641
2492,488.9,39.1626586914063
2493,489.0,35.611255645752
2494,489.1,50.0285758972168
2495,489.3,10.619532585144
2496,489.6,3.23592948913574
2497,489.8,11.8514547348022
2498,490.0,30.0926113128662
2499,490.1,24.7133655548096
2500,490.3,4.89806604385376
2501,490.4,3.26354765892029
2502,490.7,5.00278806686401
2503,490.9,15.9398851394653
2504,491.0,11.5365915298462
2505,491.1,18.6439266204834
2506,491.3,6.31076860427856
2507,491.5,1.05323231220245
2508,491.7,2.49320435523987
2509,491.9,6.41374826431274
2510,492.0,4.44650650024414
2511,492.1,7.21005392074585
2512,492.3,3.16222333908081
2513,492.5,0.739066064357758
2514,492.7,2.0360689163208
2515,492.8,1.6572573184967
2516,493.0,4.75483512878418
2517,493.1,4.46096897125244
2518,493.3,2.54600095748901
2519,493.6,1.3180867433548
2520,493.8,1.88848233222961
2521,494.0,2.36426210403442
2522,494.1,2.2955219745636
2523,494.4,1.41636168956757
2524,494.6,1.48213970661163
2525,494.8,1.72948253154755
2526,495.0,1.84073877334595
2527,495.2,1.75771045684814
2528,495.4,1.60097575187683
2529,495.6,0.955044448375702
2530,495.8,1.32932567596436
2531,496.0,1.6835685968399
2532,496.1,1.53641748428345
2533,496.4,1.11439275741577
2534,496.5,0.631207525730133
2535,496.7,1.22617185115814
2536,496.9,1.32357549667358
2537,497.1,1.54521691799164
2538,497.3,1.23288023471832
2539,497.5,1.38403904438019
2540,497.6,0.542690336704254
2541,497.8,1.12179827690125
2542,498.0,1.25178599357605
2543,498.1,0.617180705070496
2544,498.2,1.17564034461975
2545,498.5,0.925509691238403
2546,498.6,0.434570491313934
2547,498.8,1.1529883146286
2548,499.0,1.07823657989502
2549,499.2,1.35171627998352
2550,499.4,1.03092873096466
2551,499.6,1.29038155078888
2552,499.8,1.37794041633606
2553,499.9,1.61387002468109
2554,500.2,1.1352151632309
2555,500.4,1.28428292274475
2556,500.6,1.2117965221405
2557,500.8,1.5922634601593
2558,501.0,2.04939889907837
2559,501.2,1.58416104316711
2560,501.4,1.38543295860291
2561,501.6,1.54138350486755
2562,501.7,0.734448492527008
2563,501.9,1.5709183216095
2564,502.0,0.933437883853912
2565,502.2,1.6050705909729
2566,502.3,0.572399377822876
2567,502.5,1.61596095561981
2568,502.6,1.62502181529999
2569,502.8,8.96149158477783
2570,503.0,14.5973167419434
2571,503.1,13.4316082000732
2572,503.3,5.15351104736328
2573,503.6,2.11935877799988
2574,503.8,4.8619966506958
2575,504.0,8.21894073486328
2576,504.2,6.96645736694336
2577,504.3,2.2117965221405
2578,504.4,2.19654989242554
2579,504.7,3.12763547897339
2580,504.9,5.74769115447998
2581,505.0,6.40303182601929
2582,505.2,4.08651351928711
2583,505.4,1.11082065105438
2584,505.6,1.35467851161957
2585,505.7,1.10062730312347
2586,505.9,3.08782029151917
2587,506.1,3.39649772644043
2588,506.2,2.20700478553772
2589,506.4,1.45408606529236
2590,506.6,0.738891780376434
2591,506.8,2.50174236297607
2592,506.9,1.78942322731018
2593,507.1,3.69602727890015
2594,507.2,2.89179301261902
2595,507.5,1.58982396125793
2596,507.6,0.750740528106689
2597,507.8,1.72704303264618
2598,508.0,2.58032751083374
2599,508.2,2.19149684906006
2600,508.3,1.69428467750549
2601,508.5,0.512632846832275
2602,508.7,1.39736890792847
2603,508.9,1.63477957248688
2604,509.0,0.892228603363037
2605,509.2,1.79203689098358
2606,509.3,0.819132268428802
2607,509.5,1.23802053928375
2608,509.7,1.28907477855682
2609,509.8,0.630771934986115
2610,510.0,1.32113611698151
2611,510.1,0.612737417221069
2612,510.3,1.43561601638794
2613,510.4,0.534849286079407
2614,510.6,1.18609511852264
2615,510.8,1.46062028408051
2616,510.9,0.748039722442627
2617,511.0,1.5305802822113
2618,511.2,1.45312774181366
2619,511.4,0.627548336982727
2620,511.6,1.10254395008087
2621,511.7,0.624411940574646
2622,511.9,1.35328459739685
2623,512.1,1.39083468914032
2624,512.3,1.21144795417786
2625,512.5,1.07841086387634
2626,512.6,0.577888131141663
2627,512.8,1.2442934513092
2628,513.0,1.22294819355011
2629,513.2,1.53040599822998
2630,513.4,1.11918449401855
2631,513.6,1.15481793880463
2632,513.8,1.03685307502747
2633,513.9,0.669977366924286
2634,514.1,1.50400769710541
2635,514.2,1.25927865505219
2636,514.5,1.09609687328339
2637,514.6,0.562641561031342
2638,514.8,1.47926473617554
2639,515.0,1.64506006240845
2640,515.1,0.652901172637939
2641,515.3,1.49520826339722
2642,515.5,1.140181183815
2643,515.6,0.573444843292236
2644,515.8,1.65385961532593
2645,515.9,0.710141122341156
2646,516.1,1.1999477148056
2647,516.3,1.22416794300079
2648,516.5,1.12746119499207
2649,516.7,1.55898237228394
2650,516.8,0.751611769199371
2651,517.0,1.67424643039703
2652,517.2,1.86060285568237
2653,517.3,1.3489283323288
2654,517.6,0.93256664276123
2655,517.8,1.47421157360077
2656,518.0,1.4290816783905
2657,518.1,1.64357900619507
2658,518.4,1.44424116611481
2659,518.5,0.704826653003693
2660,518.7,2.41209268569946
2661,518.8,1.7324446439743
2662,518.9,3.71449732780457
2663,519.1,1.69864082336426
2664,519.3,2.62807106971741
2665,519.4,0.952169358730316
2666,519.6,1.34483361244202
2667,519.8,2.03110289573669
2668,519.9,1.26572573184967
2669,520.1,2.20561075210571
2670,520.3,1.97429871559143
2671,520.5,1.58250570297241
2672,520.7,3.12136268615723
2673,520.9,4.98919677734375
2674,521.1,4.64218521118164
2675,521.2,1.85833764076233
2676,521.3,2.07658123970032
2677,521.6,1.74490332603455
2678,521.8,2.73070216178894
2679,522.0,3.26799082756042
2680,522.2,2.61204051971436
2681,522.4,1.57335770130157
2682,522.6,1.4973863363266
2683,522.8,1.95007836818695
2684,523.0,2.36121273040771
2685,523.2,2.08363819122314
2686,523.4,1.33237493038177
2687,523.6,1.13809025287628
2688,523.8,1.73793339729309
2689,524.0,1.38647842407227
2690,524.2,1.53432655334473
2691,524.3,0.616483688354492
2692,524.5,1.0554975271225
2693,524.7,1.1273740530014
2694,524.8,0.673636496067047
2695,525.0,1.40399026870728
2696,525.1,0.662658989429474
2697,525.3,0.981965482234955
2698,525.5,1.1171807050705
2699,525.6,0.453476220369339
2700,525.8,1.08999824523926
2701,526.0,1.24446773529053
2702,526.1,0.484056442975998
2703,526.3,1.29656732082367
2704,526.4,0.583899617195129
2705,526.5,1.01454961299896
2706,526.8,1.07196378707886
2707,526.9,0.675466120243073
2708,527.1,1.16222333908081
2709,527.2,0.524046003818512
2710,527.3,1.12702560424805
2711,527.5,0.909914612770081
2712,527.8,1.04608821868896
2713,527.9,1.17354941368103
2714,528.2,1.25178599357605
2715,528.3,0.569088697433472
2716,528.5,0.916971623897552
2717,528.7,1.12615442276001
2718,528.8,0.610385060310364
2719,529.0,1.16021955013275
2720,529.2,1.12022995948792
2721,529.3,0.584596633911133
2722,529.5,1.09139227867126
2723,529.7,0.964366614818573
2724,529.9,0.962537050247192
2725,530.1,1.04164493083954
2726,530.3,0.768687903881073
2727,530.4,0.49268165230751
2728,530.6,0.977957844734192
2729,530.8,1.17912530899048
2730,530.9,0.642969131469727
2731,531.0,1.43396067619324
2732,531.2,0.629029452800751
2733,531.3,1.29665446281433
2734,531.6,1.15577626228333
2735,531.7,0.512632846832275
2736,531.9,1.18783760070801
2737,532.1,1.13059771060944
2738,532.3,1.29717719554901
2739,532.5,1.35502696037292
2740,532.7,2.48022294044495
2741,532.8,1.68827319145203
2742,533.0,3.62136268615723
2743,533.1,1.54234182834625
2744,533.2,2.3607771396637
2745,533.5,1.18914449214935
2746,533.6,0.880902588367462
2747,533.8,1.99276876449585
2748,534.0,2.47325325012207
2749,534.2,2.10463500022888
2750,534.4,1.84134864807129
2751,534.5,1.27862000465393
2752,534.7,7.00104570388794
2753,534.9,14.6150894165039
2754,535.1,16.1630954742432
2755,535.2,9.38499736785889
2756,535.4,2.72826266288757
2757,535.7,4.67145824432373
2758,535.9,8.07327079772949
2759,536.1,9.04661083221436
2760,536.2,5.72155427932739
2761,536.5,2.30824184417725
2762,536.7,3.37131905555725
2763,536.9,6.01158761978149
2764,537.1,6.59243774414063
2765,537.2,3.40521001815796
2766,537.4,0.854417145252228
2767,537.6,1.56368708610535
2768,537.8,2.49538254737854
2769,538.0,3.28201770782471
2770,538.2,2.84509491920471
2771,538.4,1.67564034461975
2772,538.6,1.17781841754913
2773,538.8,1.57858514785767
2774,538.9,1.07266068458557
2775,539.1,2.08790731430054
2776,539.3,1.608642578125
2777,539.4,0.572486519813538
2778,539.5,0.965499222278595
2779,539.7,0.568827331066132
2780,539.9,1.36914098262787
2781,540.1,1.51193583011627
2782,540.3,1.27879416942596
2783,540.4,0.459836214780807
2784,540.6,1.04591393470764
2785,540.8,1.11125636100769
2786,541.0,1.23261892795563
2787,541.1,0.95548003911972
2788,541.4,1.25274443626404
2789,541.5,0.362084001302719
2790,541.7,1.22991812229156
2791,541.8,0.510803282260895
2792,542.0,1.02369749546051
2793,542.1,0.559679388999939
2794,542.3,1.12232100963593
2795,542.5,1.02587556838989
2796,542.6,0.992681622505188
2797,542.9,0.840303182601929
2798,543.1,1.03702735900879
2799,543.2,0.406778186559677
2800,543.3,1.20561075210571
2801,543.6,0.808677494525909
2802,543.8,0.973601698875427
2803,544.0,1.02648544311523
2804,544.1,0.71885347366333
2805,544.3,1.12258231639862
2806,544.5,1.32584071159363
2807,544.6,0.976476728916168
2808,544.9,1.04286456108093
2809,545.0,0.588255822658539
2810,545.2,1.12676429748535
2811,545.4,1.23531973361969
2812,545.6,1.22469067573547
2813,545.8,1.06481969356537
2814,545.9,0.501568198204041
2815,546.1,1.11099493503571
2816,546.3,1.26825225353241
2817,546.4,1.09243774414063
2818,546.6,0.64985191822052
2819,546.8,2.03667879104614
2820,546.9,0.914096534252167
2821,547.1,2.29682874679565
2822,547.3,2.12031722068787
2823,547.4,0.732618927955627
2824,547.6,1.06804323196411
2825,547.8,1.27260851860046
2826,548.0,1.75509667396545
2827,548.1,0.920369386672974
2828,548.3,1.57623279094696
2829,548.4,0.684614062309265
2830,548.6,2.64366602897644
2831,548.7,3.8693151473999
2832,548.9,25.8640880584717
2833,549.1,45.5011329650879
2834,549.2,26.4835338592529
2835,549.4,5.92812347412109
2836,549.7,5.1302490234375
2837,549.9,15.0509672164917
