#"+ Scan (rt: 4.977-39.999 min, 11478 scans) MYRRH_160726_3.D "
#Point,X(Thompsons),Y(Counts)
0,45.2,4028.98193359375
1,45.3,19.0810241699219
2,45.7,0.237410694360733
3,45.9,13.0943546295166
4,46.1,225.014465332031
5,46.2,219.001739501953
6,46.4,6.10768413543701
7,46.6,7.09661960601807
8,46.8,7.77313137054443
9,46.9,18.6538600921631
10,47.1,259.855102539063
11,47.2,328.922973632813
12,47.4,5.10751008987427
13,47.7,3.91017603874207
14,47.9,21.7939529418945
15,48.1,63.1609153747559
16,48.2,40.2993545532227
17,48.4,5.34317827224731
18,48.7,3.29543471336365
19,48.9,13.2709531784058
20,49.1,143.200210571289
21,49.2,144.990676879883
22,49.3,37.4586181640625
23,49.5,0.74150550365448
24,49.8,1.03911828994751
25,50.0,44.2924728393555
26,50.2,1606.87780761719
27,50.3,44.4952087402344
28,50.6,0.429604470729828
29,50.8,0.462885528802872
30,51.0,27.7740020751953
31,51.2,2730.98974609375
32,51.3,50.0016555786133
33,51.6,0.276616126298904
34,51.8,0.708572924137115
35,52.0,31.6306838989258
36,52.2,2004.4140625
37,52.3,92.396842956543
38,52.5,0.767468214035034
39,52.8,0.266074240207672
40,53.0,19.7214679718018
41,53.2,3876.79028320313
42,53.3,56.2807121276855
43,53.5,0.160655170679092
44,53.7,0.349625378847122
45,53.8,0.317041307687759
46,54.0,22.7408084869385
47,54.2,3236.779296875
48,54.3,93.771125793457
49,54.5,0.407388061285019
50,54.8,0.0395539291203022
51,55.0,6.5723991394043
52,55.2,6781.4775390625
53,55.3,59.5253524780273
54,55.6,0.046088170260191
55,55.8,0.277661621570587
56,56.0,16.0342388153076
57,56.2,3495.037109375
58,56.3,122.983360290527
59,56.5,0.300313651561737
60,56.6,0.0715281441807747
61,56.9,1.07117962837219
62,57.1,305.597045898438
63,57.2,5652.37109375
64,57.4,2.9527792930603
65,57.7,0.606813013553619
66,57.9,9.44345664978027
67,58.1,395.707977294922
68,58.2,1525.84765625
69,58.4,13.4418020248413
70,58.7,51.8651351928711
71,58.8,1.70186448097229
72,59.0,64.4381408691406
73,59.2,1911.09875488281
74,59.3,59.396671295166
75,59.5,0.398414343595505
76,59.8,1.29918098449707
77,60.0,55.2199859619141
78,60.2,3339.48046875
79,60.3,28.6437530517578
80,60.6,0.741592586040497
81,60.8,1.50540161132813
82,61.0,86.2951736450195
83,61.2,972.298889160156
84,61.3,26.162223815918
85,61.5,0.38630422949791
86,61.7,1.17738282680511
87,61.8,1.86190974712372
88,62.0,73.4668045043945
89,62.2,649.004638671875
90,62.3,36.2073516845703
91,62.5,0.874542593955994
92,62.7,0.237497821450233
93,62.9,7.44241142272949
94,63.1,633.164123535156
95,63.2,1066.65026855469
96,63.4,2.48475337028503
97,63.6,0.336731135845184
98,63.8,3.24594879150391
99,64.0,82.7689514160156
100,64.2,939.0966796875
101,64.3,69.0362396240234
102,64.5,1.53476214408875
103,64.7,0.346227556467056
104,64.9,5.20020914077759
105,65.1,589.459899902344
106,65.2,1998.36682128906
107,65.4,2.41148281097412
108,65.7,1.13146889209747
109,65.9,9.17520427703857
110,66.1,537.278442382813
111,66.2,1626.53845214844
112,66.4,3.60036587715149
113,66.6,0.338647842407227
114,66.8,0.372016042470932
115,67.0,23.1842651367188
116,67.2,3308.19750976563
117,67.3,67.4574813842773
118,67.5,0.181390479207039
119,67.8,0.410698741674423
120,68.0,28.1131725311279
121,68.2,3699.81591796875
122,68.3,64.0443420410156
123,68.5,0.538682699203491
124,68.7,0.363129466772079
125,69.0,19.9095668792725
126,69.2,6188.34228515625
127,69.3,37.9190635681152
128,69.6,0.313730627298355
129,69.8,1.04382300376892
130,70.0,26.161003112793
131,70.2,3878.77612304688
132,70.3,73.5384216308594
133,70.5,1.51420104503632
134,70.8,1.44302141666412
135,71.0,43.1097755432129
136,71.2,3282.27294921875
137,71.3,53.5500946044922
138,71.6,1.65220427513123
139,71.8,3.71092534065247
140,72.0,55.3108558654785
141,72.2,1181.62719726563
142,72.3,74.7619781494141
143,72.4,6.45539283752441
144,72.9,0.299529522657394
145,73.1,1084.42529296875
146,73.2,5120.80712890625
147,73.4,0.0395539291203022
148,73.8,0.208311557769775
149,74.0,90.6816482543945
150,74.2,1374.69555664063
151,74.3,47.9053840637207
152,74.6,0.18931870162487
153,74.9,2.65690875053406
154,75.1,952.883422851563
155,75.2,865.528381347656
156,75.4,0.504181921482086
157,75.7,0.439710736274719
158,75.9,18.0039196014404
159,76.1,457.290802001953
160,76.2,435.202301025391
161,76.4,8.2673807144165
162,76.6,0.223035365343094
163,76.8,0.0534065179526806
164,77.0,32.6803436279297
165,77.2,3710.33032226563
166,77.3,20.2305278778076
167,77.5,0.0639484226703644
168,77.7,0.0763199180364609
169,77.9,3.36190962791443
170,78.1,741.887512207031
171,78.2,1435.85913085938
172,78.4,2.57640695571899
173,78.9,0.908782005310059
174,79.1,952.684204101563
175,79.2,2163.50512695313
176,79.4,0.212667718529701
177,79.6,0.0278794206678867
178,79.8,0.679822266101837
179,80.0,42.6459312438965
180,80.2,3144.25927734375
181,80.3,66.9766540527344
182,80.5,0.392141491174698
183,80.8,0.183481439948082
184,81.0,36.2951736450195
185,81.2,4172.49072265625
186,81.3,37.7285232543945
187,81.4,1.31834816932678
188,81.6,0.104809202253819
189,81.8,2.37410688400269
190,82.0,61.0085372924805
191,82.2,3229.18115234375
192,82.3,65.9806594848633
193,82.5,1.07623279094696
194,82.7,2.13312435150146
195,82.9,10.3822965621948
196,83.1,725.030029296875
197,83.2,1784.62548828125
198,83.4,6.46619606018066
199,83.5,3.30824184417725
200,83.7,1.09217631816864
201,83.9,11.269907951355
202,84.1,1022.44311523438
203,84.2,2337.50170898438
204,84.4,3.84579205513
205,84.6,0.248910963535309
206,84.8,1.71963751316071
207,85.0,55.5789337158203
208,85.2,3740.74658203125
209,85.3,25.8721027374268
210,85.5,0.940233469009399
211,85.8,2.52953481674194
212,86.0,57.6123008728027
213,86.2,1659.68432617188
214,86.3,44.0602035522461
215,86.5,0.61482834815979
216,86.7,0.604983448982239
217,86.9,17.9643669128418
218,87.1,759.3916015625
219,87.2,679.936401367188
220,87.4,3.44485092163086
221,87.6,3.04347443580627
222,87.8,8.65682220458984
223,88.0,139.681045532227
224,88.1,537.482482910156
225,88.3,47.0900001525879
226,88.5,1.75361561775208
227,88.7,1.71432304382324
228,88.8,1.99895453453064
229,89.0,138.514282226563
230,89.2,1639.4423828125
231,89.3,26.9876289367676
232,89.6,2.49207186698914
233,89.8,9.68043231964111
234,90.0,97.8020553588867
235,90.2,951.016723632813
236,90.3,64.5648193359375
237,90.5,0.953563332557678
238,91.0,24.4004173278809
239,91.2,4740.5400390625
240,91.3,27.8274097442627
241,91.6,0.0475692637264729
242,91.9,9.15882587432861
243,92.1,731.611267089844
244,92.2,991.271240234375
245,92.4,3.27339267730713
246,92.6,0.0588081553578377
247,92.8,0.380031377077103
248,93.0,53.8376884460449
249,93.2,2499.1865234375
250,93.3,63.2428131103516
251,93.5,0.300226509571075
252,93.8,0.955654323101044
253,94.0,46.6455841064453
254,94.2,4390.81689453125
255,94.3,47.772087097168
256,94.5,0.921850502490997
257,94.8,0.897543132305145
258,95.0,35.150634765625
259,95.2,7096.69677734375
260,95.3,63.1198806762695
261,95.5,0.143230527639389
262,96.0,64.6643981933594
263,96.1,5736.35595703125
264,96.3,37.0188179016113
265,96.6,0.537288725376129
266,96.8,20.8945808410645
267,97.0,157.434219360352
268,97.2,2959.81665039063
269,97.3,31.8608646392822
270,97.6,1.30057501792908
271,97.8,4.76877498626709
272,98.0,85.8955383300781
273,98.1,3116.53564453125
274,98.3,26.0263977050781
275,98.6,1.16274607181549
276,98.8,3.16858339309692
277,99.0,89.2806243896484
278,99.1,1585.279296875
279,99.3,29.9191493988037
280,99.6,2.16466283798218
281,99.8,5.04399728775024
282,100.0,114.181648254395
283,100.1,1264.61096191406
284,100.3,30.6007137298584
285,100.4,5.91618728637695
286,100.6,0.649416267871857
287,100.8,4.09235048294067
288,101.0,174.755096435547
289,101.1,1271.74182128906
290,101.3,18.5928726196289
291,101.6,1.69114828109741
292,101.8,5.99581813812256
293,102.0,137.28515625
294,102.1,1013.69097900391
295,102.3,34.5732688903809
296,102.5,0.607161521911621
297,102.6,0.195155948400497
298,102.9,9.95547962188721
299,103.1,1447.9462890625
300,103.2,753.796630859375
301,103.3,14.4407558441162
302,103.6,0.479700297117233
303,103.7,1.22939538955688
304,103.9,24.77809715271
305,104.0,111.971771240234
306,104.2,1379.3876953125
307,104.3,39.7614555358887
308,104.5,1.07483887672424
309,104.8,0.567346215248108
310,105.0,84.7530899047852
311,105.1,1120.27026367188
312,105.2,1085.26477050781
313,105.4,0.769820511341095
314,105.6,0.071266770362854
315,105.8,1.64636695384979
316,106.0,83.7652893066406
317,106.2,1776.52478027344
318,106.3,55.1519432067871
319,106.5,1.28227913379669
320,106.7,0.214584425091743
321,106.9,5.87219047546387
322,107.1,1390.169921875
323,107.2,2705.0966796875
324,107.4,1.84683740139008
325,107.6,0.481965512037277
326,107.8,1.35180342197418
327,108.0,58.0906066894531
328,108.2,3226.17919921875
329,108.3,41.8238372802734
330,108.5,1.25396406650543
331,108.8,1.67259109020233
332,109.0,62.6572570800781
333,109.2,2924.62451171875
334,109.3,42.0321502685547
335,109.5,0.945635139942169
336,109.8,2.94180178642273
337,109.9,11.157431602478
338,110.1,1460.77282714844
339,110.2,1234.95422363281
340,110.4,3.54042506217957
341,110.7,2.04547834396362
342,110.9,16.2731304168701
343,111.1,1155.20056152344
344,111.2,983.544494628906
345,111.4,4.85694360733032
346,111.7,2.52866363525391
347,111.9,18.3877849578857
348,112.1,2337.54736328125
349,112.2,827.027954101563
350,112.4,3.47046518325806
351,112.6,3.44424104690552
352,112.8,7.00243949890137
353,112.9,18.6695423126221
354,113.1,800.475341796875
355,113.2,405.355804443359
356,113.4,2.75039196014404
357,113.5,3.02073526382446
358,113.8,6.22355794906616
359,114.0,120.498695373535
360,114.1,1222.07250976563
361,114.3,31.3523254394531
362,114.5,0.4236800968647
363,114.7,0.384126156568527
364,114.8,0.571353912353516
365,115.0,122.517601013184
366,115.1,2365.74243164063
367,115.3,18.1864433288574
368,115.5,0.146366968750954
369,115.8,0.952169358730316
370,116.0,137.176864624023
371,116.1,2708.85229492188
372,116.3,18.3521518707275
373,116.4,0.867659866809845
374,116.6,0.124586164951324
375,116.8,0.638700127601624
376,117.0,110.646278381348
377,117.2,3351.15600585938
378,117.3,13.1433172225952
379,117.5,0.0581111684441566
380,117.7,0.376720696687698
381,117.9,17.4300403594971
382,118.1,964.565673828125
383,118.2,720.592590332031
384,118.4,3.49843168258667
385,118.5,0.801794767379761
386,118.7,0.140006974339485
387,118.9,5.42664241790771
388,119.1,1342.99060058594
389,119.2,710.39990234375
390,119.3,20.0554103851318
391,119.5,0.321136087179184
392,119.8,3.29952955245972
393,120.0,102.555236816406
394,120.2,1640.04638671875
395,120.3,40.3222694396973
396,120.5,0.773131191730499
397,120.7,0.331068128347397
398,120.9,6.78341197967529
399,121.1,1248.29528808594
400,121.2,1120.21252441406
401,121.4,1.61073362827301
402,121.6,0.157518729567528
403,121.8,2.93727135658264
404,122.0,85.1224060058594
405,122.2,1867.40686035156
406,122.3,34.9142723083496
407,122.5,1.21510720252991
408,122.7,0.460707426071167
409,122.9,11.6652727127075
410,123.1,1004.24096679688
411,123.2,907.081604003906
412,123.4,4.05880832672119
413,123.6,0.345007836818695
414,123.8,3.68870878219604
415,124.0,81.1383514404297
416,124.1,976.957824707031
417,124.2,822.87939453125
418,124.4,4.66867065429688
419,124.6,0.579194962978363
420,124.8,5.76772975921631
421,125.0,128.934310913086
422,125.1,1545.60583496094
423,125.3,31.9860610961914
424,125.4,9.81312084197998
425,125.7,6.60141134262085
426,125.9,30.8876113891602
427,126.1,1640.20068359375
428,126.2,465.578399658203
429,126.4,3.09261202812195
430,126.6,2.85119366645813
431,126.8,7.51864433288574
432,127.0,138.883087158203
433,127.1,1017.26287841797
434,127.3,24.4871921539307
435,127.5,1.56569087505341
436,127.8,2.89641046524048
437,128.0,121.127113342285
438,128.1,1797.37902832031
439,128.3,26.8931007385254
440,128.6,0.73401290178299
441,128.8,1.79264676570892
442,129.0,123.61840057373
443,129.1,1598.98583984375
444,129.3,16.943717956543
445,129.6,0.305889517068863
446,129.7,0.399895459413528
447,129.9,13.812162399292
448,130.1,1091.21423339844
449,130.2,1506.92944335938
450,130.4,2.25683927536011
451,130.5,0.54608815908432
452,130.8,1.43413484096527
453,131.0,102.181648254395
454,131.1,1320.21960449219
455,131.2,1205.91394042969
456,131.4,1.32427251338959
457,131.5,0.578062355518341
458,131.8,3.01123881340027
459,132.0,108.534149169922
460,132.1,1408.18896484375
461,132.3,32.5084495544434
462,132.5,0.137480393052101
463,132.7,0.331503748893738
464,132.9,7.43579006195068
465,133.1,2564.15307617188
466,133.2,580.448791503906
467,133.4,0.36339083313942
468,133.7,0.421763360500336
469,133.9,30.8069343566895
470,134.1,1142.45178222656
471,134.2,554.32861328125
472,134.4,1.45487022399902
473,134.5,0.635476589202881
474,134.8,1.19097399711609
475,135.0,91.5493087768555
476,135.1,2074.25024414063
477,135.3,16.26633644104
478,135.5,0.256229311227798
479,135.7,0.274873673915863
480,135.9,11.6136083602905
481,136.1,1150.50231933594
482,136.2,588.252746582031
483,136.4,1.78942322731018
484,136.5,0.8627809882164
485,136.8,2.26520299911499
486,137.0,142.633041381836
487,137.1,1655.00537109375
488,137.3,14.013765335083
489,137.6,0.560463488101959
490,137.8,4.1017599105835
491,138.0,112.995292663574
492,138.1,1313.28771972656
493,138.3,24.4098281860352
494,138.5,1.50496602058411
495,138.8,4.25143766403198
496,139.0,131.299011230469
497,139.1,1045.31811523438
498,139.3,19.5494861602783
499,139.5,0.840041816234589
500,139.7,1.87576234340668
501,139.9,19.6812152862549
502,140.1,712.389343261719
503,140.2,297.262847900391
504,140.4,3.24734282493591
505,140.6,1.6496776342392
506,140.8,4.39039897918701
507,141.0,131.375762939453
508,141.1,925.48974609375
509,141.3,25.2838478088379
510,141.6,1.38133823871613
511,141.7,0.724080860614777
512,141.9,23.6481971740723
513,142.1,630.982727050781
514,142.2,271.039123535156
515,142.4,3.39580059051514
516,142.7,1.20926988124847
517,142.9,15.4412794113159
518,143.0,117.186096191406
519,143.1,1171.50927734375
520,143.3,23.0351982116699
521,143.6,0.744467675685883
522,143.8,3.74716854095459
523,144.0,112.09992980957
524,144.1,1243.66442871094
525,144.3,26.7504787445068
526,144.5,1.35694372653961
527,144.8,2.6484580039978
528,145.0,112.562202453613
529,145.1,1678.22814941406
530,145.3,18.0789337158203
531,145.6,0.57440322637558
532,145.8,4.01097774505615
533,146.0,128.957489013672
534,146.1,828.64111328125
535,146.2,463.113159179688
536,146.4,2.33978033065796
537,146.7,0.758581638336182
538,146.9,6.49303007125854
539,147.1,1795.11938476563
540,147.2,517.541809082031
541,147.3,7.05035734176636
542,147.6,0.418278455734253
543,147.8,1.96706748008728
544,148.0,129.4716796875
545,148.1,1318.24975585938
546,148.3,23.747953414917
547,148.5,0.565952241420746
548,148.7,0.714323043823242
549,148.9,17.9661083221436
550,149.1,1105.87475585938
551,149.2,369.2333984375
552,149.3,12.4145317077637
553,149.5,0.321745961904526
554,149.7,1.19454610347748
555,149.9,23.4664573669434
556,150.1,762.314270019531
557,150.2,374.075622558594
558,150.4,3.23383855819702
559,150.7,1.62266945838928
560,150.9,21.3339424133301
561,151.1,1488.09655761719
562,151.2,393.602447509766
563,151.4,1.03275835514069
564,151.6,0.670325815677643
565,151.8,3.67686009407043
566,151.9,16.3313293457031
567,152.1,1093.93371582031
568,152.2,483.530914306641
569,152.4,1.78872621059418
570,152.6,0.323749780654907
571,152.8,5.14340496063232
572,152.9,19.5539283752441
573,153.1,676.983642578125
574,153.2,280.152282714844
575,153.3,19.4345703125
576,153.5,1.17503046989441
577,153.7,1.00757968425751
578,153.9,22.6153507232666
579,154.1,907.165954589844
580,154.2,423.746826171875
581,154.4,3.86818265914917
582,154.7,2.28785490989685
583,154.9,25.5429515838623
584,155.1,668.715087890625
585,155.2,288.49365234375
586,155.4,2.61291170120239
587,155.6,2.00121974945068
588,155.7,1.49878025054932
589,155.9,23.7372360229492
590,156.1,557.972900390625
591,156.2,251.671630859375
592,156.4,4.40512275695801
593,156.6,0.816779911518097
594,156.8,4.72800159454346
595,157.0,129.479873657227
596,157.1,627.032958984375
597,157.2,298.015686035156
598,157.4,2.46445369720459
599,157.5,1.20282280445099
600,157.8,4.56638765335083
601,158.0,113.415138244629
602,158.1,501.366271972656
603,158.2,302.312347412109
604,158.4,3.55889534950256
605,158.7,1.31085550785065
606,158.8,2.6392228603363
607,159.0,121.626327514648
608,159.1,1031.83801269531
609,159.3,18.1449737548828
610,159.5,1.00723123550415
611,159.8,4.15403366088867
612,160.0,119.104110717773
613,160.1,567.997192382813
614,160.2,307.981689453125
615,160.4,3.07832384109497
616,160.5,0.982923865318298
617,160.8,5.83768939971924
618,161.0,222.022994995117
619,161.1,755.154113769531
620,161.2,298.634857177734
621,161.4,1.64401459693909
622,161.7,2.04478120803833
623,161.9,32.1603927612305
624,162.1,835.979187011719
625,162.2,270.436309814453
626,162.4,2.87088346481323
627,162.7,2.25047922134399
628,162.9,54.1765098571777
629,163.1,999.22216796875
630,163.2,211.932922363281
631,163.4,1.35241329669952
632,163.6,0.513068497180939
633,163.8,8.39754295349121
634,163.9,25.4412784576416
635,164.1,775.945739746094
636,164.2,230.87776184082
637,164.3,17.5465240478516
638,164.5,0.59296041727066
639,164.7,1.31041991710663
640,164.9,30.7544860839844
641,165.1,1101.70288085938
642,165.2,337.416198730469
643,165.4,0.784195840358734
644,165.6,0.474298655986786
645,165.8,5.01777315139771
646,166.0,205.383697509766
647,166.1,1209.74389648438
648,166.3,8.49407577514648
649,166.4,1.50906085968018
650,166.7,1.53937971591949
651,166.9,25.5480918884277
652,167.1,848.546508789063
653,167.2,264.488586425781
654,167.4,1.39127027988434
655,167.6,0.964366614818573
656,167.8,5.67154550552368
657,168.0,130.638961791992
658,168.1,1041.97497558594
659,168.3,16.1008892059326
660,168.6,1.22216415405273
661,168.7,1.25823318958282
662,168.9,22.3133811950684
663,169.1,546.729919433594
664,169.2,242.155609130859
665,169.4,2.14392757415771
666,169.5,1.32723474502563
667,169.8,5.63373422622681
668,170.0,117.718856811523
669,170.1,682.099670410156
670,170.3,21.1433181762695
671,170.5,1.97203350067139
672,170.8,4.60594177246094
673,171.0,125.221382141113
674,171.1,812.049987792969
675,171.3,19.167537689209
676,171.5,1.28585124015808
677,171.7,1.3522390127182
678,171.9,19.1128253936768
679,172.1,679.846862792969
680,172.2,241.474731445313
681,172.4,2.61204051971436
682,172.6,1.50017428398132
683,172.8,3.72495198249817
684,173.0,133.82470703125
685,173.1,832.373352050781
686,173.3,19.3930130004883
687,173.6,1.30571532249451
688,173.8,4.48649597167969
689,174.0,127.775573730469
690,174.1,503.98388671875
691,174.2,219.966888427734
692,174.4,3.15220427513123
693,174.7,1.9760410785675
694,174.9,24.9949474334717
695,175.0,121.523002624512
696,175.1,715.281433105469
697,175.3,20.2436828613281
698,175.5,0.834030330181122
699,175.7,2.64148807525635
700,175.9,38.7606735229492
701,176.0,170.22966003418
702,176.1,727.649230957031
703,176.3,12.3077192306519
704,176.4,1.92855894565582
705,176.7,1.2255619764328
706,176.9,42.23828125
707,177.1,1143.61975097656
708,177.2,140.38395690918
709,177.4,0.903641760349274
710,177.7,1.63887441158295
711,177.9,42.600715637207
712,178.1,704.093933105469
713,178.2,204.597747802734
714,178.4,1.97490847110748
715,178.6,0.888046681880951
716,178.8,4.10419940948486
717,178.9,31.830545425415
718,179.1,975.262268066406
719,179.2,219.794128417969
720,179.3,7.69053840637207
721,179.5,0.280972301959991
722,179.7,1.00696980953217
723,179.9,27.9848403930664
724,180.1,702.278686523438
725,180.2,219.309982299805
726,180.3,12.7252130508423
727,180.6,0.946767747402191
728,180.8,6.92246055603027
729,180.9,24.0940933227539
730,181.1,582.382568359375
731,181.2,221.417404174805
732,181.4,2.93439626693726
733,181.7,1.70656907558441
734,181.9,26.6335601806641
735,182.1,711.492309570313
736,182.2,216.219467163086
737,182.4,2.73401284217834
738,182.6,0.654643654823303
739,182.8,5.4527792930603
740,182.9,19.7889003753662
741,183.1,498.431182861328
742,183.2,218.672943115234
743,183.4,3.47177219390869
744,183.6,0.661700665950775
745,183.8,5.69454622268677
746,184.0,111.984840393066
747,184.1,569.114501953125
748,184.3,16.7252998352051
749,184.4,3.01376557350159
750,184.7,1.64314341545105
751,184.9,17.4157524108887
752,185.1,538.256408691406
753,185.2,260.566925048828
754,185.4,4.3621711730957
755,185.6,0.664401471614838
756,185.8,4.73244476318359
757,186.0,133.078323364258
758,186.1,1439.0537109375
759,186.3,15.8883085250854
760,186.5,1.40425157546997
761,186.8,4.7862868309021
762,187.0,131.791946411133
763,187.1,721.131469726563
764,187.3,19.2019519805908
765,187.5,0.945809364318848
766,187.7,1.90303194522858
767,187.8,3.60472202301025
768,188.0,125.093048095703
769,188.1,389.941711425781
770,188.2,165.273300170898
771,188.4,3.55994081497192
772,188.7,1.67581462860107
773,188.9,32.4552192687988
774,189.1,603.634765625
775,189.2,172.202209472656
776,189.4,2.55279660224915
777,189.7,1.84709882736206
778,189.9,24.2902069091797
779,190.1,451.985015869141
780,190.2,152.085205078125
781,190.4,1.85197770595551
782,190.7,2.18757629394531
783,190.9,22.7581462860107
784,191.0,1009.6123046875
785,191.1,1260.88696289063
786,191.3,7.40451288223267
787,191.5,0.316082954406738
788,191.7,1.32017767429352
789,191.9,34.671459197998
790,192.1,812.36328125
791,192.2,164.17790222168
792,192.4,1.76285064220428
793,192.7,2.53127717971802
794,192.8,5.6299877166748
795,193.0,611.610717773438
796,193.1,1290.94226074219
797,193.2,116.677558898926
798,193.4,0.78863912820816
799,193.7,1.48771560192108
800,193.9,43.4009399414063
801,194.1,704.219116210938
802,194.2,215.861129760742
803,194.3,11.0577630996704
804,194.5,0.951385259628296
805,194.8,5.93404769897461
806,194.9,29.3303718566895
807,195.1,710.263977050781
808,195.2,172.963668823242
809,195.4,1.85528838634491
810,195.6,0.385868608951569
811,195.8,5.9639310836792
812,195.9,24.5473079681396
813,196.1,491.354583740234
814,196.2,161.725479125977
815,196.3,13.7787942886353
816,196.5,0.799703776836395
817,196.7,1.90782368183136
818,196.9,21.6540336608887
819,197.1,510.109771728516
820,197.2,228.735321044922
821,197.4,3.11831331253052
822,197.6,0.519689857959747
823,197.8,5.69864082336426
824,198.0,114.411483764648
825,198.1,413.068115234375
826,198.3,21.7470817565918
827,198.5,0.739153146743774
828,198.7,1.9819655418396
829,198.9,20.0638618469238
830,199.1,539.434020996094
831,199.2,180.691146850586
832,199.4,3.87985706329346
833,199.6,0.785938322544098
834,199.8,6.20822429656982
835,200.0,122.118576049805
836,200.1,619.025634765625
837,200.3,16.6920204162598
838,200.6,2.30092358589172
839,200.8,6.89013767242432
840,201.0,120.850410461426
841,201.1,441.635040283203
842,201.3,15.527530670166
843,201.4,3.35511422157288
844,201.7,2.35171627998352
845,201.9,23.9047737121582
846,202.1,433.315032958984
847,202.2,129.457305908203
848,202.3,17.0424289703369
849,202.5,1.62615442276001
850,202.7,1.94215023517609
851,202.9,37.2612838745117
852,203.1,450.252410888672
853,203.2,122.252830505371
854,203.4,2.10803270339966
855,203.7,2.59653258323669
856,203.8,5.70151615142822
857,204.0,132.157424926758
858,204.1,369.850250244141
859,204.3,16.8204383850098
860,204.5,1.62606728076935
861,204.8,7.92690372467041
862,205.0,211.452606201172
863,205.1,393.056793212891
864,205.3,12.7562294006348
865,205.5,0.385432988405228
866,205.7,1.49311721324921
867,205.8,2.37584948539734
868,206.0,83.3664398193359
869,206.1,266.142974853516
870,206.3,12.8342914581299
871,206.5,0.317128419876099
872,206.7,0.90216064453125
873,206.9,33.6792984008789
874,207.1,16684.384765625
875,207.2,64.8212203979492
876,207.4,0.212929084897041
877,207.6,0.3484927713871
878,207.8,6.07649421691895
879,208.0,463.051239013672
880,208.1,3494.76831054688
881,208.3,7.52439451217651
882,208.5,1.00209093093872
883,208.8,7.70717906951904
884,209.0,524.901550292969
885,209.1,2120.04223632813
886,209.3,5.6954174041748
887,209.5,0.280798047780991
888,209.7,1.25457394123077
889,209.9,33.6618766784668
890,210.1,655.7861328125
891,210.2,133.172500610352
892,210.4,1.58816862106323
893,210.7,2.29822278022766
894,210.9,33.6422729492188
895,211.0,167.399978637695
896,211.1,599.434143066406
897,211.3,13.0543651580811
898,211.5,0.369837939739227
899,211.7,2.01202297210693
900,211.9,27.752046585083
901,212.1,339.290374755859
902,212.2,121.466369628906
903,212.4,3.57510018348694
904,212.7,2.31068134307861
905,212.9,20.4905033111572
906,213.1,434.760498046875
907,213.2,168.169372558594
908,213.4,3.66056799888611
909,213.6,0.592611968517303
910,213.8,5.44868421554565
911,214.0,110.617874145508
912,214.1,247.627807617188
913,214.2,113.673461914063
914,214.4,4.11648368835449
915,214.7,2.37123203277588
916,214.9,27.1461048126221
917,215.1,323.31103515625
918,215.2,108.22469329834
919,215.4,4.25178623199463
920,215.6,0.766945481300354
921,215.8,7.29552173614502
922,215.9,19.2565784454346
923,216.1,367.357116699219
924,216.2,99.7619781494141
925,216.4,2.62920379638672
926,216.7,3.05724000930786
927,216.9,30.3037109375
928,217.1,305.938323974609
929,217.2,89.9020767211914
930,217.4,3.26119542121887
931,217.7,2.94746470451355
932,217.9,27.1046352386475
933,218.0,94.4430236816406
934,218.1,266.064392089844
935,218.3,17.101411819458
936,218.5,1.02064824104309
937,218.7,3.19620132446289
938,218.9,35.4594879150391
939,219.1,315.600006103516
940,219.2,89.8499755859375
941,219.4,2.66562128067017
942,219.7,2.63390827178955
943,219.8,6.03145170211792
944,220.0,120.416625976563
945,220.1,260.445281982422
946,220.3,12.7668581008911
947,220.4,2.82557940483093
948,220.7,1.80824184417725
949,220.9,21.8105068206787
950,221.0,186.685134887695
951,221.1,580.135192871094
952,221.3,10.1025438308716
953,221.4,1.84945106506348
954,221.7,1.80832898616791
955,221.9,31.9277744293213
956,222.1,336.5283203125
957,222.2,89.7094421386719
958,222.3,16.2010803222656
959,222.5,0.879073023796082
960,222.7,3.08825588226318
961,222.9,42.336296081543
962,223.1,383.779998779297
963,223.2,97.748649597168
964,223.4,1.50392055511475
965,223.6,1.35790205001831
966,223.8,8.12841987609863
967,224.0,116.443634033203
968,224.1,244.207870483398
969,224.3,12.7097053527832
970,224.4,4.05323219299316
971,224.7,3.03380370140076
972,224.9,32.2313995361328
973,225.1,415.391357421875
974,225.2,123.303100585938
975,225.4,2.61718058586121
976,225.7,2.6468026638031
977,225.9,27.3924026489258
978,226.0,99.9173202514648
979,226.1,300.880279541016
980,226.3,13.6786022186279
981,226.4,3.47421145439148
982,226.7,2.75492238998413
983,226.9,25.8319396972656
984,227.1,267.246032714844
985,227.2,99.5668258666992
986,227.4,3.28428292274475
987,227.6,1.56063771247864
988,227.8,6.94040775299072
989,228.0,104.971160888672
990,228.1,266.471588134766
991,228.3,16.3547649383545
992,228.5,1.84753441810608
993,228.8,8.46602153778076
994,229.0,135.141571044922
995,229.1,241.482223510742
996,229.3,13.1999473571777
997,229.4,3.75683927536011
998,229.6,0.804408431053162
999,229.8,8.58372497558594
1000,230.0,123.785942077637
1001,230.1,167.018203735352
1002,230.2,82.9140090942383
1003,230.4,3.08076310157776
1004,230.6,2.57649421691895
1005,230.8,9.04617500305176
1006,231.0,104.833160400391
1007,231.1,185.899368286133
1008,231.3,12.9945983886719
1009,231.4,3.85398149490356
1010,231.7,2.87428116798401
1011,231.9,29.5547142028809
1012,232.0,80.7898559570313
1013,232.1,180.694198608398
1014,232.3,15.7036066055298
1015,232.5,0.981529891490936
1016,232.7,3.34012889862061
1017,232.9,36.634693145752
1018,233.1,218.841079711914
1019,233.2,72.3215713500977
1020,233.4,2.5111517906189
1021,233.6,1.61064648628235
1022,233.8,8.91139602661133
1023,234.0,114.182258605957
1024,234.1,201.912612915039
1025,234.3,13.4222860336304
1026,234.6,2.65263986587524
1027,234.8,15.8295869827271
1028,235.0,140.430221557617
1029,235.1,195.43701171875
1030,235.3,11.3325490951538
1031,235.4,2.77931690216064
1032,235.6,1.13626062870026
1033,235.8,11.0456523895264
1034,236.0,111.360954284668
1035,236.1,196.863037109375
1036,236.3,14.041296005249
1037,236.6,2.38255786895752
1038,236.8,10.0035724639893
1039,237.0,135.970733642578
1040,237.1,178.552795410156
1041,237.2,108.855812072754
1042,237.4,4.87593650817871
1043,237.7,3.79987812042236
1044,237.9,30.1726779937744
1045,238.0,75.1739883422852
1046,238.1,187.979965209961
1047,238.3,17.2573623657227
1048,238.5,1.91522908210754
1049,238.8,4.996253490448
1050,239.0,96.3674850463867
1051,239.1,495.252471923828
1052,239.3,37.6271133422852
1053,239.5,1.4760410785675
1054,239.8,6.08442258834839
1055,240.0,104.714500427246
1056,240.1,245.749526977539
1057,240.3,22.570743560791
1058,240.5,1.3785502910614
1059,240.7,2.13556361198425
1060,240.9,19.7309627532959
1061,241.1,254.175903320313
1062,241.2,160.932312011719
1063,241.4,6.93491888046265
1064,241.7,2.58546781539917
1065,241.9,25.5125465393066
1066,242.1,216.216156005859
1067,242.2,83.160041809082
1068,242.4,3.50627279281616
1069,242.6,2.35223913192749
1070,242.7,2.28158211708069
1071,242.9,29.7692108154297
1072,243.1,221.602890014648
1073,243.2,81.6933288574219
1074,243.4,5.26119518280029
1075,243.7,3.07884645462036
1076,243.9,30.7187671661377
1077,244.0,78.6525497436523
1078,244.1,182.031021118164
1079,244.3,12.270866394043
1080,244.4,4.14044237136841
1081,244.7,3.14227223396301
1082,244.8,6.74089574813843
1083,245.0,92.9570465087891
1084,245.1,140.061676025391
1085,245.3,12.284631729126
1086,245.4,4.11256313323975
1087,245.7,3.18897008895874
1088,245.9,29.3641757965088
1089,246.1,169.203262329102
1090,246.2,45.7297439575195
1091,246.3,14.820351600647
1092,246.6,2.0813729763031
1093,246.7,2.71258068084717
1094,246.9,36.7766151428223
1095,247.1,163.241760253906
1096,247.2,41.503833770752
1097,247.3,13.3991985321045
1098,247.6,2.08668756484985
1099,247.8,9.03345489501953
1100,247.9,27.0768432617188
1101,248.1,155.029098510742
1102,248.2,52.9035530090332
1103,248.4,2.40860772132874
1104,248.6,1.78053665161133
1105,248.8,15.7288722991943
1106,249.0,456.578247070313
1107,249.1,145.95556640625
1108,249.2,31.1379165649414
1109,249.4,1.53188705444336
1110,249.7,4.80693483352661
1111,249.9,68.4754333496094
1112,250.1,236.823486328125
1113,250.2,52.9356155395508
1114,250.4,2.9129638671875
1115,250.7,5.50243949890137
1116,250.9,108.828369140625
1117,251.0,220.657089233398
1118,251.1,183.038162231445
1119,251.3,5.88909196853638
1120,251.4,2.0725736618042
1121,251.6,1.59383165836334
1122,251.8,15.5317125320435
1123,252.0,139.064910888672
1124,252.1,156.414962768555
1125,252.3,14.7218160629272
1126,252.6,2.93805551528931
1127,252.8,16.1215362548828
1128,253.0,204.146713256836
1129,253.1,211.252746582031
1130,253.3,11.1045475006104
1131,253.6,1.83978044986725
1132,253.7,2.58320260047913
1133,253.9,33.581111907959
1134,254.1,232.211532592773
1135,254.2,90.8501510620117
1136,254.4,5.60158586502075
1137,254.6,3.14375329017639
1138,254.8,10.615177154541
1139,255.0,101.655342102051
1140,255.1,102.338737487793
1141,255.2,67.5276184082031
1142,255.4,5.2751350402832
1143,255.7,2.96994256973267
1144,255.9,23.265115737915
1145,256.1,195.901550292969
1146,256.2,85.3441390991211
1147,256.3,32.3706207275391
1148,256.5,3.28184342384338
1149,256.8,6.81704139709473
1150,257.0,73.277229309082
1151,257.1,168.768249511719
1152,257.3,27.7828884124756
1153,257.5,1.78907477855682
1154,257.7,3.51245856285095
1155,257.9,27.6089038848877
1156,258.1,155.174514770508
1157,258.2,65.985710144043
1158,258.4,4.50113248825073
1159,258.5,2.59949469566345
1160,258.7,1.59078240394592
1161,258.9,28.4103507995605
1162,259.0,57.074577331543
1163,259.1,149.257797241211
1164,259.3,20.5771045684814
1165,259.6,2.29691576957703
1166,259.8,9.35633373260498
1167,259.9,21.3448333740234
1168,260.1,131.269653320313
1169,260.2,53.8821220397949
1170,260.4,2.94127893447876
1171,260.5,2.69820523262024
1172,260.8,9.24289989471436
1173,261.0,70.7531814575195
1174,261.1,91.166145324707
1175,261.3,9.93465805053711
1176,261.4,4.04565238952637
1177,261.6,1.04469418525696
1178,261.8,9.26058578491211
1179,262.0,71.950080871582
1180,262.1,88.2037811279297
1181,262.3,13.920804977417
1182,262.6,2.44345712661743
1183,262.8,10.9002437591553
1184,263.0,77.7743530273438
1185,263.1,89.7403717041016
1186,263.3,9.4782190322876
1187,263.4,3.69672417640686
1188,263.7,3.30118489265442
1189,263.9,26.218505859375
1190,264.1,98.2667694091797
1191,264.2,38.5872116088867
1192,264.4,3.01603055000305
1193,264.6,1.3581634759903
1194,264.8,11.1257190704346
1195,265.0,432.877319335938
1196,265.1,226.424987792969
1197,265.3,5.38316774368286
1198,265.5,0.503572046756744
1199,265.7,2.94981694221497
1200,265.9,58.5388565063477
1201,266.1,197.229309082031
1202,266.2,50.6921081542969
1203,266.4,1.39675903320313
1204,266.6,3.74507761001587
1205,266.8,22.8694896697998
1206,267.0,794.963317871094
1207,267.1,240.500701904297
1208,267.2,24.4965152740479
1209,267.5,1.79247260093689
1210,267.7,5.3080677986145
1211,267.8,18.2569255828857
1212,268.0,243.446594238281
1213,268.1,156.508010864258
1214,268.3,9.16945457458496
1215,268.5,1.27487361431122
1216,268.7,6.51263284683228
1217,268.9,84.5082778930664
1218,269.0,272.365478515625
1219,269.2,35.9395370483398
1220,269.3,8.61813926696777
1221,269.6,2.01263284683228
1222,269.8,14.9391012191772
1223,270.0,99.8464889526367
1224,270.1,102.830368041992
1225,270.3,13.6345186233521
1226,270.6,3.30615091323853
1227,270.8,14.0289249420166
1228,271.0,86.6186599731445
1229,271.1,97.3699264526367
1230,271.3,11.3807287216187
1231,271.6,2.43814253807068
1232,271.7,2.87149333953857
1233,271.9,31.3883953094482
1234,272.0,46.1305961608887
1235,272.1,83.4120941162109
1236,272.3,9.67119693756104
1237,272.4,5.19515609741211
1238,272.6,1.25344133377075
1239,272.8,9.0656042098999
1240,272.9,20.0778007507324
1241,273.1,93.1967239379883
1242,273.2,31.4885005950928
1243,273.3,15.3050184249878
1244,273.6,2.34535622596741
1245,273.8,10.7256488800049
1246,274.0,59.0750122070313
1247,274.1,75.4465942382813
1248,274.3,14.3535461425781
1249,274.5,1.37175464630127
1250,274.7,3.92150211334229
1251,274.8,7.0585470199585
1252,275.0,54.6244125366211
1253,275.1,63.4377059936523
1254,275.3,9.09749126434326
1255,275.4,4.26973342895508
1256,275.7,3.76102113723755
1257,275.9,26.865306854248
1258,276.0,38.8303718566895
1259,276.1,69.1593475341797
1260,276.3,11.7943019866943
1261,276.6,2.26023697853088
1262,276.8,10.5656042098999
1263,277.0,56.9238548278809
1264,277.1,39.5857276916504
1265,277.2,30.5873851776123
1266,277.4,4.25962734222412
1267,277.7,4.29630613327026
1268,277.8,6.79203701019287
1269,278.0,54.9827499389648
1270,278.1,59.7807998657227
1271,278.3,8.71841812133789
1272,278.4,4.38098955154419
1273,278.6,1.56438398361206
1274,278.8,12.6904516220093
1275,279.0,69.4687194824219
1276,279.1,74.0643844604492
1277,279.3,12.0650806427002
1278,279.6,1.78968465328217
1279,279.8,6.26790380477905
1280,280.0,24.0742282867432
1281,280.1,24.4982566833496
1282,280.3,2.17607593536377
1283,280.5,1.03824710845947
1284,280.7,4.84709882736206
1285,280.9,65.4381408691406
1286,281.1,7016.5625
1287,281.2,18.5739669799805
1288,281.4,1.09644532203674
1289,281.6,0.929168820381165
1290,281.8,12.4404077529907
1291,282.0,991.196716308594
1292,282.1,1103.60363769531
1293,282.2,26.2174587249756
1294,282.4,1.58851718902588
1295,282.7,4.66701507568359
1296,282.9,41.2411575317383
1297,283.0,755.629028320313
1298,283.1,739.078491210938
1299,283.3,4.10672569274902
1300,283.4,1.10951387882233
1301,283.6,0.802753090858459
1302,283.8,10.2043037414551
1303,283.9,54.6012382507324
1304,284.1,335.235137939453
1305,284.2,46.4177551269531
1306,284.4,3.08877849578857
1307,284.7,3.78053665161133
1308,284.8,7.47499561309814
1309,285.0,158.210662841797
1310,285.1,286.720153808594
1311,285.3,15.3533716201782
1312,285.4,4.18217468261719
1313,285.7,3.71911478042603
1314,285.9,31.8604278564453
1315,286.0,50.5931358337402
1316,286.1,102.793083190918
1317,286.3,17.0022659301758
1318,286.6,2.45922636985779
1319,286.8,7.98431777954102
1320,287.0,82.7156295776367
1321,287.1,175.687744140625
1322,287.3,24.0774517059326
1323,287.4,6.90015697479248
1324,287.6,1.17407214641571
1325,287.8,8.19881534576416
1326,288.0,56.2530937194824
1327,288.1,74.9482498168945
1328,288.3,11.8783760070801
1329,288.4,5.88255786895752
1330,288.7,4.58259296417236
1331,288.9,24.8624324798584
1332,289.0,30.4560890197754
1333,289.1,53.5541038513184
1334,289.3,12.8337688446045
1335,289.5,1.40015685558319
1336,289.7,3.85084509849548
1337,289.8,6.84918975830078
1338,290.0,45.960880279541
1339,290.1,48.8840408325195
1340,290.3,10.4648017883301
1341,290.6,2.08215713500977
1342,290.7,2.78097224235535
1343,290.9,22.7178077697754
1344,291.1,50.6070747375488
1345,291.2,23.1027183532715
1346,291.4,3.22878551483154
1347,291.7,3.67773127555847
1348,291.8,6.84448528289795
1349,292.0,40.4749069213867
1350,292.1,44.6305122375488
1351,292.3,10.2593660354614
1352,292.6,2.80937457084656
1353,292.8,13.0173377990723
1354,293.0,56.3491897583008
1355,293.1,50.52099609375
1356,293.3,9.28559017181396
1357,293.5,0.956264138221741
1358,293.7,4.57684278488159
1359,293.9,25.2313995361328
1360,294.0,26.324010848999
1361,294.1,45.066822052002
1362,294.3,10.0160303115845
1363,294.5,1.15995812416077
1364,294.7,5.4456353187561
1365,294.8,10.9389266967773
1366,295.0,89.0892105102539
1367,295.1,82.0483551025391
1368,295.3,10.6543827056885
1369,295.6,2.22329664230347
1370,295.8,11.7681655883789
1371,295.9,20.8712310791016
1372,296.1,77.3768081665039
1373,296.2,33.3897018432617
1374,296.4,2.87811470031738
1375,296.6,3.38673996925354
1376,296.7,3.68069338798523
1377,296.9,33.0687408447266
1378,297.0,37.5069694519043
1379,297.1,57.6178779602051
1380,297.3,10.9670677185059
1381,297.5,1.19689846038818
1382,297.7,3.97935175895691
1383,297.9,26.6435794830322
1384,298.1,75.6993408203125
1385,298.2,38.8796844482422
1386,298.4,4.37584924697876
1387,298.6,3.37611079216003
1388,298.8,12.6640529632568
1389,299.0,60.2423782348633
1390,299.1,65.1131744384766
1391,299.3,11.7816696166992
1392,299.5,2.9025092124939
1393,299.7,2.49024224281311
1394,299.9,23.8374290466309
1395,300.1,103.262588500977
1396,300.2,68.8261871337891
1397,300.4,7.04547834396362
1398,300.7,3.55819821357727
1399,300.9,21.973949432373
1400,301.1,58.452693939209
1401,301.2,21.0128078460693
1402,301.3,13.3408260345459
1403,301.5,1.29961669445038
1404,301.7,1.85040950775146
1405,301.9,12.3695764541626
1406,302.1,166.629379272461
1407,302.2,185.961578369141
1408,302.4,11.5015678405762
1409,302.6,0.936748564243317
1410,302.8,6.50418186187744
1411,303.0,46.7128410339355
1412,303.1,77.5342407226563
1413,303.3,20.9928550720215
1414,303.5,3.48710584640503
1415,303.8,8.43640041351318
1416,303.9,13.0612478256226
1417,304.1,45.8462257385254
1418,304.2,25.1843528747559
1419,304.4,4.91723299026489
1420,304.7,4.00810241699219
1421,304.9,19.6339092254639
1422,305.0,18.0058364868164
1423,305.1,31.2280883789063
1424,305.3,6.58416080474854
1425,305.4,3.73244476318359
1426,305.7,4.21981191635132
1427,305.8,6.00130701065063
1428,306.0,31.3240985870361
1429,306.1,31.6092529296875
1430,306.3,6.1414008140564
1431,306.4,3.63173031806946
1432,306.7,4.91366100311279
1433,306.9,21.7204208374023
1434,307.1,39.8502349853516
1435,307.2,13.8859558105469
1436,307.3,8.49677658081055
1437,307.5,1.2428994178772
1438,307.7,4.22434234619141
1439,307.9,19.3865661621094
1440,308.1,38.2258224487305
1441,308.2,20.3786373138428
1442,308.4,4.52909898757935
1443,308.6,1.94746470451355
1444,308.8,11.6792125701904
1445,309.0,40.8348999023438
1446,309.1,34.2576217651367
1447,309.3,6.24228954315186
1448,309.4,3.23680090904236
1449,309.7,4.16204929351807
1450,309.8,7.22303533554077
1451,310.0,33.818000793457
1452,310.1,36.318172454834
1453,310.3,9.19933795928955
1454,310.6,4.07562303543091
1455,310.8,16.068826675415
1456,311.0,46.8136444091797
1457,311.1,37.9685478210449
1458,311.3,8.27295684814453
1459,311.6,3.18670511245728
1460,311.8,11.4923334121704
1461,312.0,35.0208206176758
1462,312.1,33.6569976806641
1463,312.3,6.25257015228271
1464,312.4,4.1738977432251
1465,312.7,7.03197431564331
1466,312.9,32.6565589904785
1467,313.1,51.7516975402832
1468,313.2,20.3907470703125
1469,313.4,2.68487548828125
1470,313.6,2.58093738555908
1471,313.8,10.4911136627197
1472,314.0,38.6556015014648
1473,314.1,36.8267974853516
1474,314.3,6.6557765007019
1475,314.4,3.82810592651367
1476,314.7,4.88116407394409
1477,314.9,19.3452701568604
1478,315.1,34.4250755310059
1479,315.2,16.9884128570557
1480,315.4,3.5213451385498
1481,315.6,1.18513679504395
1482,315.8,9.84849262237549
1483,316.0,30.2143230438232
1484,316.1,28.9024219512939
1485,316.3,9.55575847625732
1486,316.5,2.65612483024597
1487,316.8,8.39658451080322
1488,316.9,10.599494934082
1489,317.1,26.8898754119873
1490,317.2,14.011848449707
1491,317.4,3.30493116378784
1492,317.7,4.10742282867432
1493,317.9,15.8835163116455
1494,318.0,14.4234189987183
1495,318.1,25.6038513183594
1496,318.3,8.21205806732178
1497,318.6,2.62397623062134
1498,318.8,7.85441732406616
1499,319.0,21.2724342346191
1500,319.1,12.8569440841675
1501,319.2,14.3276700973511
1502,319.4,3.68069338798523
1503,319.6,1.1076842546463
1504,319.8,7.85624694824219
1505,320.0,23.6718063354492
1506,320.1,24.8890056610107
1507,320.3,8.06595230102539
1508,320.6,2.71005392074585
1509,320.8,7.27391529083252
1510,320.9,9.40616798400879
1511,321.1,25.8222694396973
1512,321.2,14.3304586410522
1513,321.4,3.39797878265381
1514,321.7,4.16492414474487
1515,321.9,16.4600105285645
1516,322.0,14.8441362380981
1517,322.1,24.4851016998291
1518,322.3,5.24499034881592
1519,322.4,4.21223211288452
1520,322.7,8.15673446655273
1521,322.8,13.196026802063
1522,323.0,47.3725395202637
1523,323.1,21.3370800018311
1524,323.2,17.1037635803223
1525,323.4,3.28132081031799
1526,323.6,2.07379341125488
1527,323.8,11.9077367782593
1528,323.9,13.1994247436523
1529,324.1,34.5638618469238
1530,324.2,15.3538942337036
1531,324.5,4.70247411727905
1532,324.7,14.9561767578125
1533,324.9,91.6307754516602
1534,325.0,100.95304107666
1535,325.2,16.0818958282471
1536,325.5,3.02056097984314
1537,325.7,9.52456855773926
1538,325.8,14.1082944869995
1539,326.0,53.0911293029785
1540,326.1,33.8696632385254
1541,326.3,7.26302480697632
1542,326.6,5.97586679458618
1543,326.7,12.7418537139893
1544,326.9,144.357894897461
1545,327.0,122.311378479004
1546,327.1,68.0205612182617
1547,327.3,2.77922987937927
1548,327.5,2.13991975784302
1549,327.6,2.92760062217712
1550,327.8,27.0031356811523
1551,327.9,36.198902130127
1552,328.0,68.2325286865234
1553,328.2,17.1119537353516
1554,328.5,4.17354917526245
1555,328.6,3.74803972244263
1556,328.8,25.7795791625977
1557,328.9,27.4149684906006
1558,329.0,51.7756576538086
1559,329.2,14.8466634750366
1560,329.4,3.03824710845947
1561,329.7,5.56917572021484
1562,329.8,7.44676780700684
1563,330.0,28.8530235290527
1564,330.1,23.6498527526855
1565,330.3,4.77043056488037
1566,330.4,3.4836208820343
1567,330.7,5.1046347618103
1568,330.8,6.1306848526001
1569,331.0,23.1873149871826
1570,331.1,19.78733253479
1571,331.3,6.34274244308472
1572,331.5,1.01341700553894
1573,331.7,3.65499210357666
1574,331.9,14.7572746276855
1575,332.0,11.4145317077637
1576,332.1,18.9330024719238
1577,332.3,4.67137145996094
1578,332.4,3.26319909095764
1579,332.7,3.37462973594666
1580,332.9,11.7103157043457
1581,333.0,9.45051383972168
1582,333.1,16.006534576416
1583,333.3,6.14523458480835
1584,333.6,2.13016200065613
1585,333.7,2.19228076934814
1586,333.9,12.8598184585571
1587,334.1,21.0963573455811
1588,334.2,7.81895780563354
1589,334.3,6.96305990219116
1590,334.5,1.33010983467102
1591,334.7,4.04634952545166
1592,334.8,5.30580234527588
1593,335.0,16.0799789428711
1594,335.1,9.02944755554199
1595,335.2,11.0654296875
1596,335.4,3.37994432449341
1597,335.7,3.47473430633545
1598,335.9,12.5587205886841
1599,336.1,21.4459838867188
1600,336.2,13.1215372085571
1601,336.4,3.75396418571472
1602,336.6,1.30902600288391
1603,336.8,7.75570678710938
1604,337.0,17.7620658874512
1605,337.1,10.1013240814209
1606,337.2,11.090259552002
1607,337.4,3.19881510734558
1608,337.7,3.66579532623291
1609,337.8,4.64741230010986
1610,338.0,18.1341705322266
1611,338.1,10.0668239593506
1612,338.2,10.6752920150757
1613,338.4,2.17241668701172
1614,338.6,4.85389423370361
1615,338.7,5.88612985610962
1616,338.9,38.5477447509766
1617,339.0,31.8444843292236
1618,339.1,34.7252998352051
1619,339.3,4.46123027801514
1620,339.4,3.1539466381073
1621,339.7,6.00723123550415
1622,339.9,21.0869483947754
1623,340.0,16.2672061920166
1624,340.1,19.2999649047852
1625,340.3,3.6937620639801
1626,340.6,4.32549238204956
1627,340.8,39.4057312011719
1628,341.0,443.359832763672
1629,341.1,128.492065429688
1630,341.3,3.56630063056946
1631,341.5,1.02796649932861
1632,341.7,10.1510715484619
1633,341.9,89.0716171264648
1634,342.0,124.522041320801
1635,342.2,20.4919853210449
1636,342.5,3.29290819168091
1637,342.6,2.7393274307251
1638,342.8,34.6386985778809
1639,343.0,127.504180908203
1640,343.1,57.1655349731445
1641,343.3,5.06420993804932
1642,343.6,3.1954174041748
1643,343.8,17.9099140167236
1644,344.0,41.7059593200684
1645,344.1,27.5651683807373
1646,344.3,6.63469266891479
1647,344.6,4.6126503944397
1648,344.8,16.2992687225342
1649,344.9,19.6922817230225
1650,345.1,41.6768608093262
1651,345.2,12.1275482177734
1652,345.3,7.37402009963989
1653,345.5,1.20926988124847
1654,345.7,4.87698221206665
1655,345.9,15.3274965286255
1656,346.1,24.6174411773682
1657,346.2,8.22774028778076
1658,346.3,6.21223211288452
1659,346.6,2.82584071159363
1660,346.8,7.88334226608276
1661,347.0,16.6329498291016
1662,347.1,15.1957654953003
1663,347.3,5.87785339355469
1664,347.6,1.99076497554779
1665,347.8,6.08808135986328
1666,348.0,14.3467502593994
1667,348.1,15.0194282531738
1668,348.3,3.81756401062012
1669,348.4,2.92542243003845
1670,348.7,2.92019510269165
1671,348.9,8.91156959533691
1672,349.0,6.9058198928833
1673,349.1,11.4072141647339
1674,349.3,3.32496953010559
1675,349.4,2.67677307128906
1676,349.7,2.93840384483337
1677,349.9,9.62772274017334
1678,350.0,6.90573263168335
1679,350.2,13.9017248153687
1680,350.3,5.41113424301147
1681,350.6,2.51855731010437
1682,350.8,5.57553577423096
1683,351.0,12.9722080230713
1684,351.1,11.9174070358276
1685,351.3,3.40189933776855
1686,351.4,2.84997391700745
1687,351.7,3.08842992782593
1688,351.8,4.0761456489563
1689,352.0,13.3515424728394
1690,352.2,12.957745552063
1691,352.3,3.5656909942627
1692,352.4,2.94641923904419
1693,352.7,4.21728515625
1694,352.8,5.43491888046265
1695,353.0,17.0961837768555
1696,353.2,16.1216239929199
1697,353.3,5.74272537231445
1698,353.6,2.56595230102539
1699,353.8,5.94258594512939
1700,354.0,11.3087644577026
1701,354.1,6.53502368927002
1702,354.3,1.61474120616913
1703,354.6,2.79264688491821
1704,354.8,18.3147754669189
1705,355.0,695.218688964844
1706,355.1,353.271636962891
1707,355.2,22.1864433288574
1708,355.4,0.833246231079102
1709,355.6,1.97752225399017
1710,355.8,19.2699069976807
1711,355.9,81.1854858398438
1712,356.0,292.427947998047
1713,356.2,28.2747859954834
1714,356.4,1.29421496391296
1715,356.6,2.56586503982544
1716,356.8,23.1798229217529
1717,357.0,195.569961547852
1718,357.1,104.780097961426
1719,357.3,4.55758857727051
1720,357.6,2.08790731430054
1721,357.8,16.6718063354492
1722,358.0,57.3564224243164
1723,358.1,37.604808807373
1724,358.3,7.14863204956055
1725,358.5,1.25387692451477
1726,358.7,6.98205280303955
1727,358.9,26.4316082000732
1728,359.1,37.9510383605957
1729,359.2,14.7596273422241
1730,359.4,2.52186799049377
1731,359.7,3.86870527267456
1732,359.8,5.86147403717041
1733,360.0,18.623628616333
1734,360.1,9.52692127227783
1735,360.2,10.9572229385376
1736,360.4,3.32723474502563
1737,360.7,3.90703964233398
1738,360.9,11.7516984939575
1739,361.1,16.4752578735352
1740,361.2,9.73802089691162
1741,361.4,2.61465406417847
1742,361.7,3.24586153030396
1743,361.9,9.2970027923584
1744,362.0,6.35215187072754
1745,362.2,10.8280191421509
1746,362.3,5.66945457458496
1747,362.6,2.80893874168396
1748,362.8,6.44450235366821
1749,363.0,12.7233839035034
1750,363.1,6.25065326690674
1751,363.2,7.87419414520264
1752,363.4,2.97499561309814
1753,363.6,1.11343443393707
1754,363.8,5.52543973922729
1755,364.0,11.5367660522461
1756,364.1,10.6975078582764
1757,364.3,5.13260126113892
1758,364.6,2.39118313789368
1759,364.8,4.9679388999939
1760,365.0,10.2577104568481
1761,365.1,9.16370487213135
1762,365.3,4.35929584503174
1763,365.6,2.36626601219177
1764,365.7,1.88255798816681
1765,365.9,7.79665470123291
1766,366.0,5.34500789642334
1767,366.1,9.30423450469971
1768,366.3,2.87759184837341
1769,366.4,2.70735311508179
1770,366.7,4.40172481536865
1771,366.9,10.65185546875
1772,367.1,15.8476219177246
1773,367.2,8.68923187255859
1774,367.4,1.92934310436249
1775,367.6,2.31817388534546
1776,367.8,5.85903453826904
1777,367.9,6.04434585571289
1778,368.1,13.8349885940552
1779,368.2,10.1133470535278
1780,368.4,3.46445369720459
1781,368.7,6.6664924621582
1782,368.9,20.6010627746582
1783,369.0,14.0690889358521
1784,369.1,22.3927516937256
1785,369.3,4.27278280258179
1786,369.4,3.01873159408569
1787,369.7,4.49459838867188
1788,369.8,4.90616846084595
1789,370.0,17.0703964233398
1790,370.1,14.4607944488525
1791,370.3,3.64079117774963
1792,370.5,3.72747874259949
1793,370.7,7.12249517440796
1794,370.9,19.5651683807373
1795,371.0,12.3069353103638
1796,371.1,18.438404083252
1797,371.3,3.86251950263977
1798,371.5,2.9205436706543
1799,371.6,1.61630940437317
1800,371.8,8.06272888183594
1801,372.0,14.3709707260132
1802,372.1,12.7530059814453
1803,372.3,5.26711988449097
1804,372.5,1.25823318958282
1805,372.7,5.94659328460693
1806,372.9,15.0872106552124
1807,373.1,17.9845790863037
1808,373.2,6.39388418197632
1809,373.3,4.63896131515503
1810,373.5,0.914967775344849
1811,373.7,3.91017603874207
1812,373.9,10.7246904373169
1813,374.1,14.3160829544067
1814,374.2,8.29473781585693
1815,374.4,2.71162223815918
1816,374.7,2.72155427932739
1817,374.8,3.12049126625061
1818,375.0,9.83446598052979
1819,375.2,9.07022094726563
1820,375.3,4.17415904998779
1821,375.6,2.47159790992737
1822,375.8,4.74028587341309
1823,376.0,9.02561378479004
1824,376.1,5.46140432357788
1825,376.2,7.69358777999878
1826,376.4,1.55227386951447
1827,376.6,2.08389973640442
1828,376.8,4.39510345458984
1829,377.0,8.66126537322998
1830,377.2,8.39344787597656
1831,377.3,4.07056999206543
1832,377.6,2.11840033531189
1833,377.7,1.90259623527527
1834,377.9,8.09827518463135
1835,378.1,10.4194984436035
1836,378.2,7.77269554138184
1837,378.4,2.15812849998474
1838,378.6,2.32767033576965
1839,378.7,1.79046869277954
1840,378.9,6.73836898803711
1841,379.1,9.28306293487549
1842,379.2,4.5721378326416
1843,379.3,4.79804849624634
1844,379.5,1.16518557071686
1845,379.7,2.53554630279541
1846,379.9,6.38055419921875
1847,380.1,8.71528148651123
1848,380.2,6.54835319519043
1849,380.4,1.63861298561096
1850,380.6,2.1468026638031
1851,380.7,1.98240113258362
1852,380.9,7.7099666595459
1853,381.0,4.49024200439453
1854,381.1,8.39144420623779
1855,381.3,2.62737417221069
1856,381.4,2.70778870582581
1857,381.6,1.4556542634964
1858,381.8,4.28280210494995
1859,381.9,3.63024926185608
1860,382.1,9.86190986633301
1861,382.3,6.16126489639282
1862,382.4,3.70029616355896
1863,382.7,6.72399377822876
1864,382.8,5.7097053527832
1865,383.0,15.9034671783447
1866,383.1,6.33098077774048
1867,383.2,6.94040775299072
1868,383.4,1.13016200065613
1869,383.6,2.5239589214325
1870,383.7,2.86609172821045
1871,383.9,8.74072170257568
1872,384.1,10.5051403045654
1873,384.2,6.13991975784302
1874,384.5,4.39998245239258
1875,384.6,3.82122325897217
1876,384.8,19.720682144165
1877,385.0,29.0828533172607
1878,385.1,10.2043037414551
1879,385.2,8.71859169006348
1880,385.4,1.46157872676849
1881,385.6,3.84675025939941
1882,385.8,9.63538932800293
1883,386.0,14.744815826416
1884,386.1,10.8575534820557
1885,386.3,3.94650626182556
1886,386.5,2.35825061798096
1887,386.7,12.7460355758667
1888,386.9,36.5292739868164
1889,387.0,33.8730621337891
1890,387.2,7.90634250640869
1891,387.3,4.4710750579834
1892,387.6,3.46759009361267
1893,387.7,4.07727813720703
1894,387.9,15.7609338760376
1895,388.0,9.62197208404541
1896,388.1,12.8430042266846
1897,388.3,4.23035383224487
1898,388.6,3.52543997764587
1899,388.7,3.22704315185547
1900,388.9,12.8417844772339
1901,389.0,13.3728876113892
1902,389.2,6.40102815628052
1903,389.4,1.28454434871674
1904,389.6,2.31669282913208
1905,389.8,5.46070766448975
1906,390.0,9.94537353515625
1907,390.2,7.89675903320313
1908,390.3,3.89841437339783
1909,390.6,2.21083807945251
1910,390.8,4.79848384857178
1911,390.9,3.3693151473999
1912,391.0,7.48048448562622
1913,391.2,5.80449533462524
1914,391.4,2.33176517486572
1915,391.7,2.48667025566101
1916,391.9,5.55323219299316
1917,392.1,7.95696115493774
1918,392.2,5.98971939086914
1919,392.4,2.82645058631897
1920,392.7,2.46645760536194
1921,392.9,4.82470798492432
1922,393.0,3.45931339263916
1923,393.1,7.31808662414551
1924,393.3,4.10123729705811
1925,393.6,2.36870527267456
1926,393.8,3.36164832115173
1927,394.0,6.87436819076538
1928,394.1,4.33908367156982
1929,394.2,6.32540512084961
1930,394.4,2.67816686630249
1931,394.7,2.25004363059998
1932,394.9,4.6266770362854
1933,395.0,3.70735311508179
1934,395.2,5.95199489593506
1935,395.3,3.93901371955872
1936,395.6,1.98736715316772
1937,395.8,3.35598540306091
1938,395.9,3.32645058631897
1939,396.1,6.9238543510437
1940,396.2,3.34971261024475
1941,396.3,4.42324447631836
1942,396.5,1.31181395053864
1943,396.7,3.16370439529419
1944,396.8,3.01028060913086
1945,397.0,8.67895126342773
1946,397.2,7.84866714477539
1947,397.3,3.43178248405457
1948,397.5,1.13434398174286
1949,397.7,3.05297088623047
1950,397.9,5.71292924880981
1951,398.1,8.14776134490967
1952,398.2,2.92158913612366
1953,398.4,4.08337688446045
1954,398.5,2.13791608810425
1955,398.7,10.8560724258423
1956,398.8,11.6376543045044
1957,399.0,28.2341003417969
1958,399.1,17.113956451416
1959,399.3,3.78933620452881
1960,399.6,3.55567169189453
1961,399.7,3.94554805755615
1962,399.9,12.6353025436401
1963,400.0,12.5684785842896
1964,400.2,5.62092685699463
1965,400.5,4.40329313278198
1966,400.7,19.6972465515137
1967,400.9,105.850410461426
1968,401.0,92.2889022827148
1969,401.2,12.3341178894043
1970,401.5,3.07239937782288
1971,401.6,3.55236101150513
1972,401.8,27.0375499725342
1973,402.0,45.1265029907227
1974,402.1,24.0805892944336
1975,402.3,3.35703086853027
1976,402.5,4.07004690170288
1977,402.7,12.6399202346802
1978,402.8,14.8661785125732
1979,403.0,36.6529006958008
1980,403.1,18.8838653564453
1981,403.3,3.9743857383728
1982,403.6,3.4297788143158
1983,403.8,8.77008152008057
1984,404.0,14.0493116378784
1985,404.1,9.97246932983398
1986,404.3,4.09801340103149
1987,404.5,1.39153158664703
1988,404.7,5.03746318817139
1989,404.9,8.66013240814209
1990,405.0,5.37253856658936
1991,405.1,8.07074356079102
1992,405.3,3.24551320075989
1993,405.6,1.99381422996521
1994,405.7,1.6805192232132
1995,405.9,5.37140607833862
1996,406.0,3.40468716621399
1997,406.2,6.60872983932495
1998,406.3,2.59618401527405
1999,406.4,2.58180856704712
2000,406.7,2.35067081451416
2001,406.9,4.67093563079834
2002,407.1,6.0656909942627
2003,407.2,2.33594703674316
2004,407.3,3.06185746192932
2005,407.6,1.87497818470001
2006,407.8,3.44580936431885
2007,408.0,5.88865661621094
2008,408.1,5.87811470031738
2009,408.3,4.25832033157349
2010,408.6,2.06830453872681
2011,408.8,3.20761466026306
2012,408.9,2.41409659385681
2013,409.1,5.50095844268799
2014,409.2,4.6089038848877
2015,409.4,2.2898588180542
2016,409.7,2.16544699668884
2017,409.8,2.06682348251343
2018,410.0,5.40738821029663
2019,410.1,5.60097599029541
2020,410.3,3.79613184928894
2021,410.5,1.10829412937164
2022,410.7,2.35868620872498
2023,410.8,2.01916718482971
2024,411.0,5.47604131698608
2025,411.1,2.8387348651886
2026,411.3,4.01899290084839
2027,411.5,2.21301627159119
2028,411.7,2.30057501792908
2029,411.9,4.31564712524414
2030,412.1,5.36121273040771
2031,412.2,4.48806428909302
2032,412.5,2.60899114608765
2033,412.7,4.48257541656494
2034,412.8,3.86278104782104
2035,413.0,10.0077543258667
2036,413.1,8.67747020721436
2037,413.3,3.51890563964844
2038,413.6,2.23610377311707
2039,413.8,5.05462646484375
2040,413.9,3.37759184837341
2041,414.1,6.70334529876709
2042,414.2,3.69768261909485
2043,414.5,2.29891967773438
2044,414.6,2.62955212593079
2045,414.8,33.8348999023438
2046,415.0,175.158920288086
2047,415.1,82.7919464111328
2048,415.3,5.85023546218872
2049,415.6,3.01193594932556
2050,415.8,24.2537899017334
2051,416.0,67.5261383056641
2052,416.1,40.4641914367676
2053,416.3,7.43535470962524
2054,416.6,4.43047571182251
2055,416.8,20.4582672119141
2056,417.0,54.5843353271484
2057,417.1,34.7010803222656
2058,417.3,6.10158586502075
2059,417.6,3.27217292785645
2060,417.7,3.66056799888611
2061,417.9,16.1217975616455
2062,418.0,9.06995964050293
2063,418.1,14.3174772262573
2064,418.3,4.90050554275513
2065,418.5,1.14514720439911
2066,418.7,4.41191864013672
2067,418.9,11.7577972412109
2068,419.0,13.0870361328125
2069,419.2,3.97255611419678
2070,419.3,3.89100885391235
2071,419.5,0.960794568061829
2072,419.7,3.08146023750305
2073,419.9,5.85999298095703
2074,420.1,7.38325500488281
2075,420.2,2.91880106925964
2076,420.3,3.10524487495422
2077,420.6,2.1973340511322
2078,420.8,4.39980840682983
2079,420.9,3.2535285949707
2080,421.1,7.67755699157715
2081,421.2,5.1378288269043
2082,421.5,2.41139578819275
2083,421.7,2.0033106803894
2084,421.8,1.61805188655853
2085,422.0,5.48318529129028
2086,422.2,4.69228076934814
2087,422.3,3.17102289199829
2088,422.6,1.80850327014923
2089,422.8,2.70177721977234
2090,422.9,2.25997567176819
2091,423.1,5.56150913238525
2092,423.2,2.69140958786011
2093,423.3,3.59139227867126
2094,423.5,0.986060261726379
2095,423.7,1.95617699623108
2096,423.9,4.27426385879517
2097,424.1,5.58912706375122
2098,424.3,5.49224615097046
2099,424.4,1.97194635868073
2100,424.6,2.41069865226746
2101,424.7,1.30057501792908
2102,424.9,3.51341700553894
2103,425.1,5.3043212890625
2104,425.2,3.97029089927673
2105,425.4,1.15142011642456
2106,425.6,1.7879421710968
2107,425.8,3.18792462348938
2108,426.0,4.77260828018188
2109,426.1,2.30144619941711
2110,426.3,4.48762845993042
2111,426.4,1.2530928850174
2112,426.6,2.16231060028076
2113,426.7,1.35703086853027
2114,426.9,4.60916519165039
2115,427.1,5.75013065338135
2116,427.2,2.29822278022766
2117,427.3,2.96044611930847
2118,427.5,0.888133823871613
2119,427.7,1.92202472686768
2120,427.8,1.95530581474304
2121,428.0,4.87489128112793
2122,428.1,1.88247084617615
2123,428.2,2.71833062171936
2124,428.5,1.67293953895569
2125,428.7,9.00296211242676
2126,428.9,80.5323257446289
2127,429.0,139.612045288086
2128,429.2,25.7619800567627
2129,429.4,2.78166937828064
2130,429.7,7.96062040328979
2131,429.9,40.7384567260742
2132,430.0,54.5284004211426
2133,430.2,18.0236968994141
2134,430.4,2.04094791412354
2135,430.6,3.86469769477844
2136,430.8,19.0861644744873
2137,430.9,21.9323921203613
2138,431.0,46.6310348510742
2139,431.2,16.0386829376221
2140,431.4,2.84030318260193
2141,431.7,4.78193044662476
2142,431.9,14.0802402496338
2143,432.1,17.2151947021484
2144,432.2,10.1302490234375
2145,432.4,2.78376030921936
2146,432.6,1.30702209472656
2147,432.8,7.01881837844849
2148,432.9,6.17886400222778
2149,433.1,12.4994773864746
2150,433.2,7.36095142364502
2151,433.4,1.40006971359253
2152,433.6,1.96297264099121
2153,433.8,4.39440679550171
2154,433.9,3.14061689376831
2155,434.1,6.6921067237854
2156,434.2,2.81930661201477
2157,434.3,3.08163452148438
2158,434.6,2.05488753318787
2159,434.7,1.35825061798096
2160,434.9,4.19750833511353
2161,435.0,2.30876469612122
2162,435.2,4.73166036605835
2163,435.3,1.40355467796326
2164,435.5,1.59810066223145
2165,435.7,1.51603066921234
2166,435.9,3.6119532585144
2167,436.0,2.0633385181427
2168,436.1,4.27452516555786
2169,436.3,1.59409308433533
2170,436.5,2.05236101150513
2171,436.7,2.50836372375488
2172,436.8,1.87715625762939
2173,437.0,4.69489479064941
2174,437.1,2.21798229217529
2175,437.2,3.73819470405579
2176,437.4,2.11177897453308
2177,437.7,1.72050881385803
2178,437.9,3.53319382667542
2179,438.1,4.68748903274536
2180,438.2,1.82854151725769
2181,438.3,2.94807457923889
2182,438.5,0.994772613048553
2183,438.7,1.76790380477905
2184,438.8,1.50409483909607
2185,439.0,3.96271133422852
2186,439.2,3.86269378662109
2187,439.3,2.55558466911316
2188,439.5,0.821484565734863
2189,439.7,1.7469071149826
2190,439.9,3.13138175010681
2191,440.1,3.81817388534546
2192,440.3,3.22791433334351
2193,440.5,1.86809551715851
2194,440.7,2.68443989753723
2195,440.9,4.41827821731567
2196,441.1,4.84300422668457
2197,441.2,3.33254933357239
2198,441.5,1.82383692264557
2199,441.7,2.05967926979065
2200,441.9,3.66021966934204
2201,442.0,2.1608293056488
2202,442.2,3.72085738182068
2203,442.4,2.33525013923645
2204,442.6,2.55305790901184
2205,442.8,4.40991449356079
2206,443.0,6.09853649139404
2207,443.2,5.0946159362793
2208,443.3,2.26293778419495
2209,443.5,0.640791058540344
2210,443.7,2.3840389251709
2211,443.9,4.25988864898682
2212,444.0,2.26197934150696
2213,444.1,4.08964967727661
2214,444.3,2.60350227355957
2215,444.5,1.26633560657501
2216,444.7,5.99729919433594
2217,444.9,10.7145843505859
2218,445.0,5.71737241744995
2219,445.1,7.75248289108276
2220,445.3,3.00392055511475
2221,445.6,2.34143590927124
2222,445.7,2.1427948474884
2223,445.9,6.02317476272583
2224,446.0,3.26764249801636
2225,446.1,5.35615968704224
2226,446.3,2.70177721977234
2227,446.6,3.27130150794983
2228,446.8,8.07841110229492
2229,447.0,9.84718608856201
2230,447.2,6.17520475387573
2231,447.3,1.54722082614899
2232,447.4,2.14540863037109
2233,447.7,3.08477091789246
2234,447.9,5.64314317703247
2235,448.1,5.86922788619995
2236,448.2,3.60184693336487
2237,448.4,1.99329149723053
2238,448.7,2.20578503608704
2239,448.9,3.79787421226501
2240,449.0,2.03206133842468
2241,449.1,3.89388394355774
2242,449.3,2.09104371070862
2243,449.6,1.37645936012268
2244,449.8,2.37889885902405
2245,449.9,1.7530928850174
2246,450.1,3.32183313369751
2247,450.2,2.70160317420959
2248,450.4,1.45948767662048
2249,450.7,1.51533365249634
2250,450.9,2.84727311134338
2251,451.0,1.41383516788483
2252,451.2,3.26415753364563
2253,451.3,2.24446773529053
2254,451.5,0.822530031204224
2255,451.7,1.65699601173401
2256,451.9,2.46018481254578
2257,452.1,3.45051407814026
2258,452.3,3.44284725189209
2259,452.4,2.10254406929016
2260,452.7,1.86539471149445
2261,452.9,2.27949118614197
2262,453.0,2.86957669258118
2263,453.3,2.99451112747192
2264,453.4,1.72774004936218
2265,453.7,1.71144795417786
2266,453.9,2.76163101196289
2267,454.1,3.11369585990906
2268,454.3,2.79848408699036
2269,454.5,1.84614038467407
2270,454.7,1.93186962604523
2271,454.9,2.65089726448059
2272,455.1,2.92638087272644
2273,455.2,1.36617875099182
2274,455.4,1.99233317375183
2275,455.5,0.550879955291748
2276,455.7,1.80911314487457
2277,455.9,2.85816335678101
2278,456.1,3.17302656173706
2279,456.2,2.45417308807373
2280,456.4,0.855114102363586
2281,456.6,2.23775911331177
2282,456.8,3.28280186653137
2283,457.0,4.04312610626221
2284,457.1,3.67659878730774
2285,457.3,1.87158036231995
2286,457.6,1.35589826107025
2287,457.7,1.03362953662872
2288,457.9,3.22233843803406
2289,458.1,3.8040599822998
2290,458.2,2.67346239089966
2291,458.4,1.15194284915924
2292,458.6,4.46305990219116
2293,458.8,9.92280864715576
2294,459.0,11.41357421875
2295,459.1,4.45800685882568
2296,459.2,3.85006093978882
2297,459.5,2.12659001350403
2298,459.7,4.06351280212402
2299,459.9,6.33533716201782
2300,460.1,5.88961505889893
2301,460.3,3.01786017417908
2302,460.5,4.10167264938354
2303,460.7,16.058198928833
2304,460.8,16.1784286499023
2305,461.0,41.8464012145996
2306,461.1,21.8794212341309
2307,461.3,2.69262933731079
2308,461.5,3.13930988311768
2309,461.7,8.18234920501709
2310,461.9,18.0804138183594
2311,462.0,17.0488758087158
2312,462.2,7.31085538864136
2313,462.5,3.0144624710083
2314,462.7,6.74786567687988
2315,462.9,12.5325841903687
2316,463.1,11.8179121017456
2317,463.2,5.76346063613892
2318,463.4,0.960446059703827
2319,463.6,2.10881686210632
2320,463.7,1.86182260513306
2321,463.9,5.17868947982788
2322,464.0,5.82836723327637
2323,464.2,3.42620658874512
2324,464.5,1.91758143901825
2325,464.7,2.17267823219299
2326,464.9,3.43814253807068
2327,465.1,3.8391706943512
2328,465.2,2.84004187583923
2329,465.4,0.991810441017151
2330,465.6,1.65081024169922
2331,465.7,1.10141134262085
2332,465.9,2.53075456619263
2333,466.0,1.64174938201904
2334,466.2,2.61822628974915
2335,466.3,2.05819821357727
2336,466.6,1.66736364364624
2337,466.8,1.52369749546051
2338,466.9,1.16117787361145
2339,467.1,2.5666491985321
2340,467.3,2.20648193359375
2341,467.4,1.55689144134521
2342,467.6,0.657605826854706
2343,467.8,1.97046518325806
2344,467.9,1.20360684394836
2345,468.1,2.68391704559326
2346,468.2,1.28942322731018
2347,468.4,1.75884294509888
2348,468.6,1.26659691333771
2349,468.7,0.821745932102203
2350,468.9,2.2521345615387
2351,469.0,1.27565777301788
2352,469.2,2.40947890281677
2353,469.4,1.88107681274414
2354,469.6,1.29090428352356
2355,469.7,0.869402348995209
2356,469.9,2.00130677223206
2357,470.1,2.63469243049622
2358,470.2,1.26093399524689
2359,470.3,1.8897020816803
2360,470.5,0.784892857074738
2361,470.7,1.50130689144135
2362,470.9,2.61256313323975
2363,471.1,2.76215362548828
2364,471.3,2.30588960647583
2365,471.4,1.66884469985962
2366,471.7,1.53702735900879
2367,471.9,2.39013767242432
2368,472.0,1.40128946304321
2369,472.2,2.92115354537964
2370,472.3,1.06368708610535
2371,472.5,2.07631993293762
2372,472.7,4.09757804870605
2373,472.9,5.99991273880005
2374,473.0,6.27243423461914
2375,473.2,2.44685482978821
2376,473.3,2.17137122154236
2377,473.6,2.45617699623108
2378,473.7,1.64349186420441
2379,473.9,4.19489479064941
2380,474.0,2.24899816513062
2381,474.1,3.64296913146973
2382,474.4,2.02604985237122
2383,474.5,1.32078754901886
2384,474.7,10.4729051589966
2385,474.9,58.1437530517578
2386,475.0,92.6905364990234
2387,475.2,18.7721729278564
2388,475.3,9.35947036743164
2389,475.6,4.35642099380493
2390,475.8,16.430736541748
2391,476.0,40.6700630187988
2392,476.1,31.138090133667
2393,476.3,5.1083812713623
2394,476.4,3.70900845527649
2395,476.7,7.77121448516846
2396,476.8,9.46236324310303
2397,477.0,27.0093231201172
2398,477.1,12.409740447998
2399,477.2,11.6031541824341
2400,477.4,3.01899290084839
2401,477.7,3.91880106925964
2402,477.9,8.24429321289063
2403,478.0,5.05636882781982
2404,478.1,8.71484565734863
2405,478.3,3.37375855445862
2406,478.6,2.50618577003479
2407,478.8,3.92446422576904
2408,478.9,2.64566993713379
2409,479.1,6.44380569458008
2410,479.3,3.79952955245972
2411,479.5,1.76529014110565
2412,479.6,0.604896306991577
2413,479.8,2.39545226097107
2414,480.0,3.29194974899292
2415,480.2,3.65638613700867
2416,480.4,2.30946159362793
2417,480.6,1.67050004005432
2418,480.8,2.44920706748962
2419,481.0,3.04234194755554
2420,481.1,1.69158387184143
2421,481.3,3.08189582824707
2422,481.4,1.16980314254761
2423,481.6,1.54486846923828
2424,481.8,1.95774519443512
2425,482.0,2.82514381408691
2426,482.2,2.71066379547119
2427,482.3,2.00967073440552
2428,482.5,0.549398839473724
2429,482.7,1.49686360359192
2430,482.9,2.05183839797974
2431,483.1,2.39519071578979
2432,483.3,2.15699601173401
2433,483.5,1.32435965538025
2434,483.7,1.34030318260193
2435,483.8,0.910785853862762
2436,484.0,2.28837776184082
2437,484.2,2.40085387229919
2438,484.3,0.88673985004425
2439,484.5,1.50662136077881
2440,484.7,1.59513854980469
2441,484.8,0.831329524517059
2442,485.0,2.50174236297607
2443,485.2,2.43701004981995
2444,485.3,0.733664393424988
2445,485.4,1.49250745773315
2446,485.7,1.54155778884888
2447,485.9,2.35250043869019
2448,486.1,2.59966897964478
2449,486.2,2.18504977226257
2450,486.4,0.728785514831543
2451,486.6,1.82296562194824
2452,486.8,2.96880984306335
2453,486.9,2.17729568481445
2454,487.1,3.74568748474121
2455,487.2,2.79377937316895
2456,487.5,1.62911653518677
2457,487.7,1.77600622177124
2458,487.9,3.46846151351929
2459,488.1,3.07039546966553
2460,488.2,2.3910961151123
2461,488.5,2.16797351837158
2462,488.7,8.88848209381104
2463,488.9,53.6276359558105
2464,489.1,84.2530899047852
2465,489.2,18.3160820007324
2466,489.3,8.71118640899658
2467,489.5,1.6188360452652
2468,489.7,7.84300422668457
2469,489.8,11.0026140213013
2470,490.0,39.9238548278809
2471,490.1,29.1970729827881
2472,490.3,7.24438047409058
2473,490.5,1.86870539188385
2474,490.7,7.09696817398071
2475,490.8,9.12249565124512
2476,491.0,28.4043388366699
2477,491.1,22.9246387481689
2478,491.3,4.47926473617554
2479,491.4,2.593918800354
2480,491.7,3.85798931121826
2481,491.9,9.3410005569458
2482,492.0,5.91078567504883
2483,492.1,8.96593475341797
2484,492.3,3.688796043396
2485,492.6,2.38482308387756
2486,492.7,2.0706570148468
2487,492.9,6.3517165184021
2488,493.1,7.11604785919189
2489,493.2,5.05358076095581
2490,493.4,1.85267472267151
2491,493.7,2.07030844688416
2492,493.9,3.17076134681702
2493,494.1,3.76441884040833
2494,494.3,3.33664393424988
2495,494.4,0.957658112049103
2496,494.6,1.58137309551239
2497,494.8,2.80057501792908
2498,494.9,2.06264162063599
2499,495.1,3.8946681022644
2500,495.2,1.79290819168091
2501,495.3,2.70665621757507
2502,495.6,1.92977869510651
2503,495.8,2.1975953578949
2504,495.9,1.30850327014923
2505,496.1,3.12083983421326
2506,496.2,2.64488577842712
2507,496.4,1.06691062450409
2508,496.6,1.51150023937225
2509,496.8,1.66309463977814
2510,497.0,2.10925245285034
2511,497.2,1.9682000875473
2512,497.3,1.8493640422821
2513,497.5,1.48728001117706
2514,497.8,1.60960102081299
2515,498.0,2.20151591300964
2516,498.2,2.32409834861755
2517,498.4,1.72146713733673
2518,498.6,1.2725213766098
2519,498.8,1.41888833045959
2520,499.0,2.09696817398071
2521,499.2,2.36861824989319
2522,499.3,1.02613699436188
2523,499.5,1.46088171005249
2524,499.7,1.28776788711548
2525,499.9,1.97577977180481
2526,500.0,1.12990069389343
2527,500.2,2.24873661994934
2528,500.4,1.73802053928375
2529,500.6,1.65168142318726
2530,500.8,2.51463675498962
2531,501.0,2.85642099380493
2532,501.2,2.69454598426819
2533,501.3,0.957745254039764
2534,501.4,1.30832898616791
2535,501.6,0.834901571273804
2536,501.8,1.91549050807953
2537,502.0,2.87950873374939
2538,502.1,1.18252313137054
2539,502.3,2.29569602012634
2540,502.4,0.962449908256531
2541,502.6,3.43021440505981
2542,502.7,4.43012714385986
2543,502.9,18.4605331420898
2544,503.1,19.6123886108398
2545,503.2,9.72303581237793
2546,503.4,2.56595230102539
2547,503.6,1.43613874912262
2548,503.8,6.94075632095337
2549,504.0,11.5228261947632
2550,504.1,9.37532711029053
2551,504.3,3.70778870582581
2552,504.6,2.96576046943665
2553,504.8,6.61604785919189
2554,505.0,9.87489128112793
2555,505.1,8.44119167327881
2556,505.3,2.94851016998291
2557,505.6,2.07666850090027
2558,505.8,3.53397798538208
2559,506.0,5.41069889068604
2560,506.2,4.74943351745605
2561,506.3,1.38003134727478
2562,506.5,2.11491560935974
2563,506.6,1.33220076560974
2564,506.8,3.56325149536133
2565,507.0,5.19637584686279
2566,507.1,4.84875392913818
2567,507.3,2.71719813346863
2568,507.6,1.77809727191925
2569,507.8,2.64009404182434
2570,507.9,1.87584948539734
2571,508.0,3.65856409072876
2572,508.3,2.69646286964417
2573,508.5,2.20883440971375
2574,508.7,1.67363655567169
2575,508.8,1.26955914497375
2576,509.0,3.00879955291748
2577,509.1,3.02099657058716
2578,509.3,1.50653421878815
2579,509.4,2.12293076515198
2580,509.7,1.64340472221375
2581,509.9,2.17729568481445
2582,510.1,2.53528499603271
2583,510.3,2.47456002235413
2584,510.5,1.78863918781281
2585,510.7,1.49912881851196
2586,510.8,0.985014796257019
2587,511.0,2.37907290458679
2588,511.2,2.46872282028198
2589,511.3,1.62911653518677
2590,511.6,1.41409647464752
2591,511.7,0.61561244726181
2592,511.9,1.8489283323288
2593,512.0,1.12946510314941
2594,512.1,2.17084860801697
2595,512.3,1.83211362361908
2596,512.6,1.22277402877808
2597,512.8,1.53232264518738
2598,512.9,0.777225971221924
2599,513.1,2.22800135612488
2600,513.2,0.984404921531677
2601,513.4,1.94232439994812
2602,513.6,1.29569613933563
2603,513.8,1.68809902667999
2604,514.0,1.74333512783051
2605,514.2,2.18870878219604
2606,514.4,1.75666487216949
2607,514.6,1.43099844455719
2608,514.7,0.733403027057648
2609,514.9,2.07858514785767
2610,515.0,1.22573614120483
2611,515.1,1.96096885204315
2612,515.3,0.70569783449173
2613,515.5,1.48736715316772
2614,515.7,1.54905033111572
2615,515.8,0.993901371955872
2616,516.0,2.26110816001892
2617,516.1,1.25204741954803
2618,516.3,1.91496777534485
2619,516.4,0.683394312858582
2620,516.6,1.42559683322906
2621,516.8,2.09879779815674
2622,516.9,1.57440316677094
2623,517.1,2.89928555488586
2624,517.2,1.93230533599854
2625,517.5,1.41531622409821
2626,517.7,1.40268337726593
2627,517.9,1.96724164485931
2628,518.1,2.31416630744934
2629,518.3,1.73636519908905
2630,518.5,2.53206133842468
2631,518.6,1.500697016716
2632,518.8,4.78393459320068
2633,519.0,6.70108032226563
2634,519.1,4.83986759185791
2635,519.3,1.5137654542923
2636,519.5,1.82645058631897
2637,519.6,0.923680067062378
2638,519.8,3.40756225585938
2639,520.0,4.23741054534912
2640,520.1,3.68522381782532
2641,520.4,2.17511773109436
2642,520.6,3.60271835327148
2643,520.8,6.48475360870361
2644,521.0,7.62868118286133
2645,521.1,5.93213081359863
2646,521.3,2.71319055557251
2647,521.6,2.14723825454712
2648,521.8,3.94572234153748
2649,521.9,2.35040950775146
2650,522.1,4.43709707260132
2651,522.2,3.59618401527405
2652,522.4,0.886129975318909
2653,522.6,2.29543471336365
2654,522.7,1.28132081031799
2655,522.9,3.38743686676025
2656,523.1,3.98440504074097
2657,523.2,2.07727837562561
2658,523.4,3.00740551948547
2659,523.5,1.18661785125732
2660,523.7,2.13129472732544
2661,523.9,2.09208917617798
2662,524.0,1.26711976528168
2663,524.2,2.49625372886658
2664,524.3,1.89858865737915
2665,524.6,1.56734621524811
2666,524.8,1.70561075210571
2667,524.9,2.01733756065369
2668,525.1,1.12171113491058
2669,525.3,1.72826278209686
2670,525.5,1.38003134727478
2671,525.7,1.49076497554779
2672,525.9,1.72895979881287
2673,526.1,2.11857461929321
2674,526.3,1.72695589065552
2675,526.5,1.37898588180542
2676,526.7,1.29935526847839
2677,526.9,1.40372884273529
2678,527.0,0.707004725933075
2679,527.2,1.76999473571777
2680,527.4,1.56630074977875
2681,527.6,1.22625887393951
2682,527.8,1.44694197177887
2683,528.0,1.89179301261902
2684,528.2,1.85049664974213
2685,528.3,1.60977518558502
2686,528.5,0.624063432216644
2687,528.7,1.26041126251221
2688,528.9,1.47813212871552
2689,529.1,1.95243072509766
2690,529.2,0.789423227310181
2691,529.4,1.38595569133759
2692,529.5,0.593396067619324
2693,529.7,1.20770168304443
2694,529.8,0.686008036136627
2695,530.0,1.64471161365509
2696,530.1,0.944328308105469
2697,530.3,1.93448340892792
2698,530.5,1.68504965305328
2699,530.6,0.740547120571136
2700,530.8,1.52927339076996
2701,531.0,1.97978746891022
2702,531.2,1.99424982070923
2703,531.3,1.49398851394653
2704,531.6,1.23584246635437
2705,531.8,1.56028926372528
2706,532.0,1.83864784240723
2707,532.2,1.80710923671722
2708,532.3,0.741418361663818
2709,532.5,1.69132256507874
2710,532.7,3.2751350402832
2711,532.8,2.16074228286743
2712,533.0,4.91461944580078
2713,533.1,4.03894424438477
2714,533.3,1.3339432477951
2715,533.5,1.52814078330994
2716,533.7,2.19393610954285
2717,533.9,3.58590340614319
2718,534.1,3.35502696037292
2719,534.2,1.13443112373352
2720,534.4,2.06987285614014
2721,534.6,5.88142538070679
2722,534.7,7.19750833511353
2723,534.9,23.9458961486816
2724,535.0,23.7167625427246
2725,535.2,9.71118640899658
2726,535.4,1.37184178829193
2727,535.6,4.44938135147095
2728,535.7,4.27774858474731
2729,535.9,13.149242401123
2730,536.0,6.75840759277344
2731,536.1,10.4606199264526
2732,536.3,3.68931865692139
2733,536.6,3.49259448051453
2734,536.8,7.24917221069336
2735,537.0,10.2509145736694
2736,537.1,7.2569260597229
2737,537.3,3.50487899780273
2738,537.6,2.69602727890015
2739,537.8,3.74594879150391
2740,537.9,4.50060987472534
2741,538.2,3.84744739532471
2742,538.3,1.36304235458374
2743,538.5,1.74586164951324
2744,538.7,2.39266419410706
2745,538.8,1.05427777767181
2746,539.0,3.13896155357361
2747,539.2,2.34901547431946
2748,539.3,2.07144093513489
2749,539.5,1.15865135192871
2750,539.7,0.713103353977203
2751,539.9,1.81407916545868
2752,540.1,2.10376381874084
2753,540.2,1.96515071392059
2754,540.4,0.911831319332123
2755,540.5,1.28236627578735
2756,540.8,1.33481442928314
2757,541.0,1.58877849578857
2758,541.2,1.76006269454956
2759,541.4,1.44920718669891
2760,541.5,1.08442234992981
2761,541.8,1.20656907558441
2762,542.0,1.46759021282196
2763,542.2,1.89222860336304
2764,542.4,1.61831331253052
2765,542.6,1.32427251338959
2766,542.7,0.611517667770386
2767,542.8,1.26807808876038
2768,543.1,1.53572046756744
2769,543.2,0.657518744468689
2770,543.4,1.33376896381378
2771,543.5,0.539205431938171
2772,543.7,1.06055057048798
2773,543.9,1.41444504261017
2774,544.1,1.67259109020233
2775,544.3,1.77234709262848
2776,544.5,1.55358076095581
2777,544.7,1.37367141246796
2778,544.9,1.40442585945129
2779,545.1,1.66309463977814
2780,545.2,1.35450422763824
2781,545.5,1.06124758720398
2782,545.6,0.641313791275024
2783,545.8,1.35973167419434
2784,545.9,0.620142877101898
2785,546.1,1.73139917850494
2786,546.2,1.51271998882294
2787,546.4,1.75910437107086
2788,546.7,2.24507761001587
2789,546.9,3.16562128067017
2790,547.0,1.71153509616852
2791,547.1,3.15020036697388
2792,547.3,1.7170238494873
2793,547.5,1.31303358078003
2794,547.7,0.852064847946167
2795,547.9,2.41575193405151
2796,548.1,2.43613862991333
2797,548.3,2.02509140968323
2798,548.4,0.709792673587799
2799,548.6,3.69036412239075
2800,548.8,20.7740898132324
2801,549.0,59.9562644958496
2802,549.1,48.5963592529297
2803,549.3,11.1805191040039
2804,549.6,4.17084836959839
2805,549.7,4.27644205093384
2806,549.9,23.2706050872803
