#"+ Scan (rt: 4.977-40.000 min, 11478 scans) ROSIN_160726_2.D "
#Point,X(Thompsons),Y(Counts)
0,45.2,607.511047363281
1,45.3,24.041296005249
2,45.5,0.537027359008789
3,45.7,1.76982057094574
4,45.9,14.1759014129639
5,46.1,44.6826095581055
6,46.2,20.8364696502686
7,46.3,13.128942489624
8,46.5,1.40233492851257
9,46.7,2.11691927909851
10,46.9,15.8433523178101
11,47.1,54.9183654785156
12,47.2,31.5713539123535
13,47.4,2.92002081871033
14,47.7,2.67076134681702
15,47.9,8.90773677825928
16,48.0,8.56089878082275
17,48.1,16.5775394439697
18,48.3,5.45426034927368
19,48.6,2.09792637825012
20,48.8,4.68217468261719
21,49.0,17.0024394989014
22,49.1,21.5548877716064
23,49.3,5.52648544311523
24,49.4,3.34091305732727
25,49.7,1.74307370185852
26,49.9,17.2317485809326
27,50.1,188.150024414063
28,50.2,149.085296630859
29,50.4,5.33533716201782
30,50.7,0.759191513061523
31,50.8,1.05166399478912
32,51.0,57.8286285400391
33,51.2,770.122314453125
34,51.3,46.880989074707
35,51.5,0.491287678480148
36,51.7,0.74072140455246
37,51.9,14.5433874130249
38,52.1,167.382995605469
39,52.2,198.489974975586
40,52.4,8.14183616638184
41,52.5,1.24211537837982
42,52.8,1.06569087505341
43,53.0,46.267032623291
44,53.2,1237.71166992188
45,53.3,58.3910102844238
46,53.5,0.346227556467056
47,53.7,0.544607102870941
48,53.9,12.3237495422363
49,54.1,110.11351776123
50,54.2,79.3501510620117
51,54.3,51.1529006958008
52,54.5,0.784631490707397
53,54.6,0.326537728309631
54,54.8,0.032496951520443
55,55.0,20.3366432189941
56,55.2,2613.02587890625
57,55.3,106.001304626465
58,55.5,0.00514026824384928
59,55.8,1.19689846038818
60,56.0,47.2327041625977
61,56.2,318.684875488281
62,56.3,79.7883758544922
63,56.5,1.29038155078888
64,56.6,1.45051407814026
65,56.9,7.67372369766235
66,57.1,184.092956542969
67,57.2,488.467407226563
68,57.4,38.9267311096191
69,57.6,19.5652561187744
70,57.8,37.1208381652832
71,58.0,58.5655174255371
72,58.2,104.284629821777
73,58.3,27.3094615936279
74,58.4,11.3489284515381
75,58.6,2.15769290924072
76,58.8,6.86051559448242
77,58.9,11.603066444397
78,59.1,187.83219909668
79,59.2,266.372375488281
80,59.4,5.68757629394531
81,59.6,1.04844045639038
82,59.8,6.08233118057251
83,60.0,64.8524169921875
84,60.1,140.864608764648
85,60.3,22.3968467712402
86,60.5,1.01742458343506
87,60.7,1.85467851161957
88,60.9,19.507230758667
89,61.1,119.333160400391
90,61.2,51.0769309997559
91,61.3,18.9515590667725
92,61.5,0.814079105854034
93,61.7,2.3315908908844
94,61.9,20.7158050537109
95,62.1,109.850845336914
96,62.2,69.7726974487305
97,62.4,4.82340145111084
98,62.5,1.33664405345917
99,62.8,3.03554630279541
100,63.0,80.5286636352539
101,63.2,546.156555175781
102,63.3,45.7463836669922
103,63.5,1.97386300563812
104,63.7,3.59888482093811
105,63.9,31.4943370819092
106,64.1,183.751174926758
107,64.2,151.096786499023
108,64.4,17.6799087524414
109,64.6,3.76816511154175
110,64.8,2.3844747543335
111,65.0,66.0439987182617
112,65.2,1221.04541015625
113,65.3,50.9446754455566
114,65.5,1.43979787826538
115,65.8,4.83211374282837
116,66.0,64.2168502807617
117,66.2,248.183746337891
118,66.3,79.9085235595703
119,66.5,1.76511585712433
120,66.7,0.606116056442261
121,67.0,38.5498352050781
122,67.2,2134.63842773438
123,67.3,67.2339248657227
124,67.6,0.193152114748955
125,67.8,1.50845098495483
126,68.0,60.2584953308105
127,68.2,403.302154541016
128,68.3,78.7973480224609
129,68.5,2.23296737670898
130,68.8,1.28715801239014
131,69.0,46.7651176452637
132,69.2,1328.11865234375
133,69.3,119.91854095459
134,69.6,15.8269729614258
135,69.8,18.9952087402344
136,70.0,67.9794387817383
137,70.2,190.888397216797
138,70.3,57.4976463317871
139,70.4,36.612735748291
140,70.7,24.4126148223877
141,70.9,34.7220764160156
142,71.1,233.553573608398
143,71.2,309.575347900391
144,71.4,10.7285242080688
145,71.7,5.14793539047241
146,71.9,21.2991809844971
147,72.1,57.3804664611816
148,72.2,42.591739654541
149,72.4,6.11456680297852
150,72.7,2.34343957901001
151,72.9,13.7432479858398
152,73.1,484.557159423828
153,73.2,1868.82995605469
154,73.4,2.83289766311646
155,73.5,0.948335945606232
156,73.8,2.71310329437256
157,74.0,100.778617858887
158,74.1,388.139129638672
159,74.3,37.3655700683594
160,74.5,1.42097926139832
161,74.8,2.78184342384338
162,75.0,107.217025756836
163,75.1,534.507751464844
164,75.3,42.0676956176758
165,75.5,2.51881861686707
166,75.8,6.54521703720093
167,76.0,86.1313781738281
168,76.2,447.446502685547
169,76.3,80.4603576660156
170,76.5,2.67938661575317
171,76.8,0.340564548969269
172,77.0,51.752742767334
173,77.2,3500.8740234375
174,77.3,31.9163608551025
175,77.5,0.095312774181366
176,77.7,0.366004526615143
177,77.9,13.6269388198853
178,78.1,479.387969970703
179,78.2,880.710388183594
180,78.4,6.42803621292114
181,78.6,0.0798048451542854
182,78.8,0.151071608066559
183,79.0,33.4106101989746
184,79.2,4109.60986328125
185,79.3,34.7443809509277
186,79.6,0.111604809761047
187,79.8,1.57283496856689
188,80.0,68.0842514038086
189,80.2,732.031433105469
190,80.3,86.1931533813477
191,80.5,1.82383692264557
192,80.8,0.487280011177063
193,80.9,2.85764074325562
194,81.1,474.325134277344
195,81.2,2734.0458984375
196,81.4,8.05236148834229
197,81.6,1.17799270153046
198,81.8,7.53859567642212
199,82.0,108.021690368652
200,82.2,587.130920410156
201,82.3,123.476387023926
202,82.4,85.2478637695313
203,82.6,21.3254051208496
204,82.8,47.8979797363281
205,83.0,144.229309082031
206,83.2,696.806396484375
207,83.3,72.0348510742188
208,83.4,16.3961486816406
209,83.7,7.49512100219727
210,83.9,36.3535461425781
211,84.1,164.308151245117
212,84.2,161.336898803711
213,84.4,13.9452867507935
214,84.6,14.9702033996582
215,84.8,14.6005401611328
216,85.0,80.4144439697266
217,85.2,244.088088989258
218,85.3,51.8175659179688
219,85.5,6.00409460067749
220,85.7,4.80632495880127
221,85.9,30.3139057159424
222,86.1,165.952514648438
223,86.2,119.718856811523
224,86.4,9.8773307800293
225,86.7,3.65046167373657
226,86.9,36.9891967773438
227,87.1,318.26806640625
228,87.2,251.907913208008
229,87.4,8.43143367767334
230,87.7,6.63904857635498
231,87.8,10.806586265564
232,88.0,92.5530548095703
233,88.1,191.420974731445
234,88.3,41.6906242370605
235,88.5,3.10629034042358
236,88.7,3.17790555953979
237,88.9,32.7801895141602
238,89.1,582.641296386719
239,89.2,494.7939453125
240,89.4,8.11169147491455
241,89.7,10.0747518539429
242,89.9,45.8378639221191
243,90.1,99.5223007202148
244,90.2,60.273567199707
245,90.4,4.3154730796814
246,90.6,0.107510022819042
247,91.0,16.9984321594238
248,91.2,7833.650390625
249,91.3,23.2353191375732
250,91.5,0.266161352396011
251,91.7,0.0715281441807747
252,91.9,10.9269905090332
253,92.1,470.255187988281
254,92.2,1454.65173339844
255,92.4,4.69489479064941
256,92.6,0.368182599544525
257,92.9,3.20273566246033
258,93.1,552.619079589844
259,93.2,3417.11767578125
260,93.4,2.53519773483276
261,93.7,0.619097411632538
262,93.9,16.0304050445557
263,94.0,61.4095649719238
264,94.2,736.554443359375
265,94.3,157.10009765625
266,94.5,29.7332286834717
267,94.7,15.6488065719604
268,94.9,25.3490161895752
269,95.0,63.2862014770508
270,95.2,2176.6162109375
271,95.3,120.259017944336
272,95.5,1.11796474456787
273,95.8,3.74472904205322
274,96.0,152.386123657227
275,96.1,1879.9462890625
276,96.3,71.1213607788086
277,96.6,6.18356847763062
278,96.8,32.0441703796387
279,97.0,157.44807434082
280,97.1,223.650634765625
281,97.2,467.294036865234
282,97.4,8.51202297210693
283,97.6,7.53110313415527
284,97.8,16.4543476104736
285,98.0,82.6133499145508
286,98.2,212.505493164063
287,98.3,43.1343421936035
288,98.5,4.07318353652954
289,98.7,7.58755874633789
290,98.9,28.9090442657471
291,99.1,116.462623596191
292,99.2,111.455215454102
293,99.4,10.7848930358887
294,99.7,7.52700805664063
295,99.8,7.81338214874268
296,100.0,51.1992492675781
297,100.2,128.323135375977
298,100.3,26.1473255157471
299,100.4,12.8460531234741
300,100.7,8.10280513763428
301,100.9,38.8876991271973
302,101.1,233.78889465332
303,101.2,164.942230224609
304,101.4,9.55558490753174
305,101.5,6.2353196144104
306,101.7,3.80031371116638
307,101.9,42.0182952880859
308,102.0,95.1964645385742
309,102.1,409.457397460938
310,102.3,49.0478324890137
311,102.5,2.32200741767883
312,102.6,2.14262056350708
313,102.9,26.8570308685303
314,103.1,784.604431152344
315,103.2,654.3095703125
316,103.4,3.23261880874634
317,103.6,2.23958873748779
318,103.8,8.94999122619629
319,104.0,117.995468139648
320,104.1,241.466110229492
321,104.2,503.719451904297
322,104.4,8.12815856933594
323,104.6,0.198379501700401
324,104.8,0.178428292274475
325,105.0,46.3180885314941
326,105.2,6325.4248046875
327,105.3,18.8101577758789
328,105.7,0.12153685092926
329,105.9,12.4612302780151
330,106.0,68.8172988891602
331,106.2,1748.54223632813
332,106.3,85.2554473876953
333,106.5,3.19968628883362
334,106.8,1.17746996879578
335,107.0,63.5367660522461
336,107.2,2970.42553710938
337,107.3,72.2527465820313
338,107.6,0.61456698179245
339,107.8,4.23680067062378
340,108.0,86.6734619140625
341,108.2,952.476196289063
342,108.3,89.8527603149414
343,108.5,1.75840735435486
344,108.6,1.24220252037048
345,108.9,9.61299896240234
346,109.1,339.333343505859
347,109.2,2310.51953125
348,109.4,7.81887102127075
349,109.6,1.97900331020355
350,109.8,5.67485618591309
351,110.0,77.2530059814453
352,110.2,377.675201416016
353,110.3,56.0976638793945
354,110.6,9.06621360778809
355,110.7,4.391357421875
356,110.9,28.5542774200439
357,111.1,184.369842529297
358,111.2,224.045471191406
359,111.4,11.5797176361084
360,111.6,4.93770694732666
361,111.8,13.6975078582764
362,111.9,18.5933952331543
363,112.1,104.892227172852
364,112.2,112.965240478516
365,112.4,13.4854507446289
366,112.7,7.96271133422852
367,112.9,35.0906944274902
368,113.1,144.386566162109
369,113.2,108.671722412109
370,113.4,6.83028411865234
371,113.6,5.22678184509277
372,113.8,12.218243598938
373,114.0,47.6314697265625
374,114.2,79.3206100463867
375,114.3,16.1528148651123
376,114.5,0.612476050853729
377,114.7,0.134953826665878
378,114.9,6.56028938293457
379,115.1,1901.01513671875
380,115.2,2031.166015625
381,115.4,0.375936567783356
382,115.5,0.183742806315422
383,115.8,2.74908518791199
384,115.9,15.6847009658813
385,116.1,517.527893066406
386,116.2,688.653930664063
387,116.3,50.721118927002
388,116.5,0.926729381084442
389,116.8,1.00374627113342
390,116.9,5.53118991851807
391,117.1,1214.91101074219
392,117.2,2674.86279296875
393,117.4,0.645060122013092
394,117.7,0.474560022354126
395,117.9,20.9576587677002
396,118.1,439.994506835938
397,118.2,745.957458496094
398,118.4,6.83620834350586
399,118.5,1.02273917198181
400,118.8,0.942324459552765
401,119.0,105.72730255127
402,119.2,4171.98046875
403,119.3,25.9445896148682
404,119.5,0.176772952079773
405,119.7,0.31102979183197
406,119.8,2.91322541236877
407,120.0,93.8017044067383
408,120.2,1234.96362304688
409,120.3,95.8681793212891
410,120.5,0.981007158756256
411,120.7,0.428210496902466
412,120.9,7.92489957809448
413,121.1,487.303802490234
414,121.2,3061.8359375
415,121.4,2.24141836166382
416,121.7,0.882296562194824
417,121.8,2.4708137512207
418,122.0,79.3924865722656
419,122.1,223.350494384766
420,122.2,736.530822753906
421,122.4,6.74159240722656
422,122.6,0.626328647136688
423,122.8,2.75509667396545
424,123.0,59.2970886230469
425,123.2,1298.04516601563
426,123.3,60.9201965332031
427,123.5,0.880118489265442
428,123.7,2.0578498840332
429,123.8,4.28907489776611
430,124.0,52.1829605102539
431,124.2,194.37663269043
432,124.3,28.208137512207
433,124.4,9.09722995758057
434,124.7,3.95208215713501
435,124.9,39.214672088623
436,125.1,202.494247436523
437,125.2,156.194808959961
438,125.4,12.2947378158569
439,125.6,4.50932216644287
440,125.8,18.7767906188965
441,126.0,104.170677185059
442,126.1,213.673904418945
443,126.3,32.973690032959
444,126.5,5.18653059005737
445,126.7,2.32139754295349
446,126.9,24.545129776001
447,127.1,614.511169433594
448,127.2,567.175231933594
449,127.4,4.50191688537598
450,127.7,1.24742984771729
451,127.9,10.4870185852051
452,128.1,1535.06774902344
453,128.2,2271.92236328125
454,128.4,1.99250745773315
455,128.5,0.984840571880341
456,128.8,1.71946334838867
457,129.0,77.47900390625
458,129.2,4026.40576171875
459,129.3,13.3126850128174
460,129.5,0.158564209938049
461,129.7,0.742899477481842
462,129.9,16.2733058929443
463,130.0,75.3748016357422
464,130.2,1074.57385253906
465,130.3,52.4926834106445
466,130.5,1.09418022632599
467,130.8,1.48423075675964
468,130.9,4.12597990036011
469,131.1,984.162109375
470,131.2,3349.7841796875
471,131.4,0.899546980857849
472,131.6,0.471423596143723
473,131.8,4.0688271522522
474,132.0,90.9912033081055
475,132.2,1114.98876953125
476,132.3,53.1965484619141
477,132.4,5.04504251480103
478,132.6,0.122408084571362
479,132.8,1.50514030456543
480,132.9,4.32375001907349
481,133.1,1820.64819335938
482,133.2,3175.26879882813
483,133.4,1.75248301029205
484,133.6,0.186879247426987
485,133.8,5.01332998275757
486,134.0,135.02082824707
487,134.1,402.806579589844
488,134.2,1746.23901367188
489,134.4,5.112389087677
490,134.7,0.726520299911499
491,134.9,8.36556911468506
492,135.0,58.3738441467285
493,135.2,5051.19677734375
494,135.3,38.7992668151855
495,135.5,0.823488414287567
496,135.7,0.392664223909378
497,135.9,13.7880296707153
498,136.0,58.7569274902344
499,136.2,2407.48413085938
500,136.3,60.455394744873
501,136.5,1.67921245098114
502,136.8,5.32627630233765
503,136.9,23.1623973846436
504,137.1,337.826354980469
505,137.2,474.629730224609
506,137.4,3.42664217948914
507,137.6,0.512022972106934
508,137.8,7.79709005355835
509,138.0,58.9196739196777
510,138.2,112.311813354492
511,138.3,28.3993721008301
512,138.5,2.10742282867432
513,138.7,1.20064473152161
514,138.9,22.9793510437012
515,139.1,488.309997558594
516,139.2,568.694091796875
517,139.3,20.7986583709717
518,139.5,0.630074918270111
519,139.7,2.70787596702576
520,139.9,21.4202823638916
521,140.1,83.0080184936523
522,140.2,44.793083190918
523,140.3,17.7531795501709
524,140.5,1.01245856285095
525,140.8,3.01646637916565
526,141.0,79.3869171142578
527,141.2,3582.5439453125
528,141.3,14.4128770828247
529,141.6,0.815734446048737
530,141.8,3.77966547012329
531,142.0,74.0810241699219
532,142.2,1842.62866210938
533,142.3,22.8159961700439
534,142.4,3.80815482139587
535,142.7,0.99355286359787
536,142.9,9.81068134307861
537,143.1,1153.33947753906
538,143.2,2172.03491210938
539,143.3,20.4039897918701
540,143.6,0.951820850372314
541,143.8,3.63904857635498
542,144.0,75.8215713500977
543,144.2,1087.11291503906
544,144.3,45.0135040283203
545,144.5,1.04391014575958
546,144.7,1.3007493019104
547,144.9,9.79168891906738
548,145.0,60.7624168395996
549,145.2,2600.55590820313
550,145.3,30.7364521026611
551,145.4,1.81695413589478
552,145.7,0.984753429889679
553,145.9,15.9542598724365
554,146.1,390.720062255859
555,146.2,1049.77648925781
556,146.4,4.4058198928833
557,146.5,1.18740200996399
558,146.8,1.74777841567993
559,147.0,142.844833374023
560,147.2,2645.55712890625
561,147.3,26.7036933898926
562,147.4,1.53362953662872
563,147.7,0.602805376052856
564,147.9,14.4970378875732
565,148.1,394.137145996094
566,148.2,1965.12182617188
567,148.4,3.83751535415649
568,148.5,1.15046179294586
569,148.7,0.664140105247498
570,148.9,23.0253524780273
571,149.1,453.909301757813
572,149.2,1347.88854980469
573,149.4,3.24324798583984
574,149.5,1.36513328552246
575,149.8,7.17172002792358
576,150.0,104.635475158691
577,150.2,498.359649658203
578,150.3,32.0949630737305
579,150.4,7.37741756439209
580,150.7,2.58398675918579
581,150.9,33.1786880493164
582,151.1,433.871063232422
583,151.2,305.944152832031
584,151.4,4.1707615852356
585,151.7,1.71223211288452
586,151.8,3.81007146835327
587,152.0,104.185050964355
588,152.1,1666.52758789063
589,152.3,14.9710750579834
590,152.5,0.715107142925262
591,152.7,1.49181044101715
592,152.9,18.63547706604
593,153.1,1244.26379394531
594,153.2,870.389709472656
595,153.4,1.20238721370697
596,153.6,1.13286292552948
597,153.8,6.25727462768555
598,154.0,96.4926834106445
599,154.2,1110.41711425781
600,154.3,34.1186599731445
601,154.5,0.823139905929565
602,154.7,1.92141485214233
603,154.9,17.130859375
604,155.0,68.2119674682617
605,155.2,2706.74169921875
606,155.3,17.2185916900635
607,155.6,1.41183137893677
608,155.8,4.99729919433594
609,156.0,70.6732025146484
610,156.2,1123.98266601563
611,156.3,36.9064292907715
612,156.5,1.54556548595428
613,156.7,0.389789164066315
614,156.9,11.0459136962891
615,157.1,810.699523925781
616,157.2,1799.40551757813
617,157.4,2.55959224700928
618,157.7,1.56455826759338
619,157.9,16.2188529968262
620,158.1,371.411560058594
621,158.2,599.361938476563
622,158.4,5.87027359008789
623,158.6,0.352500438690186
624,158.8,2.66170072555542
625,159.0,72.1887969970703
626,159.2,2146.38427734375
627,159.3,37.0599403381348
628,159.5,0.571702361106873
629,159.7,1.20116746425629
630,159.9,15.9836206436157
631,160.1,290.3740234375
632,160.2,530.619079589844
633,160.4,6.04634952545166
634,160.5,1.70430386066437
635,160.8,7.56891441345215
636,161.0,157.723129272461
637,161.2,1066.1787109375
638,161.3,43.6646614074707
639,161.6,1.14453732967377
640,161.8,10.7050876617432
641,162.0,95.4248123168945
642,162.2,437.699066162109
643,162.3,37.21728515625
644,162.4,6.52761793136597
645,162.7,1.95765817165375
646,162.9,71.1929779052734
647,163.1,572.593933105469
648,163.2,214.696029663086
649,163.4,2.99607944488525
650,163.6,0.785851180553436
651,163.8,12.9983444213867
652,164.0,104.373146057129
653,164.2,231.685485839844
654,164.3,27.99538230896
655,164.5,0.977783560752869
656,164.7,1.12362778186798
657,164.9,35.8825569152832
658,165.1,2029.02905273438
659,165.2,657.011779785156
660,165.4,1.48170411586761
661,165.7,1.75405120849609
662,165.9,29.4066905975342
663,166.0,92.2792282104492
664,166.1,1076.32800292969
665,166.3,17.5954875946045
666,166.5,1.25030493736267
667,166.8,4.71519422531128
668,167.0,86.1047210693359
669,167.2,1845.70727539063
670,167.3,12.2553577423096
671,167.5,0.638525903224945
672,167.7,1.55209970474243
673,167.8,3.91610026359558
674,168.0,80.0515747070313
675,168.2,806.780944824219
676,168.3,29.5554981231689
677,168.6,1.76180517673492
678,168.8,3.64959049224854
679,169.0,65.1474151611328
680,169.2,1875.71496582031
681,169.3,17.5801525115967
682,169.4,3.23427414894104
683,169.6,0.676598727703094
684,169.8,4.86539459228516
685,170.0,69.4426727294922
686,170.2,826.305297851563
687,170.3,43.7430725097656
688,170.5,1.80798053741455
689,170.7,1.06525528430939
690,170.9,12.5067958831787
691,171.0,54.8247947692871
692,171.2,1786.73901367188
693,171.3,28.9668064117432
694,171.4,3.49337863922119
695,171.6,0.451298147439957
696,171.8,3.45966196060181
697,172.0,65.8696670532227
698,172.2,698.090270996094
699,172.3,47.1105575561523
700,172.5,1.36896669864655
701,172.8,2.92272162437439
702,173.0,61.9844055175781
703,173.2,1410.52416992188
704,173.3,43.6703262329102
705,173.5,1.66884469985962
706,173.8,4.34988689422607
707,174.0,61.4919853210449
708,174.2,457.977081298828
709,174.3,47.1761627197266
710,174.5,1.61003661155701
711,174.7,1.97996163368225
712,174.8,4.58198308944702
713,175.0,82.0793685913086
714,175.2,669.127014160156
715,175.3,47.0385093688965
716,175.6,2.57492589950562
717,175.8,11.7686004638672
718,176.0,154.290466308594
719,176.1,493.189483642578
720,176.3,25.9408435821533
721,176.6,1.17250394821167
722,176.8,3.72591042518616
723,177.0,446.177459716797
724,177.1,608.3515625
725,177.3,29.3473606109619
726,177.6,0.932915151119232
727,177.8,7.36879253387451
728,178.0,161.84553527832
729,178.1,1565.17651367188
730,178.3,10.0954866409302
731,178.4,2.2428994178772
732,178.7,1.1352151632309
733,178.8,4.21197080612183
734,179.0,213.581024169922
735,179.1,1680.59875488281
736,179.3,5.69742107391357
737,179.4,1.34683740139008
738,179.7,1.88316774368286
739,179.9,29.4637565612793
740,180.1,450.872985839844
741,180.2,291.83935546875
742,180.3,19.627025604248
743,180.5,0.774002432823181
744,180.7,1.86121273040771
745,180.9,22.566125869751
746,181.1,811.5751953125
747,181.2,685.679626464844
748,181.3,15.0564556121826
749,181.5,0.918626964092255
750,181.7,2.59121799468994
751,181.9,19.4479866027832
752,182.1,346.277038574219
753,182.2,401.531707763672
754,182.4,4.62118816375732
755,182.7,1.51576924324036
756,182.9,13.1536855697632
757,183.1,595.239562988281
758,183.2,1307.08227539063
759,183.4,2.89928555488586
760,183.7,1.33132946491241
761,183.9,15.8431777954102
762,184.1,291.056030273438
763,184.2,580.222961425781
764,184.4,4.27121448516846
765,184.5,1.54617524147034
766,184.8,2.20020914077759
767,185.0,53.4263801574707
768,185.2,2334.20141601563
769,185.3,36.0588073730469
770,185.4,3.30937457084656
771,185.7,1.65682172775269
772,185.9,13.6386127471924
773,186.0,44.9079971313477
774,186.2,893.620849609375
775,186.3,52.7570152282715
776,186.5,0.942324459552765
777,186.7,1.68147766590118
778,186.9,14.0153341293335
779,187.1,307.685485839844
780,187.2,1587.08068847656
781,187.4,4.86844396591187
782,187.5,1.32549226284027
783,187.8,4.043212890625
784,187.9,11.5469598770142
785,188.1,184.805892944336
786,188.2,439.856079101563
787,188.3,53.2958717346191
788,188.5,1.21266770362854
789,188.7,1.81007146835327
790,188.9,30.6191844940186
791,189.0,105.181915283203
792,189.1,1027.09887695313
793,189.3,18.2462100982666
794,189.5,0.783847332000732
795,189.7,2.53572058677673
796,189.8,5.19872808456421
797,190.0,75.5704803466797
798,190.1,452.192291259766
799,190.3,25.4937267303467
800,190.5,1.57788813114166
801,190.8,4.93997192382813
802,190.9,10.5648193359375
803,191.1,2329.56201171875
804,191.2,258.193756103516
805,191.3,5.2463846206665
806,191.5,0.285154193639755
807,191.7,1.46889698505402
808,191.8,3.56325149536133
809,192.0,270.918182373047
810,192.1,805.311462402344
811,192.3,16.4143581390381
812,192.6,1.18487536907196
813,192.8,6.85807609558105
814,192.9,14.1703262329102
815,193.1,1851.96728515625
816,193.2,371.980133056641
817,193.4,0.974124431610107
818,193.6,0.757884621620178
819,193.8,6.58259296417236
820,194.0,193.491287231445
821,194.1,651.128967285156
822,194.3,18.2346229553223
823,194.6,1.35459136962891
824,194.7,1.09932041168213
825,194.9,26.441104888916
826,195.1,704.165771484375
827,195.2,842.969665527344
828,195.4,1.17119705677032
829,195.5,0.923070192337036
830,195.8,5.98640871047974
831,196.0,66.9690704345703
832,196.1,238.146102905273
833,196.2,450.907287597656
834,196.4,3.58494520187378
835,196.5,1.17041301727295
836,196.8,2.31660556793213
837,197.0,57.5524482727051
838,197.1,504.305450439453
839,197.2,2328.82739257813
840,197.4,1.25779747962952
841,197.6,0.881338238716125
842,197.8,3.42063069343567
843,198.0,52.4317817687988
844,198.2,914.18017578125
845,198.3,38.1133460998535
846,198.4,5.18470096588135
847,198.7,1.50226521492004
848,198.9,11.5417318344116
849,199.0,35.1516799926758
850,199.2,1326.49438476563
851,199.3,39.5343246459961
852,199.4,5.08137321472168
853,199.7,2.12432479858398
854,199.9,17.2706050872803
855,200.1,227.799789428711
856,200.2,418.135375976563
857,200.4,6.47273063659668
858,200.7,2.8968460559845
859,200.8,3.09139227867126
860,201.0,55.2523956298828
861,201.2,831.262756347656
862,201.3,51.1458435058594
863,201.5,2.3387348651886
864,201.8,6.20534944534302
865,201.9,15.3238372802734
866,202.1,418.445373535156
867,202.2,306.360595703125
868,202.3,27.8694019317627
869,202.5,1.24481618404388
870,202.7,3.27208566665649
871,202.9,33.6588249206543
872,203.1,414.201354980469
873,203.2,308.710571289063
874,203.4,2.75335431098938
875,203.6,1.97525703907013
876,203.8,7.73819494247437
877,203.9,16.1696281433105
878,204.1,235.327239990234
879,204.2,146.782363891602
880,204.4,4.96941995620728
881,204.7,2.78646111488342
882,204.9,43.0820693969727
883,205.1,464.982055664063
884,205.2,199.412353515625
885,205.3,12.0096702575684
886,205.5,0.722686886787415
887,205.7,1.92821049690247
888,205.9,6.95739698410034
889,206.1,200.401458740234
890,206.2,172.778793334961
891,206.4,1.57902073860168
892,206.7,1.8802056312561
893,206.9,30.450252532959
894,207.1,16585.716796875
895,207.2,222.491027832031
896,207.4,0.655689120292664
897,207.7,1.73000526428223
898,207.9,13.846227645874
899,208.1,3655.57592773438
900,208.2,219.616912841797
901,208.4,1.43056285381317
902,208.7,1.82026481628418
903,208.9,11.4424114227295
904,209.1,2440.9091796875
905,209.2,394.2294921875
906,209.4,1.1615264415741
907,209.7,0.960707426071167
908,209.9,34.4247245788574
909,210.1,504.796813964844
910,210.2,339.288391113281
911,210.4,1.99259448051453
912,210.7,1.49198472499847
913,210.9,25.3022308349609
914,211.0,104.262329101563
915,211.2,1085.82250976563
916,211.3,24.1693668365479
917,211.6,1.0574141740799
918,211.8,5.59313488006592
919,212.0,56.4636688232422
920,212.2,581.683837890625
921,212.3,48.1673622131348
922,212.5,1.14052975177765
923,212.7,1.38168668746948
924,212.9,12.0787591934204
925,213.1,307.505828857422
926,213.2,1888.35717773438
927,213.3,45.0276184082031
928,213.5,1.17738282680511
929,213.8,3.42611956596375
930,214.0,43.2137145996094
931,214.2,634.455322265625
932,214.3,52.7246894836426
933,214.5,1.64479875564575
934,214.7,1.16614389419556
935,214.9,15.819393157959
936,215.1,257.801544189453
937,215.2,347.202026367188
938,215.4,5.5656909942627
939,215.6,0.976651012897491
940,215.8,6.51603078842163
941,215.9,12.9503393173218
942,216.1,144.734008789063
943,216.2,210.28515625
944,216.4,5.19158411026001
945,216.6,2.76250219345093
946,216.8,7.71615266799927
947,217.0,60.5427780151367
948,217.2,267.589660644531
949,217.3,18.3291511535645
950,217.5,1.10071444511414
951,217.7,2.83734107017517
952,217.8,4.96436643600464
953,218.0,50.9832725524902
954,218.1,203.390838623047
955,218.3,16.041296005249
956,218.4,5.26955938339233
957,218.7,4.45103693008423
958,218.8,6.83498859405518
959,219.0,71.4584426879883
960,219.2,460.262054443359
961,219.3,15.2476043701172
962,219.6,2.05933094024658
963,219.7,2.37802743911743
964,219.9,20.0571537017822
965,220.0,33.4951210021973
966,220.2,337.982666015625
967,220.3,13.9551315307617
968,220.4,3.30658650398254
969,220.6,0.752308785915375
970,220.8,4.88159942626953
971,221.0,163.291595458984
972,221.1,434.676086425781
973,221.2,516.807739257813
974,221.4,1.50670850276947
975,221.7,1.75431263446808
976,221.9,28.4648017883301
977,222.0,65.2887268066406
978,222.2,468.417572021484
979,222.3,27.5926990509033
980,222.5,1.42855894565582
981,222.7,2.69715976715088
982,222.9,33.3358612060547
983,223.0,82.1762466430664
984,223.2,1013.06945800781
985,223.3,20.3586864471436
986,223.5,0.727565765380859
987,223.7,2.81042003631592
988,223.8,5.37280035018921
989,224.0,56.5825042724609
990,224.2,479.805816650391
991,224.3,30.5041828155518
992,224.4,4.17564058303833
993,224.6,0.758581638336182
994,224.8,6.23836898803711
995,225.0,76.6407012939453
996,225.1,227.084335327148
997,225.2,732.327087402344
998,225.4,3.2298309803009
999,225.5,1.66082942485809
1000,225.8,6.21353912353516
1001,226.0,56.3014450073242
1002,226.2,468.390655517578
1003,226.3,46.879508972168
1004,226.5,1.90921759605408
1005,226.7,1.23897886276245
1006,226.9,15.0122842788696
1007,227.1,192.988327026367
1008,227.2,628.457946777344
1009,227.4,4.13634777069092
1010,227.5,2.07074403762817
1011,227.8,4.58642625808716
1012,228.0,46.9972114562988
1013,228.1,114.592872619629
1014,228.2,256.923431396484
1015,228.4,7.95016574859619
1016,228.7,2.5685658454895
1017,228.9,16.5068836212158
1018,229.1,154.660659790039
1019,229.2,217.251266479492
1020,229.4,6.50679540634155
1021,229.7,2.90059232711792
1022,229.9,19.4513854980469
1023,230.1,97.8235778808594
1024,230.2,88.7220764160156
1025,230.4,7.37062215805054
1026,230.5,3.78402161598206
1027,230.7,1.84840559959412
1028,230.9,17.5612468719482
1029,231.1,127.562377929688
1030,231.2,143.118743896484
1031,231.4,5.8484058380127
1032,231.6,1.03990244865417
1033,231.8,5.84073877334595
1034,232.0,42.9628868103027
1035,232.1,123.664749145508
1036,232.2,160.031707763672
1037,232.4,3.09923338890076
1038,232.5,2.88003134727478
1039,232.8,7.5108904838562
1040,232.9,14.1854848861694
1041,233.1,143.247344970703
1042,233.2,131.664489746094
1043,233.4,3.6250216960907
1044,233.7,2.79665446281433
1045,233.9,19.1230182647705
1046,234.1,166.842742919922
1047,234.2,260.869567871094
1048,234.3,16.8340301513672
1049,234.5,1.23105072975159
1050,234.7,4.64732551574707
1051,234.8,9.5866003036499
1052,235.0,84.3713226318359
1053,235.2,374.853637695313
1054,235.3,18.9119186401367
1055,235.6,1.9573096036911
1056,235.7,2.53136444091797
1057,235.9,21.479700088501
1058,236.1,149.524215698242
1059,236.2,522.734069824219
1060,236.4,5.20386838912964
1061,236.7,2.72434210777283
1062,236.9,17.3690547943115
1063,237.1,319.524047851563
1064,237.2,1186.24560546875
1065,237.4,4.49207162857056
1066,237.7,2.60550618171692
1067,237.8,4.14636707305908
1068,238.0,45.643928527832
1069,238.2,810.399780273438
1070,238.3,56.4208068847656
1071,238.5,1.15926122665405
1072,238.7,1.06299006938934
1073,238.8,0.979003310203552
1074,239.0,34.6948089599609
1075,239.1,270.708923339844
1076,239.2,4390.2255859375
1077,239.4,3.09609699249268
1078,239.6,0.387611091136932
1079,239.8,2.55079293251038
1080,240.0,43.0139389038086
1081,240.1,132.196899414063
1082,240.2,1325.73913574219
1083,240.4,7.87384557723999
1084,240.7,1.24708139896393
1085,240.8,1.28036248683929
1086,241.0,31.5027885437012
1087,241.2,3121.31567382813
1088,241.3,100.351631164551
1089,241.5,1.39353549480438
1090,241.7,0.876807808876038
1091,241.9,10.4208917617798
1092,242.1,133.913055419922
1093,242.2,797.320861816406
1094,242.4,8.8982400894165
1095,242.7,2.42437696456909
1096,242.9,13.2479524612427
1097,243.1,237.205612182617
1098,243.2,580.3115234375
1099,243.4,6.83228778839111
1100,243.7,2.44310855865479
1101,243.8,3.51925420761108
1102,244.0,41.0779762268066
1103,244.2,202.091567993164
1104,244.3,33.4722061157227
1105,244.4,7.48762845993042
1106,244.6,0.805802404880524
1107,244.8,5.24176692962646
1108,245.0,39.455394744873
1109,245.2,300.827423095703
1110,245.3,25.3101577758789
1111,245.5,1.21545565128326
1112,245.7,2.91601324081421
1113,245.9,15.0144624710083
1114,246.1,103.593307495117
1115,246.2,108.233665466309
1116,246.4,4.98571157455444
1117,246.7,3.84875416755676
1118,246.9,18.5813732147217
1119,247.1,76.1408767700195
1120,247.2,44.2137985229492
1121,247.3,15.7447290420532
1122,247.6,2.3657431602478
1123,247.8,6.82671213150024
1124,248.0,38.1009750366211
1125,248.2,149.971420288086
1126,248.3,13.7970027923584
1127,248.6,2.36060285568237
1128,248.8,17.7511768341064
1129,249.0,399.979431152344
1130,249.1,145.623458862305
1131,249.3,7.40128946304321
1132,249.4,2.46793866157532
1133,249.7,5.48030996322632
1134,249.9,62.3398666381836
1135,250.1,188.944061279297
1136,250.2,98.8960647583008
1137,250.3,17.7493457794189
1138,250.6,2.4980833530426
1139,250.7,3.31059408187866
1140,250.9,98.383171081543
1141,251.0,162.238372802734
1142,251.1,235.234619140625
1143,251.3,13.1197071075439
1144,251.4,2.69968628883362
1145,251.7,3.36504626274109
1146,251.8,8.3263635635376
1147,252.0,90.6959381103516
1148,252.1,134.218673706055
1149,252.2,426.792205810547
1150,252.4,6.18914461135864
1151,252.6,1.39275133609772
1152,252.8,13.4457225799561
1153,253.0,127.110214233398
1154,253.2,464.436126708984
1155,253.3,43.5071449279785
1156,253.5,1.68086779117584
1157,253.8,4.09583568572998
1158,253.9,10.5017423629761
1159,254.1,205.800140380859
1160,254.2,1550.1572265625
1161,254.4,7.78018808364868
1162,254.7,2.93892669677734
1163,254.9,15.3755884170532
1164,255.1,162.795867919922
1165,255.2,612.479187011719
1166,255.3,99.7736511230469
1167,255.5,1.26389610767365
1168,255.7,1.58137309551239
1169,255.9,7.10585451126099
1170,256.1,135.136962890625
1171,256.2,1561.29309082031
1172,256.4,10.8262767791748
1173,256.6,0.724952101707458
1174,256.8,2.45574140548706
1175,257.0,28.6994247436523
1176,257.2,1232.52172851563
1177,257.3,394.653076171875
1178,257.5,2.75779747962952
1179,257.8,3.22852420806885
1180,258.0,31.5161170959473
1181,258.1,81.9956436157227
1182,258.2,465.390228271484
1183,258.4,9.35650825500488
1184,258.5,3.22974395751953
1185,258.8,4.34544324874878
1186,259.0,41.2614555358887
1187,259.2,1393.89038085938
1188,259.3,39.4317817687988
1189,259.5,2.3716676235199
1190,259.8,4.44746494293213
1191,260.0,32.5334548950195
1192,260.1,97.2475204467773
1193,260.2,290.184173583984
1194,260.4,5.7466459274292
1195,260.7,2.96732878684998
1196,260.8,4.02003812789917
1197,261.0,31.224515914917
1198,261.2,102.997993469238
1199,261.3,14.5693502426147
1200,261.4,4.72242546081543
1201,261.7,2.77217292785645
1202,261.9,11.8991985321045
1203,262.1,47.9088706970215
1204,262.2,33.7690353393555
1205,262.4,4.3733229637146
1206,262.6,1.50723123550415
1207,262.8,9.71850490570068
1208,263.0,37.5927848815918
1209,263.1,42.452953338623
1210,263.3,9.76206684112549
1211,263.5,1.15568912029266
1212,263.7,3.35302329063416
1213,263.9,13.3870887756348
1214,264.1,45.5426025390625
1215,264.2,31.1546440124512
1216,264.4,3.11779046058655
1217,264.7,3.5652551651001
1218,264.9,103.324882507324
1219,265.0,468.624237060547
1220,265.2,25.8730621337891
1221,265.4,1.49381422996521
1222,265.6,1.42394149303436
1223,265.7,3.00296211242676
1224,265.9,55.9505996704102
1225,266.1,152.109420776367
1226,266.2,62.0757102966309
1227,266.4,4.19018983840942
1228,266.7,6.16405296325684
1229,266.9,146.68147277832
1230,267.0,776.90771484375
1231,267.2,44.5284881591797
1232,267.4,2.31094264984131
1233,267.7,4.40512275695801
1234,267.9,84.832633972168
1235,268.1,234.431259155273
1236,268.2,120.283843994141
1237,268.4,4.267991065979
1238,268.7,6.59592247009277
1239,268.8,15.1922807693481
1240,269.0,161.842132568359
1241,269.2,279.747955322266
1242,269.3,17.5934829711914
1243,269.5,1.23331594467163
1244,269.7,3.95243072509766
1245,269.9,25.7093563079834
1246,270.1,113.021606445313
1247,270.2,152.608642578125
1248,270.4,7.12388896942139
1249,270.7,4.47987461090088
1250,270.8,7.40703964233398
1251,271.0,53.9387512207031
1252,271.2,261.088775634766
1253,271.3,25.0578498840332
1254,271.5,2.76781678199768
1255,271.8,6.74629735946655
1256,272.0,35.8417854309082
1257,272.2,148.857376098633
1258,272.3,47.8541564941406
1259,272.5,1.38003134727478
1260,272.7,2.81974220275879
1261,272.8,4.10751008987427
1262,273.0,33.4327392578125
1263,273.1,83.2713851928711
1264,273.2,509.975860595703
1265,273.4,6.59583568572998
1266,273.7,2.74864959716797
1267,273.9,13.318696975708
1268,274.1,78.7466430664063
1269,274.2,189.624496459961
1270,274.4,6.33237504959106
1271,274.7,3.3403902053833
1272,274.9,11.8802051544189
1273,275.1,51.9291687011719
1274,275.2,57.8361206054688
1275,275.4,5.18940591812134
1276,275.7,3.15464377403259
1277,275.9,13.9472036361694
1278,276.1,42.2030830383301
1279,276.2,24.04905128479
1280,276.3,14.1041994094849
1281,276.6,2.65107154846191
1282,276.8,7.0690016746521
1283,276.9,9.92603206634521
1284,277.1,32.0166397094727
1285,277.2,19.1226692199707
1286,277.4,4.15926122665405
1287,277.7,2.89309978485107
1288,277.9,12.6157865524292
1289,278.1,30.9018115997314
1290,278.2,20.3098106384277
1291,278.4,3.26293778419495
1292,278.6,3.01498508453369
1293,278.8,11.6283321380615
1294,279.0,36.470027923584
1295,279.1,37.5531463623047
1296,279.3,10.7792301177979
1297,279.6,2.8477087020874
1298,279.7,1.45852935314178
1299,279.9,6.96576070785522
1300,280.1,17.7855892181396
1301,280.2,11.3692283630371
1302,280.4,2.44755172729492
1303,280.7,4.75823307037354
1304,280.9,47.0843353271484
1305,281.1,6884.01318359375
1306,281.2,16.8294124603271
1307,281.3,3.9385781288147
1308,281.6,1.35189056396484
1309,281.8,8.21118640899658
1310,282.0,1016.39935302734
1311,282.1,1050.0908203125
1312,282.3,6.74176692962646
1313,282.4,2.19367480278015
1314,282.6,0.913922309875488
1315,282.8,8.27278232574463
1316,283.0,731.883972167969
1317,283.1,998.024597167969
1318,283.3,5.97307872772217
1319,283.6,1.24080848693848
1320,283.8,7.71632671356201
1321,284.0,200.862091064453
1322,284.1,285.687835693359
1323,284.3,25.3448333740234
1324,284.6,1.79691588878632
1325,284.8,6.27713871002197
1326,285.0,108.984664916992
1327,285.1,264.718078613281
1328,285.2,2662.19311523438
1329,285.4,1.73357725143433
1330,285.6,1.49721205234528
1331,285.8,5.67834138870239
1332,286.0,45.1899299621582
1333,286.1,80.6443634033203
1334,286.2,803.745422363281
1335,286.4,7.91217994689941
1336,286.7,2.07910776138306
1337,286.9,11.1082067489624
1338,287.1,187.458526611328
1339,287.2,3646.81713867188
1340,287.4,4.03502368927002
1341,287.6,0.693239212036133
1342,287.8,3.51759886741638
1343,287.9,8.09304714202881
1344,288.1,89.5195159912109
1345,288.2,845.496154785156
1346,288.4,6.34936380386353
1347,288.7,2.93030142784119
1348,288.9,13.1770343780518
1349,289.1,59.3694038391113
1350,289.2,137.537033081055
1351,289.4,3.87410688400269
1352,289.5,2.36400079727173
1353,289.8,5.13016223907471
1354,290.0,20.4263801574707
1355,290.2,43.7255630493164
1356,290.3,11.2952604293823
1357,290.4,5.13085889816284
1358,290.6,1.26563858985901
1359,290.8,5.63390827178955
1360,290.9,7.65455675125122
1361,291.1,21.1643142700195
1362,291.2,9.57422924041748
1363,291.3,7.90477418899536
1364,291.6,2.65185570716858
1365,291.7,1.66274607181549
1366,291.9,9.87070941925049
1367,292.1,20.7327938079834
1368,292.2,7.86548185348511
1369,292.3,8.36443614959717
1370,292.5,1.55915665626526
1371,292.7,5.6885347366333
1372,292.9,19.5551490783691
1373,293.1,30.4249000549316
1374,293.2,15.714409828186
1375,293.4,3.62911653518677
1376,293.7,3.22834992408752
1377,293.9,14.4324798583984
1378,294.1,27.3231391906738
1379,294.2,17.9651508331299
1380,294.4,4.81486320495605
1381,294.7,5.68234872817993
1382,294.9,36.0423431396484
1383,295.1,78.7023849487305
1384,295.2,19.2095317840576
1385,295.3,9.81625747680664
1386,295.6,2.31573438644409
1387,295.8,8.90703964233398
1388,295.9,15.2021255493164
1389,296.1,74.5009613037109
1390,296.2,55.8127708435059
1391,296.4,5.46410512924194
1392,296.7,4.88159942626953
1393,296.9,23.3538951873779
1394,297.1,52.9976463317871
1395,297.2,33.349536895752
1396,297.4,2.89702033996582
1397,297.5,2.56063771247864
1398,297.8,6.06081199645996
1399,298.0,36.9395370483398
1400,298.2,413.792297363281
1401,298.3,18.6140441894531
1402,298.4,6.01420116424561
1403,298.7,4.14793539047241
1404,298.9,23.0557594299316
1405,299.1,79.1921920776367
1406,299.2,87.9571380615234
1407,299.3,22.4221992492676
1408,299.5,2.14749956130981
1409,299.7,1.1821745634079
1410,299.9,11.8453559875488
1411,300.1,134.151153564453
1412,300.2,1043.46069335938
1413,300.4,6.49860620498657
1414,300.7,2.33795094490051
1415,300.9,11.3120756149292
1416,301.1,57.428035736084
1417,301.2,211.872451782227
1418,301.3,36.4833602905273
1419,301.5,1.06603932380676
1420,301.7,0.799965143203735
1421,301.9,4.62528324127197
1422,302.1,134.443725585938
1423,302.2,5753.95068359375
1424,302.4,7.23497104644775
1425,302.6,0.443369925022125
1426,302.8,2.19637560844421
1427,303.0,25.3505840301514
1428,303.2,1230.24987792969
1429,303.3,79.6721572875977
1430,303.5,1.35415577888489
1431,303.7,2.35633397102356
1432,303.9,7.66518545150757
1433,304.1,42.7638092041016
1434,304.2,169.504180908203
1435,304.4,6.2573618888855
1436,304.6,1.17651164531708
1437,304.8,4.67790555953979
1438,305.0,15.359992980957
1439,305.2,26.4115695953369
1440,305.3,10.3602542877197
1441,305.4,4.33551120758057
1442,305.7,2.64723825454712
1443,305.8,3.1575186252594
1444,306.0,13.0863389968872
1445,306.2,16.0111522674561
1446,306.3,4.91061162948608
1447,306.4,3.87088346481323
1448,306.6,1.26206660270691
1449,306.8,5.94650650024414
1450,307.0,15.4741239547729
1451,307.2,15.5254402160645
1452,307.3,6.50505304336548
1453,307.5,1.33333337306976
1454,307.7,2.80859041213989
1455,307.9,9.51245880126953
1456,308.0,8.52422046661377
1457,308.2,15.7824535369873
1458,308.3,6.90486145019531
1459,308.5,1.58999824523926
1460,308.7,5.28088521957397
1461,308.9,13.3013591766357
1462,309.1,21.8876113891602
1463,309.2,12.0139398574829
1464,309.4,3.33037114143372
1465,309.7,3.80536675453186
1466,309.9,11.9124412536621
1467,310.1,23.8931865692139
1468,310.2,10.1757278442383
1469,310.3,8.036940574646
1470,310.6,4.56325149536133
1471,310.8,12.4395360946655
1472,311.0,29.5832901000977
1473,311.1,22.9179306030273
1474,311.3,7.30336284637451
1475,311.6,3.10167264938354
1476,311.8,7.29508638381958
1477,312.0,24.2213802337646
1478,312.2,58.4189758300781
1479,312.3,11.2115354537964
1480,312.5,2.07414174079895
1481,312.7,6.95295333862305
1482,312.9,22.0917415618896
1483,313.0,18.0672588348389
1484,313.1,35.9105262756348
1485,313.3,9.45425987243652
1486,313.5,1.61491549015045
1487,313.7,3.68025779724121
1488,313.9,14.5087127685547
1489,314.0,19.3038864135742
1490,314.2,85.8479690551758
1491,314.3,15.8108558654785
1492,314.6,2.75779747962952
1493,314.8,6.33193922042847
1494,315.0,19.5520992279053
1495,315.2,36.8387336730957
1496,315.3,7.57022142410278
1497,315.4,4.046959400177
1498,315.7,3.04748225212097
1499,315.9,9.28628635406494
1500,316.0,11.769907951355
1501,316.2,53.9964294433594
1502,316.3,18.3634777069092
1503,316.5,1.41601324081421
1504,316.7,2.64253354072571
1505,316.9,8.30510520935059
1506,317.0,8.66318130493164
1507,317.2,22.9260330200195
1508,317.3,9.42524814605713
1509,317.5,1.1326014995575
1510,317.7,2.36818265914917
1511,317.9,7.61787748336792
1512,318.0,8.30858993530273
1513,318.2,18.8718414306641
1514,318.3,8.88769817352295
1515,318.5,1.62327933311462
1516,318.7,2.59740376472473
1517,318.9,7.44023370742798
1518,319.1,13.4593133926392
1519,319.2,9.67058753967285
1520,319.4,3.33411741256714
1521,319.7,2.58555507659912
1522,319.8,2.76781678199768
1523,320.0,11.1728525161743
1524,320.2,14.2165880203247
1525,320.3,6.8119010925293
1526,320.6,2.40067958831787
1527,320.7,1.43936228752136
1528,320.9,7.07518720626831
1529,321.1,12.8490152359009
1530,321.2,9.84762191772461
1531,321.4,3.22930812835693
1532,321.7,2.33002257347107
1533,321.9,7.50034856796265
1534,322.1,13.3218326568604
1535,322.2,5.63268852233887
1536,322.3,6.95243072509766
1537,322.6,4.50453042984009
1538,322.8,17.1001052856445
1539,323.0,30.825231552124
1540,323.1,22.0889530181885
1541,323.3,6.0329327583313
1542,323.5,1.13451826572418
1543,323.7,4.63817739486694
1544,323.9,14.3382120132446
1545,324.1,18.2678165435791
1546,324.2,10.4042520523071
1547,324.5,4.67137145996094
1548,324.6,4.62780952453613
1549,324.8,39.0330200195313
1550,324.9,49.6272010803223
1551,325.0,75.8761978149414
1552,325.2,14.1404428482056
1553,325.5,3.69724678993225
1554,325.6,2.87654638290405
1555,325.8,18.5629024505615
1556,326.0,38.30615234375
1557,326.1,25.5012187957764
1558,326.3,7.02117109298706
1559,326.6,6.23732376098633
1560,326.7,9.87166786193848
1561,326.9,124.378814697266
1562,327.0,104.073272705078
1563,327.1,54.3416976928711
1564,327.3,4.25222158432007
1565,327.6,3.95042681694031
1566,327.8,25.550443649292
1567,328.0,58.5266609191895
1568,328.1,36.386302947998
1569,328.3,5.44859743118286
1570,328.4,4.0216064453125
1571,328.6,3.3621711730957
1572,328.8,21.5105419158936
1573,328.9,19.3919677734375
1574,329.0,37.1933250427246
1575,329.2,9.33742809295654
1576,329.3,5.49198484420776
1577,329.6,3.07579708099365
1578,329.8,8.05288410186768
1579,330.0,20.0967063903809
1580,330.2,35.8372535705566
1581,330.3,14.0530576705933
1582,330.6,3.01167440414429
1583,330.8,6.71493291854858
1584,331.0,14.1281585693359
1585,331.1,16.6083812713623
1586,331.3,7.53545904159546
1587,331.6,2.13120746612549
1588,331.8,4.26694536209106
1589,332.0,11.6845273971558
1590,332.2,14.9262065887451
1591,332.3,6.69881534576416
1592,332.6,1.92855894565582
1593,332.8,3.83603405952454
1594,333.0,7.92080497741699
1595,333.2,9.70482635498047
1596,333.3,3.4763023853302
1597,333.4,2.64575719833374
1598,333.7,2.59958171844482
1599,333.8,2.46741580963135
1600,334.0,9.96401786804199
1601,334.2,11.7631988525391
1602,334.3,3.87314867973328
1603,334.4,3.5666491985321
1604,334.6,1.08773303031921
1605,334.8,4.61482858657837
1606,334.9,4.21380043029785
1607,335.1,11.4412794113159
1608,335.2,4.77504777908325
1609,335.3,5.29465055465698
1610,335.5,1.18975436687469
1611,335.7,2.31068134307861
1612,335.8,2.94310855865479
1613,336.0,10.038595199585
1614,336.2,13.1495037078857
1615,336.3,6.75126314163208
1616,336.5,1.34100019931793
1617,336.7,3.18217468261719
1618,336.9,6.99198484420776
1619,337.1,10.1653594970703
1620,337.2,4.43700981140137
1621,337.3,4.93953657150269
1622,337.5,1.42960441112518
1623,337.7,2.64366602897644
1624,337.8,2.18827319145203
1625,338.0,9.25753593444824
1626,338.2,10.1272001266479
1627,338.3,6.01193571090698
1628,338.6,4.45617723464966
1629,338.8,19.3714923858643
1630,339.0,44.6570816040039
1631,339.1,28.469331741333
1632,339.3,6.27417659759521
1633,339.5,1.06577801704407
1634,339.7,5.08773326873779
1635,339.9,15.9597492218018
1636,340.1,18.2410697937012
1637,340.2,5.30484390258789
1638,340.3,3.2428994178772
1639,340.5,1.57571005821228
1640,340.7,9.46079444885254
1641,340.8,29.695068359375
1642,341.0,405.915679931641
1643,341.1,117.019950866699
1644,341.3,3.65821576118469
1645,341.5,1.05959224700928
1646,341.7,9.52761840820313
1647,341.9,82.1783447265625
1648,342.0,66.2470779418945
1649,342.1,51.1636161804199
1650,342.3,7.57788801193237
1651,342.5,1.41444504261017
1652,342.7,10.9706392288208
1653,342.9,73.1509857177734
1654,343.0,93.052619934082
1655,343.2,18.2823657989502
1656,343.4,1.75344133377075
1657,343.6,3.17616319656372
1658,343.8,14.4103498458862
1659,344.0,31.0116748809814
1660,344.1,23.7792301177979
1661,344.3,6.44014644622803
1662,344.5,1.66161346435547
1663,344.7,8.26459312438965
1664,344.9,25.1699771881104
1665,345.0,22.32932472229
1666,345.1,39.3616485595703
1667,345.3,7.64026832580566
1668,345.6,2.60568046569824
1669,345.8,7.3664402961731
1670,346.0,16.61203956604
1671,346.1,17.1636180877686
1672,346.3,4.84152269363403
1673,346.4,3.55671715736389
1674,346.7,3.51393961906433
1675,346.8,3.56595230102539
1676,347.0,11.423680305481
1677,347.1,10.6075096130371
1678,347.3,2.81224942207336
1679,347.4,2.24960803985596
1680,347.7,2.44528675079346
1681,347.9,6.76380920410156
1682,348.1,9.77713871002197
1683,348.2,6.93570327758789
1684,348.4,3.4454607963562
1685,348.7,2.44145321846008
1686,348.9,5.3368182182312
1687,349.1,8.34378814697266
1688,349.2,3.84875416755676
1689,349.3,4.67956066131592
1690,349.6,2.00548887252808
1691,349.8,3.57030844688416
1692,350.0,7.37933444976807
1693,350.2,9.97656345367432
1694,350.3,3.19986057281494
1695,350.4,3.34492063522339
1696,350.6,0.943544149398804
1697,350.8,3.67668581008911
1698,351.0,6.61134338378906
1699,351.2,7.11561250686646
1700,351.3,4.64540863037109
1701,351.6,2.07553577423096
1702,351.7,1.2077888250351
1703,351.9,5.75945281982422
1704,352.1,8.70142841339111
1705,352.2,6.84570503234863
1706,352.4,1.61186623573303
1707,352.6,3.05166411399841
1708,352.7,2.27077889442444
1709,352.9,8.60184669494629
1710,353.1,12.4304752349854
1711,353.2,4.89675903320313
1712,353.3,5.60184717178345
1713,353.6,2.34823131561279
1714,353.8,4.32549238204956
1715,354.0,8.47473430633545
1716,354.1,4.71563005447388
1717,354.3,0.994249880313873
1718,354.5,1.2104024887085
1719,354.7,5.84448528289795
1720,354.9,100.689315795898
1721,355.0,923.62744140625
1722,355.2,20.9091300964355
1723,355.5,1.57571005821228
1724,355.7,4.19864082336426
1725,355.9,95.1170959472656
1726,356.0,276.821411132813
1727,356.2,29.5127201080322
1728,356.4,1.32453393936157
1729,356.6,2.64453744888306
1730,356.8,23.1406173706055
1731,356.9,66.1725921630859
1732,357.0,197.098709106445
1733,357.2,24.7208576202393
1734,357.4,1.14680254459381
1735,357.6,2.28193068504333
1736,357.7,4.58032751083374
1737,357.9,35.0844230651855
1738,358.1,51.7758331298828
1739,358.2,15.3808155059814
1740,358.3,9.15124607086182
1741,358.5,1.36330366134644
1742,358.7,6.19689846038818
1743,358.9,24.9981708526611
1744,359.1,34.4572219848633
1745,359.2,16.9350929260254
1746,359.4,3.64584422111511
1747,359.7,3.12423777580261
1748,359.8,3.90233492851257
1749,360.0,18.1790390014648
1750,360.2,37.8373413085938
1751,360.3,11.0017423629761
1752,360.4,4.31808662414551
1753,360.7,3.57396769523621
1754,360.8,3.99181032180786
1755,361.0,15.1150894165039
1756,361.1,9.74002456665039
1757,361.2,14.9030323028564
1758,361.4,3.63878726959229
1759,361.7,2.74237680435181
1760,361.9,6.84962558746338
1761,362.0,5.09609699249268
1762,362.1,10.4672412872314
1763,362.3,5.59165382385254
1764,362.5,1.64810943603516
1765,362.7,5.47900342941284
1766,362.9,14.1705875396729
1767,363.1,27.6708488464355
1768,363.2,16.2653770446777
1769,363.4,2.0685658454895
1770,363.6,2.5360689163208
1771,363.8,5.80693483352661
1772,364.0,13.1829586029053
1773,364.1,15.3347272872925
1774,364.3,6.75047922134399
1775,364.5,2.85598540306091
1776,364.8,4.60681295394897
1777,365.0,8.09871101379395
1778,365.1,8.98919677734375
1779,365.3,4.32357549667358
1780,365.6,2.41880106925964
1781,365.8,3.39980840682983
1782,366.0,6.97116231918335
1783,366.1,7.7646803855896
1784,366.3,4.06281566619873
1785,366.6,2.61944580078125
1786,366.8,6.21101236343384
1787,366.9,5.28053665161133
1788,367.1,12.0821571350098
1789,367.2,8.15316295623779
1790,367.4,3.01359128952026
1791,367.7,2.59766507148743
1792,367.9,6.36809539794922
1793,368.1,9.99756050109863
1794,368.2,4.47935199737549
1795,368.3,5.30580234527588
1796,368.5,2.0035719871521
1797,368.7,6.06778192520142
1798,368.8,6.78994607925415
1799,369.0,23.9891090393066
1800,369.1,20.418888092041
1801,369.3,4.46872282028198
1802,369.4,3.35947036743164
1803,369.7,3.58442234992981
1804,369.9,9.96001052856445
1805,370.1,13.46497631073
1806,370.2,8.20700454711914
1807,370.5,3.51324272155762
1808,370.6,2.11021089553833
1809,370.8,10.44398021698
1810,370.9,8.82357597351074
1811,371.1,19.8606033325195
1812,371.2,8.8408260345459
1813,371.4,3.40616822242737
1814,371.7,3.81573438644409
1815,371.8,3.62075281143188
1816,372.0,10.0006093978882
1817,372.2,9.78663539886475
1818,372.3,4.69280385971069
1819,372.6,3.45530581474304
1820,372.8,8.53833389282227
1821,372.9,6.94127893447876
1822,373.1,14.3199167251587
1823,373.2,8.64262104034424
1824,373.4,2.32915139198303
1825,373.7,3.16710233688354
1826,373.9,8.07797527313232
1827,374.0,5.9162745475769
1828,374.2,10.7792301177979
1829,374.3,5.48998069763184
1830,374.6,2.49102640151978
1831,374.7,1.35798919200897
1832,374.9,5.47386312484741
1833,375.1,7.87471675872803
1834,375.2,2.88726258277893
1835,375.3,4.00670862197876
1836,375.6,1.90320611000061
1837,375.7,1.27225995063782
1838,375.9,5.86365222930908
1839,376.1,12.8849973678589
1840,376.2,9.89431953430176
1841,376.4,3.4077365398407
1842,376.7,1.95460879802704
1843,376.9,4.51698923110962
1844,377.0,3.60707449913025
1845,377.1,7.60367679595947
1846,377.3,4.47037792205811
1847,377.6,2.25047922134399
1848,377.8,3.91470646858215
1849,378.0,13.1170063018799
1850,378.2,36.5712661743164
1851,378.3,9.03336811065674
1852,378.4,5.11090803146362
1853,378.7,2.58529353141785
1854,378.9,5.86304235458374
1855,379.1,12.1621360778809
1856,379.2,10.9578323364258
1857,379.4,3.95608997344971
1858,379.7,2.33281064033508
1859,379.9,5.64976453781128
1860,380.1,9.38717555999756
1861,380.2,7.34866714477539
1862,380.4,1.70874714851379
1863,380.6,2.3498866558075
1864,380.7,1.68365573883057
1865,380.9,5.61308574676514
1866,381.1,7.7028226852417
1867,381.2,6.43448352813721
1868,381.4,3.14976477622986
1869,381.7,2.00235223770142
1870,381.9,4.69419765472412
1871,382.1,6.8694896697998
1872,382.3,5.996253490448
1873,382.5,3.98144268989563
1874,382.7,6.36548185348511
1875,382.9,10.5906076431274
1876,383.0,10.760498046875
1877,383.2,5.30562829971313
1878,383.5,2.38491034507751
1879,383.7,3.72861123085022
1880,383.9,6.26964616775513
1881,384.0,4.26964616775513
1882,384.1,7.03920555114746
1883,384.4,3.43326354026794
1884,384.6,5.86182260513306
1885,384.7,6.36922788619995
1886,384.9,21.9417152404785
1887,385.1,20.6515064239502
1888,385.2,7.20482683181763
1889,385.4,2.70456528663635
1890,385.7,5.64889335632324
1891,385.9,10.9588775634766
1892,386.1,11.4528665542603
1893,386.2,5.78166913986206
1894,386.5,3.8349015712738
1895,386.7,11.4092178344727
1896,386.9,31.2721729278564
1897,387.0,30.3886566162109
1898,387.2,9.67747020721436
1899,387.4,3.14479875564575
1900,387.7,6.07649421691895
1901,387.9,13.1419239044189
1902,388.1,14.8702735900879
1903,388.2,4.40146350860596
1904,388.3,4.26258945465088
1905,388.5,1.17868971824646
1906,388.7,4.8263635635376
1907,388.8,4.52883768081665
1908,389.0,12.1083812713623
1909,389.1,8.7822790145874
1910,389.3,4.05967950820923
1911,389.5,1.04469418525696
1912,389.7,2.5633385181427
1913,389.9,6.07222509384155
1914,390.1,7.50627279281616
1915,390.2,5.27008199691772
1916,390.4,1.47769641876221
1917,390.6,2.33838653564453
1918,390.8,3.13251447677612
1919,391.0,5.00209093093872
1920,391.2,5.1193585395813
1921,391.3,2.0872974395752
1922,391.4,2.48092007637024
1923,391.7,2.07431602478027
1924,391.8,1.828280210495
1925,392.0,5.52265214920044
1926,392.2,6.42211198806763
1927,392.3,4.09043407440186
1928,392.5,1.25013065338135
1929,392.7,2.13913583755493
1930,392.9,3.59374451637268
1931,393.1,5.43448352813721
1932,393.3,4.84291696548462
1933,393.4,2.98379516601563
1934,393.7,2.09078240394592
1935,393.8,1.65621185302734
1936,394.0,5.52805376052856
1937,394.1,2.91758155822754
1938,394.3,5.58206987380981
1939,394.4,2.91096019744873
1940,394.7,1.85955739021301
1941,394.8,1.25614213943481
1942,395.0,4.99093914031982
1943,395.1,2.52787947654724
1944,395.3,4.40599393844604
1945,395.5,2.50627279281616
1946,395.6,0.767816722393036
1947,395.8,2.18330717086792
1948,396.0,4.93761968612671
1949,396.2,5.20709180831909
1950,396.3,2.46314692497253
1951,396.5,3.20108032226563
1952,396.7,3.31573438644409
1953,396.8,2.48797702789307
1954,397.0,6.94624519348145
1955,397.1,6.08982419967651
1956,397.3,4.36513328552246
1957,397.6,2.49024224281311
1958,397.7,1.47281754016876
1959,397.9,3.74612307548523
1960,398.1,4.93535470962524
1961,398.3,4.2611083984375
1962,398.5,3.49712491035461
1963,398.7,10.2249517440796
1964,398.8,11.5401639938354
1965,399.0,24.6884479522705
1966,399.1,13.9959049224854
1967,399.3,3.81512451171875
1968,399.6,3.33612132072449
1969,399.8,8.41601371765137
1970,400.0,11.7170238494873
1971,400.1,4.67084836959839
1972,400.2,4.82601499557495
1973,400.4,1.40024399757385
1974,400.6,7.2753963470459
1975,400.8,50.7462959289551
1976,401.0,111.267295837402
1977,401.1,37.0844230651855
1978,401.3,4.57875919342041
1979,401.5,1.90913045406342
1980,401.7,11.4929428100586
1981,401.8,15.09104347229
1982,402.0,40.5034866333008
1983,402.1,20.4810066223145
1984,402.3,4.60655164718628
1985,402.6,6.04539108276367
1986,402.7,7.155601978302
1987,402.9,27.7481269836426
1988,403.0,25.1654472351074
1989,403.2,8.33795070648193
1990,403.4,2.47412443161011
1991,403.7,5.264244556427
1992,403.9,9.83159065246582
1993,404.0,5.63225317001343
1994,404.1,8.49834442138672
1995,404.3,2.45460891723633
1996,404.5,2.52317476272583
1997,404.7,4.018470287323
1998,404.9,6.72625875473022
1999,405.0,4.1017599105835
2000,405.1,6.54330015182495
2001,405.3,1.42821049690247
2002,405.4,2.15385961532593
2003,405.6,1.04652380943298
2004,405.8,2.90825939178467
2005,405.9,2.41775560379028
2006,406.1,5.79334402084351
2007,406.2,4.63948440551758
2008,406.5,2.48492765426636
2009,406.7,2.23680090904236
2010,406.8,1.60733580589294
2011,407.0,3.99546957015991
2012,407.2,4.16335582733154
2013,407.3,2.81564736366272
2014,407.5,0.845704853534698
2015,407.7,1.70073187351227
2016,407.9,3.60071444511414
2017,408.1,5.13416957855225
2018,408.2,4.82584095001221
2019,408.4,2.78802919387817
2020,408.7,1.70439100265503
2021,408.8,1.38151240348816
2022,409.0,3.38691401481628
2023,409.2,4.25945281982422
2024,409.4,3.3785502910614
2025,409.5,1.77766156196594
2026,409.7,0.921066403388977
2027,409.9,3.07205080986023
2028,410.0,2.46218848228455
2029,410.2,4.61831331253052
2030,410.3,3.08790731430054
2031,410.6,1.88996338844299
2032,410.8,2.2590172290802
2033,410.9,1.77051746845245
2034,411.1,4.28280210494995
2035,411.2,3.69158387184143
2036,411.4,1.99790906906128
2037,411.7,1.57536160945892
2038,411.9,3.0163791179657
2039,412.1,4.37402009963989
2040,412.2,3.65603756904602
2041,412.4,1.15873849391937
2042,412.6,2.75030493736267
2043,412.8,6.19733381271362
2044,413.0,9.21502017974854
2045,413.1,4.38456153869629
2046,413.2,5.49076509475708
2047,413.5,1.85581111907959
2048,413.7,2.71876645088196
2049,413.9,4.91087293624878
2050,414.1,5.82871580123901
2051,414.2,3.58964967727661
2052,414.5,1.97403728961945
2053,414.7,9.44572257995605
2054,414.8,24.4663696289063
2055,415.0,164.494430541992
2056,415.1,84.1854858398438
2057,415.3,4.70500087738037
2058,415.4,2.49207186698914
2059,415.7,8.80641269683838
2060,415.8,15.9489459991455
2061,416.0,64.8025817871094
2062,416.1,36.9274253845215
2063,416.3,7.14305639266968
2064,416.6,4.31137847900391
2065,416.8,20.9336986541748
2066,417.0,49.1508102416992
2067,417.1,30.4524307250977
2068,417.3,6.85189056396484
2069,417.6,3.36190962791443
2070,417.8,9.43465805053711
2071,418.0,16.3036251068115
2072,418.1,13.4013767242432
2073,418.3,4.57936906814575
2074,418.5,1.27408957481384
2075,418.7,5.62162399291992
2076,418.8,5.38769817352295
2077,419.0,12.8097229003906
2078,419.1,10.7124938964844
2079,419.3,2.49965143203735
2080,419.4,2.37637209892273
2081,419.6,1.03171288967133
2082,419.8,3.87210321426392
2083,420.0,5.91827821731567
2084,420.1,2.91914963722229
2085,420.3,4.12171125411987
2086,420.4,2.10629034042358
2087,420.7,2.75483536720276
2088,420.9,4.82740879058838
2089,421.0,3.28515410423279
2090,421.1,5.77975273132324
2091,421.3,3.01629209518433
2092,421.6,1.88351631164551
2093,421.8,2.42716503143311
2094,421.9,1.86617875099182
2095,422.1,4.62676429748535
2096,422.2,1.8161700963974
2097,422.3,2.71789503097534
2098,422.5,1.2895975112915
2099,422.7,1.50505316257477
2100,422.9,3.29691576957703
2101,423.1,5.2613697052002
2102,423.2,2.76476740837097
2103,423.3,4.21493291854858
2104,423.5,1.97961318492889
2105,423.8,1.93918800354004
2106,423.9,1.62319219112396
2107,424.1,4.92141485214233
2108,424.2,3.17320084571838
2109,424.3,5.29769992828369
2110,424.5,3.37027359008789
2111,424.7,1.25483536720276
2112,424.9,3.14270782470703
2113,425.1,3.59374451637268
2114,425.3,3.795086145401
2115,425.5,2.56220602989197
2116,425.7,1.80815470218658
2117,425.8,1.23322880268097
2118,426.0,3.2829761505127
2119,426.1,3.47238183021545
2120,426.4,2.59086942672729
2121,426.6,2.24185395240784
2122,426.8,3.22913408279419
2123,426.9,2.48754143714905
2124,427.1,4.56926298141479
2125,427.2,3.65786719322205
2126,427.5,2.26546430587769
2127,427.7,1.9359644651413
2128,427.8,1.34753441810608
2129,428.0,3.44676780700684
2130,428.1,3.46872282028198
2131,428.3,0.818435251712799
2132,428.5,2.18278455734253
2133,428.7,9.52369785308838
2134,428.9,80.5321502685547
2135,429.0,76.9834442138672
2136,429.1,73.7754821777344
2137,429.3,4.9527792930603
2138,429.5,2.67337512969971
2139,429.7,7.75013065338135
2140,429.8,14.3852586746216
2141,430.0,56.2794036865234
2142,430.1,37.9995651245117
2143,430.3,4.96820020675659
2144,430.4,3.98057150840759
2145,430.7,8.89684581756592
2146,430.9,35.5093231201172
2147,431.0,43.0622940063477
2148,431.2,16.9233322143555
2149,431.4,1.90155076980591
2150,431.6,3.0052273273468
2151,431.8,8.5868616104126
2152,432.0,18.8042335510254
2153,432.1,16.7104034423828
2154,432.3,6.87767887115479
2155,432.6,2.94458961486816
2156,432.8,6.90878200531006
2157,432.9,5.79447650909424
2158,433.1,13.5662136077881
2159,433.2,5.49799633026123
2160,433.3,5.56072473526001
2161,433.5,1.1940233707428
2162,433.7,2.84979963302612
2163,433.9,5.29796123504639
2164,434.1,6.98222684860229
2165,434.2,3.37105774879456
2166,434.3,4.00069713592529
2167,434.5,1.01838302612305
2168,434.7,2.5272696018219
2169,434.9,4.14950323104858
2170,435.0,2.40547132492065
2171,435.2,5.20953130722046
2172,435.3,2.64166235923767
2173,435.6,1.73784625530243
2174,435.7,0.875326693058014
2175,435.9,3.45669984817505
2176,436.1,6.112389087677
2177,436.3,5.44275999069214
2178,436.5,3.53293251991272
2179,436.7,4.00165557861328
2180,436.9,6.40128946304321
2181,437.1,7.70604658126831
2182,437.2,5.34492063522339
2183,437.4,2.74934649467468
2184,437.7,2.07963061332703
2185,437.8,1.70186448097229
2186,438.0,5.42672920227051
2187,438.2,8.67694759368896
2188,438.3,9.78071117401123
2189,438.5,2.11709356307983
2190,438.7,1.22198987007141
2191,438.9,3.60376381874084
2192,439.1,4.67703437805176
2193,439.2,2.67990946769714
2194,439.3,4.65473079681396
2195,439.5,1.04826629161835
2196,439.7,1.88299357891083
2197,439.8,0.997647702693939
2198,440.0,3.30353713035583
2199,440.1,1.45809376239777
2200,440.3,3.24507761001587
2201,440.4,1.31085550785065
2202,440.6,1.99538242816925
2203,440.8,2.77975249290466
2204,440.9,2.06159615516663
2205,441.1,3.94249868392944
2206,441.3,2.65333676338196
2207,441.4,1.67372369766235
2208,441.7,1.88708829879761
2209,441.9,3.06516814231873
2210,442.1,3.35476565361023
2211,442.3,2.81660556793213
2212,442.5,1.98640882968903
2213,442.7,2.76041126251221
2214,442.8,2.1831328868866
2215,443.0,5.33115530014038
2216,443.2,4.21136093139648
2217,443.3,1.2521345615387
2218,443.4,1.97055232524872
2219,443.7,2.27165007591248
2220,443.9,3.3588604927063
2221,444.1,3.57631993293762
2222,444.2,3.15516638755798
2223,444.5,2.3529360294342
2224,444.7,5.00914812088013
2225,444.9,9.64044284820557
2226,445.0,4.60385084152222
2227,445.1,7.78802919387817
2228,445.3,3.06194448471069
2229,445.5,1.02604985237122
2230,445.7,3.00696992874146
2231,445.9,5.26685810089111
2232,446.0,6.00461769104004
2233,446.2,1.9257709980011
2234,446.3,2.49320435523987
2235,446.6,3.18278455734253
2236,446.8,6.34126138687134
2237,447.0,8.0798921585083
2238,447.1,5.84239435195923
2239,447.3,2.74725556373596
2240,447.6,2.07841086387634
2241,447.8,3.64296913146973
2242,448.0,5.11439275741577
2243,448.1,2.47351455688477
2244,448.2,3.31251096725464
2245,448.4,1.09548699855804
2246,448.6,1.62746119499207
2247,448.7,1.36164832115173
2248,448.9,3.5450427532196
2249,449.1,3.20125460624695
2250,449.2,1.37741768360138
2251,449.4,1.94397974014282
2252,449.6,1.53232264518738
2253,449.8,2.14375329017639
2254,450.0,2.89902424812317
2255,450.2,3.42036938667297
2256,450.3,1.63251435756683
2257,450.4,1.7829761505127
2258,450.7,1.55532324314117
2259,450.9,2.11256313323975
2260,451.0,1.36731135845184
2261,451.2,2.72913408279419
2262,451.4,2.19010281562805
2263,451.5,0.823924005031586
2264,451.6,1.60088860988617
2265,451.8,1.28785502910614
2266,452.0,3.33829927444458
2267,452.2,4.51106452941895
2268,452.3,1.89675903320313
2269,452.4,3.30824184417725
2270,452.7,2.06725907325745
2271,452.8,1.15525352954865
2272,453.0,2.4153163433075
2273,453.2,2.88342905044556
2274,453.4,2.6487193107605
2275,453.5,0.99250739812851
2276,453.7,1.58311557769775
2277,453.8,0.933263659477234
2278,454.0,2.12423777580261
2279,454.2,2.75535798072815
2280,454.3,1.15882563591003
2281,454.4,1.99947726726532
2282,454.7,1.57388043403625
2283,454.9,1.79090428352356
2284,455.1,2.68391704559326
2285,455.3,2.43788123130798
2286,455.4,0.922721743583679
2287,455.6,1.29761278629303
2288,455.8,1.64688968658447
2289,456.0,2.16117787361145
2290,456.1,1.21763372421265
2291,456.3,2.25204730033875
2292,456.4,0.884126126766205
2293,456.6,1.9573096036911
2294,456.8,2.98205256462097
2295,457.0,3.59130501747131
2296,457.1,2.76302480697632
2297,457.4,1.91496777534485
2298,457.6,1.45948767662048
2299,457.8,2.39597487449646
2300,458.0,2.60541915893555
2301,458.1,1.52282631397247
2302,458.3,2.53406524658203
2303,458.5,2.64026832580566
2304,458.6,2.63687062263489
2305,458.8,8.37480354309082
2306,458.9,4.90172481536865
2307,459.0,8.54704666137695
2308,459.2,3.68200039863586
2309,459.5,2.37462973594666
2310,459.7,3.65420794487
2311,459.9,5.04835319519043
2312,460.1,5.11439275741577
2313,460.2,3.22834992408752
2314,460.4,1.39092171192169
2315,460.6,6.37097072601318
2316,460.7,8.81486320495605
2317,460.9,35.938663482666
2318,461.0,30.9243774414063
2319,461.2,10.3155603408813
2320,461.5,3.31172680854797
2321,461.7,7.6952428817749
2322,461.9,15.1847887039185
2323,462.1,15.0453042984009
2324,462.2,3.82740902900696
2325,462.3,3.96044611930847
2326,462.5,1.57649421691895
2327,462.7,6.18156480789185
2328,462.8,4.88351631164551
2329,463.0,11.9444150924683
2330,463.1,8.21197032928467
2331,463.3,2.63321137428284
2332,463.6,2.16283321380615
2333,463.7,1.8837776184082
2334,463.9,4.78611278533936
2335,464.0,4.95016574859619
2336,464.2,1.71580410003662
2337,464.3,2.32514381408691
2338,464.5,0.81024569272995
2339,464.7,2.30702209472656
2340,464.9,3.00296211242676
2341,465.0,2.65507936477661
2342,465.2,2.58633899688721
2343,465.4,0.891357362270355
2344,465.6,1.3667014837265
2345,465.8,1.73427426815033
2346,466.0,2.38464879989624
2347,466.2,2.22774004936218
2348,466.4,1.87750482559204
2349,466.6,1.50313639640808
2350,466.8,1.46210145950317
2351,467.0,2.22530055046082
2352,467.2,2.26685833930969
2353,467.4,1.81251084804535
2354,467.6,1.53301966190338
2355,467.7,1.48754143714905
2356,468.0,2.10550618171692
2357,468.2,2.1631817817688
2358,468.4,1.47804498672485
2359,468.5,0.812162399291992
2360,468.6,1.13617360591888
2361,468.9,1.5331939458847
2362,469.1,2.15577626228333
2363,469.3,2.1266770362854
2364,469.4,0.786461055278778
2365,469.6,1.43770694732666
2366,469.7,0.635302305221558
2367,469.9,1.73558115959167
2368,470.1,1.77966547012329
2369,470.2,2.00104546546936
2370,470.4,0.829761266708374
2371,470.6,1.64619266986847
2372,470.7,0.743683576583862
2373,470.9,1.92463839054108
2374,471.1,2.67468190193176
2375,471.2,1.32183301448822
2376,471.3,2.09522557258606
2377,471.5,1.53450083732605
2378,471.7,0.73558109998703
2379,471.9,2.06508111953735
2380,472.1,2.37175464630127
2381,472.3,2.51550793647766
2382,472.4,1.02552711963654
2383,472.6,2.54129648208618
2384,472.7,2.39623618125916
2385,472.9,6.42036962509155
2386,473.1,6.38011837005615
2387,473.2,3.61988162994385
2388,473.5,1.58546781539917
2389,473.7,2.34230709075928
2390,473.8,1.69097399711609
2391,474.0,4.0834641456604
2392,474.1,2.13164305686951
2393,474.3,2.67703437805176
2394,474.5,2.59357023239136
2395,474.7,9.53789901733398
2396,474.9,56.9525184631348
2397,475.0,48.1830444335938
2398,475.1,56.5577621459961
2399,475.3,6.79909372329712
2400,475.4,4.25718784332275
2401,475.6,2.29560899734497
2402,475.8,16.3797702789307
2403,476.0,39.8531112670898
2404,476.1,27.2549228668213
2405,476.3,7.05148983001709
2406,476.6,4.68287181854248
2407,476.8,13.868182182312
2408,476.9,11.50461769104
2409,477.1,24.2695598602295
2410,477.2,11.6373929977417
2411,477.4,2.99067783355713
2412,477.7,3.52665972709656
2413,477.9,7.59714221954346
2414,478.1,9.03188705444336
2415,478.2,5.3693151473999
2416,478.4,1.12693846225739
2417,478.6,2.01376557350159
2418,478.7,1.37872457504272
2419,478.9,4.61691951751709
2420,479.0,2.81956791877747
2421,479.2,5.15438222885132
2422,479.3,2.4710750579834
2423,479.6,1.59235060214996
2424,479.7,0.797699928283691
2425,479.9,2.39998269081116
2426,480.1,3.24089550971985
2427,480.2,3.69123530387878
2428,480.4,1.29552185535431
2429,480.6,2.03824710845947
2430,480.7,1.1989893913269
2431,480.9,2.03885698318481
2432,481.1,2.43404769897461
2433,481.3,2.89588785171509
2434,481.4,1.99059069156647
2435,481.7,1.62110126018524
2436,481.8,0.877069175243378
2437,482.0,1.88952779769897
2438,482.2,2.42420291900635
2439,482.4,2.01367831230164
2440,482.6,1.28550267219543
2441,482.8,1.47656381130219
2442,482.9,0.824272513389587
2443,483.1,2.25039196014404
2444,483.3,1.84256839752197
2445,483.4,0.773566842079163
2446,483.6,1.33716678619385
2447,483.8,1.48475348949432
2448,483.9,0.953040599822998
2449,484.1,1.97456002235413
2450,484.2,2.05392932891846
2451,484.5,1.46515071392059
2452,484.7,1.21397459506989
2453,484.9,1.8828192949295
2454,485.1,2.16021966934204
2455,485.2,0.959923326969147
2456,485.3,1.78855204582214
2457,485.5,0.684614062309265
2458,485.7,1.40921759605408
2459,485.9,1.49154901504517
2460,486.0,0.93822968006134
2461,486.2,2.23680090904236
2462,486.3,2.12380194664001
2463,486.6,1.70308411121368
2464,486.8,2.72878551483154
2465,486.9,1.71867918968201
2466,487.1,4.00165557861328
2467,487.2,3.0780622959137
2468,487.4,0.894842326641083
2469,487.6,1.62920367717743
2470,487.8,2.1451473236084
2471,488.0,3.19881510734558
2472,488.1,1.69358777999878
2473,488.2,2.37306141853333
2474,488.5,2.49268174171448
2475,488.7,9.74969482421875
2476,488.8,17.8889179229736
2477,489.0,79.4726409912109
2478,489.1,55.912353515625
2479,489.3,8.31608295440674
2480,489.6,3.12197256088257
2481,489.8,16.2701683044434
2482,490.0,39.1371307373047
2483,490.1,28.9841442108154
2484,490.3,7.36408805847168
2485,490.6,3.79229831695557
2486,490.7,4.79891967773438
2487,490.9,21.3320274353027
2488,491.0,14.3924903869629
2489,491.1,23.2074394226074
2490,491.3,5.32827997207642
2491,491.6,2.38386487960815
2492,491.8,6.25971412658691
2493,492.0,10.8854331970215
2494,492.1,9.94267272949219
2495,492.3,2.64784812927246
2496,492.4,2.6608293056488
2497,492.7,3.25718760490417
2498,492.8,3.11831331253052
2499,493.0,7.13913583755493
2500,493.2,7.08198308944702
2501,493.3,2.23035383224487
2502,493.4,2.28776788711548
2503,493.7,1.75030493736267
2504,493.8,1.34256839752197
2505,494.0,3.71571707725525
2506,494.1,2.09435439109802
2507,494.3,3.28210496902466
2508,494.4,1.93718421459198
2509,494.7,2.18330717086792
2510,494.9,3.13338565826416
2511,495.1,3.64140105247498
2512,495.3,3.44415402412415
2513,495.4,2.23845624923706
2514,495.7,1.70047044754028
2515,495.8,0.822965681552887
2516,496.0,2.49085211753845
2517,496.1,2.90242195129395
2518,496.4,2.51271986961365
2519,496.6,1.61517691612244
2520,496.8,1.64593136310577
2521,496.9,1.18470120429993
2522,497.1,2.07013416290283
2523,497.2,1.17537903785706
2524,497.4,1.94293427467346
2525,497.5,0.839780449867249
2526,497.7,1.58511936664581
2527,497.9,1.45669972896576
2528,498.1,2.21231913566589
2529,498.3,2.14453744888306
2530,498.4,1.64323055744171
2531,498.7,1.47377586364746
2532,498.8,0.665969669818878
2533,499.0,1.87767899036407
2534,499.2,2.23723649978638
2535,499.3,0.913225293159485
2536,499.5,1.5735319852829
2537,499.7,1.22617185115814
2538,499.9,1.54634952545166
2539,500.0,1.07361912727356
2540,500.2,2.02744388580322
2541,500.4,1.94241154193878
2542,500.5,0.817912518978119
2543,500.7,1.71571707725525
2544,500.9,2.36670160293579
2545,501.1,2.63878726959229
2546,501.3,2.01620483398438
2547,501.4,0.822617173194885
2548,501.6,1.78132081031799
2549,501.8,1.85311031341553
2550,502.0,2.5561945438385
2551,502.2,2.81599593162537
2552,502.3,1.21432304382324
2553,502.5,2.38830804824829
2554,502.6,2.42002081871033
2555,502.8,11.9472036361694
2556,503.0,20.9056453704834
2557,503.1,9.9637565612793
2558,503.2,10.1606550216675
2559,503.4,2.99895453453064
2560,503.7,4.1126503944397
2561,503.8,4.28820371627808
2562,504.0,11.4445028305054
2563,504.1,10.8725385665894
2564,504.3,2.79961657524109
2565,504.5,2.63826441764832
2566,504.6,1.53162574768066
2567,504.8,6.36591720581055
2568,505.0,10.4289073944092
2569,505.1,8.83298492431641
2570,505.3,3.28942322731018
2571,505.6,2.3171284198761
2572,505.8,3.53467512130737
2573,505.9,2.47760939598083
2574,506.1,6.22268676757813
2575,506.2,5.48788976669312
2576,506.4,2.61204051971436
2577,506.6,1.28863918781281
2578,506.8,3.81477618217468
2579,506.9,2.73584246635437
2580,507.1,5.99067783355713
2581,507.2,3.02378463745117
2582,507.3,3.76877498626709
2583,507.6,1.85572397708893
2584,507.7,1.00801527500153
2585,507.9,3.21772074699402
2586,508.1,4.30902576446533
2587,508.2,3.93361210823059
2588,508.4,1.32932567596436
2589,508.6,2.20831155776978
2590,508.7,0.99921590089798
2591,508.9,2.38952779769897
2592,509.1,3.34265542030334
2593,509.3,3.19742107391357
2594,509.5,2.34701156616211
2595,509.6,0.68278443813324
2596,509.7,1.4957309961319
2597,510.0,2.43875241279602
2598,510.1,2.65830278396606
2599,510.4,2.54077363014221
2600,510.6,2.03075456619263
2601,510.7,0.959052085876465
2602,510.9,2.38813376426697
2603,511.1,2.82270431518555
2604,511.3,2.57300925254822
2605,511.4,1.97534418106079
2606,511.7,1.48135566711426
2607,511.8,0.834553062915802
2608,512.0,2.06037640571594
2609,512.2,2.5780622959137
2610,512.3,2.21806931495667
2611,512.6,1.87724339962006
2612,512.7,0.691671013832092
2613,512.9,1.62641572952271
2614,513.1,2.29377937316895
2615,513.3,1.89789164066315
2616,513.4,2.04783058166504
2617,513.6,0.892141461372375
2618,513.8,1.66657948493958
2619,513.9,1.77670323848724
2620,514.1,1.03127717971802
2621,514.3,2.12728691101074
2622,514.5,1.78855204582214
2623,514.6,0.560027897357941
2624,514.8,1.62510895729065
2625,515.0,2.12685132026672
2626,515.1,2.04068660736084
2627,515.4,1.86870539188385
2628,515.5,0.572050869464874
2629,515.7,1.62902939319611
2630,515.9,1.6178777217865
2631,516.0,1.3384735584259
2632,516.2,1.89431953430176
2633,516.4,1.88151240348816
2634,516.6,1.72765290737152
2635,516.8,2.05898237228394
2636,517.0,2.43457055091858
2637,517.2,2.22756576538086
2638,517.3,1.73758494853973
2639,517.6,1.43056285381317
2640,517.7,0.677208602428436
2641,517.9,2.04826617240906
2642,518.1,2.56647491455078
2643,518.2,1.08494508266449
2644,518.4,1.94005918502808
2645,518.6,2.53580760955811
2646,518.7,2.20752739906311
2647,518.9,5.56316423416138
2648,519.1,5.51881837844849
2649,519.2,2.07510018348694
2650,519.3,2.17137122154236
2651,519.5,0.936487197875977
2652,519.7,2.39074754714966
2653,519.9,3.58956265449524
2654,520.0,4.028489112854
2655,520.2,1.57196378707886
2656,520.4,2.6743335723877
2657,520.5,1.46532499790192
2658,520.7,4.919846534729
2659,520.9,7.59452867507935
2660,521.0,6.88177394866943
2661,521.2,4.08041477203369
2662,521.4,1.90486145019531
2663,521.7,2.62197256088257
2664,521.9,3.75718760490417
2665,522.1,4.72094440460205
2666,522.3,3.68975424766541
2667,522.5,2.40076661109924
2668,522.7,2.43596434593201
2669,522.9,2.9153163433075
2670,523.0,1.71214497089386
2671,523.2,3.41017603874207
2672,523.4,2.56874012947083
2673,523.5,2.2862868309021
2674,523.8,2.24568748474121
2675,524.0,2.53641748428345
2676,524.2,2.48518896102905
2677,524.4,2.31085562705994
2678,524.6,1.72974383831024
2679,524.8,1.44816172122955
2680,525.0,1.7836731672287
2681,525.2,2.00888657569885
2682,525.3,1.81033277511597
2683,525.5,0.693674862384796
2684,525.7,1.20195150375366
2685,525.9,1.74150550365448
2686,526.1,1.94180166721344
2687,526.2,1.12458610534668
2688,526.4,2.4255096912384
2689,526.5,0.94851016998291
2690,526.6,0.971336483955383
2691,526.8,0.607422888278961
2692,527.0,1.85537552833557
2693,527.1,0.746384382247925
2694,527.2,1.91949820518494
2695,527.4,1.71554279327393
2696,527.7,1.29709005355835
2697,527.8,0.674594879150391
2698,528.0,1.82688617706299
2699,528.2,2.63355994224548
2700,528.4,2.09470295906067
2701,528.6,1.61962008476257
2702,528.8,1.40207350254059
2703,529.0,1.6211884021759
2704,529.1,0.897543132305145
2705,529.3,1.91897547245026
2706,529.4,0.906516790390015
2707,529.6,1.46062028408051
2708,529.7,1.16161346435547
2709,529.9,0.8926642537117
2710,530.1,1.9973863363266
2711,530.2,0.974995672702789
2712,530.3,1.9701167345047
2713,530.6,1.49982571601868
2714,530.8,1.46976828575134
2715,531.0,1.88665270805359
2716,531.2,1.94328284263611
2717,531.3,0.824621021747589
2718,531.5,1.28480577468872
2719,531.7,1.27748739719391
2720,531.9,1.5128071308136
2721,532.0,0.814253330230713
2722,532.2,2.08320260047913
2723,532.4,1.80022656917572
2724,532.6,2.33019685745239
2725,532.7,2.01576924324036
2726,532.9,5.23357725143433
2727,533.1,4.73340320587158
2728,533.2,1.68470120429993
2729,533.4,2.40364170074463
2730,533.5,0.857466459274292
2731,533.7,2.31782531738281
2732,533.8,1.7547482252121
2733,534.0,3.46288561820984
2734,534.1,3.13896155357361
2735,534.4,2.33829927444458
2736,534.6,5.61430549621582
2737,534.8,16.7261714935303
2738,535.0,24.9354419708252
2739,535.1,16.0939197540283
2740,535.3,4.64349174499512
2741,535.6,3.64000701904297
2742,535.8,9.88055419921875
2743,535.9,7.12467336654663
2744,536.1,11.9422369003296
2745,536.2,6.41871404647827
2746,536.5,3.00130677223206
2747,536.7,5.02038669586182
2748,536.8,4.30083656311035
2749,537.0,9.60271835327148
2750,537.2,6.70273590087891
2751,537.3,3.45077538490295
2752,537.5,1.09139227867126
2753,537.7,2.68923163414001
2754,537.8,2.02944755554199
2755,538.0,4.57449054718018
2756,538.2,4.14366626739502
2757,538.3,1.58599054813385
2758,538.4,1.92193758487701
2759,538.7,2.1050705909729
2760,538.8,1.2478654384613
2761,539.0,2.95591568946838
2762,539.1,2.56865310668945
2763,539.4,1.55863392353058
2764,539.6,1.49965155124664
2765,539.8,1.33298480510712
2766,540.0,2.08285427093506
2767,540.1,1.01655340194702
2768,540.3,2.00104546546936
2769,540.4,0.920805037021637
2770,540.5,1.55410349369049
2771,540.7,0.593221843242645
2772,540.9,1.40477430820465
2773,541.1,1.5436487197876
2774,541.2,1.62589299678802
2775,541.5,1.54155778884888
2776,541.6,0.62205958366394
2777,541.7,1.34195852279663
2778,542.0,1.59923326969147
2779,542.2,1.86626589298248
2780,542.4,1.92228615283966
2781,542.6,1.50496602058411
2782,542.8,1.37114477157593
2783,543.0,1.46610903739929
2784,543.2,1.48213970661163
2785,543.4,1.36295521259308
2786,543.6,1.16858339309692
2787,543.8,1.12589299678802
2788,543.9,0.806935012340546
2789,544.1,1.98841261863708
2790,544.3,1.9077365398407
2791,544.5,1.61796474456787
2792,544.7,1.29412794113159
2793,544.9,1.30832898616791
2794,545.1,1.77888131141663
2795,545.2,0.849538266658783
2796,545.3,1.50984489917755
2797,545.5,0.734448492527008
2798,545.7,1.21650111675262
2799,545.8,0.466980308294296
2800,546.0,1.64715111255646
2801,546.2,2.0289249420166
2802,546.3,0.722774028778076
2803,546.5,1.56211888790131
2804,546.7,1.91993379592896
2805,546.9,2.88029265403748
2806,547.0,1.52526569366455
2807,547.2,3.13930988311768
2808,547.3,1.04687225818634
2809,547.5,1.69036412239075
2810,547.7,1.66544699668884
2811,547.8,0.950426876544952
2812,548.0,2.24943375587463
2813,548.1,1.48614740371704
2814,548.3,2.06743335723877
2815,548.5,1.81608295440674
2816,548.6,2.51515936851501
2817,548.8,19.6588249206543
2818,548.9,25.4062557220459
2819,549.1,61.0554962158203
2820,549.2,17.0198650360107
2821,549.3,11.4127025604248
2822,549.6,3.84553050994873
2823,549.8,13.9604463577271
2824,549.9,13.8688793182373
